📦 Reading stock list...
✓ Found 14713 products

🔍 Searching for images (this may take a while for 10k+ products)...
   Tip: You can pause with Ctrl+C and resume later

[1/14713] Searching: ------... Error searching '------': No results found.
✓ Not Found
[2/14713] Searching: LIVER TYPE GREASE GUN 20234... ✓ Found
[3/14713] Searching: SPIRAL  BEVEL GEAR 10 FOR M9506B 2214752... ✓ Found
[4/14713] Searching: SPIRAL BEVEL GEAR 37 FOR M9509B 2214760... ✓ Found
[5/14713] Searching: ARMATURE H41SST 374091... ✓ Found
[6/14713] Searching: STATOR 374095... ✓ Found
[7/14713] Searching: BALL BEAREING  698VVC2... ✓ Found
[8/14713] Searching: BALL BEAREING  698VVC2... ✓ Found
[9/14713] Searching: A BLADE FOR AG45... ✓ Found
[10/14713] Searching: TCT BLADE 7*60T... ✓ Found
[11/14713] Searching: 8*40 TCT BLADE BULLET... ✓ Found
[12/14713] Searching: SNAP-OFF KNIFE 18MM CE1305... ✓ Found
[13/14713] Searching: CSD 12V CHARGER CSD12CHR... ✓ Found
[14/14713] Searching: SDS PLUS BIT 16X160 D03981... ✓ Found
[15/14713] Searching: SDS PLUS BIT 20X350 D16265... ✓ Found
[16/14713] Searching: MAL DWS180 CARBON BRUSH DWSCB... ✓ Found
[17/14713] Searching: ERATEK ANGLE GRINDER  ET1050, 1050W... ✓ Found
[18/14713] Searching: NAIL F15... ✓ Found
[19/14713] Searching: METSO FLEXIBLE SHAFT SCREW DRIVER OI -FK35... ✓ Found
[20/14713] Searching: YURI CHAINSAW 18"-BLACK HAWK... ✓ Found
[21/14713] Searching: NYLON TRIMMER SQUARE LINE 2.65X15MM HIL02C... ✓ Found
[22/14713] Searching: HOUSE HOLD LADDER 5 STEPS JY005... ✓ Found
[23/14713] Searching: MARBLE CUTTER 5INCH 1800W KHAITHAN KIC5SBW... ✓ Found
[24/14713] Searching: FLAT HANDLE FILE6" LMP906... ✓ Found
[25/14713] Searching: MCF32 MCF 1250W BIG GEAR... ✓ Found
[26/14713] Searching: DRILL CHUCK AND KEY1.5 13MM MDB13U... ✓ Found
[27/14713] Searching: GLOBAL AIR COMPRESSOR 50 LTR MK50... ✓ Found
[28/14713] Searching: GLOBAL AIR COMPRESSOR 50 LTR MK50... ✓ Found
[29/14713] Searching: YURI  PROF CHAINSAW 18" PRADO -18... ✓ Found
[30/14713] Searching: RATCHET ROD CAULK GUN 9" PTC009... ✓ Found
[31/14713] Searching: LIGHT DUTY RIVERTER 10" REA006... ✓ Found
[32/14713] Searching: SPRAY GUN RTSPPG11KB01A... ✓ Found
[33/14713] Searching: TURBO NOZZLE RU070... ✓ Found
[34/14713] Searching: BLADE TCT10*100T... ✓ Found
[35/14713] Searching: TOTAL BENCH VICE THT6166... ✓ Found
[36/14713] Searching: BRASS TURBO NOZZLE 30... ✓ Found
[37/14713] Searching: 5KG FLAT CISEL 17*400 POINT... ✓ Found
[38/14713] Searching: CONCRETE NAIL 2*10 CORBRA... ✓ Found
[39/14713] Searching: K-EMTEX-ROUTER BIT -001... ✓ Found
[40/14713] Searching: K-EMTEX-ROUTERBIT-002... ✓ Found
[41/14713] Searching: K-EMTEX-ROUTER BIT -003... ✓ Found
[42/14713] Searching: BC CLUTCH SCREW SET... ✓ Found
[43/14713] Searching: BC CARBURATOR HQ 43CC... ✓ Found
[44/14713] Searching: CS AIR FILTER  BIG M23... ✓ Found
[45/14713] Searching: CS AIR FILTER  BIG M23... ✓ Found
[46/14713] Searching: CS BUSH SET  M23... ✓ Found
[47/14713] Searching: CS BUSH SET  M23... ✓ Found
[48/14713] Searching: CS BUSH SET  M23... ✓ Found
[49/14713] Searching: CS SPROCKET M23... ✓ Found
[50/14713] Searching: CS SPROCKET M23... ✓ Found
  [Progress: 50/14713 products processed]
[51/14713] Searching: BC FUEL PIPE SET... ✓ Found
[52/14713] Searching: TANK GROMMET... ✓ Found
[53/14713] Searching: BC RIGHT SWITCH HANDLE... ✓ Found
[54/14713] Searching: GEAR 2-20... ✓ Found
[55/14713] Searching: 28MM PIPE BUSH BEARING... ✓ Found
[56/14713] Searching: HM0810T ORING 5KG... ✓ Found
[57/14713] Searching: CONECTING RAD... ✓ Found
[58/14713] Searching: 0810 CONNECTING ROD WITH BEARING ALUMINIUM... ✓ Found
[59/14713] Searching: 0810 CONNECTING ROD WITH BEARING ALUMINIUM... ✓ Found
[60/14713] Searching: FIELD SPRING FOR 0810  5 KG... ✓ Found
[61/14713] Searching: APPU 0810TGEAR... ✓ Found
[62/14713] Searching: 0810 GAER BOX   0810GB... ✓ Found
[63/14713] Searching: GEAR BOX 0810... ✓ Found
[64/14713] Searching: 0810 T GREASE CAP KING... ✓ Found
[65/14713] Searching: 0810 ORING QUALITY... ✓ Found
[66/14713] Searching: PISTON 0810   MALDH5KP... ✓ Found
[67/14713] Searching: 0810 PISTON PIN... ✓ Found
[68/14713] Searching: XTRAPOWER SPARE 0810T SWITCH... ✓ Found
[69/14713] Searching: 0810 STRIKER... ✓ Found
[70/14713] Searching: O RING 0810... ✓ Found
[71/14713] Searching: E-SPARES -HM0810TORING... ✓ Found
[72/14713] Searching: SPARE 0810T TOOL HOLDER... ✓ Found
[73/14713] Searching: K-YURI SPARES-0810T GEARBOX... ✓ Found
[74/14713] Searching: SPARES -0810T ADAPTOR  COMPLETE... ✓ Found
[75/14713] Searching: 0810 TOOL HOLDER... ✓ Found
[76/14713] Searching: 0810 TOOL HOLDER COMPLETE EVEREST... ✓ Found
[77/14713] Searching: 0810 TOOL HOLDER COMPLETE EVEREST... ✓ Found
[78/14713] Searching: 0810 TOOL HOLDER COMPLETE EVEREST... ✓ Found
[79/14713] Searching: TOOL HOLDER 0810T SMALL EVEREST... ✓ Found
[80/14713] Searching: LASERTECH -SPARE -0810T SIDE HANDLE... ✓ Found
[81/14713] Searching: 0810 OIL SEAL... ✓ Found
[82/14713] Searching: SPARE 0835 TOOL HOLDER... ✓ Found
[83/14713] Searching: END CAP 18 INCH  BRASS... ✓ Found
[84/14713] Searching: END CAP 1/4 INCH BRASS... ✓ Found
[85/14713] Searching: END CAP 3/8 INCH BRASS... ✓ Found
[86/14713] Searching: 1.5*2C FLEXIBLE... ✓ Found
[87/14713] Searching: SLEDGE HAMMER 1.5LB... ✓ Found
[88/14713] Searching: SLEDGE HAMMER 1.5LB... ✓ Found
[89/14713] Searching: SLEDGE HAMMER 1.5LB... ✓ Found
[90/14713] Searching: SLEDGE HAMMER 1.5LB... ✓ Found
[91/14713] Searching: SLEDGE HAMMER WITH PIDI 1.5 LB... ✓ Found
[92/14713] Searching: SLEDGE HAMMER WITH PIDI 1.5 LB... ✓ Found
[93/14713] Searching: PIONEER CORD WIRE PVC  90MTR... ✓ Found
[94/14713] Searching: 1/2-3/4 V... ✓ Found
[95/14713] Searching: NUT MS 1/2... ✓ Found
[96/14713] Searching: FREEMANS 20 MTR TAPE... ✓ Found
[97/14713] Searching: PLANER BLADE -BOSCH... ✓ Found
[98/14713] Searching: 10000 TOLSEN COMBINATION PLIERS 6''... ✓ Found
[99/14713] Searching: 10001 TOLSEN COMBINATION PLIERS 7 INCH... ✓ Found
[100/14713] Searching: TOLSEN COMBINATION PLIER 8 INCH... ✓ Found
  [Progress: 100/14713 products processed]
[101/14713] Searching: TOLSEN LONG NOSE PLIER 6 INCH 10006... ✓ Found
[102/14713] Searching: TOLSEN MONKEY PLIER 10 INCH 10014... ✓ Found
[103/14713] Searching: TOLSEN TOWER PINCER 10 INCH 10041... ✓ Found
[104/14713] Searching: TOLSEN TOWER PINCER 11 INCH 10042... ✓ Found
[105/14713] Searching: TOLSEN END WIRECUTTER 6"... ✓ Found
[106/14713] Searching: TOLSEN END CUTTING PINCER 7 INCH 10044... ✓ Found
[107/14713] Searching: CARBON BRUSH... ✓ Found
[108/14713] Searching: TOLSEN  LOCKING PLIERS... ✓ Found
[109/14713] Searching: MSeal  WHITE  50GM... ✓ Found
[110/14713] Searching: MSeal  WHITE  50GM... ✓ Found
[111/14713] Searching: TOLSEN PIPE WRENCH 24 INCH... ✓ Found
[112/14713] Searching: TOLSEN PIPE WRENCH 24 INCH... ✓ Found
[113/14713] Searching: MSEAL 40GM... ✓ Found
[114/14713] Searching: MSEAL 40GM... ✓ Found
[115/14713] Searching: MSEAL 40GM... ✓ Found
[116/14713] Searching: M SEAL 40G BULL... ✓ Found
[117/14713] Searching: M SEAL 40G BULL... ✓ Found
[118/14713] Searching: Mseal Sanitary White 50gm... ✓ Found
[119/14713] Searching: FREEMANS 30 MTR TAPE... ✓ Found
[120/14713] Searching: SR 100ML... ✓ Found
[121/14713] Searching: SR 100ML... ✓ Found
[122/14713] Searching: TOLSEN BENCH VICE MINI 50MM 2 INCH 10107... ✓ Found
[123/14713] Searching: SR 200ML... ✓ Found
[124/14713] Searching: SR 200ML... ✓ Found
[125/14713] Searching: SR 200ML... ✓ Found
[126/14713] Searching: SR 200ML... ✓ Found
[127/14713] Searching: SR 200ML... ✓ Found
[128/14713] Searching: FEVICOL SR 998(1 LTR)... ✓ Found
[129/14713] Searching: TOLSEN G CLAMP 3 INCH... ✓ Found
[130/14713] Searching: TOLSEN G CLAMP C 4 INCH 10113... ✓ Found
[131/14713] Searching: TOLSEN G CLAMP C 4 INCH 10113... ✓ Found
[132/14713] Searching: TOLSEN G CLAMP C 6 INCH... ✓ Found
[133/14713] Searching: TOLSEN G CLAMP  C CLAMP 8 INCH... ✓ Found
[134/14713] Searching: SR 500ML... ✓ Found
[135/14713] Searching: SR 500ML... ✓ Found
[136/14713] Searching: SR 500ML... ✓ Found
[137/14713] Searching: SR 500ML... ✓ Found
[138/14713] Searching: SPEED MC BLADE SPEED 5 INCH... ✓ Found
[139/14713] Searching: SPEED MC BLADE SPEED 5 INCH... ✓ Found
[140/14713] Searching: SPEED  BLADE SPEED 4 INCH... ✓ Found
[141/14713] Searching: SPEED  BLADE SPEED 4 INCH... ✓ Found
[142/14713] Searching: 10123 TOLSEN  F CLAMP 50*150... ✓ Found
[143/14713] Searching: 10123 TOLSEN  F CLAMP 50*150... ✓ Found
[144/14713] Searching: 10125 TOLSEN  F CLAMP 50*250... ✓ Found
[145/14713] Searching: GLASS CUTTER BULLET 4''... ✓ Found
[146/14713] Searching: 10151 F CLAMP  120*300... ✓ Found
[147/14713] Searching: 10153 F CLAMP 120*500... ✓ Found
[148/14713] Searching: SCREW BIT DOUBLE SIDE STAR BUL... ✓ Found
[149/14713] Searching: NUT RUNNER 10X65... ✓ Found
[150/14713] Searching: ADAPTER 12MM EVEREST... ✓ Found
  [Progress: 150/14713 products processed]
[151/14713] Searching: NUT RUNNER 6X65MM... ✓ Found
[152/14713] Searching: NUT RUNNER 8X50MM E-ULTRAFAST... ✓ Found
[153/14713] Searching: NUT RUNNER 8X50MM E-ULTRAFAST... ✓ Found
[154/14713] Searching: NUT RUNNER 8X50MM E-ULTRAFAST... ✓ Found
[155/14713] Searching: HYPER MAGNETIC NUT DRIVER BIT 8*45MM... ✓ Found
[156/14713] Searching: Claw Hammer Nagori 1LB... ✓ Found
[157/14713] Searching: Claw Hammer GI(PH)... ✓ Found
[158/14713] Searching: TOLSEN PIPE WRENCH  8 INCH 10231... ✓ Found
[159/14713] Searching: TOLSEN PIPE WRENCH 14 INCH... ✓ Found
[160/14713] Searching: Claw Hammer Nagori3/4LB... ✓ Found
[161/14713] Searching: TOLSEN BRC CUTTER 24 INCH 10244... ✓ Found
[162/14713] Searching: TOLSEN SPARE BLADE BRC CUTTER 24 INCH 10244B... ✓ Found
[163/14713] Searching: 10247 TOLSEN BOLT CUTTER 42'... ✓ Found
[164/14713] Searching: TOLSEN SPARE BLADE 10247B... ✓ Found
[165/14713] Searching: Claw Hammer Nagori 1Lg... ✓ Found
[166/14713] Searching: HAMMER... ✓ Found
[167/14713] Searching: TOLSEN LONG NOSE PLIER 8 INCH... ✓ Found
[168/14713] Searching: SCREW BIT STAR&MINUS... ✓ Found
[169/14713] Searching: CHISEL 12 INCH   TIGER... ✓ Found
[170/14713] Searching: CHISEL 12 INCH   TIGER... ✓ Found
[171/14713] Searching: CHISEL 12 INCH   TIGER... ✓ Found
[172/14713] Searching: Mason Trowel Square... ✓ Found
[173/14713] Searching: 10345 TOLSEN END CUTTING PLIER 8INCH... ✓ Found
[174/14713] Searching: PUTTY BLADE 2'... ✓ Found
[175/14713] Searching: SAFTY BELT  MUMBAI... ✓ Found
[176/14713] Searching: SAFETY BELT GREEN BULL... ✓ Found
[177/14713] Searching: Cable Tye 100mm... ✓ Found
[178/14713] Searching: Putty Blade 3 Inch... ✓ Found
[179/14713] Searching: BOLT 11/4*3/4... ✓ Found
[180/14713] Searching: NUT SS 1/4 JOM... ✓ Found
[181/14713] Searching: Nut Ss 1/4... ✓ Found
[182/14713] Searching: Screw Cycle 1/8*3/4... ✓ Found
[183/14713] Searching: Screw Cycle 1/8*1... ✓ Found
[184/14713] Searching: Putty Blade 4 Inch... ✓ Found
[185/14713] Searching: Putty Blade 4 Inch... ✓ Found
[186/14713] Searching: Welding Helmet Sunshine... ✓ Found
[187/14713] Searching: TCT BLADE 5X40 JK... ✓ Found
[188/14713] Searching: Hammer 2.5dfs... ✓ Found
[189/14713] Searching: PUTTY BLADE 6 INCH... ✓ Found
[190/14713] Searching: PUTTY BLADE 6 INCH... ✓ Found
[191/14713] Searching: Hammer Rubber... ✓ Found
[192/14713] Searching: SWITCH  40A... ✓ Found
[193/14713] Searching: SWITCH  40A... ✓ Found
[194/14713] Searching: SWITCH 30A... ✓ Found
[195/14713] Searching: SWITCH 30A... ✓ Found
[196/14713] Searching: BENCH VISE H/D 4INCH  10804... ✓ Found
[197/14713] Searching: TOLSEN BENCH VISE 6... ✓ Found
[198/14713] Searching: TOLSEN BENCH VISE 8 INCH 10808... ✓ Found
[199/14713] Searching: FAN DC 24V 38MM... ✓ Found
[200/14713] Searching: FAN AC 220V 38MM... ✓ Found
  [Progress: 200/14713 products processed]
[201/14713] Searching: FAN AC 220V 38MM... ✓ Found
[202/14713] Searching: Combination Plier 8"... ✓ Found
[203/14713] Searching: ALLENKEY 10MM... ✓ Found
[204/14713] Searching: SLEDGE HAMMER  10LB... ✓ Found
[205/14713] Searching: SLEDGE HAMMER 10... ✓ Found
[206/14713] Searching: SLEDGE HAMMER 10... ✓ Found
[207/14713] Searching: Nut Ms 3/8... ✓ Found
[208/14713] Searching: SHOVEL SPADE 3 AS... ✓ Found
[209/14713] Searching: TC BLADE 10X100 BULLET... ✓ Found
[210/14713] Searching: FOOT VALVE 11/2'... ✓ Found
[211/14713] Searching: FOOT VALVE 11/2'... ✓ Found
[212/14713] Searching: 1 1/4 SUB BEND FOOT VALVE... ✓ Found
[213/14713] Searching: 30MM CAPASITER... ✓ Found
[214/14713] Searching: HACKSAW BLADE 12*1/2WOOD MASTER... ✓ Found
[215/14713] Searching: FAN... ✓ Found
[216/14713] Searching: FAN... ✓ Found
[217/14713] Searching: 25MM CAPASITOR... ✓ Found
[218/14713] Searching: LEVEL HOSE 6MM (30MTR)... ✓ Found
[219/14713] Searching: LEVEL HOSE 6MM (30MTR)... ✓ Found
[220/14713] Searching: LEVEL HOSE 8MM... ✓ Found
[221/14713] Searching: LEVEL HOSE 8MM... ✓ Found
[222/14713] Searching: LEVEL HOSE 8MM... ✓ Found
[223/14713] Searching: SPIRIT LEVEL BLUE 12'' FREEMANS... ✓ Found
[224/14713] Searching: SPIRIT LEVEL 12" FREEMANS RED... ✓ Found
[225/14713] Searching: SPIRIT LEVEL 12" FREEMANS RED... ✓ Found
[226/14713] Searching: SPIRIT LEVEL 12" FREEMANS RED... ✓ Found
[227/14713] Searching: SPIRIT LEVEL 12" FREEMANS RED... ✓ Found
[228/14713] Searching: FREEMANS SPIRIT LEVEL BLUE... ✓ Found
[229/14713] Searching: FREEMANS SPIRIT LEVEL YELLOW 1 FEET... ✓ Found
[230/14713] Searching: 11E NEEDLE BEARING... ✓ Found
[231/14713] Searching: 11E NEEDLE BEARING... ✓ Found
[232/14713] Searching: 11E CARBON BRUSH... ✓ Found
[233/14713] Searching: 11E CLAMP DHARA... ✓ Found
[234/14713] Searching: EMTEX SPARES 11E CONNECTING ROD... ✓ Found
[235/14713] Searching: SPARE 11E FRONT CAP SET 5 PCS  SET... ✓ Found
[236/14713] Searching: SPARE 11E FRONT CAP SET 5 PCS  SET... ✓ Found
[237/14713] Searching: 11E FRONT HANDLE... ✓ Found
[238/14713] Searching: GOVERNER 11E AKARI SPARE... ✓ Found
[239/14713] Searching: 11E GREASE CAP  EVEREST... ✓ Found
[240/14713] Searching: GEAR FOR 11E LASERTECH... ✓ Found
[241/14713] Searching: YURI SPARE 11E SIDE HANDLE... ✓ Found
[242/14713] Searching: ORING 11E... ✓ Found
[243/14713] Searching: 11E ORING... ✓ Found
[244/14713] Searching: LASERTECH SPARES 11E SWITCH... ✓ Found
[245/14713] Searching: LASERTECH SPARES 11E GOVERNOR... ✓ Found
[246/14713] Searching: YURI SPARES 11E STOPPING DEVISE... ✓ Found
[247/14713] Searching: TOOL HOLDER 11E YURI... ✓ Found
[248/14713] Searching: SHOVEL 4AS SPADE... ✓ Found
[249/14713] Searching: 4' WOOD CUTTER(XTRA POWER)... ✓ Found
[250/14713] Searching: SCREW WASHER... ✓ Found
  [Progress: 250/14713 products processed]
[251/14713] Searching: SELF SCREW PATTA 8*32... ✓ Found
[252/14713] Searching: SELF SCREW PATTA 8*32... ✓ Found
[253/14713] Searching: SELF SCREW 2 INCH... ✓ Found
[254/14713] Searching: SELF SCREW MODI HEAD 1 1/4INCH... ✓ Found
[255/14713] Searching: SELF SCREW MODI HEAD 1 1/4INCH... ✓ Found
[256/14713] Searching: PATTA DRY WALL 1/2'(13*6)... ✓ Found
[257/14713] Searching: FAN... ✓ Found
[258/14713] Searching: FAN... ✓ Found
[259/14713] Searching: WATER PAPER BULLET 60... ✓ Found
[260/14713] Searching: ROTARY TOOL ACCESSORIES KIT OI-12ADG 12PCS... ✓ Found
[261/14713] Searching: HOLESAW SET ASG 12 PCS... Error searching 'HOLESAW SET ASG 12 PCS': error sending request for url (https://duckduckgo.com/?q=HOLESAW+SET+ASG+12+PCS) > operation timed out
✓ Not Found
[262/14713] Searching: 12W LumenexPrimeMosqbulb/colorwhite... ✓ Found
[263/14713] Searching: 17299 LED LAMPS 12W OSRAM... ✓ Found
[264/14713] Searching: 17299 LED LAMPS 12W OSRAM... Error searching '17299 LED LAMPS 12W OSRAM': error sending request for url (https://duckduckgo.com/?q=17299+LED+LAMPS+12W+OSRAM) > operation timed out
✓ Not Found
[265/14713] Searching: WATER PAPER BULLET 80... ✓ Found
[266/14713] Searching: WATER PAPER BULLET 80... ✓ Found
[267/14713] Searching: LIVON 6 AMP 3 PIN TOP 13001... ✓ Found
[268/14713] Searching: LIVON 16 AMP 3 PIN TOP 13002... ✓ Found
[269/14713] Searching: LIVON 16 AMP 3 PIN TOP 13002... ✓ Found
[270/14713] Searching: LIVON 6AMP MULTY PLUG 13003... ✓ Found
[271/14713] Searching: LIVON  FLEX BOX 2 PIN 4 MTR EB3/4 LIVON... ✓ Found
[272/14713] Searching: LIVON 2 PIN 1 TOP 13010... ✓ Found
[273/14713] Searching: LIVON MALE AND FEMALE 13011... ✓ Found
[274/14713] Searching: LIVON 13017 20AMP 1 WAY SWITCH... ✓ Found
[275/14713] Searching: WATER PAPER BULLET 100... Error searching 'WATER PAPER BULLET 100': error sending request for url (https://duckduckgo.com/?q=WATER+PAPER+BULLET+100) > operation timed out
✓ Not Found
[276/14713] Searching: WATER PAPER BULLET 100... ✓ Found
[277/14713] Searching: WATER PAPER BULLET 120... ✓ Found
[278/14713] Searching: WATER PAPER BULLET 120... ✓ Found
[279/14713] Searching: WATER PAPER BULLET 120... ✓ Found
[280/14713] Searching: IGBT 40T60 BT... ✓ Found
[281/14713] Searching: WATER PAPER BULLET 150... ✓ Found
[282/14713] Searching: WATER PAPER BULLET 150... ✓ Found
[283/14713] Searching: WATER PAPER BULLET 180... ✓ Found
[284/14713] Searching: WATER PAPER BULLET 220... ✓ Found
[285/14713] Searching: WATER PAPER BULLET 220... ✓ Found
[286/14713] Searching: CABLE LUG 50*110MM... ✓ Found
[287/14713] Searching: SHIFT PLATE +BALL BEARING +SWTCH... ✓ Found
[288/14713] Searching: COLUMN PIPE ADAPTER 11/4... ✓ Found
[289/14713] Searching: COLUMIN PIPE 32MM 15 KG... ✓ Found
[290/14713] Searching: WATER PAPER BULLET 400... ✓ Found
[291/14713] Searching: WATER PAPER BULLET 400... Error searching 'WATER PAPER BULLET 400': error sending request for url (https://duckduckgo.com/?q=WATER+PAPER+BULLET+400) > operation timed out
✓ Not Found
[292/14713] Searching: WATER PAPER BULLET 400... ✓ Found
[293/14713] Searching: WATER PAPER BULLET 320... ✓ Found
[294/14713] Searching: FEVISEAL ACETOXY 280ML CLEAR... ✓ Found
[295/14713] Searching: FEVISEAL ACETOXY 280ML CLEAR... ✓ Found
[296/14713] Searching: FEVISEAL ACETOXY 280ML CLEAR... ✓ Found
[297/14713] Searching: SILICON CLEAR RTV GR100(260ML)... ✓ Found
[298/14713] Searching: EXTENSION WIRE 3MTR... ✓ Found
[299/14713] Searching: 13MM ELECTRIC PLANNER DRILL ATTACHMENT... ✓ Found
[300/14713] Searching: SMALL SQUARE SHOVEL... ✓ Found
  [Progress: 300/14713 products processed]
[301/14713] Searching: FEVISEAL ACETOXY 280ML BLACK... Error searching 'FEVISEAL ACETOXY 280ML BLACK': error sending request for url (https://duckduckgo.com/?q=FEVISEAL+ACETOXY+280ML+BLACK) > operation timed out
✓ Not Found
[302/14713] Searching: FEVISEAL ACETOXY 280ML BLACK... ✓ Found
[303/14713] Searching: SCREW... ✓ Found
[304/14713] Searching: HAVELLS FAN CABIN 300MM HAVELLS  14081... ✓ Found
[305/14713] Searching: SILICON  WHITE  RTV GP100(260ML)... ✓ Found
[306/14713] Searching: SILICON  WHITE  RTV GP100(260ML)... ✓ Found
[307/14713] Searching: SILICON  WHITE  RTV GP100(260ML)... ✓ Found
[308/14713] Searching: SILICON  WHITE  RTV GP100(260ML)... ✓ Found
[309/14713] Searching: SILICON  WHITE  RTV GP100(260ML)... ✓ Found
[310/14713] Searching: SILICON  WHITE  RTV GP100(260ML)... ✓ Found
[311/14713] Searching: SILICON  WHITE  RTV GP100(260ML)... ✓ Found
[312/14713] Searching: SILICON  WHITE  RTV GP100(260ML)... ✓ Found
[313/14713] Searching: SILICON WHITE RTV GP100(260ML)... Error searching 'SILICON WHITE RTV GP100(260ML)': error sending request for url (https://duckduckgo.com/?q=SILICON+WHITE+RTV+GP100%28260ML%29) > operation timed out
✓ Not Found
[314/14713] Searching: WALL FAN HAVELLS 14134... ✓ Found
[315/14713] Searching: BOLT... ✓ Found
[316/14713] Searching: SCREW... ✓ Found
[317/14713] Searching: ANCHOR BOLT 6MM... ✓ Found
[318/14713] Searching: ANCHOR BOLT 6MM... Error searching 'ANCHOR BOLT 6MM': error sending request for url (https://duckduckgo.com/?q=ANCHOR+BOLT+6MM) > operation timed out
✓ Not Found
[319/14713] Searching: 14264 EX FAN 12INCH  ALMONARD... ✓ Found
[320/14713] Searching: 14270  EX/FAN 15INCH  ALMONARD... ✓ Found
[321/14713] Searching: 14285 EX.FAN HD 1400 RPM -ALMONARD... Error searching '14285 EX.FAN HD 1400 RPM -ALMONARD': error sending request for url (https://duckduckgo.com/?q=14285+EX.FAN+HD+1400+RPM+-ALMONARD) > operation timed out
✓ Not Found
[322/14713] Searching: ALMONARD EX/FAN 14293... ✓ Found
[323/14713] Searching: ANCHOR HOOK TYPE 6MM... ✓ Found
[324/14713] Searching: ANCHOR BOLT 8MM(BG)... ✓ Found
[325/14713] Searching: ANCHOR BOLT 8MM(BG)... ✓ Found
[326/14713] Searching: ANCHOR BOLT 8MM(BG)... ✓ Found
[327/14713] Searching: ANCHOR BOLT 8MM(BG)... ✓ Found
[328/14713] Searching: ANCHOR BOLT 8MM(BG)... ✓ Found
[329/14713] Searching: ANCHOR BOLT 8MM FERRY... ✓ Found
[330/14713] Searching: WIRE SLEEVE... ✓ Found
[331/14713] Searching: WIRE SLEEVE... ✓ Found
[332/14713] Searching: WIRE SLEEVE... Error searching 'WIRE SLEEVE': No results found.
✓ Not Found
[333/14713] Searching: WIRE SLEEV... ✓ Found
[334/14713] Searching: WIRE SLEEV... ✓ Found
[335/14713] Searching: WIRE SLEEV... ✓ Found
[336/14713] Searching: WIRE SLEEV... ✓ Found
[337/14713] Searching: WIRE SLEEVE... ✓ Found
[338/14713] Searching: WIRE SLEEVE... ✓ Found
[339/14713] Searching: VEBSTAR MALE AND FE MALE 14349... ✓ Found
[340/14713] Searching: ANCHOR BOLT 10MM BEB... ✓ Found
[341/14713] Searching: ANCHOR BOLT 12 MM(CANGO)... ✓ Found
[342/14713] Searching: ANCHOR BOLT 12MM HOOK... ✓ Found
[343/14713] Searching: ANCHOR BOLT 12MM HOOK... ✓ Found
[344/14713] Searching: ANCHER BOLT 10MM  HOOK... ✓ Found
[345/14713] Searching: ANCHER BOLT 10MM  HOOK... ✓ Found
[346/14713] Searching: ANCHER BOLT 10MM  HOOK... ✓ Found
[347/14713] Searching: ANCHOR BOLT HOOK TYPE 8MM... Error searching 'ANCHOR BOLT HOOK TYPE 8MM': error sending request for url (https://duckduckgo.com/?q=ANCHOR+BOLT+HOOK+TYPE+8MM) > operation timed out
✓ Not Found
[348/14713] Searching: ANCHOR BOLT HOOK TYPE 8MM... ✓ Found
[349/14713] Searching: A145AM SLEDGE HAMMER 14LB... ✓ Found
[350/14713] Searching: SHOVEL SMALL SQUARE WITH L BLEND... ✓ Found
  [Progress: 350/14713 products processed]
[351/14713] Searching: TOLSEN 15002 ADJUSTABLE SPANNER 8INCH... ✓ Found
[352/14713] Searching: TOLSEN 15003 AD.SPANNER  10INCH... ✓ Found
[353/14713] Searching: OIL SEAL  CW 12-20... ✓ Found
[354/14713] Searching: OIL SEAL CW 14-22... ✓ Found
[355/14713] Searching: WATER SEAL... ✓ Found
[356/14713] Searching: WATER SEAL  CW 14-22... ✓ Found
[357/14713] Searching: PLUNGER ROD 1511... ✓ Found
[358/14713] Searching: PLUNGER ROD 1511... Error searching 'PLUNGER ROD 1511': error sending request for url (https://duckduckgo.com/?q=PLUNGER+ROD+1511) > operation timed out
✓ Not Found
[359/14713] Searching: TOLSEN RATCHET SPANNER 1/4... ✓ Found
[360/14713] Searching: SPRING PLUNGER  1512... ✓ Found
[361/14713] Searching: SPRING PLUNGER  1512... ✓ Found
[362/14713] Searching: REVERSIBLE RATCHET SPANNER 1/2... Error searching 'REVERSIBLE RATCHET SPANNER 1/2': error sending request for url (https://duckduckgo.com/?q=REVERSIBLE+RATCHET+SPANNER+1%2F2) > operation timed out
✓ Not Found
[363/14713] Searching: SWITCH  CARWASH... ✓ Found
[364/14713] Searching: SWITCH... Error searching 'SWITCH': error sending request for url (https://duckduckgo.com/?q=SWITCH) > operation timed out
✓ Not Found
[365/14713] Searching: JIGSAW BLADE MAC BULLET... ✓ Found
[366/14713] Searching: CARWASHERV SWITCH... ✓ Found
[367/14713] Searching: FAN COVER... ✓ Found
[368/14713] Searching: OVERLOAD SWITCH 10A 1528... ✓ Found
[369/14713] Searching: UNIVERSAL WRENCH 2 PCS SET  9... Error searching 'UNIVERSAL WRENCH 2 PCS SET  9': error sending request for url (https://duckduckgo.com/?q=UNIVERSAL+WRENCH+2+PCS+SET++9) > operation timed out
✓ Not Found
[370/14713] Searching: ADJ. SPANNER  15309 TOLSEN... ✓ Found
[371/14713] Searching: ADJ. SPANNER  15309 TOLSEN... ✓ Found
[372/14713] Searching: TOLSEN ADJ. SPANNER 15310... Error searching 'TOLSEN ADJ. SPANNER 15310': error sending request for url (https://duckduckgo.com/?q=TOLSEN+ADJ.+SPANNER+15310) > operation timed out
✓ Not Found
[373/14713] Searching: ADJ .SPANNER 15311 TOLSEN... ✓ Found
[374/14713] Searching: 1532890   CHANGE LEVER  HR2020... ✓ Found
[375/14713] Searching: WATER SEAL... ✓ Found
[376/14713] Searching: TOLSEN RATCHET SET 13 PCS 1/4 INCH 15390... ✓ Found
[377/14713] Searching: PANNER BLADE 82MM POWEREX... Error searching 'PANNER BLADE 82MM POWEREX': error sending request for url (https://duckduckgo.com/?q=PANNER+BLADE+82MM+POWEREX) > operation timed out
✓ Not Found
[378/14713] Searching: THRUST BEARING -51106 1541... ✓ Found
[379/14713] Searching: QRC CARWASHER 1/4... ✓ Found
[380/14713] Searching: THRUST BEARING -51107 S2 1554... ✓ Found
[381/14713] Searching: ADPATER M3/8XF22... ✓ Found
[382/14713] Searching: ADAPTER M22*F22... ✓ Found
[383/14713] Searching: ADAPTER M22XF3/8... ✓ Found
[384/14713] Searching: ADPATOR M22*M22... ✓ Found
[385/14713] Searching: PATTA HEAD SCREA 3/4 INCH... Error searching 'PATTA HEAD SCREA 3/4 INCH': error sending request for url (https://duckduckgo.com/?q=PATTA+HEAD+SCREA+3%2F4+INCH) > operation timed out
✓ Not Found
[386/14713] Searching: PATTA HEAD SCREA 3/4 INCH... ✓ Found
[387/14713] Searching: PATTA HEAD SCREA 3/4 INCH... ✓ Found
[388/14713] Searching: SELF DRILLING  SCREW 8*25 TRUSS HEAD... ✓ Found
[389/14713] Searching: SELF DRILLING  SCREW 8*25 TRUSS HEAD... ✓ Found
[390/14713] Searching: SELF DRILLING  SCREW 8*25 TRUSS HEAD... Error searching 'SELF DRILLING  SCREW 8*25 TRUSS HEAD': error sending request for url (https://duckduckgo.com/?q=SELF+DRILLING++SCREW+8*25+TRUSS+HEAD) > operation timed out
✓ Not Found
[391/14713] Searching: SELF DRILLING  SCREW 8*25 TRUSS HEAD... ✓ Found
[392/14713] Searching: SELF DRILLING  SCREW 8*25 TRUSS HEAD... ✓ Found
[393/14713] Searching: SELF HEAD SCREW 11/2 MODIHEAD... ✓ Found
[394/14713] Searching: SELF SCREW 1/2 MODI HEAD... ✓ Found
[395/14713] Searching: SELF SCREW 1/2 MODI HEAD... ✓ Found
[396/14713] Searching: SELF HEAD SCREW 2 INCH  MODI HEAD... Error searching 'SELF HEAD SCREW 2 INCH  MODI HEAD': error sending request for url (https://duckduckgo.com/?q=SELF+HEAD+SCREW+2+INCH++MODI+HEAD) > operation timed out
✓ Not Found
[397/14713] Searching: PLUNCHER ROD 56*10 S3... ✓ Found
[398/14713] Searching: CUP BRUSH TWISTED... Error searching 'CUP BRUSH TWISTED': error sending request for url (https://duckduckgo.com/?q=CUP+BRUSH+TWISTED) > operation timed out
✓ Not Found
[399/14713] Searching: 5"CUPBRUSH... Error searching '5"CUPBRUSH': error sending request for url (https://duckduckgo.com/?q=5%22CUPBRUSH) > operation timed out
✓ Not Found
[400/14713] Searching: TOLSEN SPANNER SET 5 PCS 8-19 15886... ✓ Found
  [Progress: 400/14713 products processed]
[401/14713] Searching: TOLSEN SPANNER SET 8 PCS 8 TO 18... ✓ Found
[402/14713] Searching: TWISTED WIRE BRUSH  OMEGA... ✓ Found
[403/14713] Searching: SHOVEL MEDIUM SMALL SHOVEL... ✓ Found
[404/14713] Searching: 15W LED LAMP ORSAM/LUMENEX... ✓ Found
[405/14713] Searching: PATTA DRY WALL 1 1/4(32*6)... ✓ Found
[406/14713] Searching: CHANGE LEVER 162245-9... ✓ Found
[407/14713] Searching: 16290 6A MULTY PLUG KOMEX... ✓ Found
[408/14713] Searching: HSS DRILL BIT 2MM... ✓ Found
[409/14713] Searching: BASE MT410 165323... ✓ Found
[410/14713] Searching: BASE MT410 165323... ✓ Found
[411/14713] Searching: LEVEL HOSE 6MM... ✓ Found
[412/14713] Searching: DRILL BIT 4MM IMP... ✓ Found
[413/14713] Searching: LENZ... ✓ Found
[414/14713] Searching: SHOVEL SQUARE  STEEL HANDLE... ✓ Found
[415/14713] Searching: SOLDER WIRE 15G... ✓ Found
[416/14713] Searching: TUBE  T/SET LED 20W LEDVANCE... ✓ Found
[417/14713] Searching: TUBE  T/SET LED 20W LEDVANCE... ✓ Found
[418/14713] Searching: TUBE  T/SET LED 20W LEDVANCE... ✓ Found
[419/14713] Searching: 17226 LED LAMP 40W... ✓ Found
[420/14713] Searching: 17228 LED TUBE 24W... ✓ Found
[421/14713] Searching: 17233 3W SLEEK JB LED... ✓ Found
[422/14713] Searching: 17276 LED TUBE 36W OSRAM... ✓ Found
[423/14713] Searching: 17276 LED TUBE 36W OSRAM... ✓ Found
[424/14713] Searching: 17276 LED TUBE 36W OSRAM... ✓ Found
[425/14713] Searching: CHAINSAW FILE 4 MM... ✓ Found
[426/14713] Searching: SHOVEL ROUND STEEL HANDLE... ✓ Found
[427/14713] Searching: MIG SWAN NECK... ✓ Found
[428/14713] Searching: MIG TIP HOLDER 15AK... ✓ Found
[429/14713] Searching: MIG TIP M6*25*0.8+MM... ✓ Found
[430/14713] Searching: TOLSEN IMPACT SOCKET 1/2 INCH 12MM... ✓ Found
[431/14713] Searching: TOLSEN IMPACT WRENCH 1/2 INCH 16MM... ✓ Found
[432/14713] Searching: TOLSEN IMPACT SOCKET 1/2 INCH 18MM... ✓ Found
[433/14713] Searching: TOLSEN IMPACT SOCKET 1/2 INCH 20MM... ✓ Found
[434/14713] Searching: TOLSEN IMPACT SOCKET 1/2 INCH 22 MM... ✓ Found
[435/14713] Searching: MIG NOZZLE 15AK... Error searching 'MIG NOZZLE 15AK': error sending request for url (https://duckduckgo.com/?q=MIG+NOZZLE+15AK) > operation timed out
✓ Not Found
[436/14713] Searching: NITROGEN REGULATOR... ✓ Found
[437/14713] Searching: ARGON  REGULATOR... ✓ Found
[438/14713] Searching: 18INCH PED. SWITCH... ✓ Found
[439/14713] Searching: 17218 LED LAMP 18W OSRAM... Error searching '17218 LED LAMP 18W OSRAM': error sending request for url (https://duckduckgo.com/?q=17218+LED+LAMP+18W+OSRAM) > operation timed out
✓ Not Found
[440/14713] Searching: SWITCH... ✓ Found
[441/14713] Searching: TIG TORCH SWITCH... ✓ Found
[442/14713] Searching: TIG TORCH 26V 4M PREMIUM... ✓ Found
[443/14713] Searching: TIG TORCH CAP... ✓ Found
[444/14713] Searching: CERAMIC NOZZLE NO -5 T42... ✓ Found
[445/14713] Searching: COLLET TIG TORCH 2.4MM... ✓ Found
[446/14713] Searching: FLOW METER... ✓ Found
[447/14713] Searching: FLOW METER... ✓ Found
[448/14713] Searching: GAS OXYGEN REGULATER  1954... ✓ Found
[449/14713] Searching: ARGON REGULATOR WITH FLOW METER... ✓ Found
[450/14713] Searching: PREETHI MIXER GRINDER CROWN 500W 3 JAR... Error searching 'PREETHI MIXER GRINDER CROWN 500W 3 JAR': error sending request for url (https://duckduckgo.com/?q=PREETHI+MIXER+GRINDER+CROWN+500W+3+JAR) > operation timed out
✓ Not Found
  [Progress: 450/14713 products processed]
[451/14713] Searching: ANTI SPATTER TIP SPRAY... Error searching 'ANTI SPATTER TIP SPRAY': error sending request for url (https://duckduckgo.com/?q=ANTI+SPATTER+TIP+SPRAY) > operation timed out
✓ Not Found
[452/14713] Searching: CYLINDER KEY OXYGEN 1973... ✓ Found
[453/14713] Searching: SPANNER CO2... ✓ Found
[454/14713] Searching: SPANNER CO2... Error searching 'SPANNER CO2': error sending request for url (https://duckduckgo.com/?q=SPANNER+CO2) > operation timed out
✓ Not Found
[455/14713] Searching: TUNGSTEN ROD 2.4MM... ✓ Found
[456/14713] Searching: Tile master... ✓ Found
[457/14713] Searching: MRS CONNECTOR SET -2PIN... ✓ Found
[458/14713] Searching: MRS CONNECTER SET -3PIN... ✓ Found
[459/14713] Searching: MRS CONNECTER SET -4PIN... ✓ Found
[460/14713] Searching: BIG SQUARE SHOVEL... Error searching 'BIG SQUARE SHOVEL': error sending request for url (https://duckduckgo.com/?q=BIG+SQUARE+SHOVEL) > operation timed out
✓ Not Found
[461/14713] Searching: FOOT VALVE 1"... Error searching 'FOOT VALVE 1"': error sending request for url (https://duckduckgo.com/?q=FOOT+VALVE+1%22) > operation timed out
✓ Not Found
[462/14713] Searching: 1HP PUMP100... ✓ Found
[463/14713] Searching: 1HP PANEL  BOARD... Error searching '1HP PANEL  BOARD': error sending request for url (https://duckduckgo.com/?q=1HP+PANEL++BOARD) > operation timed out
✓ Not Found
[464/14713] Searching: HAMMER 1LB TATA... ✓ Found
[465/14713] Searching: CORDLESS DRILL DRIVER IXO3... ✓ Found
[466/14713] Searching: 2 CORE WIRE... ✓ Found
[467/14713] Searching: SLEDGE HAMMER 2.5 LB... ✓ Found
[468/14713] Searching: POWER CABLE... ✓ Found
[469/14713] Searching: POWER CABLE... ✓ Found
[470/14713] Searching: 2+2 5MTR CODE... Error searching '2+2 5MTR CODE': error sending request for url (https://duckduckgo.com/?q=2%2B2+5MTR+CODE) > operation timed out
✓ Not Found
[471/14713] Searching: 5' TILE CUTTER(FAST CUT)... ✓ Found
[472/14713] Searching: 20/242 PARELLEL WIRE... ✓ Found
[473/14713] Searching: CLIF NONMOVEN FINISH WHEEL... ✓ Found
[474/14713] Searching: TROLLY WHEEL2IN.37.5*23.5 P.NYLON INSERTWITH BLACK... Error searching 'TROLLY WHEEL2IN.37.5*23.5 P.NYLON INSERTWITH BLACK RUBBER LOCK': error sending request for url (https://duckduckgo.com/?q=TROLLY+WHEEL2IN.37.5*23.5+P.NYLON+INSERTWITH+BLACK+RUBBER+LOCK) > operation timed out
✓ Not Found
[475/14713] Searching: TROLLY WHEEL 2IN.37.5*23.5 NYLON INSERT WITH BLACK... ✓ Found
[476/14713] Searching: TOLSEN SCREW DRIVER 100MM SLOTTED... ✓ Found
[477/14713] Searching: TOLSEN SCREW DRIVER 150MM SLOTTED... ✓ Found
[478/14713] Searching: TOLSEN SCREW DRIVER 100MM PH1... Error searching 'TOLSEN SCREW DRIVER 100MM PH1': error sending request for url (https://duckduckgo.com/?q=TOLSEN+SCREW+DRIVER+100MM+PH1) > operation timed out
✓ Not Found
[479/14713] Searching: TOLSEN SCREW DRIVER 150MM PH2... ✓ Found
[480/14713] Searching: ADAPTOR BSP1/4*1/4... ✓ Found
[481/14713] Searching: GREASE 100... ✓ Found
[482/14713] Searching: ADAPTOR BSP3/8*3/8... ✓ Found
[483/14713] Searching: ADAPTOR BSP1/2*1/2... ✓ Found
[484/14713] Searching: TOLSEN RATCHET DRILL AND SOCKET SET 38 PCS... ✓ Found
[485/14713] Searching: 20037 P/HOLDER  SKERT ESSENZ... ✓ Found
[486/14713] Searching: TOLSEN 2 IN 1 SCREW DRIVER SET... ✓ Found
[487/14713] Searching: TOLSEN 6 IN 1 SCREW DRIVER... ✓ Found
[488/14713] Searching: 20050 CUB 6A 3PIN TOP GOLDMEDEL... ✓ Found
[489/14713] Searching: TOLSEN 10PCS  HEX ALLENKEY SET 20051... ✓ Found
[490/14713] Searching: TOLSEN ALLENKEY SET 9 PCS 20053... ✓ Found
[491/14713] Searching: TOLSEN ALLENKEY SET 9 PCS 20053... ✓ Found
[492/14713] Searching: TOLSEN ALLENKEY SET STAR TYPE 20056... ✓ Found
[493/14713] Searching: TOLSEN ALLENKEY SET STAR TYPE 20056... ✓ Found
[494/14713] Searching: TOLSEN  ALLENKEY SET LONG 9PCS 20057... ✓ Found
[495/14713] Searching: TOLSEN 13 PCS BALL POINT LONG HEX KEY... Error searching 'TOLSEN 13 PCS BALL POINT LONG HEX KEY': error sending request for url (https://duckduckgo.com/?q=TOLSEN+13+PCS+BALL+POINT+LONG+HEX+KEY) > operation timed out
✓ Not Found
[496/14713] Searching: TOLSEN INCH AND METRIC HEX KEY SET 36 PCS 20094... ✓ Found
[497/14713] Searching: TOLSEN INCH AND METRIC HEX KEY SET 36 PCS 20094... ✓ Found
[498/14713] Searching: TROLLY WHEEL 2 IN.37.5*23.5 PLATE 60*60 BLACK NO D... ✓ Found
[499/14713] Searching: TROLLY WHEEL 2 IN.37.5*23.5 PLATE 60*60 BLACK NO D... ✓ Found
[500/14713] Searching: TROLLY WHEEL 2IN.37.5*23.5 BLACK NO DUST... Error searching 'TROLLY WHEEL 2IN.37.5*23.5 BLACK NO DUST': error sending request for url (https://duckduckgo.com/?q=TROLLY+WHEEL+2IN.37.5*23.5+BLACK+NO+DUST) > operation timed out
✓ Not Found
  [Progress: 500/14713 products processed]
[501/14713] Searching: TROLLY WHEEL 2IN.37.5*23.5 BLACK NO DUST... ✓ Found
[502/14713] Searching: VICE GRIP PLIER TOOL WORTH... ✓ Found
[503/14713] Searching: TOLSEN SCREW DRIVER PH 2*150 20115... ✓ Found
[504/14713] Searching: TOLSEN SCREW DRIVER GO THROUGH PH2*100... ✓ Found
[505/14713] Searching: TOLSEN SCREW DRIVER PH2*150 20125... ✓ Found
[506/14713] Searching: TOLSEN SCREW DRIVER PH3*150 20127... ✓ Found
[507/14713] Searching: TOLSEN SCREW DRIVER  PH3*150 20129... ✓ Found
[508/14713] Searching: TOLSEN SCREW DRIVER  PH3*150 20129... ✓ Found
[509/14713] Searching: TOLSEN SCREW DRIVER PH2 20132... ✓ Found
[510/14713] Searching: TOLSEN SCREW DRIVER PH2 20134... Error searching 'TOLSEN SCREW DRIVER PH2 20134': error sending request for url (https://duckduckgo.com/?q=TOLSEN+SCREW+DRIVER+PH2+20134) > operation timed out
✓ Not Found
[511/14713] Searching: CLOTH POLISH... ✓ Found
[512/14713] Searching: ADAPTOR BSP 1/4*3/8... ✓ Found
[513/14713] Searching: 20035 2PIN TOP6A 3052 GM... ✓ Found
[514/14713] Searching: 20030 3 PIN TOP 6A FUSION GM... ✓ Found
[515/14713] Searching: 20037 HOLDER SKERT  GOLD MEDEL... Error searching '20037 HOLDER SKERT  GOLD MEDEL': error sending request for url (https://duckduckgo.com/?q=20037+HOLDER+SKERT++GOLD+MEDEL) > operation timed out
✓ Not Found
[516/14713] Searching: 20058 3 PIN MULTI ADAPTER... ✓ Found
[517/14713] Searching: 20205 1W SWITCH 10A ESSENZA -GM... ✓ Found
[518/14713] Searching: 202102 2 IN 1 SOCK 10A ESSENZA -GM... ✓ Found
[519/14713] Searching: 20211 SOCKET 6A INTER... ✓ Found
[520/14713] Searching: LEVER TYPE GREASE GUN 20211... ✓ Found
[521/14713] Searching: LEVET TYPE GREASE GUN 20221... Error searching 'LEVET TYPE GREASE GUN 20221': error sending request for url (https://duckduckgo.com/?q=LEVET+TYPE+GREASE+GUN+20221) > operation timed out
✓ Not Found
[522/14713] Searching: 20226 1W SWITCH 20AMP... ✓ Found
[523/14713] Searching: 16 AMP SOCKET... ✓ Found
[524/14713] Searching: LEVER TYPE GREASE GUN 20-231... ✓ Found
[525/14713] Searching: 20233 BED SWITCH 10A -GM... ✓ Found
[526/14713] Searching: 20233 BED SWITCH 10A -GM... Error searching '20233 BED SWITCH 10A -GM': error sending request for url (https://duckduckgo.com/?q=20233+BED+SWITCH+10A+-GM) > operation timed out
✓ Not Found
[527/14713] Searching: 20237 HOLDER... ✓ Found
[528/14713] Searching: E2024 WIRE STRIPPER... ✓ Found
[529/14713] Searching: ADAPTOR BSP 1/8*1/4... ✓ Found
[530/14713] Searching: TOLSEN SCREW BIT 5 PCS 20*25 MM 20276... ✓ Found
[531/14713] Searching: IDL HACKSAW BLADE 1(D-SIDE)... ✓ Found
[532/14713] Searching: TROLLY WHEEL 2IN.37.5*23.5 NYLON INSERT WITH SLEEV... ✓ Found
[533/14713] Searching: TROLLY WHEEL 2IN.37.5*23.5 PLATE NYLON INSERT GREY... ✓ Found
[534/14713] Searching: TEE BSP 1/4... ✓ Found
[535/14713] Searching: REDUCER MS M1/4*F3/8   2091... ✓ Found
[536/14713] Searching: OSRAM IRON BOX CREASE MASTER ECO 600W... ✓ Found
[537/14713] Searching: OSRAM IRON BOX CREASE MASTER NEO 1000W... ✓ Found
[538/14713] Searching: HAVELLS ECOSTAR POWER CABLE 4+1 2MTR 20916... ✓ Found
[539/14713] Searching: REDUCER M3/8*1/4... ✓ Found
[540/14713] Searching: REDUCER M1/4*F1/4... ✓ Found
[541/14713] Searching: 20932 FLOOD LIGHT 50W LEDVANCE  (OSRAM )... Error searching '20932 FLOOD LIGHT 50W LEDVANCE  (OSRAM )': error sending request for url (https://duckduckgo.com/?q=20932+FLOOD+LIGHT+50W+LEDVANCE++%28OSRAM+%29) > operation timed out
✓ Not Found
[542/14713] Searching: FLOOD LIGHT 20W 20935 OSRAM... ✓ Found
[543/14713] Searching: FLOOD LIGHT 20W 20935 OSRAM... ✓ Found
[544/14713] Searching: REDUCER M3/8*F3/8... ✓ Found
[545/14713] Searching: REDUCER M1/4*F1/8... ✓ Found
[546/14713] Searching: REDUCER M1/8*F1/4... ✓ Found
[547/14713] Searching: SHOVEL SMALL ROUND 4 STEEL HANDLE... Error searching 'SHOVEL SMALL ROUND 4 STEEL HANDLE': error sending request for url (https://duckduckgo.com/?q=SHOVEL+SMALL+ROUND+4+STEEL+HANDLE) > operation timed out
✓ Not Found
[548/14713] Searching: E-2105 SCREW DRIVER WITH NEON BULB... Error searching 'E-2105 SCREW DRIVER WITH NEON BULB': error sending request for url (https://duckduckgo.com/?q=E-2105+SCREW+DRIVER+WITH+NEON+BULB) > operation timed out
✓ Not Found
[549/14713] Searching: CLAW HAMMER TUBULAR HANDLE... ✓ Found
[550/14713] Searching: ADAPTOR 5V- 2111... ✓ Found
  [Progress: 550/14713 products processed]
[551/14713] Searching: DOUBLE OPEN END SPANNER 16*17... ✓ Found
[552/14713] Searching: 213073-6 O RING... ✓ Found
[553/14713] Searching: 213073-6 O RING... ✓ Found
[554/14713] Searching: 213128-7 O RING... ✓ Found
[555/14713] Searching: 213227-5 O RING... ✓ Found
[556/14713] Searching: 213227-5 O RING... Error searching '213227-5 O RING': error sending request for url (https://duckduckgo.com/?q=213227-5+O+RING) > operation timed out
✓ Not Found
[557/14713] Searching: 213227-5 O RING... ✓ Found
[558/14713] Searching: 213227-5 O RING... ✓ Found
[559/14713] Searching: 213232-2 O RING... ✓ Found
[560/14713] Searching: 213278-8 O RING... ✓ Found
[561/14713] Searching: DUST STEAL HR2230 2133459... ✓ Found
[562/14713] Searching: 213380-7 ORING  24 FOR  HR2020... ✓ Found
[563/14713] Searching: 213508-7 ORING 38 FOR HM0810... ✓ Found
[564/14713] Searching: O RING HM0810T 213654-6... ✓ Found
[565/14713] Searching: 2137788 O RING HR2020... ✓ Found
[566/14713] Searching: 213787-7 ORING... ✓ Found
[567/14713] Searching: 213960-9 O RING 5 FOR GA4032... ✓ Found
[568/14713] Searching: GAS WELDING TORCH SMALL... ✓ Found
[569/14713] Searching: TROLLY WHEEL 2IN.31*22.6 PLATE ON TOP... Error searching 'TROLLY WHEEL 2IN.31*22.6 PLATE ON TOP': error sending request for url (https://duckduckgo.com/?q=TROLLY+WHEEL+2IN.31*22.6+PLATE+ON+TOP) > operation timed out
✓ Not Found
[570/14713] Searching: BULLET HACK SAW FRAME PIPE TYPE... ✓ Found
[571/14713] Searching: BULLET HACK SAW FRAME PIPE TYPE... ✓ Found
[572/14713] Searching: LASERTECH SPARES 2-20 BODY... ✓ Found
[573/14713] Searching: LASERTECH SPARES 2-20 BODY... ✓ Found
[574/14713] Searching: LASERTECH SPARES 2-20 BODY... ✓ Found
[575/14713] Searching: W/O SPARES 2-20 CHUCK SET... ✓ Found
[576/14713] Searching: YURI SPARES 2-20 CYLINDER... ✓ Found
[577/14713] Searching: LASERTECH SPARE 2-20 GEAR... ✓ Found
[578/14713] Searching: LASERTECH SPARES 2-20 GEAR BOX WITH NEEDLE... ✓ Found
[579/14713] Searching: 2-20 ORING BROWN... Error searching '2-20 ORING BROWN': error sending request for url (https://duckduckgo.com/?q=2-20+ORING+BROWN) > operation timed out
✓ Not Found
[580/14713] Searching: PISTON FOR 2-20... Error searching 'PISTON FOR 2-20': error sending request for url (https://duckduckgo.com/?q=PISTON+FOR+2-20) > operation timed out
✓ Not Found
[581/14713] Searching: PISTON FOR 2-20... ✓ Found
[582/14713] Searching: PISTON FOR 2-20... ✓ Found
[583/14713] Searching: PISTON FOR 2-20... Error searching 'PISTON FOR 2-20': error sending request for url (https://duckduckgo.com/?q=PISTON+FOR+2-20) > operation timed out
✓ Not Found
[584/14713] Searching: SWASH BEARING PENDULAM 2-20... ✓ Found
[585/14713] Searching: SWASH BEARING PENDULAM 2-20... ✓ Found
[586/14713] Searching: SPARES 2-20 STRICKER... ✓ Found
[587/14713] Searching: SCREW KIT 5 IN 1... ✓ Found
[588/14713] Searching: 224314-5 INNER FLANGE (9553 AB WASHER )... ✓ Found
[589/14713] Searching: 224559-5 LOCK NUT 10-30 FOR... Error searching '224559-5 LOCK NUT 10-30 FOR': error sending request for url (https://duckduckgo.com/?q=224559-5+LOCK+NUT+10-30+FOR) > operation timed out
✓ Not Found
[590/14713] Searching: BRUSH HOLDER SET FOR 2-26... Error searching 'BRUSH HOLDER SET FOR 2-26': error sending request for url (https://duckduckgo.com/?q=BRUSH+HOLDER+SET+FOR+2-26) > operation timed out
✓ Not Found
[591/14713] Searching: BRUSH HOLDER SET FOR 2-26... ✓ Found
[592/14713] Searching: CARBON BRUSH 2-26... Error searching 'CARBON BRUSH 2-26': error sending request for url (https://duckduckgo.com/?q=CARBON+BRUSH+2-26) > operation timed out
✓ Not Found
[593/14713] Searching: LASERTECH SPARES 2-26 FRONT CAP SET... ✓ Found
[594/14713] Searching: YURI 2-26 FRONT CAP SET... ✓ Found
[595/14713] Searching: CYLINDER FOR 2-26... ✓ Found
[596/14713] Searching: 2-26 DUMPING SET 2-26 DBS... Error searching '2-26 DUMPING SET 2-26 DBS': error sending request for url (https://duckduckgo.com/?q=2-26+DUMPING+SET+2-26+DBS) > operation timed out
✓ Not Found
[597/14713] Searching: YURI FRONT HANDLE 2-26 EVEREST... ✓ Found
[598/14713] Searching: YURISPARES 2-26 GEAR BOX... ✓ Found
[599/14713] Searching: YURISPARES 2-26 GEAR BOX... ✓ Found
[600/14713] Searching: LASERTECH SPARES 2-26 CYLINDER... ✓ Found
  [Progress: 600/14713 products processed]
[601/14713] Searching: 2-26 KNOB POWERTUFF... ✓ Found
[602/14713] Searching: 2-26 ORING... Error searching '2-26 ORING': error sending request for url (https://duckduckgo.com/?q=2-26+ORING) > operation timed out
✓ Not Found
[603/14713] Searching: PISTON FOR 2-26... ✓ Found
[604/14713] Searching: YURI SPARE SWASH BEARING BEARING 2-26... ✓ Found
[605/14713] Searching: YURI SPARE SWASH BEARING BEARING 2-26... ✓ Found
[606/14713] Searching: YURI SPARE SWASH BEARING BEARING 2-26... ✓ Found
[607/14713] Searching: 2-26TS 2-26 TOOTHED SHAFT... ✓ Found
[608/14713] Searching: 227471-8 SPIRAL BEVEL GEAR 11 FOR 9553NB... Error searching '227471-8 SPIRAL BEVEL GEAR 11 FOR 9553NB': error sending request for url (https://duckduckgo.com/?q=227471-8+SPIRAL+BEVEL+GEAR+11+FOR+9553NB) > operation timed out
✓ Not Found
[609/14713] Searching: 2275065 SPIRAL BEVEL GEAR 36 FOR 9556NB... ✓ Found
[610/14713] Searching: 227738- HELICAL GEAR 17 FOR MT412... ✓ Found
[611/14713] Searching: 227738- HELICAL GEAR 17 FOR MT412... ✓ Found
[612/14713] Searching: 227739-2 HELICAL GEAR 44 FOR MT412... ✓ Found
[613/14713] Searching: 227739-2 HELICAL GEAR 44 FOR MT412... Error searching '227739-2 HELICAL GEAR 44 FOR MT412': error sending request for url (https://duckduckgo.com/?q=227739-2+HELICAL+GEAR+44+FOR+MT412) > operation timed out
✓ Not Found
[614/14713] Searching: 227762-7 HELICAL GEAR 14 FOR MT40... ✓ Found
[615/14713] Searching: 227763-5 HELICAL GEAR 32 FOR MT40... ✓ Found
[616/14713] Searching: METAL TOOL BOX BAUM... ✓ Found
[617/14713] Searching: KANGRO STAPLIERS 23/23-H... ✓ Found
[618/14713] Searching: K  MILES 23/8 PIN NWE... ✓ Found
[619/14713] Searching: MASONARY DRILL BIT 4MM... ✓ Found
[620/14713] Searching: MASONARY DRILL BIT 4MM... Error searching 'MASONARY DRILL BIT 4MM': error sending request for url (https://duckduckgo.com/?q=MASONARY+DRILL+BIT+4MM) > operation timed out
✓ Not Found
[621/14713] Searching: 23/10-H 10MM STAPLIER... Error searching '23/10-H 10MM STAPLIER': error sending request for url (https://duckduckgo.com/?q=23%2F10-H+10MM+STAPLIER) > operation timed out
✓ Not Found
[622/14713] Searching: MULTI METER -830... ✓ Found
[623/14713] Searching: MULTI METER... ✓ Found
[624/14713] Searching: MULTY METER TEST LEAD... ✓ Found
[625/14713] Searching: 8 MM ADDISSON ORIGINAL... ✓ Found
[626/14713] Searching: DIGITAL CLAMP METER -DT266... ✓ Found
[627/14713] Searching: MULTIMETER LED 130722... Error searching 'MULTIMETER LED 130722': error sending request for url (https://duckduckgo.com/?q=MULTIMETER+LED+130722) > operation timed out
✓ Not Found
[628/14713] Searching: MULTI METER UNITY -DT9205A... ✓ Found
[629/14713] Searching: MULTI METER UNITY -DT9205A... ✓ Found
[630/14713] Searching: COMPRESSION SPRING FOR LS1040 231457... ✓ Found
[631/14713] Searching: TORSION SPRING LS1040 231593-8... ✓ Found
[632/14713] Searching: MASONARY DRILL BIT 5MM... ✓ Found
[633/14713] Searching: CONTINUTY TESTER... ✓ Found
[634/14713] Searching: CONTINUTY TESTER... ✓ Found
[635/14713] Searching: TESTER... ✓ Found
[636/14713] Searching: TESTER AC VOLTAGE DETECTOR... ✓ Found
[637/14713] Searching: TESTER AC VOLTAGE DETECTOR... ✓ Found
[638/14713] Searching: MASONARY DRILL BIT 6MM... Error searching 'MASONARY DRILL BIT 6MM': error sending request for url (https://duckduckgo.com/?q=MASONARY+DRILL+BIT+6MM) > operation timed out
✓ Not Found
[639/14713] Searching: MASONARY DRILL BIT 6MM... ✓ Found
[640/14713] Searching: MASONARY DRILL BIT 6MM... ✓ Found
[641/14713] Searching: CONTINUTY TEESTER 2332... Error searching 'CONTINUTY TEESTER 2332': error sending request for url (https://duckduckgo.com/?q=CONTINUTY+TEESTER+2332) > operation timed out
✓ Not Found
[642/14713] Searching: 233376.2 COMPRESSION SPRING  FOR MT950... ✓ Found
[643/14713] Searching: COMPRESSION SPRING  2334598... ✓ Found
[644/14713] Searching: RING SPRING HR2450 233929-7... ✓ Found
[645/14713] Searching: MASONARY DRILL BIT 8MM... ✓ Found
[646/14713] Searching: MASONARY DRILL BIT 8MM... Error searching 'MASONARY DRILL BIT 8MM': error sending request for url (https://duckduckgo.com/?q=MASONARY+DRILL+BIT+8MM) > operation timed out
✓ Not Found
[647/14713] Searching: SOLDER WIRE 100G 2344... ✓ Found
[648/14713] Searching: SOLDER WIRE 50G 2345... ✓ Found
[649/14713] Searching: OPENING TOOL... ✓ Found
[650/14713] Searching: MASONARY DRILL BIT 10MM... ✓ Found
  [Progress: 650/14713 products processed]
[651/14713] Searching: MASONARY DRILL BIT 10MM... Error searching 'MASONARY DRILL BIT 10MM': error sending request for url (https://duckduckgo.com/?q=MASONARY+DRILL+BIT+10MM) > operation timed out
✓ Not Found
[652/14713] Searching: MASONARY DRILL BIT 12MM... ✓ Found
[653/14713] Searching: SOLDERING BIT... ✓ Found
[654/14713] Searching: SOLDERING IRON 15W 2357... ✓ Found
[655/14713] Searching: SOLDERING IRON 25W 2358... ✓ Found
[656/14713] Searching: SOLDERING IRON  35W... Error searching 'SOLDERING IRON  35W': error sending request for url (https://duckduckgo.com/?q=SOLDERING+IRON++35W) > operation timed out
✓ Not Found
[657/14713] Searching: WELDING GLASS BLACK 11DIN ATHERMEL... ✓ Found
[658/14713] Searching: WELDING GLASS BLACK 11DIN ATHERMEL... ✓ Found
[659/14713] Searching: WELDING GLASS BLACK 9DIN... ✓ Found
[660/14713] Searching: WELDING GLASS BLACK 9DIN... Error searching 'WELDING GLASS BLACK 9DIN': error sending request for url (https://duckduckgo.com/?q=WELDING+GLASS+BLACK+9DIN) > operation timed out
✓ Not Found
[661/14713] Searching: WELDING GLASS BLACK 10DIN ATHERMAL... ✓ Found
[662/14713] Searching: WELDING GLASS BLACK 10DIN ATHERMAL... ✓ Found
[663/14713] Searching: SQUARE GLASS BLACK... ✓ Found
[664/14713] Searching: SOLDERING IRON 60W... ✓ Found
[665/14713] Searching: FLEX KWIK 20G... ✓ Found
[666/14713] Searching: FLEX KWIK 20G... ✓ Found
[667/14713] Searching: FLEX KWIK 20G... ✓ Found
[668/14713] Searching: FLEX KWIK 20G... Error searching 'FLEX KWIK 20G': error sending request for url (https://duckduckgo.com/?q=FLEX+KWIK+20G) > operation timed out
✓ Not Found
[669/14713] Searching: FLEX KWIK 20G... ✓ Found
[670/14713] Searching: FLEXKWIK 50GM... Error searching 'FLEXKWIK 50GM': error sending request for url (https://duckduckgo.com/?q=FLEXKWIK+50GM) > operation timed out
✓ Not Found
[671/14713] Searching: FLEXKWIK 50GM... Error searching 'FLEXKWIK 50GM': error sending request for url (https://duckduckgo.com/?q=FLEXKWIK+50GM) > operation timed out
✓ Not Found
[672/14713] Searching: FLEXKWIK 50GM... ✓ Found
[673/14713] Searching: ANABOND 20 GM... Error searching 'ANABOND 20 GM': error sending request for url (https://duckduckgo.com/?q=ANABOND+20+GM) > operation timed out
✓ Not Found
[674/14713] Searching: PAD NUT... ✓ Found
[675/14713] Searching: SPANNER KEY 801... ✓ Found
[676/14713] Searching: SPANNER KEY 801... Error searching 'SPANNER KEY 801': error sending request for url (https://duckduckgo.com/?q=SPANNER+KEY+801) > operation timed out
✓ Not Found
[677/14713] Searching: SPANNER KEY 5 INCH  G15SA2... ✓ Found
[678/14713] Searching: CUTTING TORCH -NM250 2450... ✓ Found
[679/14713] Searching: CUTTING TORCH -NM250 2450... ✓ Found
[680/14713] Searching: GAC CUTTING NOZZLE 3/64 ANME... ✓ Found
[681/14713] Searching: GAS CUTTING NOZZLE 3/64 PNME... ✓ Found
[682/14713] Searching: GAS  WELDING NOZZLE... ✓ Found
[683/14713] Searching: GAS CUTTING NOZZLE... ✓ Found
[684/14713] Searching: GAS CUTTING NOZZLE... Error searching 'GAS CUTTING NOZZLE': error sending request for url (https://duckduckgo.com/?q=GAS+CUTTING+NOZZLE) > operation timed out
✓ Not Found
[685/14713] Searching: CALTEX AUTO CLOSE BIT 18MM... ✓ Found
[686/14713] Searching: CALTEX  HINGESBIT 20MM... ✓ Found
[687/14713] Searching: CALTEX  HINGESBIT 20MM... ✓ Found
[688/14713] Searching: CALTEX  HINGESBIT 25MM... Error searching 'CALTEX  HINGESBIT 25MM': error sending request for url (https://duckduckgo.com/?q=CALTEX++HINGESBIT+25MM) > operation timed out
✓ Not Found
[689/14713] Searching: CALTEX  HINGESBIT 25MM... ✓ Found
[690/14713] Searching: K EMTEX  HINGES BIT 32MM... ✓ Found
[691/14713] Searching: K EMTEX  HINGES BIT 32MM... ✓ Found
[692/14713] Searching: AUTO CLOSE BIT 35MM B... ✓ Found
[693/14713] Searching: AUTO CLOSE BIT 35MM B... ✓ Found
[694/14713] Searching: TOLSEN CLAW HAMMER STUBBY 25027... ✓ Found
[695/14713] Searching: TOLSEN CLAW HAMMER... ✓ Found
[696/14713] Searching: 25030  TOLSEN CLAW HAMMER 16... Error searching '25030  TOLSEN CLAW HAMMER 16': error sending request for url (https://duckduckgo.com/?q=25030++TOLSEN+CLAW+HAMMER+16) > operation timed out
✓ Not Found
[697/14713] Searching: 25030  TOLSEN CLAW HAMMER 16... ✓ Found
[698/14713] Searching: 25030  TOLSEN CLAW HAMMER 16... Error searching '25030  TOLSEN CLAW HAMMER 16': error sending request for url (https://duckduckgo.com/?q=25030++TOLSEN+CLAW+HAMMER+16) > operation timed out
✓ Not Found
[699/14713] Searching: TOLSEN RUBBER HAMMER BLACK 8... ✓ Found
[700/14713] Searching: TOLSEN RUBBER HAMMER BLACK 16... Error searching 'TOLSEN RUBBER HAMMER BLACK 16': error sending request for url (https://duckduckgo.com/?q=TOLSEN+RUBBER+HAMMER+BLACK+16) > operation timed out
✓ Not Found
  [Progress: 700/14713 products processed]
[701/14713] Searching: TOLSEN RUBBER HAMMER BLACK 24... ✓ Found
[702/14713] Searching: TOLSEN SLEDGE HAMMER 2 LB... ✓ Found
[703/14713] Searching: TOLSEN SLEDGE HAMMER 4 LB... Error searching 'TOLSEN SLEDGE HAMMER 4 LB': error sending request for url (https://duckduckgo.com/?q=TOLSEN+SLEDGE+HAMMER+4+LB) > operation timed out
✓ Not Found
[704/14713] Searching: TOLSEN AXE FIBER HANDLE 600GRM 25053... ✓ Found
[705/14713] Searching: TOLSEN CHISEL POINTED 10 INCH 25082... ✓ Found
[706/14713] Searching: TOLSEN CHISEL POINTED 10 INCH 25083... ✓ Found
[707/14713] Searching: TOLSEN COLD CHISEL 4*18*300... Error searching 'TOLSEN COLD CHISEL 4*18*300': error sending request for url (https://duckduckgo.com/?q=TOLSEN+COLD+CHISEL+4*18*300) > operation timed out
✓ Not Found
[708/14713] Searching: 25087 COLD CHISEL 22*16*250MM... ✓ Found
[709/14713] Searching: 25087 COLD CHISEL 22*16*250MM... ✓ Found
[710/14713] Searching: 25088 TOLSEN CHISEL FLAT  12INCH... Error searching '25088 TOLSEN CHISEL FLAT  12INCH': error sending request for url (https://duckduckgo.com/?q=25088+TOLSEN+CHISEL+FLAT++12INCH) > operation timed out
✓ Not Found
[711/14713] Searching: CROWBAR  BARI 24 INCH 25109... ✓ Found
[712/14713] Searching: CROWBAR BARI 30INCH 25111... ✓ Found
[713/14713] Searching: CROWBAR BARI 24 INCH 25118... ✓ Found
[714/14713] Searching: CROWBAR  BARI36 INCH 25119... ✓ Found
[715/14713] Searching: CROWBAR  BARI 48 INCH 25120... ✓ Found
[716/14713] Searching: TOLSEN  RIP HAMMER 25156... ✓ Found
[717/14713] Searching: TOLSEN  RIP HAMMER 25156... ✓ Found
[718/14713] Searching: HEX NUT MT410 2521753... ✓ Found
[719/14713] Searching: TOLSEN AXE WITH HANDLE 600 GRM  25253... ✓ Found
[720/14713] Searching: PVC PAD 5'INCH BULLET... ✓ Found
[721/14713] Searching: PVC PAD 5'INCH BULLET... ✓ Found
[722/14713] Searching: PVC PAD 5'INCH BULLET... ✓ Found
[723/14713] Searching: PVC PAD 5 INCH POLAR POWER... ✓ Found
[724/14713] Searching: FRONTLINE SAFETY GLASS... ✓ Found
[725/14713] Searching: OXYGEN REGULATOR OR16... ✓ Found
[726/14713] Searching: CORE BIT 1' NORTON... ✓ Found
[727/14713] Searching: 256486-8 SHOULDER PIN FOR  9553NB... ✓ Found
[728/14713] Searching: CORE BIT 1-1/2 NORTON... ✓ Found
[729/14713] Searching: 257173-2 RING FOR 5806B DRILL BOX... ✓ Found
[730/14713] Searching: HOLESAW WOODEN 2'... ✓ Found
[731/14713] Searching: HAND RIVERTER 10 INCH IDEAL... ✓ Found
[732/14713] Searching: COPPER LEG 25 SQ MM... ✓ Found
[733/14713] Searching: COPPER LEG 25 SQ MM... ✓ Found
[734/14713] Searching: COPPER LUG25MM... ✓ Found
[735/14713] Searching: SWITCH 2W 6AMP .LIVON 26102... Error searching 'SWITCH 2W 6AMP .LIVON 26102': error sending request for url (https://duckduckgo.com/?q=SWITCH+2W+6AMP+.LIVON+26102) > operation timed out
✓ Not Found
[736/14713] Searching: SWITCH 2W 6AMP LIVON  26202... ✓ Found
[737/14713] Searching: SWITCH 16AMP 2W 26213... ✓ Found
[738/14713] Searching: RUBBER HAMMER  BULLET 50 MM... ✓ Found
[739/14713] Searching: PAN HEAD SCREW  FOR CC300D 2650562... ✓ Found
[740/14713] Searching: THUMP SCREW MT580 2657548... ✓ Found
[741/14713] Searching: COMBINATION STONE 8' BULLET... ✓ Found
[742/14713] Searching: COMBINATION STONE 8' BULLET... ✓ Found
[743/14713] Searching: GLASS CUTTER BULLET... ✓ Found
[744/14713] Searching: GLASS CUTTER BULLET... ✓ Found
[745/14713] Searching: FRONT CUTTING PLIER... ✓ Found
[746/14713] Searching: 268228-8 SHOULDER PIN 5 FOR MT960... Error searching '268228-8 SHOULDER PIN 5 FOR MT960': error sending request for url (https://duckduckgo.com/?q=268228-8+SHOULDER+PIN+5+FOR+MT960) > operation timed out
✓ Not Found
[747/14713] Searching: ADDISSON  DRILL BIT 12MM... Error searching 'ADDISSON  DRILL BIT 12MM': error sending request for url (https://duckduckgo.com/?q=ADDISSON++DRILL+BIT+12MM) > operation timed out
✓ Not Found
[748/14713] Searching: AB WASHER  801... Error searching 'AB WASHER  801': error sending request for url (https://duckduckgo.com/?q=AB+WASHER++801) > operation timed out
✓ Not Found
[749/14713] Searching: STAR HEAD SCREW 3/4 (19*8)... ✓ Found
[750/14713] Searching: TRUSS HEAD 1'... Error searching 'TRUSS HEAD 1'': error sending request for url (https://duckduckgo.com/?q=TRUSS+HEAD+1%27) > operation timed out
✓ Not Found
  [Progress: 750/14713 products processed]
[751/14713] Searching: CHALK LINE DHOORI SET 28410 PUMPKIN... Error searching 'CHALK LINE DHOORI SET 28410 PUMPKIN': error sending request for url (https://duckduckgo.com/?q=CHALK+LINE+DHOORI+SET+28410+PUMPKIN) > operation timed out
✓ Not Found
[752/14713] Searching: TRUSS HEAD 8*32(1-1/4)... ✓ Found
[753/14713] Searching: BEARING RETAINER 19-33 FOR MT412 285852... ✓ Found
[754/14713] Searching: BEARING RETAINER 19-33 FOR MT412 285852... ✓ Found
[755/14713] Searching: METAL HOLESAW 1-1/4 BULLET 32M... ✓ Found
[756/14713] Searching: GLASS CUTTER... ✓ Found
[757/14713] Searching: HACKSAW FRAME... ✓ Found
[758/14713] Searching: WIRE LEY FEMAIL... ✓ Found
[759/14713] Searching: HS SLEEVE 6MM -1M... ✓ Found
[760/14713] Searching: HACKSAW FRAME (MINI POLAND) 5MM... ✓ Found
[761/14713] Searching: BUFFING WHEEL RED 6*1/2'... ✓ Found
[762/14713] Searching: DOOR LOCK LAXMI BULLET... ✓ Found
[763/14713] Searching: CLOTH WHEEL 6*1... ✓ Found
[764/14713] Searching: 29108 FLOOD LIGHT LED 50W... Error searching '29108 FLOOD LIGHT LED 50W': error sending request for url (https://duckduckgo.com/?q=29108+FLOOD+LIGHT+LED+50W) > operation timed out
✓ Not Found
[765/14713] Searching: SWITCH CARWASH... ✓ Found
[766/14713] Searching: CLOTH WHEEL 4*1... ✓ Found
[767/14713] Searching: MASKING TAPE 2 INCH 48*20... ✓ Found
[768/14713] Searching: MASKING TAPE 2 INCH 48*20... ✓ Found
[769/14713] Searching: MASKING TAPE 2 INCH 48*20... ✓ Found
[770/14713] Searching: MASKING TAPE 36*20... ✓ Found
[771/14713] Searching: MASKING TAPE 36*20... ✓ Found
[772/14713] Searching: MASKING TAPE 48MM *50 MTR  2INCH... ✓ Found
[773/14713] Searching: MASKING TAPE 48MM *50 MTR  2INCH... ✓ Found
[774/14713] Searching: DVR CAMERA CHARGER... ✓ Found
[775/14713] Searching: SWITCH... ✓ Found
[776/14713] Searching: CUTTING WHEEL 4*1 EASYCUT GREEN... ✓ Found
[777/14713] Searching: SLEDGE HAMMER 2LB TATA... ✓ Found
[778/14713] Searching: SLEDGE HAMMER 2LB TATA... ✓ Found
[779/14713] Searching: SLEDGE HAMMER  2... ✓ Found
[780/14713] Searching: SLEDGE HAMMER  2LB (F.H CNC)... Error searching 'SLEDGE HAMMER  2LB (F.H CNC)': error sending request for url (https://duckduckgo.com/?q=SLEDGE+HAMMER++2LB+%28F.H+CNC%29) > operation timed out
✓ Not Found
[781/14713] Searching: SLEDGE HAMMER  2LB (F.H CNC)... ✓ Found
[782/14713] Searching: ALCO CHAIR LADDER 2 STEP... ✓ Found
[783/14713] Searching: 2 PIN SOC ZOOM... ✓ Found
[784/14713] Searching: 2T BLADE 14 INCH 2.5MM... ✓ Found
[785/14713] Searching: 2T BLADE 14 INCH 2.5MM... ✓ Found
[786/14713] Searching: 2T BLADE 14 INCH 2.5MM... Error searching '2T BLADE 14 INCH 2.5MM': error sending request for url (https://duckduckgo.com/?q=2T+BLADE+14+INCH+2.5MM) > operation timed out
✓ Not Found
[787/14713] Searching: 2T BLADE 14 INCH 2.5MM... ✓ Found
[788/14713] Searching: 2T BLADE 2.5 MM TWO TEETH BLADE... ✓ Found
[789/14713] Searching: 2T BLADE 14 INCH 2MM... ✓ Found
[790/14713] Searching: 2T BLADE SS... Error searching '2T BLADE SS': error sending request for url (https://duckduckgo.com/?q=2T+BLADE+SS) > operation timed out
✓ Not Found
[791/14713] Searching: 2T BLADE SS... ✓ Found
[792/14713] Searching: 2T BLADE SS... ✓ Found
[793/14713] Searching: 2T OIL 1 LTR BRUSH CUTTER... ✓ Found
[794/14713] Searching: 2T OIL 1 LTR BRUSH CUTTER... ✓ Found
[795/14713] Searching: 2T OIL 1 LTR BRUSH CUTTER... ✓ Found
[796/14713] Searching: E-RAINBOW -CUP BLADE 3'' SEG... ✓ Found
[797/14713] Searching: ANGLE BRACKET... ✓ Found
[798/14713] Searching: 3+3 5 MTR CODE WIRE... ✓ Found
[799/14713] Searching: 3+3 5 MTR CODE WIRE... ✓ Found
[800/14713] Searching: 3+3 5 MTR CODE WIRE... ✓ Found
  [Progress: 800/14713 products processed]
[801/14713] Searching: BULLET CUTTING WHEEL 4 INCH GREEN &BLACK... ✓ Found
[802/14713] Searching: BULLET CUTTING WHEEL 4 INCH GREEN &BLACK... ✓ Found
[803/14713] Searching: BULLET CUTTING WHEEL 4 INCH GREEN &BLACK... ✓ Found
[804/14713] Searching: BULLET CUTTING WHEEL 4 INCH GREEN &BLACK... ✓ Found
[805/14713] Searching: BULLET CUTTING WHEEL 4 INCH GREEN &BLACK... ✓ Found
[806/14713] Searching: TROLLY WHEEL 3 INCH HOLDER 63*36 PLATE ON TOP BLAC... ✓ Found
[807/14713] Searching: TROLLY WHEEL 3 INCH63*36 PLATE ON TOP 100*85 RIVER... ✓ Found
[808/14713] Searching: TROLLY WHEEL 3 IN .63*36 F.H 100*85 BREAK NYLON WH... ✓ Found
[809/14713] Searching: TOLSEN CARPET CUTTER KNIFE PVC 9MM 30004... ✓ Found
[810/14713] Searching: TOLSEN CARPET CUTTER KNIFE SS 9MM 30005... ✓ Found
[811/14713] Searching: TROLLY WHEEL 3 INCH 63*36 ON TOP 100*85 BLACL NYLO... ✓ Found
[812/14713] Searching: TROLLY WHEEL 3 INCH 63*36 BRAKE BLACK NYLON WITH G... Error searching 'TROLLY WHEEL 3 INCH 63*36 BRAKE BLACK NYLON WITH GREY DOUBLE': error sending request for url (https://duckduckgo.com/?q=TROLLY+WHEEL+3+INCH+63*36+BRAKE+BLACK+NYLON+WITH+GREY+DOUBLE) > operation timed out
✓ Not Found
[813/14713] Searching: TROLLY WHEEL 3 IN .63*36 BLA.NYLON WITH GREY D.BEA... ✓ Found
[814/14713] Searching: TOLSEN AVINIATION CUTTER 10 INCH... ✓ Found
[815/14713] Searching: TOLSEN AVINIATION CUTTER 10 INCH... ✓ Found
[816/14713] Searching: TOLSEN TINMAN SNIP 10 INCH 30030... ✓ Found
[817/14713] Searching: TROLLY WHEEL 3IN.63*36 F100*85 SINGLE MOULDING... ✓ Found
[818/14713] Searching: TROLLY WHEEL 3IN. 63*36 PLATE ON TOP  BREAK COATIN... ✓ Found
[819/14713] Searching: TOLSEN  TOLSEN HOUSE HOLD SCISSOR 8 INCH... ✓ Found
[820/14713] Searching: TOLSEN  KITCHEN SCISSOR  8INCH... ✓ Found
[821/14713] Searching: TOLSEN  KITCHEN SCISSOR  8INCH... ✓ Found
[822/14713] Searching: TOLSEN KITCHEN SCISSOR MULTY PURPOSE 30049... Error searching 'TOLSEN KITCHEN SCISSOR MULTY PURPOSE 30049': error sending request for url (https://duckduckgo.com/?q=TOLSEN+KITCHEN+SCISSOR+MULTY+PURPOSE+30049) > operation timed out
✓ Not Found
[823/14713] Searching: TOLSEN  HACK SAW FRAME SQUARE TUBE 12 INCH... ✓ Found
[824/14713] Searching: TOLSEN HACK SAW BLADE 10 PCS... ✓ Found
[825/14713] Searching: TOLSEN KNIFE 18MM... ✓ Found
[826/14713] Searching: TOLSEN KNIFE 18MM... Error searching 'TOLSEN KNIFE 18MM': error sending request for url (https://duckduckgo.com/?q=TOLSEN+KNIFE+18MM) > operation timed out
✓ Not Found
[827/14713] Searching: WASHER -DH24/22VB... ✓ Found
[828/14713] Searching: SPRING PDA100M... Error searching 'SPRING PDA100M': error sending request for url (https://duckduckgo.com/?q=SPRING+PDA100M) > operation timed out
✓ Not Found
[829/14713] Searching: LOCK PIN PDA100D... ✓ Found
[830/14713] Searching: PUSHING BUTTON  PDA100D... ✓ Found
[831/14713] Searching: GSH 5 DEMOLITION HAMMER... ✓ Found
[832/14713] Searching: WOOD RUFF KEY -PDA100M... Error searching 'WOOD RUFF KEY -PDA100M': error sending request for url (https://duckduckgo.com/?q=WOOD+RUFF+KEY+-PDA100M) > operation timed out
✓ Not Found
[833/14713] Searching: SCREW DRIVER T306 STAR... ✓ Found
[834/14713] Searching: MACHINE SCREWM4*12... ✓ Found
[835/14713] Searching: MACHINE SCREWM4*12... ✓ Found
[836/14713] Searching: O RING 3083400... ✓ Found
[837/14713] Searching: RUBBER BUSHING PDA100M G10SR2(309929)... ✓ Found
[838/14713] Searching: RUBBER BUSHING PDA100M G10SR2(309929)... ✓ Found
[839/14713] Searching: RUBBER BUSHING PDA100M G10SR2(309929)... ✓ Found
[840/14713] Searching: BULL GOLD CUTTING WHEEL 4 INCH... Error searching 'BULL GOLD CUTTING WHEEL 4 INCH': error sending request for url (https://duckduckgo.com/?q=BULL+GOLD+CUTTING+WHEEL+4+INCH) > operation timed out
✓ Not Found
[841/14713] Searching: BULL GOLD CUTTING WHEEL 4 INCH... ✓ Found
[842/14713] Searching: BULL GOLD CUTTING WHEEL 4 INCH... ✓ Found
[843/14713] Searching: CUTTING WHEEL 4 INCH SSG/B BULLET... ✓ Found
[844/14713] Searching: V PULLY... ✓ Found
[845/14713] Searching: SCREW DRIVER T608 DOUBLE SIDE... ✓ Found
[846/14713] Searching: AIR REMOVER NUT... ✓ Found
[847/14713] Searching: TOLSEN FOLDABLE SAW 180 180 7 inch... ✓ Found
[848/14713] Searching: TOLSEN BYPASS PRUNNING SHEAR 8 INCH... ✓ Found
[849/14713] Searching: TOLSEN PRUNNING SAW 14 INCH... ✓ Found
[850/14713] Searching: TOLSEN PRUNNING SAW 14 INCH... ✓ Found
  [Progress: 850/14713 products processed]
[851/14713] Searching: 31070 TOLSEN HAND SAW 16'... Error searching '31070 TOLSEN HAND SAW 16'': error sending request for url (https://duckduckgo.com/?q=31070+TOLSEN+HAND+SAW+16%27) > operation timed out
✓ Not Found
[852/14713] Searching: 31071 TOLSEN HAND SAW 18 INCH... ✓ Found
[853/14713] Searching: HAND RIVERTER GUN  31202... ✓ Found
[854/14713] Searching: HAND RIVERTER GUN  31202... ✓ Found
[855/14713] Searching: ALLEN KEY SET MINI... ✓ Found
[856/14713] Searching: SCREW DRIVER T809... ✓ Found
[857/14713] Searching: BRUSH HOLDER -G10SR2 PDA100M,G10SS... ✓ Found
[858/14713] Searching: GEAR COVER -G13SDPDA100M... ✓ Found
[859/14713] Searching: PACKING GLAND PDA100M, G13SD, G13SR3, G1... ✓ Found
[860/14713] Searching: 317819-3 BEARING BOX FOR9553NB... Error searching '317819-3 BEARING BOX FOR9553NB': error sending request for url (https://duckduckgo.com/?q=317819-3+BEARING+BOX+FOR9553NB) > operation timed out
✓ Not Found
[861/14713] Searching: 317821-6 GEAR HOUSING COVER FOR 9556NB... ✓ Found
[862/14713] Searching: SPINDLE PDA100M... ✓ Found
[863/14713] Searching: SPINDLE PDA100M... ✓ Found
[864/14713] Searching: SPINDLE SHAFT PDA100M 317822... ✓ Found
[865/14713] Searching: BEARING BOX MT412 3186827... Error searching 'BEARING BOX MT412 3186827': error sending request for url (https://duckduckgo.com/?q=BEARING+BOX+MT412+3186827) > operation timed out
✓ Not Found
[866/14713] Searching: RING TERNIVAL LUG2.5*4MM... Error searching 'RING TERNIVAL LUG2.5*4MM': error sending request for url (https://duckduckgo.com/?q=RING+TERNIVAL+LUG2.5*4MM) > operation timed out
✓ Not Found
[867/14713] Searching: RING TERNIMAL LUG 2.5*6MM... ✓ Found
[868/14713] Searching: RING TERMINAL LUG 4*6MM... ✓ Found
[869/14713] Searching: RING TERNIVAL LUG 10*5MM... ✓ Found
[870/14713] Searching: RING TERMINAL LUG 10*5MM... ✓ Found
[871/14713] Searching: RING TERMINAL LUG 15*5MM... ✓ Found
[872/14713] Searching: FAN GUIDE PDA100M... ✓ Found
[873/14713] Searching: FAN GUIDE PDA100M... ✓ Found
[874/14713] Searching: TOLSEN STEEL FILE 8 INCH FLAT... Error searching 'TOLSEN STEEL FILE 8 INCH FLAT': error sending request for url (https://duckduckgo.com/?q=TOLSEN+STEEL+FILE+8+INCH+FLAT) > operation timed out
✓ Not Found
[875/14713] Searching: SPINDLE G18SH2 320234... ✓ Found
[876/14713] Searching: WHEEL WASHER G10SS,G10SR2,320497... ✓ Found
[877/14713] Searching: TAPPING SCREW D5X25 320523... ✓ Found
[878/14713] Searching: 32062 TOLSEN WIRE BRUSH W/H 4 LINES... ✓ Found
[879/14713] Searching: 32062 TOLSEN WIRE BRUSH W/H 4 LINES... ✓ Found
[880/14713] Searching: 32062 TOLSEN WIRE BRUSH W/H 4 LINES... Error searching '32062 TOLSEN WIRE BRUSH W/H 4 LINES': error sending request for url (https://duckduckgo.com/?q=32062+TOLSEN+WIRE+BRUSH+W%2FH+4+LINES) > operation timed out
✓ Not Found
[881/14713] Searching: CHISSEL 5 KG FLAT... ✓ Found
[882/14713] Searching: GEAR -PDA100M... ✓ Found
[883/14713] Searching: PINION -PDA100M... ✓ Found
[884/14713] Searching: PINION -PDA100M... ✓ Found
[885/14713] Searching: CHISSEL 5 KG POINT A... ✓ Found
[886/14713] Searching: FAN GUIDE -C7SF,C7SS... Error searching 'FAN GUIDE -C7SF,C7SS': error sending request for url (https://duckduckgo.com/?q=FAN+GUIDE+-C7SF%2CC7SS) > operation timed out
✓ Not Found
[887/14713] Searching: CIRCLIP HEX 6MM... ✓ Found
[888/14713] Searching: CIRCLIP HEX 9MM... ✓ Found
[889/14713] Searching: CIRCLIP HEX 9MM... Error searching 'CIRCLIP HEX 9MM': error sending request for url (https://duckduckgo.com/?q=CIRCLIP+HEX+9MM) > operation timed out
✓ Not Found
[890/14713] Searching: CIRCLIP HEX 15MM... ✓ Found
[891/14713] Searching: DAMPER A-DH24PB2... ✓ Found
[892/14713] Searching: CIRCLIP HEX 17MM... ✓ Found
[893/14713] Searching: CIRCLIP HEX 20MM... ✓ Found
[894/14713] Searching: CIRCLIP HEX 24MM... ✓ Found
[895/14713] Searching: CIRCLIP HEX 75MM... Error searching 'CIRCLIP HEX 75MM': error sending request for url (https://duckduckgo.com/?q=CIRCLIP+HEX+75MM) > operation timed out
✓ Not Found
[896/14713] Searching: CIRCLIP HEX 30MM... ✓ Found
[897/14713] Searching: CIRCLIP HEX 31MM... ✓ Found
[898/14713] Searching: 324488-3 SPINDLE FOR MT958... ✓ Found
[899/14713] Searching: CIRCLIP HEX 32MM... ✓ Found
[900/14713] Searching: IMPACT BOLT  HR2810 324669-9... Error searching 'IMPACT BOLT  HR2810 324669-9': error sending request for url (https://duckduckgo.com/?q=IMPACT+BOLT++HR2810+324669-9) > operation timed out
✓ Not Found
  [Progress: 900/14713 products processed]
[901/14713] Searching: CIRCLIP HEX 30MM... ✓ Found
[902/14713] Searching: CIRCLIP HEX 36MM... Error searching 'CIRCLIP HEX 36MM': error sending request for url (https://duckduckgo.com/?q=CIRCLIP+HEX+36MM) > operation timed out
✓ Not Found
[903/14713] Searching: PH 65 FLAT (30*410)... ✓ Found
[904/14713] Searching: CIRCLIP EXIT 8MM... ✓ Found
[905/14713] Searching: HOUSING PDA100M... Error searching 'HOUSING PDA100M': error sending request for url (https://duckduckgo.com/?q=HOUSING+PDA100M) > operation timed out
✓ Not Found
[906/14713] Searching: HOUSING PDA100M... ✓ Found
[907/14713] Searching: TAIL COVER PDA100M... ✓ Found
[908/14713] Searching: CIRCLIP EXIT 9MM... ✓ Found
[909/14713] Searching: CIRCLIP EXT 10MM... ✓ Found
[910/14713] Searching: CIRCLIP EXT 11MM... ✓ Found
[911/14713] Searching: CIRCLIP EXIT 12MM... ✓ Found
[912/14713] Searching: CIRCLIP EXIT 15MM... Error searching 'CIRCLIP EXIT 15MM': error sending request for url (https://duckduckgo.com/?q=CIRCLIP+EXIT+15MM) > operation timed out
✓ Not Found
[913/14713] Searching: 16KG FLAT BIT  YURI PH65... ✓ Found
[914/14713] Searching: 16KG FLAT BIT  YURI PH65... ✓ Found
[915/14713] Searching: CIRCLIP EXIT 15MM... ✓ Found
[916/14713] Searching: 3262277-2 SPINDLE FOR MT410... ✓ Found
[917/14713] Searching: CIRCLIP EXIT 20MM... ✓ Found
[918/14713] Searching: CIRCLIP  EXIT 25MM... ✓ Found
[919/14713] Searching: 326828-1 SPINDLE FOR 9506 A... ✓ Found
[920/14713] Searching: CIRCLIP EXIT 25MM... ✓ Found
[921/14713] Searching: CIRCLIP EXIT 27MM... Error searching 'CIRCLIP EXIT 27MM': error sending request for url (https://duckduckgo.com/?q=CIRCLIP+EXIT+27MM) > operation timed out
✓ Not Found
[922/14713] Searching: CIRCLIP EXT 28MM... ✓ Found
[923/14713] Searching: CIRCLIP EXIT 30MM... ✓ Found
[924/14713] Searching: CIRCLIP EXIT 32MM... ✓ Found
[925/14713] Searching: CIRCLIP EXT 35MM... ✓ Found
[926/14713] Searching: CIRCLIP EXT 36MM... ✓ Found
[927/14713] Searching: SOCKET 16 A 3 PIN BLUE NIRWAN... ✓ Found
[928/14713] Searching: SWITCH  16 A 3 PIN BLUE NIRWAN... ✓ Found
[929/14713] Searching: SPINDLE  G10SS2... ✓ Found
[930/14713] Searching: GEAR & PENION -G10SS/G10SS2... ✓ Found
[931/14713] Searching: PACKING GLAND (BEARING FLANGE G10SS)... ✓ Found
[932/14713] Searching: CYLINDER KEY CO2... ✓ Found
[933/14713] Searching: PUTTY BLADE 3'... ✓ Found
[934/14713] Searching: PUTTY BLADE 4'... Error searching 'PUTTY BLADE 4'': error sending request for url (https://duckduckgo.com/?q=PUTTY+BLADE+4%27) > operation timed out
✓ Not Found
[935/14713] Searching: TOLSEN PVC PPR CUTTER 3-42 MM 33001... ✓ Found
[936/14713] Searching: TOLSEN  PVC PIPE CUTTER  33002... ✓ Found
[937/14713] Searching: TOLSEN PIPE CUTTER BLADE 33002-B... ✓ Found
[938/14713] Searching: PUTTY BLADE 6' HANDLE... ✓ Found
[939/14713] Searching: 33100 TOLSEN PVC PPR CUTTER 3... ✓ Found
[940/14713] Searching: 33100 TOLSEN PVC PPR CUTTER 3... ✓ Found
[941/14713] Searching: 33100 TOLSEN PVC PPR CUTTER 3... Error searching '33100 TOLSEN PVC PPR CUTTER 3': error sending request for url (https://duckduckgo.com/?q=33100+TOLSEN+PVC+PPR+CUTTER+3) > operation timed out
✓ Not Found
[942/14713] Searching: TOLSEN PVC PIPE CUTTER BLADE 33100-B... ✓ Found
[943/14713] Searching: PUTTY BLADE 12' HANDLE... ✓ Found
[944/14713] Searching: PUTTY BLADE 16' HANDLE... ✓ Found
[945/14713] Searching: O RING DH24PG ,DH24PH ,DH28PC... ✓ Found
[946/14713] Searching: HAMMER HOLDER  DH24PH ,28PB ,28PCY... ✓ Found
[947/14713] Searching: SLEEVE DH28PCY DH24PG... ✓ Found
[948/14713] Searching: 30 MM MIDAS... ✓ Found
[949/14713] Searching: PACKING GLAND G10SS2 338849... ✓ Found
[950/14713] Searching: HIKOKI HOUSING G10SS20... ✓ Found
  [Progress: 950/14713 products processed]
[951/14713] Searching: FAN GUIDE -G10SS2... ✓ Found
[952/14713] Searching: SLIDE KNOB-G10SS2(338854)... ✓ Found
[953/14713] Searching: SLIDE BAR G10SS2 (338855)... ✓ Found
[954/14713] Searching: 35 MM MIDAS... ✓ Found
[955/14713] Searching: SWITCH -G10SS2... ✓ Found
[956/14713] Searching: PAD LOCK 40MM SINGH... ✓ Found
[957/14713] Searching: STATOR PDA100M ,125... ✓ Found
[958/14713] Searching: PAD LOCK 40MM SINGH... ✓ Found
[959/14713] Searching: padlock 30mm... ✓ Found
[960/14713] Searching: 341862-0 INNER RING 36 FOR HM1201... ✓ Found
[961/14713] Searching: CENTRE PLATE LS1040 343639-9... ✓ Found
[962/14713] Searching: 40 MM MIDAS... ✓ Found
[963/14713] Searching: CENTER COVER LS1040 344380-7... ✓ Found
[964/14713] Searching: SWITCH 16 A  BLUE  NIRWAN... ✓ Found
[965/14713] Searching: SOCKET 16 A BLUE NIRWAN... ✓ Found
[966/14713] Searching: SWITCH  32A 5PIN RED NIRWAN... ✓ Found
[967/14713] Searching: SOCKET 32A  5 PIN RED NIRWAN... ✓ Found
[968/14713] Searching: BASE MT40 3466746... Error searching 'BASE MT40 3466746': error sending request for url (https://duckduckgo.com/?q=BASE+MT40+3466746) > operation timed out
✓ Not Found
[969/14713] Searching: CYLINDER... ✓ Found
[970/14713] Searching: CONNECTING  ROD 12*78*20... ✓ Found
[971/14713] Searching: RING SET STD 42MM 3504... ✓ Found
[972/14713] Searching: RIGHT ANGLE  TRY SQUARE 16*24 INCH... ✓ Found
[973/14713] Searching: RING SET (PISTON RING )... ✓ Found
[974/14713] Searching: RING SET (PISTON RING )... ✓ Found
[975/14713] Searching: PISTON 47MM... Error searching 'PISTON 47MM': error sending request for url (https://duckduckgo.com/?q=PISTON+47MM) > operation timed out
✓ Not Found
[976/14713] Searching: TONGUE U TYPE... ✓ Found
[977/14713] Searching: TONGUE U TYPE... ✓ Found
[978/14713] Searching: TONGUE U TYPE... ✓ Found
[979/14713] Searching: TOLSEN TRY SQUARE 10 INCH... ✓ Found
[980/14713] Searching: TOLSEN TRY SQUARE 10 INCH... ✓ Found
[981/14713] Searching: 35081 TOLSEN TRY SQUARE 12 INCH... ✓ Found
[982/14713] Searching: TONGUE U TYPE... ✓ Found
[983/14713] Searching: SWITCH... ✓ Found
[984/14713] Searching: WINDING ROPE... ✓ Found
[985/14713] Searching: TONGUE NAIL TYPE... ✓ Found
[986/14713] Searching: TONGUE NAIL TYPE... ✓ Found
[987/14713] Searching: AIR COMPRESSOR BLADE3510... Error searching 'AIR COMPRESSOR BLADE3510': error sending request for url (https://duckduckgo.com/?q=AIR+COMPRESSOR+BLADE3510) > operation timed out
✓ Not Found
[988/14713] Searching: TONGUE BLADE TYPE 3510... ✓ Found
[989/14713] Searching: PACKING SET  60 AIR... ✓ Found
[990/14713] Searching: PACKING SET  60 AIR... ✓ Found
[991/14713] Searching: PACKING SET  60 AIR... ✓ Found
[992/14713] Searching: TOLSEN  SPIRIT LEVEL MAGNETIC... Error searching 'TOLSEN  SPIRIT LEVEL MAGNETIC': error sending request for url (https://duckduckgo.com/?q=TOLSEN++SPIRIT+LEVEL+MAGNETIC) > operation timed out
✓ Not Found
[993/14713] Searching: TOLSEN  SPIRIT LEVEL MAGNETIC... ✓ Found
[994/14713] Searching: ELBOW AIR 3/8+3/8 3512... Error searching 'ELBOW AIR 3/8+3/8 3512': error sending request for url (https://duckduckgo.com/?q=ELBOW+AIR+3%2F8%2B3%2F8+3512) > operation timed out
✓ Not Found
[995/14713] Searching: CRANK 42MM AIR COMPRESSOR... ✓ Found
[996/14713] Searching: AIR PIPE... ✓ Found
[997/14713] Searching: AIR PIPE... ✓ Found
[998/14713] Searching: COMPRESSOR BODY... ✓ Found
[999/14713] Searching: COMPRESSOR BODY... ✓ Found
[1000/14713] Searching: CLOTH WHEEL 4'... ✓ Found
  [Progress: 1000/14713 products processed]
[1001/14713] Searching: AUTO CUT KB1 AIR (SWITCH COMPRESSOR)... ✓ Found
[1002/14713] Searching: TOLSEN MINI SPIRIT LEVEL 9 INCH... ✓ Found
[1003/14713] Searching: AUTO CUT KB 4 AIR (SWITCH COMPRESSOR )... Error searching 'AUTO CUT KB 4 AIR (SWITCH COMPRESSOR )': error sending request for url (https://duckduckgo.com/?q=AUTO+CUT+KB+4+AIR+%28SWITCH+COMPRESSOR+%29) > operation timed out
✓ Not Found
[1004/14713] Searching: TOLSEN SPIRIT LEVEL  16 INCH... ✓ Found
[1005/14713] Searching: TOLSEN SPIRIT LEVEL 60CM 24INCH... ✓ Found
[1006/14713] Searching: TOLSEN SPIRIT LEVEL 60CM 24INCH... ✓ Found
[1007/14713] Searching: GATE VALVE 1/4*1/4... ✓ Found
[1008/14713] Searching: VALVE... ✓ Found
[1009/14713] Searching: VALVE... ✓ Found
[1010/14713] Searching: VALVE... Error searching 'VALVE': error sending request for url (https://duckduckgo.com/?q=VALVE) > operation timed out
✓ Not Found
[1011/14713] Searching: CIRCLIP HEX 18MM... ✓ Found
[1012/14713] Searching: PRESSURE GAUGE 1/8"... ✓ Found
[1013/14713] Searching: PRESSURE GAUGE 1/4"... ✓ Found
[1014/14713] Searching: VRV VALVE... ✓ Found
[1015/14713] Searching: OILCAN 1/2 PINT... Error searching 'OILCAN 1/2 PINT': error sending request for url (https://duckduckgo.com/?q=OILCAN+1%2F2+PINT) > operation timed out
✓ Not Found
[1016/14713] Searching: OILCAN 1/2 PINT... ✓ Found
[1017/14713] Searching: OILCAN 1/2 PINT... ✓ Found
[1018/14713] Searching: OILCAN 1/2 PINT... ✓ Found
[1019/14713] Searching: OILCAN 1/2 PINT... Error searching 'OILCAN 1/2 PINT': error sending request for url (https://duckduckgo.com/?q=OILCAN+1%2F2+PINT) > operation timed out
✓ Not Found
[1020/14713] Searching: FAN FOR COMPRESSOR... Error searching 'FAN FOR COMPRESSOR': error sending request for url (https://duckduckgo.com/?q=FAN+FOR+COMPRESSOR) > operation timed out
✓ Not Found
[1021/14713] Searching: FAN FOR COMPRESSOR... ✓ Found
[1022/14713] Searching: FAN FOR COMPRESSOR... ✓ Found
[1023/14713] Searching: AIR FILTER 1/2 inch... ✓ Found
[1024/14713] Searching: AIR FILTER 1/2 inch... ✓ Found
[1025/14713] Searching: AIR FILTER... ✓ Found
[1026/14713] Searching: AIR FILTER... ✓ Found
[1027/14713] Searching: AIR FILTER... ✓ Found
[1028/14713] Searching: UNLOADING PIPE... ✓ Found
[1029/14713] Searching: UNLOADING PIPE... ✓ Found
[1030/14713] Searching: PACKING SET 2051 AIR... ✓ Found
[1031/14713] Searching: PACKING SET 2051 AIR... ✓ Found
[1032/14713] Searching: CONNECTING ROD 12*76  COMPRESSER... ✓ Found
[1033/14713] Searching: REGULATER CROSS VALVE AIR... ✓ Found
[1034/14713] Searching: CYLINDER HEAD... ✓ Found
[1035/14713] Searching: CYLINDER HEAD... ✓ Found
[1036/14713] Searching: REAR COVER AIR... ✓ Found
[1037/14713] Searching: REGULATOR VALVE  AIR... ✓ Found
[1038/14713] Searching: REGULATOR WITH WATER FILTER AIR COMPRESSOR... ✓ Found
[1039/14713] Searching: CYLINDER HEAD 25L... ✓ Found
[1040/14713] Searching: AIR FILTER ELG AIR 3/4... ✓ Found
[1041/14713] Searching: GAUGE COMPRESSOR  AR2000... ✓ Found
[1042/14713] Searching: PISTON 48MM 3574... ✓ Found
[1043/14713] Searching: WHEEL BOLT AIR... ✓ Found
[1044/14713] Searching: WHEEL... ✓ Found
[1045/14713] Searching: OILCAN SMALL 1/4PINT... ✓ Found
[1046/14713] Searching: OILCAN SMALL 1/4PINT... ✓ Found
[1047/14713] Searching: OILCAN SMALL 1/4PINT... ✓ Found
[1048/14713] Searching: RING SET 48MM AIR 3582... ✓ Found
[1049/14713] Searching: PACKING SET 2065 AIR... ✓ Found
[1050/14713] Searching: PACKING SET... ✓ Found
  [Progress: 1050/14713 products processed]
[1051/14713] Searching: REDUCER NIPPLE... ✓ Found
[1052/14713] Searching: OILCAN 3/4... ✓ Found
[1053/14713] Searching: OILCAN 3/4... ✓ Found
[1054/14713] Searching: SWITCH... Error searching 'SWITCH': error sending request for url (https://duckduckgo.com/?q=SWITCH) > operation timed out
✓ Not Found
[1055/14713] Searching: TONGUE  BLADE TYPE... ✓ Found
[1056/14713] Searching: L BOW... ✓ Found
[1057/14713] Searching: 36025 ARIY ABRIZ BROWN FAN... ✓ Found
[1058/14713] Searching: PNEUMATIC BUSH... ✓ Found
[1059/14713] Searching: NRV PIPE... ✓ Found
[1060/14713] Searching: SWITCH... ✓ Found
[1061/14713] Searching: TONGUE 550W/750W... ✓ Found
[1062/14713] Searching: RAINBOW 12' CUTTING WHEEL... ✓ Found
[1063/14713] Searching: MC BLADE 12" RAIN BOW RED... ✓ Found
[1064/14713] Searching: AIR FILTER 1/4 OIL FREE... ✓ Found
[1065/14713] Searching: WHITE FAN... Error searching 'WHITE FAN': error sending request for url (https://duckduckgo.com/?q=WHITE+FAN) > operation timed out
✓ Not Found
[1066/14713] Searching: 13MM CHUCK KEY... ✓ Found
[1067/14713] Searching: 13MM CHUCK KEY... Error searching '13MM CHUCK KEY': error sending request for url (https://duckduckgo.com/?q=13MM+CHUCK+KEY) > operation timed out
✓ Not Found
[1068/14713] Searching: YURI CHUCK KEY 3/8... ✓ Found
[1069/14713] Searching: TONGUE OIL FREE 11*31... ✓ Found
[1070/14713] Searching: OIL CAP PUSH TYPE 18MM... ✓ Found
[1071/14713] Searching: AUTOCUT SWITCH COVER FOR COMPRESSOR... ✓ Found
[1072/14713] Searching: 6MM DRILL CHULK KEY... Error searching '6MM DRILL CHULK KEY': error sending request for url (https://duckduckgo.com/?q=6MM+DRILL+CHULK+KEY) > operation timed out
✓ Not Found
[1073/14713] Searching: 6MM DRILL CHULK KEY... ✓ Found
[1074/14713] Searching: DRILL CHUCK KEY 10MM... ✓ Found
[1075/14713] Searching: DRILL CHUCK KEY 10MM... ✓ Found
[1076/14713] Searching: CROMPTON WALL FAN... ✓ Found
[1077/14713] Searching: WHITE FAN... ✓ Found
[1078/14713] Searching: EMTEX 9096 ROUTER BIT... ✓ Found
[1079/14713] Searching: FEMALE PLUG -PF20 3641... ✓ Found
[1080/14713] Searching: FEMALE PLUG -PF20 3641... ✓ Found
[1081/14713] Searching: QRC FEMALE PLUG 3643... Error searching 'QRC FEMALE PLUG 3643': error sending request for url (https://duckduckgo.com/?q=QRC+FEMALE+PLUG+3643) > operation timed out
✓ Not Found
[1082/14713] Searching: HOSE JOINT TEE 08MM MS... ✓ Found
[1083/14713] Searching: QRC HOSE PLUG 6MM  3649... Error searching 'QRC HOSE PLUG 6MM  3649': error sending request for url (https://duckduckgo.com/?q=QRC+HOSE+PLUG+6MM++3649) > operation timed out
✓ Not Found
[1084/14713] Searching: HOSE JOINT 08MM MS... ✓ Found
[1085/14713] Searching: HOSE JOINT 08MM MS... ✓ Found
[1086/14713] Searching: CYLINDER HEAD 50L... ✓ Found
[1087/14713] Searching: QRC PLUG 8MM 3672... ✓ Found
[1088/14713] Searching: QRC PLUG 8MM 3672... ✓ Found
[1089/14713] Searching: AIR FILTER SILVER 3/4... ✓ Found
[1090/14713] Searching: CIRCLIP 13MM... ✓ Found
[1091/14713] Searching: ADAPTER (HOSE PLUG 8MM )... Error searching 'ADAPTER (HOSE PLUG 8MM )': error sending request for url (https://duckduckgo.com/?q=ADAPTER+%28HOSE+PLUG+8MM+%29) > operation timed out
✓ Not Found
[1092/14713] Searching: ADAPTER (HOSE PLUG 8MM )... ✓ Found
[1093/14713] Searching: ADAPTER (8MM PLUG )... Error searching 'ADAPTER (8MM PLUG )': error sending request for url (https://duckduckgo.com/?q=ADAPTER+%288MM+PLUG+%29) > operation timed out
✓ Not Found
[1094/14713] Searching: ADAPTER... ✓ Found
[1095/14713] Searching: QRC 1/4 INCH THREAD 3684... ✓ Found
[1096/14713] Searching: ADAPTER... ✓ Found
[1097/14713] Searching: QRC PLUG 6MM... ✓ Found
[1098/14713] Searching: QRC PLUG 6MM... Error searching 'QRC PLUG 6MM': error sending request for url (https://www.bing.com/images/async?q=QRC+PLUG+6MM&async=1&first=1&count=35) > operation timed out
✓ Not Found
[1099/14713] Searching: QRC PLUG 6MM... ✓ Found
[1100/14713] Searching: QRC MALE PLUG PM-20 NIRWAN 3687... ✓ Found
  [Progress: 1100/14713 products processed]
[1101/14713] Searching: ADPATER (MALE PLUG PM-20)... ✓ Found
[1102/14713] Searching: QRC HOSE PLUG 8MM... ✓ Found
[1103/14713] Searching: QRC HOSE PLUG 8MM... ✓ Found
[1104/14713] Searching: CONNECTIN ROD 12*67 COMPRESSOR... ✓ Found
[1105/14713] Searching: NIPPLE AND NUT... ✓ Found
[1106/14713] Searching: WING OUT NIPPLE... ✓ Found
[1107/14713] Searching: WING OUT NIPPLE... ✓ Found
[1108/14713] Searching: HOSE NIPPLE 12*10MM... ✓ Found
[1109/14713] Searching: 3/4" HOSE CONNECTER... Error searching '3/4" HOSE CONNECTER': error sending request for url (https://duckduckgo.com/?q=3%2F4%22+HOSE+CONNECTER) > operation timed out
✓ Not Found
[1110/14713] Searching: HOSE NIPPLE 1/4*8MM... ✓ Found
[1111/14713] Searching: CONNECTOR... ✓ Found
[1112/14713] Searching: VALVE 3698... ✓ Found
[1113/14713] Searching: VALVE 3698... ✓ Found
[1114/14713] Searching: CROMTON FAN BROWN 37002... ✓ Found
[1115/14713] Searching: 37039 HIGH SPEED FAN 900MM CROMTON... ✓ Found
[1116/14713] Searching: SAFTY VALVE... ✓ Found
[1117/14713] Searching: RING SET 51MM 3708... ✓ Found
[1118/14713] Searching: PISTON 51MM... ✓ Found
[1119/14713] Searching: AIR DISCHARGE HOSE D-22/1/2"... ✓ Found
[1120/14713] Searching: AIR DISCHARGE HOSE D-24*1/2"... ✓ Found
[1121/14713] Searching: AIR FILTER  ELG AIR 3/8... ✓ Found
[1122/14713] Searching: PACKING SET 42MM *3501... ✓ Found
[1123/14713] Searching: HOSE CLIP BUTTER FLY 1 INCH... ✓ Found
[1124/14713] Searching: HOSE CLIP BUTTER FLY 1 INCH... ✓ Found
[1125/14713] Searching: HOSE CLAMP BUTTER FLY 1 INCH... ✓ Found
[1126/14713] Searching: FAN BLOWER... ✓ Found
[1127/14713] Searching: WHEEL NUT M14... ✓ Found
[1128/14713] Searching: PISTON 374074... ✓ Found
[1129/14713] Searching: AIR GUIDER 374093... ✓ Found
[1130/14713] Searching: PLASTIC KNOB BUTTON BLOCK... ✓ Found
[1131/14713] Searching: PLASTIC KNOWB BUTTON... ✓ Found
[1132/14713] Searching: ORING FOR ANVIL DH22PBS... ✓ Found
[1133/14713] Searching: STRICKER ORING... ✓ Found
[1134/14713] Searching: CYLINDER -DH22PBS... ✓ Found
[1135/14713] Searching: HAMMER MODE PLATE -DH22PBS... ✓ Found
[1136/14713] Searching: MIDDLE COVER... ✓ Found
[1137/14713] Searching: CARBON BRUSH  DH22PBS374908... ✓ Found
[1138/14713] Searching: SWITCH -DH22PBS... ✓ Found
[1139/14713] Searching: BRUSH CAP M6ST PDA100M 375753... ✓ Found
[1140/14713] Searching: ADJUSTMENT KNOB M6ST 375770... ✓ Found
[1141/14713] Searching: VALVE PLATE ASSY SMALL... ✓ Found
[1142/14713] Searching: PISTON 42MM... ✓ Found
[1143/14713] Searching: AIR FILTER MS 1/2... Error searching 'AIR FILTER MS 1/2': error sending request for url (https://duckduckgo.com/?q=AIR+FILTER+MS+1%2F2) > operation timed out
✓ Not Found
[1144/14713] Searching: GATE VALVE 1/4*8M... ✓ Found
[1145/14713] Searching: ELBOW AIR 3/8 +3/8 BRASS 3785... Error searching 'ELBOW AIR 3/8 +3/8 BRASS 3785': error sending request for url (https://duckduckgo.com/?q=ELBOW+AIR+3%2F8+%2B3%2F8+BRASS+3785) > operation timed out
✓ Not Found
[1146/14713] Searching: CARBON BRUSH FOR 11E HMH60A 378511... Error searching 'CARBON BRUSH FOR 11E HMH60A 378511': error sending request for url (https://duckduckgo.com/?q=CARBON+BRUSH+FOR+11E+HMH60A+378511) > operation timed out
✓ Not Found
[1147/14713] Searching: HOSE NIPPLE 1/2 INCH 10MM... ✓ Found
[1148/14713] Searching: HOSE NIPPLE 1/2*10MM... ✓ Found
[1149/14713] Searching: HOSE NIPPLE 3/8*10MM... ✓ Found
[1150/14713] Searching: GATE VALVE 1/4*10M... ✓ Found
  [Progress: 1150/14713 products processed]
[1151/14713] Searching: SS SCREW OMNI 38*6 FT... ✓ Found
[1152/14713] Searching: CONCRETE41/2 BULLET BLACK 108MM... ✓ Found
[1153/14713] Searching: CONCRETE41/2 BULLET BLACK 108MM... ✓ Found
[1154/14713] Searching: CONCRETE41/2 BULLET BLACK 108MM... ✓ Found
[1155/14713] Searching: CONCRETE41/2 BULLET BLACK 108MM... Error searching 'CONCRETE41/2 BULLET BLACK 108MM': error sending request for url (https://duckduckgo.com/?q=CONCRETE41%2F2+BULLET+BLACK+108MM) > operation timed out
✓ Not Found
[1156/14713] Searching: CONCRETE41/2 BULLET BLACK 108MM... ✓ Found
[1157/14713] Searching: TOLSEN ADJ.WIRE STRIPPER... ✓ Found
[1158/14713] Searching: TOLSEN CRIMPING PLIER RATCHET... ✓ Found
[1159/14713] Searching: DRILL BIT SET 1 TO 13MM A... Error searching 'DRILL BIT SET 1 TO 13MM A': error sending request for url (https://duckduckgo.com/?q=DRILL+BIT+SET+1+TO+13MM+A) > operation timed out
✓ Not Found
[1160/14713] Searching: TOLSEN  VOLTAGE TESTER SMALL 38114... ✓ Found
[1161/14713] Searching: TOLSEN VOLTAGE TESTER BIG  38115... ✓ Found
[1162/14713] Searching: GATE VALVE  1/4 INCH NEW... ✓ Found
[1163/14713] Searching: NIPPLE GA CONNECTER 38401/2*1/2... ✓ Found
[1164/14713] Searching: NIPPLE AND NUT 10MM BRASS 3848... ✓ Found
[1165/14713] Searching: NIPPLE AND NUT 1/2 10MM BRASS... ✓ Found
[1166/14713] Searching: NIPPLE AND NUT 8MM BRASS... Error searching 'NIPPLE AND NUT 8MM BRASS': error sending request for url (https://duckduckgo.com/?q=NIPPLE+AND+NUT+8MM+BRASS) > operation timed out
✓ Not Found
[1167/14713] Searching: NIPPLE &NUT-3/8 8MM BRASS... ✓ Found
[1168/14713] Searching: NRV VALVE 10-18-20MM  NIRWAN... ✓ Found
[1169/14713] Searching: NIPPLE 1/4*3/8 BRASS 3870... ✓ Found
[1170/14713] Searching: REDUCER BUSH 1/4*1/8 INCH BRASS... ✓ Found
[1171/14713] Searching: REDUCER BUSH 3/8 TO 1/4 BRASS... ✓ Found
[1172/14713] Searching: REDUCER BUSH 1/2 TO 1/8 BRASS... ✓ Found
[1173/14713] Searching: REDUCER BUSH 1/2 *1/4 INCH BRASS... ✓ Found
[1174/14713] Searching: REDUCER BUSH 1/2*3/8 INCH BRASS... ✓ Found
[1175/14713] Searching: REDUCER BUSH 3/4*1/4 BRASS... Error searching 'REDUCER BUSH 3/4*1/4 BRASS': error sending request for url (https://duckduckgo.com/?q=REDUCER+BUSH+3%2F4*1%2F4+BRASS) > operation timed out
✓ Not Found
[1176/14713] Searching: REDUCER BUSH 3/4 TO 3/8 BRASS... ✓ Found
[1177/14713] Searching: REDUCER BUSH 3/4 INCH TO 1/2 BRASS... ✓ Found
[1178/14713] Searching: HOSE NIPPLE 1/4 INCH *10MM... ✓ Found
[1179/14713] Searching: HOSE NIPPLE 3/8 INCH  8MM... ✓ Found
[1180/14713] Searching: HOSE NIPPLE 1/4 INCH 10MM... ✓ Found
[1181/14713] Searching: HOSE NIPPLE 3/8*8MM... ✓ Found
[1182/14713] Searching: HOSE NIPPLE 3/8*10MM... ✓ Found
[1183/14713] Searching: STRAIGHT JOINT 5/16 BRASS -8... ✓ Found
[1184/14713] Searching: STRAIGHT JOINT 3/16 BRASS... ✓ Found
[1185/14713] Searching: STRAIGHT JOINT 3/8 INCH BRASS... Error searching 'STRAIGHT JOINT 3/8 INCH BRASS': error sending request for url (https://duckduckgo.com/?q=STRAIGHT+JOINT+3%2F8+INCH+BRASS) > operation timed out
✓ Not Found
[1186/14713] Searching: STRAIGHT JOINT 1/4 BRASS... ✓ Found
[1187/14713] Searching: STRAIGHT JOINT 1/2 INCH BRASS... ✓ Found
[1188/14713] Searching: DIE GRIDER IDEL 388L... Error searching 'DIE GRIDER IDEL 388L': error sending request for url (https://duckduckgo.com/?q=DIE+GRIDER+IDEL+388L) > operation timed out
✓ Not Found
[1189/14713] Searching: SILICON SEALANT GREY... Error searching 'SILICON SEALANT GREY': error sending request for url (https://duckduckgo.com/?q=SILICON+SEALANT+GREY) > operation timed out
✓ Not Found
[1190/14713] Searching: T JOINT 1/4 INCH BRASS... ✓ Found
[1191/14713] Searching: T JOINT 3/16 BRASS... ✓ Found
[1192/14713] Searching: T JOINT 5/16 INCH BRASS... ✓ Found
[1193/14713] Searching: T JOINT 3/8 INCH BRASS... ✓ Found
[1194/14713] Searching: CROSS JOINT 1/4 INCH BRASS... ✓ Found
[1195/14713] Searching: CROSS JOINT 5/16 INCH BRASS... ✓ Found
[1196/14713] Searching: CROSS JOINT 3/8 INCH  BRASS... ✓ Found
[1197/14713] Searching: NIPPLE 3/8*1/2 BRASS... ✓ Found
[1198/14713] Searching: NIPPLE BRASS GA CONNECTER 38981/4*1/2... ✓ Found
[1199/14713] Searching: CONCRETE CUTTER 5 INCH  BULLET BLACK... Error searching 'CONCRETE CUTTER 5 INCH  BULLET BLACK': error sending request for url (https://duckduckgo.com/?q=CONCRETE+CUTTER+5+INCH++BULLET+BLACK) > operation timed out
✓ Not Found
[1200/14713] Searching: CONCRETE CUTTER 5 INCH  BULLET BLACK... ✓ Found
  [Progress: 1200/14713 products processed]
[1201/14713] Searching: VACCUM CLEANER DUST BAG 28*25 CM... ✓ Found
[1202/14713] Searching: V CLEANER DUST BAG 30*25CM... ✓ Found
[1203/14713] Searching: VACCUM CLEANER DUST BAG... ✓ Found
[1204/14713] Searching: vaccum cleaner nozzle 44 mm... ✓ Found
[1205/14713] Searching: VACCUM CLEANER NOZZLE 35 MM... Error searching 'VACCUM CLEANER NOZZLE 35 MM': error sending request for url (https://duckduckgo.com/?q=VACCUM+CLEANER+NOZZLE+35+MM) > operation timed out
✓ Not Found
[1206/14713] Searching: VACCUM CLEANER NOZZLE 35 MM... Error searching 'VACCUM CLEANER NOZZLE 35 MM': error sending request for url (https://duckduckgo.com/?q=VACCUM+CLEANER+NOZZLE+35+MM) > operation timed out
✓ Not Found
[1207/14713] Searching: VACCUM CLEANER BRUSH HEAD 44MM... ✓ Found
[1208/14713] Searching: VACCUM CLEANER BRUSH HEAD 35 MM... ✓ Found
[1209/14713] Searching: VACCUM CLEANER WATER BRUSH... ✓ Found
[1210/14713] Searching: VACCUM CLEANER AIR FILTER 120*115*70... ✓ Found
[1211/14713] Searching: CARBON BRUSH-44... ✓ Found
[1212/14713] Searching: BIG ROUND SHOVEL... ✓ Found
[1213/14713] Searching: FOOT VALVE PVC 3 INCH... ✓ Found
[1214/14713] Searching: HOSE CLIP... ✓ Found
[1215/14713] Searching: GREASE GUN ADAPTER MEDIUM... ✓ Found
[1216/14713] Searching: SLEDGE HAMMER 3LB (W.H.H.F)... ✓ Found
[1217/14713] Searching: SLEDGE HAMMER 3LB (W.H.H.F)... Error searching 'SLEDGE HAMMER 3LB (W.H.H.F)': error sending request for url (https://duckduckgo.com/?q=SLEDGE+HAMMER+3LB+%28W.H.H.F%29) > operation timed out
✓ Not Found
[1218/14713] Searching: SLEDGE HAMMER  3LB... ✓ Found
[1219/14713] Searching: ALCO CHAIR LADDER 3STEP... ✓ Found
[1220/14713] Searching: A TYPE LADDER 3STEP... ✓ Found
[1221/14713] Searching: 3MULLU KAIMANTHI (WEEDING FORK )... ✓ Found
[1222/14713] Searching: 20083 CUB 16A 3 PIN TOP... Error searching '20083 CUB 16A 3 PIN TOP': error sending request for url (https://duckduckgo.com/?q=20083+CUB+16A+3+PIN+TOP) > operation timed out
✓ Not Found
[1223/14713] Searching: 16AMP SOCKET... ✓ Found
[1224/14713] Searching: 16AMP SOCKET... Error searching '16AMP SOCKET': error sending request for url (https://duckduckgo.com/?q=16AMP+SOCKET) > operation timed out
✓ Not Found
[1225/14713] Searching: 16AMP SOCKET... ✓ Found
[1226/14713] Searching: MS SHEET CUTTING (DUMMY PLATE 3")... ✓ Found
[1227/14713] Searching: E-RAINBOW-CUP BLADE 3INCH  SEG... ✓ Found
[1228/14713] Searching: 3WLumenexLedPrimeLedBulb/ColorWhite... ✓ Found
[1229/14713] Searching: 3X2A V PULLY... ✓ Found
[1230/14713] Searching: V PULLY... ✓ Found
[1231/14713] Searching: POWER CABLE... ✓ Found
[1232/14713] Searching: CONCRETE BLADE SEGMENT 4 INCH GREEN... ✓ Found
[1233/14713] Searching: TROLLY WHEEL 63*46 F.HOLDER VIRGIN NYLON WHEEL WIT... Error searching 'TROLLY WHEEL 63*46 F.HOLDER VIRGIN NYLON WHEEL WITHOUT DUST COVER': error sending request for url (https://duckduckgo.com/?q=TROLLY+WHEEL+63*46+F.HOLDER+VIRGIN+NYLON+WHEEL+WITHOUT+DUST+COVER) > operation timed out
✓ Not Found
[1234/14713] Searching: TROLLY WHEEL 63*46 F.HOLDER VIRGIN NYLON WHEEL WIT... ✓ Found
[1235/14713] Searching: ORING3*2MM... ✓ Found
[1236/14713] Searching: TROLLY WHEEL 4IN. 63*46 F.HOLDER BLACK WHEEL WITHO... ✓ Found
[1237/14713] Searching: TOLSEN WALL SCAPPER 4 INCH... ✓ Found
[1238/14713] Searching: TOLSEN WALL SCAPPER 4 INCH... ✓ Found
[1239/14713] Searching: ORING4*2MM... ✓ Found
[1240/14713] Searching: ORING5*2MM... ✓ Found
[1241/14713] Searching: ORING6*2MM... ✓ Found
[1242/14713] Searching: ORING7*2MM... ✓ Found
[1243/14713] Searching: TROLLY WHEEL 4IN. 63*46 PLATE ON TOP WITHOUT DUST ... ✓ Found
[1244/14713] Searching: ORING8*2MM... Error searching 'ORING8*2MM': error sending request for url (https://duckduckgo.com/?q=ORING8*2MM) > operation timed out
✓ Not Found
[1245/14713] Searching: ORING8*2MM... ✓ Found
[1246/14713] Searching: ORING10*2MM... ✓ Found
[1247/14713] Searching: ORING10*2MM... ✓ Found
[1248/14713] Searching: ORING10*2.5MM... ✓ Found
[1249/14713] Searching: ORING11*2.5MM... Error searching 'ORING11*2.5MM': error sending request for url (https://duckduckgo.com/?q=ORING11*2.5MM) > operation timed out
✓ Not Found
[1250/14713] Searching: ORING 4010... Error searching 'ORING 4010': error sending request for url (https://duckduckgo.com/?q=ORING+4010) > operation timed out
✓ Not Found
  [Progress: 1250/14713 products processed]
[1251/14713] Searching: SDS HAMMER DRILL BIT 6*110... ✓ Found
[1252/14713] Searching: SDS HAMMER DRIL BIT HIKOKI 401007... Error searching 'SDS HAMMER DRIL BIT HIKOKI 401007': error sending request for url (https://duckduckgo.com/?q=SDS+HAMMER+DRIL+BIT+HIKOKI+401007) > operation timed out
✓ Not Found
[1253/14713] Searching: BULL POINT HEX.280MM 401030... ✓ Found
[1254/14713] Searching: BULL POINT  HEX 450MM H41SST... ✓ Found
[1255/14713] Searching: COLD CHISEL HEXX280MM H41SST... ✓ Found
[1256/14713] Searching: COLD CHISEL HEXX280MM H41SST... ✓ Found
[1257/14713] Searching: COLD CHISEL HEX 450MM H41SST... ✓ Found
[1258/14713] Searching: ORING12*2.5MM... Error searching 'ORING12*2.5MM': error sending request for url (https://duckduckgo.com/?q=ORING12*2.5MM) > operation timed out
✓ Not Found
[1259/14713] Searching: TROLLT WHEEL 4 IN. 63*46 BREAK BLACK NYLON INSERT ... ✓ Found
[1260/14713] Searching: ORING14*2.5MM... ✓ Found
[1261/14713] Searching: ORING... ✓ Found
[1262/14713] Searching: BULL POINT  SDS MAX 400MM... ✓ Found
[1263/14713] Searching: BULL POINT  SDS MAX 400MM... ✓ Found
[1264/14713] Searching: BULL POINT  SDS MAX 400MM... ✓ Found
[1265/14713] Searching: COLD CHISEL 400MM SDS MAX... ✓ Found
[1266/14713] Searching: COLD CHISEL 400MM SDS MAX... ✓ Found
[1267/14713] Searching: COLD CHISEL 400MM SDS MAX... ✓ Found
[1268/14713] Searching: COLD CHISEL 400MM SDS MAX... ✓ Found
[1269/14713] Searching: ORING N... ✓ Found
[1270/14713] Searching: ORING... ✓ Found
[1271/14713] Searching: ORING... Error searching 'ORING': error sending request for url (https://duckduckgo.com/?q=ORING) > operation timed out
✓ Not Found
[1272/14713] Searching: ORING... ✓ Found
[1273/14713] Searching: SCREW DRIVER BIT PH2 65MM... ✓ Found
[1274/14713] Searching: ORING... ✓ Found
[1275/14713] Searching: ORING... ✓ Found
[1276/14713] Searching: ARMATURE GRINDER... ✓ Found
[1277/14713] Searching: HIKOKI FLAP DISK 80 403042Z... ✓ Found
[1278/14713] Searching: HIKOKI FLAP DISK 120 403043... ✓ Found
[1279/14713] Searching: HIKOKI FLAP DISK 120 403043... ✓ Found
[1280/14713] Searching: COMMON RING... ✓ Found
[1281/14713] Searching: ORING9*2MM... ✓ Found
[1282/14713] Searching: ORING2X1MM... ✓ Found
[1283/14713] Searching: ORING3X1MM... ✓ Found
[1284/14713] Searching: ORING4X1MM... ✓ Found
[1285/14713] Searching: ORING5X1MM... ✓ Found
[1286/14713] Searching: ORING6*1MM... ✓ Found
[1287/14713] Searching: STANLEY STHM5KH IN ORING... ✓ Found
[1288/14713] Searching: BRUSH PAIR STHM10K... ✓ Found
[1289/14713] Searching: O RING STHM... ✓ Found
[1290/14713] Searching: CARBON BRUSH... ✓ Found
[1291/14713] Searching: BRUSH HOLDER STHM5KH-IN... ✓ Found
[1292/14713] Searching: O RING 1.5 MM... ✓ Found
[1293/14713] Searching: CONCRETE CUTTER 4'' BULLET RED... ✓ Found
[1294/14713] Searching: CONCRETE CUTTER 4'' BULLET RED... ✓ Found
[1295/14713] Searching: TOLSEN  STEEL GURMALA  PLAIN (PATHRA)... ✓ Found
[1296/14713] Searching: TOLSEN  STEEL GURMALA  PLAIN (PATHRA)... ✓ Found
[1297/14713] Searching: 41013 STEEL GURMALA WITH TEETH... ✓ Found
[1298/14713] Searching: TOLSEN GLASS CUTTER 178MM... ✓ Found
[1299/14713] Searching: 411478-6 SWITCH BUTTON LS1040... ✓ Found
[1300/14713] Searching: 412049-2 PISTON RING 40 FOR HM1201... ✓ Found
  [Progress: 1300/14713 products processed]
[1301/14713] Searching: MOTOR HOUSING FOR M9513B 412226-6... ✓ Found
[1302/14713] Searching: MOTOR HOUSING FOR M9513B 412226-6... ✓ Found
[1303/14713] Searching: MOTOR HOUSING M9509B  413U97... ✓ Found
[1304/14713] Searching: BRUSH PAIR STGS9100-IN 4141406601... ✓ Found
[1305/14713] Searching: 414546-4 CAM FOR LS1040 BOX... ✓ Found
[1306/14713] Searching: SWITCH LEVER FOR LS1040 415999-0... ✓ Found
[1307/14713] Searching: 416000-4 LOCK OFF LEVER FOR LS1040... ✓ Found
[1308/14713] Searching: SAFTY COVER LS1040 416003... ✓ Found
[1309/14713] Searching: 4176281 CAP FOR HR2020... ✓ Found
[1310/14713] Searching: 417771-6 PIN CAP FOR 9553NB... ✓ Found
[1311/14713] Searching: 418016-5 SWITCH KNOB MT951... ✓ Found
[1312/14713] Searching: 4187256 MOTOR HOUSING FOR 9557NB... ✓ Found
[1313/14713] Searching: MOTOR HOUSING  FOR 9553NB... ✓ Found
[1314/14713] Searching: SWITCH LEVER C FOR  9553NB... ✓ Found
[1315/14713] Searching: LOCK BUTTON HR2230 4191928... ✓ Found
[1316/14713] Searching: SWITCH KNOB FOR 9553NB 419566-3... ✓ Found
[1317/14713] Searching: 419589-1CAP FOR 5377 MG... ✓ Found
[1318/14713] Searching: SWITCH BUTTON 4196663... ✓ Found
[1319/14713] Searching: CONCRET CUTTER 5 INCH BULLET RED... ✓ Found
[1320/14713] Searching: VELCRO BACKING PAD 7''... ✓ Found
[1321/14713] Searching: TOLSEN CHALK LINE POWER ONLY BLUE  42017... ✓ Found
[1322/14713] Searching: TOLSEN CHALK LINE POWER ONLY RED 42018... ✓ Found
[1323/14713] Searching: Blind Rivet 1 Bullet... ✓ Found
[1324/14713] Searching: LABYRINNTH RUBBER RING 19 FOR GA4032... ✓ Found
[1325/14713] Searching: CUSHION RING HR2810 421955-0... ✓ Found
[1326/14713] Searching: CUSHION RING HR2810 421955-0... ✓ Found
[1327/14713] Searching: LABYRINTH RUBBER RING 19 422768-2... ✓ Found
[1328/14713] Searching: STANLEY STSP125-IN GEAR 4240610601... ✓ Found
[1329/14713] Searching: STANLEY GEAR PINION STSP125-IN... ✓ Found
[1330/14713] Searching: ALTECH CONNECTER SOCKET 32A 3 PIN 42431... ✓ Found
[1331/14713] Searching: ALTECH 3 PIN PLUG 32A 42432 323P44... ✓ Found
[1332/14713] Searching: ALTECH  PANEL ANGLE SOCKET 63A 42446... ✓ Found
[1333/14713] Searching: ALTECH  5 PIN PLUG 63A 42447... ✓ Found
[1334/14713] Searching: ALTECH 16AMP 3 PIN PLUG 42452 163P44... ✓ Found
[1335/14713] Searching: ALTECH SOCKET CONNECTER 16AMP 42475... ✓ Found
[1336/14713] Searching: THIN TURBO 4" YELLOW... ✓ Found
[1337/14713] Searching: THIN TURBO YELLOW 4 INCH... ✓ Found
[1338/14713] Searching: THIN TURBO YELLOW 4 INCH... ✓ Found
[1339/14713] Searching: TOLSEN  HAND RIVERTER GUN... ✓ Found
[1340/14713] Searching: TOLSEN  HAND RIVERTER GUN... ✓ Found
[1341/14713] Searching: TOLSEN HAND RIVETER,RIVET GUN... ✓ Found
[1342/14713] Searching: TOLSEN HAND RIVETER,RIVET GUN... ✓ Found
[1343/14713] Searching: TROLLY WHEEL 4IN.85*65 PLATE WELDED CASTERLEG3MM B... ✓ Found
[1344/14713] Searching: TROLLY WHEEL 4IN.85*65 PLATE WELDED CASTERLEG3MM B... ✓ Found
[1345/14713] Searching: TOLSEN STAPLER GUN... ✓ Found
[1346/14713] Searching: TOLSEN  STAPLER PIN .7*843024... ✓ Found
[1347/14713] Searching: TOLSEN  STAPLER PIN .7*843024... ✓ Found
[1348/14713] Searching: TOLSEN  STAPLER PIN .7*843024... ✓ Found
[1349/14713] Searching: TOLSEN STAPLER PIN .7*10... ✓ Found
[1350/14713] Searching: TOLSEN STAPLER PIN .7*10... ✓ Found
  [Progress: 1350/14713 products processed]
[1351/14713] Searching: TOLSEN HAND RIVERTER 13 INCH... ✓ Found
[1352/14713] Searching: TOLSEN HAND RIVERTER 8 INCH FOR ALU,STEEL... ✓ Found
[1353/14713] Searching: 11E POINT CHISEL  18*400... ✓ Found
[1354/14713] Searching: DRILL CHUCK 13M BULLET... ✓ Found
[1355/14713] Searching: Chainsaw File 4 Mm  o... ✓ Found
[1356/14713] Searching: WIRE BRUSH 5R BULLET... ✓ Found
[1357/14713] Searching: WIRE BRUSH 5R BULLET... ✓ Found
[1358/14713] Searching: WIRE BRUSH 5R BULLET... ✓ Found
[1359/14713] Searching: WIRE BRUSH 5R BULLET... ✓ Found
[1360/14713] Searching: WIRE BRUSH 5R PVC MAF... ✓ Found
[1361/14713] Searching: EARTH CLAMP... ✓ Found
[1362/14713] Searching: EARTH CLAMP... ✓ Found
[1363/14713] Searching: TOLSEN WELDING CHIPPING HAMMER... ✓ Found
[1364/14713] Searching: EARTH CLAMP 400 AMP AREFLOW... ✓ Found
[1365/14713] Searching: E SUPER EARTH CLAMP 400AMPS... ✓ Found
[1366/14713] Searching: EARTH CLAMP LIMCO... ✓ Found
[1367/14713] Searching: EARTH CLAMP LIMCO... ✓ Found
[1368/14713] Searching: EARTH CLAMP LIMCO INSULATED... ✓ Found
[1369/14713] Searching: EARTH CLAMP LIMCO INSULATED... ✓ Found
[1370/14713] Searching: THIN TURBO 4'' PINK... ✓ Found
[1371/14713] Searching: GENERAL PURPUS  BLADE 4 INCH... ✓ Found
[1372/14713] Searching: 450619-9 GEAR HOUSING FOR HP1630 DRILL BOX... ✓ Found
[1373/14713] Searching: TOLSEN WELDING HELMET SHIELD 45085... ✓ Found
[1374/14713] Searching: 45086 TOLSEN WELDING HELMET... ✓ Found
[1375/14713] Searching: 45182 TOLSEN WELDING FACE SHIELD... ✓ Found
[1376/14713] Searching: 8MM PVC AIR BRIDED HOSE (COMPRESSOR HOSE )SILVERLO... ✓ Found
[1377/14713] Searching: 8MM PVC AIR BRIDED HOSE (COMPRESSOR HOSE )SILVERLO... ✓ Found
[1378/14713] Searching: 8MM PVC AIR BRIDED HOSE (COMPRESSOR HOSE )SILVERLO... ✓ Found
[1379/14713] Searching: 8MM PVC AIR BRIDED HOSE (COMPRESSOR HOSE )SILVERLO... ✓ Found
[1380/14713] Searching: COMPRESSOR HOSE DARK BLUE... ✓ Found
[1381/14713] Searching: COMPRESSOR HOSE DARK BLUE... ✓ Found
[1382/14713] Searching: ELEPHANT PVC BLUE CLEAR HOSE... ✓ Found
[1383/14713] Searching: 8MM PVC BRAIDED AIR HOSE (COMPRESSOR HOSE)... ✓ Found
[1384/14713] Searching: MAYURFLEX BRIDED HOSE 8MM... ✓ Found
[1385/14713] Searching: CHANGE LEVER M0801 454375-3... ✓ Found
[1386/14713] Searching: 457122-1 BEARING RETAINER FOR M9506... ✓ Found
[1387/14713] Searching: SWITCH LEVER FOR M9509B... ✓ Found
[1388/14713] Searching: 457793-4 BAFFLE PLATE FOR 9553 NB... ✓ Found
[1389/14713] Searching: CUTTING WHEEL 14 INCH  BULLET... ✓ Found
[1390/14713] Searching: CUTTING WHEEL 14 INCH  BULLET... ✓ Found
[1391/14713] Searching: CUTTING WHEEL 14'' BULLET MS... ✓ Found
[1392/14713] Searching: Plier 6.5 Side Cutter... ✓ Found
[1393/14713] Searching: Water Pump Plier... ✓ Found
[1394/14713] Searching: Screw Driver Set K585... ✓ Found
[1395/14713] Searching: T Socket Spanner 8 Mm... ✓ Found
[1396/14713] Searching: T SPANNER 10MM... ✓ Found
[1397/14713] Searching: CUTTING BLADE ECO GREEN 4"... ✓ Found
[1398/14713] Searching: Tool Box With 5 Cmprt... ✓ Found
[1399/14713] Searching: TOOL BOX 17X9X9... ✓ Found
[1400/14713] Searching: MULTY WRENCH PIIER... ✓ Found
  [Progress: 1400/14713 products processed]
[1401/14713] Searching: Knotted Cup Brush 3 Inch... ✓ Found
[1402/14713] Searching: Adjustable spanner 6 Inch... ✓ Found
[1403/14713] Searching: ADJUSTABLE WRENCH 10 INCH SWAMI... ✓ Found
[1404/14713] Searching: Pipe Wrench 18 Inch / 450... ✓ Found
[1405/14713] Searching: PIPPE WRENCH 18 INCH J... ✓ Found
[1406/14713] Searching: Tubular Box Spanner 12*13... ✓ Found
[1407/14713] Searching: Tubular Box Spanner 18*19... ✓ Found
[1408/14713] Searching: Tubular Box Spanner 20*22... ✓ Found
[1409/14713] Searching: SHOVEL BABY ROUND... ✓ Found
[1410/14713] Searching: SHOVEL BABY SQUARE... ✓ Found
[1411/14713] Searching: FOOT VALVE 4 INCH... ✓ Found
[1412/14713] Searching: GREASE ADAPTER 4 JAW HEAVY... ✓ Found
[1413/14713] Searching: SLEDGE HAMMER 4LB(W.H.H.F)... ✓ Found
[1414/14713] Searching: HAMMER... ✓ Found
[1415/14713] Searching: ALCO CHAIR LADDER 4 STEP... ✓ Found
[1416/14713] Searching: SELF SUPPORT DOUBLE SIDE LADDER 4... ✓ Found
[1417/14713] Searching: 4 MULLU KAIMANTHI... ✓ Found
[1418/14713] Searching: WEEDER SMALL 4 MULLU... ✓ Found
[1419/14713] Searching: Angle Grinder 4pad100m Hitachi... ✓ Found
[1420/14713] Searching: MS SHEET CUTTING (DUMMY PLATE 4")... ✓ Found
[1421/14713] Searching: RAINBOW CERAMIC BLADE 4"(SEG BLACK )... ✓ Found
[1422/14713] Searching: RAINBOW CERAMIC BLADE 4"(SEG BLACK )... ✓ Found
[1423/14713] Searching: RAINBOW CERAMIC BLADE 4"(SEG BLACK )... ✓ Found
[1424/14713] Searching: RAINBOW CERAMIC BLADE 4"(SEG BLACK )... ✓ Found
[1425/14713] Searching: RAINBOW CERAMIC BLADE 4"(SEG BLACK )... ✓ Found
[1426/14713] Searching: RAINBOW MARBLE CUTTING BLACK... ✓ Found
[1427/14713] Searching: RAINBOW MARBLE CUTTING BLACK... ✓ Found
[1428/14713] Searching: RAINBOW CUP BLADE 4INCH GREEN... ✓ Found
[1429/14713] Searching: RAIN BOW TURBO BLADE 4" GREEN... ✓ Found
[1430/14713] Searching: 4 strock brush cutter SUPER STEEL... ✓ Found
[1431/14713] Searching: V PULLY... ✓ Found
[1432/14713] Searching: V PULLY... ✓ Found
[1433/14713] Searching: BOLT... ✓ Found
[1434/14713] Searching: MC BLADE 8''... ✓ Found
[1435/14713] Searching: TROLLY WHEEL 5 INCH 63*46 PLATE 100*85 FORMED RIVE... ✓ Found
[1436/14713] Searching: TROLLY WHEEL 5IN.63*46 F.HOLDR VIRGIN NYLON WHEEL... ✓ Found
[1437/14713] Searching: ROUTER BIT 5001... ✓ Found
[1438/14713] Searching: TROLLY WHEEL 5IN. 63*46 F.HOLDR BREAK BLACK... ✓ Found
[1439/14713] Searching: ROUTER BIT 5002 1/4... ✓ Found
[1440/14713] Searching: ROUTER BIT 5003... ✓ Found
[1441/14713] Searching: IDEAL ROUTER BIT 5003 RB... ✓ Found
[1442/14713] Searching: IDEAL ROUTER BIT 5003... ✓ Found
[1443/14713] Searching: ROUTER BIT... ✓ Found
[1444/14713] Searching: ROUTER BIT... ✓ Found
[1445/14713] Searching: TRIMMER BIT 5004T... ✓ Found
[1446/14713] Searching: BULLET ROUTER BIT 5004T... ✓ Found
[1447/14713] Searching: TROLLY WHEEL 5 INCH 63*46 SINGLE BEARING FULL PLAS... ✓ Found
[1448/14713] Searching: TROLLY WHEEL 5 INCH 63*46 BLACK NYLON INSERT... ✓ Found
[1449/14713] Searching: TROLLY WHEEL 5IN.63*46 F.HOLDR BREAK B.NYLON INS.W... ✓ Found
[1450/14713] Searching: De Spanner 24*27... ✓ Found
  [Progress: 1450/14713 products processed]
[1451/14713] Searching: 50771 LED EMERGENCY BULB 9W LEDVANCE... ✓ Found
[1452/14713] Searching: 50771 LED EMERGENCY BULB 9W LEDVANCE... ✓ Found
[1453/14713] Searching: HAND SHOWER 8MM 509573... ✓ Found
[1454/14713] Searching: CABLE LEG SMALL... ✓ Found
[1455/14713] Searching: CABLE LEG COPPER MEDIUM... ✓ Found
[1456/14713] Searching: CABLE LEG COPPER MEDIUM... ✓ Found
[1457/14713] Searching: TOOL SPARE BEARNG 51106... ✓ Found
[1458/14713] Searching: BEARING 51107... ✓ Found
[1459/14713] Searching: Ring Spanner 30*32... ✓ Found
[1460/14713] Searching: 515289-2 ARMATURE 240V  HR2470 HAMMER DRILL... ✓ Found
[1461/14713] Searching: 515289-2 ARMATURE 240V  HR2470 HAMMER DRILL... ✓ Found
[1462/14713] Searching: 515289-2 ARMATURE 240V  HR2470 HAMMER DRILL... ✓ Found
[1463/14713] Searching: ARMATURE HR2020 5156692 HAMMER DRILL... ✓ Found
[1464/14713] Searching: ARMATURE FOR GA7020 5177945... ✓ Found
[1465/14713] Searching: GASKET SET 58CC... ✓ Found
[1466/14713] Searching: 526068-3 FIELD FOR LS1040 RAK 2A... ✓ Found
[1467/14713] Searching: DENT PULLER  MIRROR PULLER TRIPPLE 52663... ✓ Found
[1468/14713] Searching: MINI HACK SAW FRAME... ✓ Found
[1469/14713] Searching: Cobbler Pincer 6 Inch... ✓ Found
[1470/14713] Searching: Cobbler Pincer8 Inch... ✓ Found
[1471/14713] Searching: ATCO BALL PEN HAMMER 500G... ✓ Found
[1472/14713] Searching: Screw Driver 6*125 flat... ✓ Found
[1473/14713] Searching: Screw Driver Green... ✓ Found
[1474/14713] Searching: Carbon Brush Set Bosch 1607014145... ✓ Found
[1475/14713] Searching: Carbon Brush Set Bosch 1607014145... ✓ Found
[1476/14713] Searching: Carbon Brush Set Bosch1619P01777... ✓ Found
[1477/14713] Searching: Carbon Brush GWS 600... ✓ Found
[1478/14713] Searching: 1619P10371 CARBON BRUSH SET... ✓ Found
[1479/14713] Searching: 55133 TOLSEN PAD LOCK 32MM... ✓ Found
[1480/14713] Searching: 55134 TOLSEN PAD LOCK  38MM... ✓ Found
[1481/14713] Searching: 55135 PAD LOCK 50MM... ✓ Found
[1482/14713] Searching: 55135 PAD LOCK 50MM... ✓ Found
[1483/14713] Searching: 55136 PADLOCK 63MM... ✓ Found
[1484/14713] Searching: fiber tape 15 mt eti... ✓ Found
[1485/14713] Searching: TOLSEN GARDEN SPRAY GUN ADJUSTABLE NOZZLE... ✓ Found
[1486/14713] Searching: TOLSEN PRESSURE SPRAYER 5 LTR 57292... ✓ Found
[1487/14713] Searching: 1/4msnry Drill Bit 605... ✓ Found
[1488/14713] Searching: 38 Flat Wood Bit 38 Mm Bullet... ✓ Found
[1489/14713] Searching: 8 Flat Wood Bit 8 Mm... ✓ Found
[1490/14713] Searching: Flat Wood Bit 14 Mm Golden Bullet... ✓ Found
[1491/14713] Searching: VELCRO FIBER DISK 100 5 INCH... ✓ Found
[1492/14713] Searching: VELCRO FIBER DISK 100 5 INCH... ✓ Found
[1493/14713] Searching: VELCRO FIBER DISK 100 5 INCH... ✓ Found
[1494/14713] Searching: VELCRO FIBER DISK 120 5 INCH... ✓ Found
[1495/14713] Searching: VELCRO FIBER DISK XTRAPOWER 60... ✓ Found
[1496/14713] Searching: VELCRO FIBER DISK 80 5 INCH XTRAPOWER... ✓ Found
[1497/14713] Searching: E YURI DC WHEEL 4''X6MM (GREEN)... ✓ Found
[1498/14713] Searching: STEEL BALL... ✓ Found
[1499/14713] Searching: INGCO 5KG ORING SET... ✓ Found
[1500/14713] Searching: SLEEVE... ✓ Found
  [Progress: 1500/14713 products processed]
[1501/14713] Searching: INGCO 5KG CONNECTING RODE... ✓ Found
[1502/14713] Searching: INGCO 5KG STRIKER... ✓ Found
[1503/14713] Searching: YAYSREE 5LB MAGNETIC PICK UP TOOL... Error searching 'YAYSREE 5LB MAGNETIC PICK UP TOOL': error sending request for url (https://duckduckgo.com/?q=YAYSREE+5LB+MAGNETIC+PICK+UP+TOOL) > operation timed out
✓ Not Found
[1504/14713] Searching: SELF SUPPORT DOUBLE SIDE LADDER 5... Error searching 'SELF SUPPORT DOUBLE SIDE LADDER 5': error sending request for url (https://duckduckgo.com/?q=SELF+SUPPORT+DOUBLE+SIDE+LADDER+5) > operation timed out
✓ Not Found
[1505/14713] Searching: SELF SUPPORT DOUBLE SIDE LADDER 5... ✓ Found
[1506/14713] Searching: SELF SUPPORT DOUBLE SIDE LADDER 5... ✓ Found
[1507/14713] Searching: SELF SUPPORT DOUBLE SIDE LADDER 5... ✓ Found
[1508/14713] Searching: 5 MULLU KAIMANTHI... ✓ Found
[1509/14713] Searching: HAND FORT SMALL 5 MULLU... Error searching 'HAND FORT SMALL 5 MULLU': error sending request for url (https://duckduckgo.com/?q=HAND+FORT+SMALL+5+MULLU) > operation timed out
✓ Not Found
[1510/14713] Searching: 5WLumenexPrimeLedBulb/ColorWhite... ✓ Found
[1511/14713] Searching: TROLLY WHEEL 6IN.93*60*3 F.HOLDRBREAK EG COATING V... ✓ Found
[1512/14713] Searching: TROLLY WHEEL 6 INCH 93*60 PLATE 140*110 RIVET BRAK... ✓ Found
[1513/14713] Searching: TROLLY WHEEL 6IN.93*60*3 F.HOLDDIE CAST BLACK RUBB... ✓ Found
[1514/14713] Searching: TROLLY WHEEL 6 INCH 93*60 PLATE 110*140 CASTORE WI... ✓ Found
[1515/14713] Searching: TROLLY WHEEL 6 INCH 93*60 PLATE 110*140 CASTOR BRA... ✓ Found
[1516/14713] Searching: TROLLY WHEEL 6IN.93*60*3 ADD REVERT BREAK RESIN HI... ✓ Found
[1517/14713] Searching: TROLLY WHEEL 6IN.93*60*3 BLACK NYLON INSERT GREY O... Error searching 'TROLLY WHEEL 6IN.93*60*3 BLACK NYLON INSERT GREY OVER MOLDED': error sending request for url (https://duckduckgo.com/?q=TROLLY+WHEEL+6IN.93*60*3+BLACK+NYLON+INSERT+GREY+OVER+MOLDED) > operation timed out
✓ Not Found
[1518/14713] Searching: 60050 WORKING LIGHT 5M... ✓ Found
[1519/14713] Searching: 60051 WORKING LIGHT 10 M... ✓ Found
[1520/14713] Searching: 3 PIN PLUG TOP 16A 60513... ✓ Found
[1521/14713] Searching: 3 PIN PLUG TOP 16A 60513... ✓ Found
[1522/14713] Searching: 3 PIN PLUG TOP 16A 60513... Error searching '3 PIN PLUG TOP 16A 60513': error sending request for url (https://duckduckgo.com/?q=3+PIN+PLUG+TOP+16A+60513) > operation timed out
✓ Not Found
[1523/14713] Searching: 60514 16AMP 3PIN PLUG TOP STANDARD... ✓ Found
[1524/14713] Searching: 60514 16AMP 3PIN PLUG TOP STANDARD... Error searching '60514 16AMP 3PIN PLUG TOP STANDARD': error sending request for url (https://duckduckgo.com/?q=60514+16AMP+3PIN+PLUG+TOP+STANDARD) > operation timed out
✓ Not Found
[1525/14713] Searching: 60514 16AMP 3PIN PLUG TOP STANDARD... ✓ Found
[1526/14713] Searching: BATTEN HOLDER 60517... ✓ Found
[1527/14713] Searching: HOLDER PENDANT  60518... ✓ Found
[1528/14713] Searching: HOLDER PENDANT  60518... ✓ Found
[1529/14713] Searching: FITTINGS COUPLER 6052... ✓ Found
[1530/14713] Searching: 60533 6A/16A 3 PIN MULTI ADAPTOR-STANDARD... ✓ Found
[1531/14713] Searching: MCB 25A 3M  STANDRD 60535... ✓ Found
[1532/14713] Searching: FITTINGS COUPLER 6054... ✓ Found
[1533/14713] Searching: MCB 32A  POWER SHIELD STANDARD 60547... ✓ Found
[1534/14713] Searching: FITTINGS COUPLER 6056... ✓ Found
[1535/14713] Searching: FITTINGS COUPLER 6058... ✓ Found
[1536/14713] Searching: GROOV BALL BEARING 607-1619P11239... ✓ Found
[1537/14713] Searching: B133a Thread Bolt Marble Cutter... ✓ Found
[1538/14713] Searching: 1619P13103  GROOVE BALL BEARING 608... ✓ Found
[1539/14713] Searching: Spary Gun 1 Pint Ss Cup... Error searching 'Spary Gun 1 Pint Ss Cup': error sending request for url (https://duckduckgo.com/?q=Spary+Gun+1+Pint+Ss+Cup) > operation timed out
✓ Not Found
[1540/14713] Searching: Spanner for Ag6-100 Bullet... ✓ Found
[1541/14713] Searching: Sai Welding Machine Arc 200zx7... ✓ Found
[1542/14713] Searching: SAI WELD MACHINE ARC200 MMA IGBT (2018056702)... Error searching 'SAI WELD MACHINE ARC200 MMA IGBT (2018056702)': error sending request for url (https://duckduckgo.com/?q=SAI+WELD+MACHINE+ARC200+MMA+IGBT+%282018056702%29) > operation timed out
✓ Not Found
[1543/14713] Searching: SAI WELDING MACHINE NIG 160E ROUND... ✓ Found
[1544/14713] Searching: SAI WELDING MACHINE MIG205 SYN ROUND... ✓ Found
[1545/14713] Searching: SAI WELDING MACHINE ARC200 IGBT MINI... ✓ Found
[1546/14713] Searching: SAI WELD MACHINE MINI 200 SMALL... ✓ Found
[1547/14713] Searching: SAIWELD MACHINE TIG200 WS IGBT... ✓ Found
[1548/14713] Searching: Chainsaw Himax 58 Cc New... ✓ Found
[1549/14713] Searching: Self Support Ds Ladder 03... ✓ Found
[1550/14713] Searching: SCREW DRIVER... ✓ Found
  [Progress: 1550/14713 products processed]
[1551/14713] Searching: SCREW DRIVER... Error searching 'SCREW DRIVER': error sending request for url (https://duckduckgo.com/?q=SCREW+DRIVER) > operation timed out
✓ Not Found
[1552/14713] Searching: BACK LIFT LADDER 6... ✓ Found
[1553/14713] Searching: BACK LIFT LADDER 6... ✓ Found
[1554/14713] Searching: BACK LIFT LADDER 6... ✓ Found
[1555/14713] Searching: BACK LIFT LADDER 6... ✓ Found
[1556/14713] Searching: BACK LIFT LADDER 6... ✓ Found
[1557/14713] Searching: TOLSEN LUGGAGE ROPE 24 INCH... ✓ Found
[1558/14713] Searching: TOLSEN LAGGAGE ROPE 48 INCH... ✓ Found
[1559/14713] Searching: TOLSEN LUGGAGE ROPE 72 INCH... ✓ Found
[1560/14713] Searching: SCREW DRIVER STAR 300... ✓ Found
[1561/14713] Searching: TOLSEN DENT PULLER MIRROR PULLER SINGLE 62661... Error searching 'TOLSEN DENT PULLER MIRROR PULLER SINGLE 62661': error sending request for url (https://duckduckgo.com/?q=TOLSEN+DENT+PULLER+MIRROR+PULLER+SINGLE+62661) > operation timed out
✓ Not Found
[1562/14713] Searching: TOLSEN DENT PULLER MIRROR PULLER DOUBLE... ✓ Found
[1563/14713] Searching: TOLSEN  DENT PULLER  MIRROR PULLER DOUBLE... ✓ Found
[1564/14713] Searching: TOLSEN STEEL LADDER 3 STEP... ✓ Found
[1565/14713] Searching: TOLSEN STEEL LADDER 4 STEP... ✓ Found
[1566/14713] Searching: TOLSEN STEEL LADDER 5 STEP... ✓ Found
[1567/14713] Searching: TOLSEN STEEL LADDER 5 STEP... Error searching 'TOLSEN STEEL LADDER 5 STEP': error sending request for url (https://duckduckgo.com/?q=TOLSEN+STEEL+LADDER+5+STEP) > operation timed out
✓ Not Found
[1568/14713] Searching: FREEMANS 50MTR TAPE... ✓ Found
[1569/14713] Searching: NIPPLE AND NUT 8MM IMPO... Error searching 'NIPPLE AND NUT 8MM IMPO': error sending request for url (https://duckduckgo.com/?q=NIPPLE+AND+NUT+8MM+IMPO) > operation timed out
✓ Not Found
[1570/14713] Searching: TCT BLADE 5X30T BULLET... Error searching 'TCT BLADE 5X30T BULLET': error sending request for url (https://duckduckgo.com/?q=TCT+BLADE+5X30T+BULLET) > operation timed out
✓ Not Found
[1571/14713] Searching: TCT BLADE 5X30T BULLET... Error searching 'TCT BLADE 5X30T BULLET': error sending request for url (https://duckduckgo.com/?q=TCT+BLADE+5X30T+BULLET) > operation timed out
✓ Not Found
[1572/14713] Searching: TCT BLADE 5X30T BULLET... ✓ Found
[1573/14713] Searching: COTTON MASK GREEN... ✓ Found
[1574/14713] Searching: RIVERT 3.2*12.5... ✓ Found
[1575/14713] Searching: RIVERT 3.2*12.5... ✓ Found
[1576/14713] Searching: IMPACT SCREWDRIVER SET... ✓ Found
[1577/14713] Searching: HACKSAW BLADE12*1/2 ESTMAN... ✓ Found
[1578/14713] Searching: BRUSH HOLDER 638500-6... ✓ Found
[1579/14713] Searching: C CLAMP  4"... ✓ Found
[1580/14713] Searching: 643650-4 HOLDER CAP FOR  LS1040 BOX... ✓ Found
[1581/14713] Searching: 643750-0 BRUSH HOLDER CAP MT410... ✓ Found
[1582/14713] Searching: 643750-0 BRUSH HOLDER CAP MT410... ✓ Found
[1583/14713] Searching: TOLSEN GEAR PULLER 3 JAW 6 INCH 65010... ✓ Found
[1584/14713] Searching: 65011 GEAR PULLER 3 JAW 4 INCH... ✓ Found
[1585/14713] Searching: TOLSEN  GEAR PULLER 3 JAW 6 INCH... ✓ Found
[1586/14713] Searching: TOLSEN  GEAR PULLER 3 JAW 6 INCH... ✓ Found
[1587/14713] Searching: TOLSEN  GEAR PULLER 3 JAW 8 INCH 65013... ✓ Found
[1588/14713] Searching: 651941-9   SWITCH FOR LS1040... ✓ Found
[1589/14713] Searching: 651941-9   SWITCH FOR LS1040... ✓ Found
[1590/14713] Searching: SWITCH FOR 9526651947... ✓ Found
[1591/14713] Searching: TOLSEN GREESE GUN 500G... ✓ Found
[1592/14713] Searching: FIELD GDC120-121 1619P08330... ✓ Found
[1593/14713] Searching: TOLSEN BOTTLE JACK 2T... ✓ Found
[1594/14713] Searching: TOLSEN BOTTLE JACK 4 T... ✓ Found
[1595/14713] Searching: TOLSEN BOTTLE JACK 6T 65393... ✓ Found
[1596/14713] Searching: TOLSEN BOTTLE JACK 6T 65393... ✓ Found
[1597/14713] Searching: TOLSEN BOTTLE JACK 10 TON... Error searching 'TOLSEN BOTTLE JACK 10 TON': error sending request for url (https://duckduckgo.com/?q=TOLSEN+BOTTLE+JACK+10+TON) > operation timed out
✓ Not Found
[1598/14713] Searching: TOLSEN BOTTLE JACK 20 T... ✓ Found
[1599/14713] Searching: Armature POS 803Set 1619p10368... ✓ Found
[1600/14713] Searching: Armature POS 803Set 1619p10368... ✓ Found
  [Progress: 1600/14713 products processed]
[1601/14713] Searching: Armature POS 803Set 1619p10368... ✓ Found
[1602/14713] Searching: 65421 TOLSEN BOTTLE JACK 32 TON... ✓ Found
[1603/14713] Searching: 65422 TOLSEN BOTTLE JACK 50 TON... ✓ Found
[1604/14713] Searching: TOLSEN  HYDROLIC TROLLEY JACK 2 TON... ✓ Found
[1605/14713] Searching: TOLSEN  HYDROLIC TROLLY JACK 3 TON... Error searching 'TOLSEN  HYDROLIC TROLLY JACK 3 TON': error sending request for url (https://duckduckgo.com/?q=TOLSEN++HYDROLIC+TROLLY+JACK+3+TON) > operation timed out
✓ Not Found
[1606/14713] Searching: Armature 1604010626... ✓ Found
[1607/14713] Searching: Field 1604220328... ✓ Found
[1608/14713] Searching: Carbon Brush Set 1607014171... ✓ Found
[1609/14713] Searching: BIT LOCK... ✓ Found
[1610/14713] Searching: SDSPLUS HAMMER DRILL BIT 6*160 2608680263... ✓ Found
[1611/14713] Searching: 66005 TELES PICK UP TOOL SET LIGHT+GLASS... ✓ Found
[1612/14713] Searching: 6*210 bosch drill bit... ✓ Found
[1613/14713] Searching: GEAR CASE DW801ORG... ✓ Found
[1614/14713] Searching: 7-110 bosch drill bit... ✓ Found
[1615/14713] Searching: SDSPLUS HAMMER DRILL BIT 8*110 2608680269... ✓ Found
[1616/14713] Searching: SDSPLUS HAMMER DRILL BIT 8*260 (272)... ✓ Found
[1617/14713] Searching: SDSPLUS HAMMER DRILL BIT10*160... ✓ Found
[1618/14713] Searching: 2608680274  10*150 MM DRILL BIT BOSCH... ✓ Found
[1619/14713] Searching: SDSPLUS HAMMER DRILL BIT 12*210... ✓ Found
[1620/14713] Searching: 2608644274  Cir Saw Blade Ec Wo 110*20 bosch... ✓ Found
[1621/14713] Searching: BOSCH TCT BLADE 5 INCH 40 TEETH 2608644275... ✓ Found
[1622/14713] Searching: BOSCH TCT BLADE 5 INCH 40 TEETH 2608644275... ✓ Found
[1623/14713] Searching: BOSCH TCT BLADE 5 INCH 40 TEETH 2608644275... ✓ Found
[1624/14713] Searching: Cir Saw Blade 180*25 2608644278... Error searching 'Cir Saw Blade 180*25 2608644278': error sending request for url (https://duckduckgo.com/?q=Cir+Saw+Blade+180*25+2608644278) > operation timed out
✓ Not Found
[1625/14713] Searching: FLAP WHEEL 4INCH 80... ✓ Found
[1626/14713] Searching: FLAP WHEEL 4INCH 80... ✓ Found
[1627/14713] Searching: FLAP WHEEL 4INCH 80... ✓ Found
[1628/14713] Searching: FLAP WHEEL 4 INCH 120... ✓ Found
[1629/14713] Searching: Cir Saw Blade Mm Mu 305*25... ✓ Found
[1630/14713] Searching: 2608680273 SDS HAMMER DRILL BIT... ✓ Found
[1631/14713] Searching: Diamond Cutting Blade Standard  for 12... ✓ Found
[1632/14713] Searching: SCREWDRIVER BLADE PH2/65... ✓ Found
[1633/14713] Searching: BOSCH GOLDEN STAR BIT 2608521041... ✓ Found
[1634/14713] Searching: BOSCH GOLDEN STAR BIT 2608521041... ✓ Found
[1635/14713] Searching: BULLET FLAP WHEEL 120... ✓ Found
[1636/14713] Searching: BULLET FLAP WHEEL 80... ✓ Found
[1637/14713] Searching: BULLET FLAP WHEEL 80... ✓ Found
[1638/14713] Searching: BRASS ADAPTER 1/8-3/8 INCH... ✓ Found
[1639/14713] Searching: BRASS ADAPTER 1/4*1/8... ✓ Found
[1640/14713] Searching: BRASS ADAPTER 1/8-3/8 INCH... ✓ Found
[1641/14713] Searching: STANLEY SOLDERING IRON 30W/220W ROUND... ✓ Found
[1642/14713] Searching: BRASS ADAPTER 1/8 INCH 1/4... ✓ Found
[1643/14713] Searching: BRASS ADAPTER 1/4 INCH *1/4... ✓ Found
[1644/14713] Searching: BRASS ADAPTER 3/8*1/4 INCH... ✓ Found
[1645/14713] Searching: BRASS ADAPTER 3/8*3/8 INCH... ✓ Found
[1646/14713] Searching: BRASS ADAPTER 3/8-1/2 INCH... ✓ Found
[1647/14713] Searching: TCT BLADE 4*30T BULLET... ✓ Found
[1648/14713] Searching: TCT BLADE 4*30T BULLET... ✓ Found
[1649/14713] Searching: TCT BLADE 4*30T BULLET... ✓ Found
[1650/14713] Searching: BRASS ADAPTER M-1/4 INCH 3/8... Error searching 'BRASS ADAPTER M-1/4 INCH 3/8': error sending request for url (https://duckduckgo.com/?q=BRASS+ADAPTER+M-1%2F4+INCH+3%2F8) > operation timed out
✓ Not Found
  [Progress: 1650/14713 products processed]
[1651/14713] Searching: BEARING 696... ✓ Found
[1652/14713] Searching: BEARING 696... ✓ Found
[1653/14713] Searching: Angle Grinter Green 101 4... ✓ Found
[1654/14713] Searching: BALL BEARING... ✓ Found
[1655/14713] Searching: BALL BEARING... ✓ Found
[1656/14713] Searching: INDICATER... Error searching 'INDICATER': error sending request for url (https://duckduckgo.com/?q=INDICATER) > operation timed out
✓ Not Found
[1657/14713] Searching: ONE WAY SWITCH 6 AMP... ✓ Found
[1658/14713] Searching: ONE WAY SWITCH 6 AMP... ✓ Found
[1659/14713] Searching: 6AMP SOCKET... ✓ Found
[1660/14713] Searching: 6AMP SOCKET... ✓ Found
[1661/14713] Searching: METRO HSS 6PCS COUNTER SHANK SET 4241... ✓ Found
[1662/14713] Searching: VELCRO PAPPER 6"120... ✓ Found
[1663/14713] Searching: VELCRO PAPPER 6"180... ✓ Found
[1664/14713] Searching: VELCRO PAPPER 6"80... ✓ Found
[1665/14713] Searching: SELF SUPPORT DOUBLE SIDE LADDER 06'... ✓ Found
[1666/14713] Searching: SELF SUPPORT DOUBLE SIDE LADDER 06'... ✓ Found
[1667/14713] Searching: SELF SUPPORT SUPER  STRONG LADDER 6'... ✓ Found
[1668/14713] Searching: SELF SUPPORT SUPER  STRONG LADDER 6'... Error searching 'SELF SUPPORT SUPER  STRONG LADDER 6'': error sending request for url (https://duckduckgo.com/?q=SELF+SUPPORT+SUPER++STRONG+LADDER+6%27) > operation timed out
✓ Not Found
[1669/14713] Searching: K EXTRA POWER TRIMMER BIT SET... ✓ Found
[1670/14713] Searching: K EXTRA POWER TRIMMER BIT... ✓ Found
[1671/14713] Searching: 6MM ALUMINIUM TWIN 450 MTR... ✓ Found
[1672/14713] Searching: 7/22 ALLUMINIUM VIR... ✓ Found
[1673/14713] Searching: 70001 1200MM GATI400 IS BROWN FAN GOLD MEDAL... ✓ Found
[1674/14713] Searching: WALL FAN DYNO -GOLDMEDEL 70004... ✓ Found
[1675/14713] Searching: WALL FAN DYNO -GOLDMEDEL 70004... ✓ Found
[1676/14713] Searching: 70009 E/FAN 150MM... ✓ Found
[1677/14713] Searching: 70015 FAN 1200MM BLUE GOLDMEDAL... Error searching '70015 FAN 1200MM BLUE GOLDMEDAL': error sending request for url (https://duckduckgo.com/?q=70015+FAN+1200MM+BLUE+GOLDMEDAL) > operation timed out
✓ Not Found
[1678/14713] Searching: PEDESTAL FAN GOLDMEDEL 16 INCH  70029... ✓ Found
[1679/14713] Searching: GOLDMEDAL FAN 48 INCH BROWN AND IVERY... ✓ Found
[1680/14713] Searching: GOLDMEDAL FAN 48 INCH BROWN AND IVERY... ✓ Found
[1681/14713] Searching: Rotery Hammer Machine Blue 20 Mm... ✓ Found
[1682/14713] Searching: INSULATION TAP ALL COLOUR... ✓ Found
[1683/14713] Searching: INSULATION TAP ALL COLOUR... ✓ Found
[1684/14713] Searching: INSULATION TAP ALL COLOUR... ✓ Found
[1685/14713] Searching: 30427 INSULATIONNNN TAPE [WR 7632]-GM... ✓ Found
[1686/14713] Searching: 30427 INSULATIONNNN TAPE [WR 7632]-GM... ✓ Found
[1687/14713] Searching: 30427 INSULATIONNNN TAPE [WR 7632]-GM... ✓ Found
[1688/14713] Searching: INSULATION TAPE RBL... ✓ Found
[1689/14713] Searching: INSULATION TAPE RBL... ✓ Found
[1690/14713] Searching: INSULATION TAPE RBL... ✓ Found
[1691/14713] Searching: NICE CUT THIN SEGMENTED BLADE  YELLOW... ✓ Found
[1692/14713] Searching: NICE CUT THIN SEGMENTED BLADE  YELLOW... ✓ Found
[1693/14713] Searching: NICE CUT THIN SEGMENTED BLADE  YELLOW... ✓ Found
[1694/14713] Searching: NICE CUT THIN SEGMENTED BLADE  YELLOW... ✓ Found
[1695/14713] Searching: XTRA POWER CERAMIC BLADE 4" SEG... ✓ Found
[1696/14713] Searching: Cutting Wheel Bosch... ✓ Found
[1697/14713] Searching: STANLEY WATER PUMP PLIER B*T10... ✓ Found
[1698/14713] Searching: Holder Uday... Error searching 'Holder Uday': error sending request for url (https://duckduckgo.com/?q=Holder+Uday) > operation timed out
✓ Not Found
[1699/14713] Searching: Combination Spanners 6... ✓ Found
[1700/14713] Searching: Combination Spanner 7... ✓ Found
  [Progress: 1700/14713 products processed]
[1701/14713] Searching: Combination Spanner 8... ✓ Found
[1702/14713] Searching: Combination Spanners 9... ✓ Found
[1703/14713] Searching: Combination Spanners 11... ✓ Found
[1704/14713] Searching: AIR WASHING GUN 1000ML 73190... ✓ Found
[1705/14713] Searching: 73191 TOLSEN AIR WASHING GUN 1000ML... ✓ Found
[1706/14713] Searching: Combination Spanners 15... Error searching 'Combination Spanners 15': error sending request for url (https://duckduckgo.com/?q=Combination+Spanners+15) > operation timed out
✓ Not Found
[1707/14713] Searching: Combination Spanner18... ✓ Found
[1708/14713] Searching: Combination Spanners 19... Error searching 'Combination Spanners 19': error sending request for url (https://duckduckgo.com/?q=Combination+Spanners+19) > operation timed out
✓ Not Found
[1709/14713] Searching: Combination Spanners 20... ✓ Found
[1710/14713] Searching: Combination Spanners 22... ✓ Found
[1711/14713] Searching: Combination Spanners 23... ✓ Found
[1712/14713] Searching: Combination Spanners25... ✓ Found
[1713/14713] Searching: Combination Spanners 28... ✓ Found
[1714/14713] Searching: WOOD FILL 50 GM... ✓ Found
[1715/14713] Searching: WOOD FILL 50 GM... Error searching 'WOOD FILL 50 GM': error sending request for url (https://duckduckgo.com/?q=WOOD+FILL+50+GM) > operation timed out
✓ Not Found
[1716/14713] Searching: WOOD FILL 50 GM... ✓ Found
[1717/14713] Searching: DISC PAPER 120 BULLET... ✓ Found
[1718/14713] Searching: WOOD FILL 20GM... ✓ Found
[1719/14713] Searching: WOOD FILL 20GM... ✓ Found
[1720/14713] Searching: WOOD FILL 20GM... ✓ Found
[1721/14713] Searching: Fevicol Sh 125g... ✓ Found
[1722/14713] Searching: Fevicol Sh 125g... ✓ Found
[1723/14713] Searching: Fevicol Sh 125g... ✓ Found
[1724/14713] Searching: FEVICOL SH250 GM... ✓ Found
[1725/14713] Searching: FEVICOL SH250 GM... Error searching 'FEVICOL SH250 GM': error sending request for url (https://duckduckgo.com/?q=FEVICOL+SH250+GM) > operation timed out
✓ Not Found
[1726/14713] Searching: FEVICOL SH 500GM... ✓ Found
[1727/14713] Searching: FEVICOL SH 500GM... Error searching 'FEVICOL SH 500GM': error sending request for url (https://duckduckgo.com/?q=FEVICOL+SH+500GM) > operation timed out
✓ Not Found
[1728/14713] Searching: FEVICOL SH 1KG... ✓ Found
[1729/14713] Searching: FEVICOL SH 1KG... Error searching 'FEVICOL SH 1KG': error sending request for url (https://duckduckgo.com/?q=FEVICOL+SH+1KG) > operation timed out
✓ Not Found
[1730/14713] Searching: TOLSEN WOOD DRILL BIT SET 5PCS... ✓ Found
[1731/14713] Searching: TOLSEN WOOD DRILL BIT SET 5PCS... ✓ Found
[1732/14713] Searching: TOLSEN WOOD DRILL BIT SET 5PCS... ✓ Found
[1733/14713] Searching: TOLSEN WOOD DRILL BIT SET 8 PCS... ✓ Found
[1734/14713] Searching: 75690 TOLSEN  GLASS DRILL BIT 3MM... ✓ Found
[1735/14713] Searching: 75692  TOLSEN GLASS BIT 5MM... ✓ Found
[1736/14713] Searching: TOLSEN GLASS DRILL BIT  6MM... ✓ Found
[1737/14713] Searching: TOLSEN GLASS DRILL BIT  6MM... Error searching 'TOLSEN GLASS DRILL BIT  6MM': error sending request for url (https://duckduckgo.com/?q=TOLSEN+GLASS+DRILL+BIT++6MM) > operation timed out
✓ Not Found
[1738/14713] Searching: TOLSEN GLASS DRILL BIT  6MM... ✓ Found
[1739/14713] Searching: TOLSEN GLASS CORE BIT 7MM... ✓ Found
[1740/14713] Searching: 75695 TOLSEN GLASS DRILL BIT 8MM... ✓ Found
[1741/14713] Searching: TOLSEN GLASS CORE BIT 9MM... ✓ Found
[1742/14713] Searching: TOLSEN GLASS CORE BIT 12MM... ✓ Found
[1743/14713] Searching: 75700 HOLE SAW 3/8... ✓ Found
[1744/14713] Searching: TOLSEN  ARBOR FOR HOLE SAW 16 INCH... ✓ Found
[1745/14713] Searching: 75732 TOLSEN HOLE SAW 32MM... ✓ Found
[1746/14713] Searching: 75738 HOLE SAW 38MM... Error searching '75738 HOLE SAW 38MM': error sending request for url (https://duckduckgo.com/?q=75738+HOLE+SAW+38MM) > operation timed out
✓ Not Found
[1747/14713] Searching: TOLSEN HOLE SAW METAL 50... Error searching 'TOLSEN HOLE SAW METAL 50': error sending request for url (https://duckduckgo.com/?q=TOLSEN+HOLE+SAW+METAL+50) > operation timed out
✓ Not Found
[1748/14713] Searching: TOLSEN HOLE SAW 4INCH... ✓ Found
[1749/14713] Searching: TOLSEN HOLE SAW 4 INCH... ✓ Found
[1750/14713] Searching: 75865 TOLSEN HOLESAW SET 11 PCS... Error searching '75865 TOLSEN HOLESAW SET 11 PCS': error sending request for url (https://duckduckgo.com/?q=75865+TOLSEN+HOLESAW+SET+11+PCS) > operation timed out
✓ Not Found
  [Progress: 1750/14713 products processed]
[1751/14713] Searching: Spider Pad Lock Cp 65mm... ✓ Found
[1752/14713] Searching: Spider Pad Lock Cp 40mm... ✓ Found
[1753/14713] Searching: 8MMPVSWALLPLUG50'S... ✓ Found
[1754/14713] Searching: 8MMPVSWALLPLUG50'S... ✓ Found
[1755/14713] Searching: 8MMPVSWALLPLUG50'S... ✓ Found
[1756/14713] Searching: 8MMPVSWALLPLUG50'S... ✓ Found
[1757/14713] Searching: Fissure Screw Plug No 10... ✓ Found
[1758/14713] Searching: Fissure Screw Plug No 10... ✓ Found
[1759/14713] Searching: 12MMPVSWALLPLUG20'S... ✓ Found
[1760/14713] Searching: MSEAL 90gm... ✓ Found
[1761/14713] Searching: MSEAL 90gm... ✓ Found
[1762/14713] Searching: M SEAL REGULAR 1 KG... ✓ Found
[1763/14713] Searching: M SEAL REGULAR 1 KG... ✓ Found
[1764/14713] Searching: M SEAL REGULAR 1 KG... ✓ Found
[1765/14713] Searching: M SEAL REGULAR 1 KG... ✓ Found
[1766/14713] Searching: M-SEAL REGULAR 1KG... ✓ Found
[1767/14713] Searching: MS Wire Nails2X10... ✓ Found
[1768/14713] Searching: Panal Pins 25*17g... ✓ Found
[1769/14713] Searching: TOLSEN 5 PCS GRINDING MOUNDED STONE... ✓ Found
[1770/14713] Searching: DRYWALL SCREW 6*50 PATTA... ✓ Found
[1771/14713] Searching: DRYWALL SCREW 6*50 PATTA... ✓ Found
[1772/14713] Searching: DRY WALL SCREW 2 INCH *50MM STAR... ✓ Found
[1773/14713] Searching: DRY WALL SCREW 2 1/2''... ✓ Found
[1774/14713] Searching: DRY WALL SCREW 2 1/2''... Error searching 'DRY WALL SCREW 2 1/2''': error sending request for url (https://duckduckgo.com/?q=DRY+WALL+SCREW+2+1%2F2%27%27) > operation timed out
✓ Not Found
[1775/14713] Searching: DRY WALL SCREW 1 1/2... ✓ Found
[1776/14713] Searching: DRY WALL SCREW 1 1/2... ✓ Found
[1777/14713] Searching: DRY WALL SCREW 1 1/2... ✓ Found
[1778/14713] Searching: DRY WALL SCREW 1 1/4 INCH 6*32... ✓ Found
[1779/14713] Searching: DRY WALL SCREW 1 1/4 INCH 6*32... ✓ Found
[1780/14713] Searching: SS SCREW OMNI 50X8 HT(100 NOS)... ✓ Found
[1781/14713] Searching: PVC GRIP 6MM (KG)... Error searching 'PVC GRIP 6MM (KG)': error sending request for url (https://duckduckgo.com/?q=PVC+GRIP+6MM+%28KG%29) > operation timed out
✓ Not Found
[1782/14713] Searching: PVC GRIP 6MM (KG)... ✓ Found
[1783/14713] Searching: PVC GRIP 6MM (KG)... ✓ Found
[1784/14713] Searching: Concrete Nails 2 INCH... Error searching 'Concrete Nails 2 INCH': error sending request for url (https://duckduckgo.com/?q=Concrete+Nails+2+INCH) > operation timed out
✓ Not Found
[1785/14713] Searching: Concrete Nails 2 INCH... ✓ Found
[1786/14713] Searching: Concrete Nails 2 INCH... ✓ Found
[1787/14713] Searching: Concrete Nails 2 INCH... ✓ Found
[1788/14713] Searching: Concrete Nails 2 INCH... ✓ Found
[1789/14713] Searching: Concrete Nails 2 INCH... ✓ Found
[1790/14713] Searching: CONCRETE NAIL 1.5 INCH... ✓ Found
[1791/14713] Searching: CONCRETE NAIL 1.5 INCH... ✓ Found
[1792/14713] Searching: CONCRETE NAIL 1.5 INCH... ✓ Found
[1793/14713] Searching: CONCRETE NAIL 1.5 INCH... ✓ Found
[1794/14713] Searching: CONCRETE NAIL 1.5 INCH... ✓ Found
[1795/14713] Searching: CONCRETE NAIL 1.5 INCH... ✓ Found
[1796/14713] Searching: CONCRETE NAIL 1.5 INCH... ✓ Found
[1797/14713] Searching: RUBBER BRUSH... ✓ Found
[1798/14713] Searching: Concrete Nails25*12-5/75*8... Error searching 'Concrete Nails25*12-5/75*8': error sending request for url (https://duckduckgo.com/?q=Concrete+Nails25*12-5%2F75*8) > operation timed out
✓ Not Found
[1799/14713] Searching: Concrete Nails 25MM 1... ✓ Found
[1800/14713] Searching: Concrete Nails 25MM 1... ✓ Found
  [Progress: 1800/14713 products processed]
[1801/14713] Searching: Concrete Nails 25MM 1... ✓ Found
[1802/14713] Searching: Concrete Nails 25MM 1... ✓ Found
[1803/14713] Searching: Concrete Nails 25MM 1... Error searching 'Concrete Nails 25MM 1': error sending request for url (https://duckduckgo.com/?q=Concrete+Nails+25MM+1) > operation timed out
✓ Not Found
[1804/14713] Searching: CONCREAT NAIL 3X8 COBRA(75MM)3 INCH... ✓ Found
[1805/14713] Searching: CONCREAT NAIL 3X8 COBRA(75MM)3 INCH... ✓ Found
[1806/14713] Searching: CONCREAT NAIL 3X8 COBRA(75MM)3 INCH... ✓ Found
[1807/14713] Searching: Welding Rod Ss Superon12g3.15... ✓ Found
[1808/14713] Searching: WELDING ROD SS 2.5... ✓ Found
[1809/14713] Searching: WELDING ROAD 2.00 SUNBOND SS... ✓ Found
[1810/14713] Searching: CONCREAT  NAIL 2.5*10 COBRA... ✓ Found
[1811/14713] Searching: CONCREAT  NAIL 2.5*10 COBRA... ✓ Found
[1812/14713] Searching: Welding Rod Tungsten2.4mm... ✓ Found
[1813/14713] Searching: BG ANCOR BOLT 10MM... ✓ Found
[1814/14713] Searching: BG ANCOR BOLT 10MM... ✓ Found
[1815/14713] Searching: ANCHER BOLT 10MM FERRY... ✓ Found
[1816/14713] Searching: TOLSEN GLUE GUN 15W 79105... ✓ Found
[1817/14713] Searching: TOLSEN GLUE STICK BIG 1... Error searching 'TOLSEN GLUE STICK BIG 1': error sending request for url (https://duckduckgo.com/?q=TOLSEN+GLUE+STICK+BIG+1) > operation timed out
✓ Not Found
[1818/14713] Searching: Polishing Soap Green... ✓ Found
[1819/14713] Searching: YURI-DC WHEEL 4*6MM (GREEN )... ✓ Found
[1820/14713] Searching: DC WHEEL 4X6MM BULLET B... ✓ Found
[1821/14713] Searching: DC WHEEL 4X6MM BULLET B... ✓ Found
[1822/14713] Searching: DC WHEEL 4X6MM BULLET B... ✓ Found
[1823/14713] Searching: DC WHEEL 4X6MM BULLET B... ✓ Found
[1824/14713] Searching: DC GRINDING WHEEL 7"7*6MM... ✓ Found
[1825/14713] Searching: OUTLET VALVE  KIT AW130... ✓ Found
[1826/14713] Searching: OUTLET VALVE  KIT AW130... ✓ Found
[1827/14713] Searching: Gm Play Angle Holder... ✓ Found
[1828/14713] Searching: SWITCH 15A 1-W ZOOM W... Error searching 'SWITCH 15A 1-W ZOOM W': error sending request for url (https://duckduckgo.com/?q=SWITCH+15A+1-W+ZOOM+W) > operation timed out
✓ Not Found
[1829/14713] Searching: VELCRO PAPER 7'150 GR 60,80,100,120,150,... ✓ Found
[1830/14713] Searching: VELCRO PAPER 7'150 GR 60,80,100,120,150,... ✓ Found
[1831/14713] Searching: VELCRO PAPER 7'150 GR 60,80,100,120,150,... ✓ Found
[1832/14713] Searching: VELCRO PAPER 7'150 GR 60,80,100,120,150,... ✓ Found
[1833/14713] Searching: SANDING DISK PAPPER 7 INCH 100... Error searching 'SANDING DISK PAPPER 7 INCH 100': error sending request for url (https://duckduckgo.com/?q=SANDING+DISK+PAPPER+7+INCH+100) > operation timed out
✓ Not Found
[1834/14713] Searching: IBELL SANDING DISK PAPPER 7 INCH  150... ✓ Found
[1835/14713] Searching: SANDING DISK PAPPER 7 INCH 180... ✓ Found
[1836/14713] Searching: IBELL SANDING DISK PAPPER 220MM 120... ✓ Found
[1837/14713] Searching: IBELL SANDING PAPPER 7 INCH 240 MM... Error searching 'IBELL SANDING PAPPER 7 INCH 240 MM': error sending request for url (https://duckduckgo.com/?q=IBELL+SANDING+PAPPER+7+INCH+240+MM) > operation timed out
✓ Not Found
[1838/14713] Searching: SELF SUPPORT DOUBLE SIDE LADDER 07... ✓ Found
[1839/14713] Searching: SELF SUPPORT DOUBLE SIDE LADDER 07... ✓ Found
[1840/14713] Searching: SELF SUPPORT DOUBLE SIDE LADDER 07... ✓ Found
[1841/14713] Searching: SELF SUPPORT DOUBLE SIDE LADDER 07... ✓ Found
[1842/14713] Searching: SHOVEL SMALL ROUND... ✓ Found
[1843/14713] Searching: TROLLY WHEEL 8IN.85*65 F.HOLDER WELDED LEG... ✓ Found
[1844/14713] Searching: TROLLY WHEEL 8IN.85*65 F.HOLDER OVERMOLD BLACK... ✓ Found
[1845/14713] Searching: TROLLY WHEEL 8IN.85*65 F.HOLDER BREAK BLACK SOILD ... ✓ Found
[1846/14713] Searching: E-DC SPARE 801 BAFFLE... ✓ Found
[1847/14713] Searching: 801 SPANNER... ✓ Found
[1848/14713] Searching: SPARE 801 SWITCH  SMALL... ✓ Found
[1849/14713] Searching: SPRING ELEPHANT 15M (WIRE PULLER )... ✓ Found
[1850/14713] Searching: SPRING ELEPHANT 15M (WIRE PULLER )... ✓ Found
  [Progress: 1850/14713 products processed]
[1851/14713] Searching: SPRING ELEPHANT 30M (WIRE PULLER )... ✓ Found
[1852/14713] Searching: SPRING 1INCH HEAVY... ✓ Found
[1853/14713] Searching: PIPE BEND  SPRING BLACK 20MM... ✓ Found
[1854/14713] Searching: PIPE BEND  SPRING BLACK 20MM... ✓ Found
[1855/14713] Searching: PIPE BEND  SPRING BLACK 25MM... ✓ Found
[1856/14713] Searching: Tape... ✓ Found
[1857/14713] Searching: Long Nose Pliers7... ✓ Found
[1858/14713] Searching: YURI SPARE 0810T CONNECTING ROD... ✓ Found
[1859/14713] Searching: YURI SPARE 0810T CONNECTING ROD... Error searching 'YURI SPARE 0810T CONNECTING ROD': error sending request for url (https://duckduckgo.com/?q=YURI+SPARE+0810T+CONNECTING+ROD) > operation timed out
✓ Not Found
[1860/14713] Searching: GREASE CAP... ✓ Found
[1861/14713] Searching: 810 TOOL HOLDER ORING 810THO QUALITY... ✓ Found
[1862/14713] Searching: Spanner Set Box6MI... ✓ Found
[1863/14713] Searching: Combination Spanners16... ✓ Found
[1864/14713] Searching: Globe1-1/2'... ✓ Found
[1865/14713] Searching: TROWELS PALAKA 6*12 WOOD... ✓ Found
[1866/14713] Searching: 82010000 HOE014... ✓ Found
[1867/14713] Searching: 20*22 Ring... ✓ Found
[1868/14713] Searching: Buffing Cloth4*1/2stitch... Error searching 'Buffing Cloth4*1/2stitch': error sending request for url (https://duckduckgo.com/?q=Buffing+Cloth4*1%2F2stitch) > operation timed out
✓ Not Found
[1869/14713] Searching: 3pin Top Million 6A Way... ✓ Found
[1870/14713] Searching: 3 Pin Multi Cona Style... ✓ Found
[1871/14713] Searching: PVC WIRE CLIP 5MM... ✓ Found
[1872/14713] Searching: PVC WIRE CLIP 6MM... Error searching 'PVC WIRE CLIP 6MM': error sending request for url (https://duckduckgo.com/?q=PVC+WIRE+CLIP+6MM) > operation timed out
✓ Not Found
[1873/14713] Searching: PVC WIRE CLIP 8MM... ✓ Found
[1874/14713] Searching: Spade Bit Cleancut 19*160mm... ✓ Found
[1875/14713] Searching: SPADE BIT CLEANCUT 8*155 MM... ✓ Found
[1876/14713] Searching: TROWELS 7*12 WOOD... ✓ Found
[1877/14713] Searching: TROWELS 8*12 WOOD... ✓ Found
[1878/14713] Searching: SPADE BIT CLEANCUT 10*155MM... ✓ Found
[1879/14713] Searching: SPADE BIT CLEANCUT 20*160MM... ✓ Found
[1880/14713] Searching: SPADE BIT CLEANCUT 32*165MM... Error searching 'SPADE BIT CLEANCUT 32*165MM': error sending request for url (https://duckduckgo.com/?q=SPADE+BIT+CLEANCUT+32*165MM) > operation timed out
✓ Not Found
[1881/14713] Searching: FIBRE-SANDING DISC ALOXIDE 120 BOSCH... ✓ Found
[1882/14713] Searching: BOSCH CLOTH PAPPER  60 F03E02G1FK... ✓ Found
[1883/14713] Searching: BOSCH CLOTH PAPPER  60 F03E02G1FK... ✓ Found
[1884/14713] Searching: Sanding Roller102*50000mm P80 F03E02G199... ✓ Found
[1885/14713] Searching: Sanding Roller102*50000mm P80 F03E02G199... ✓ Found
[1886/14713] Searching: Sanding Roller102*50000mm P80 F03E02G199... ✓ Found
[1887/14713] Searching: BOSCH CLOTH PAPPER 100 F03E02GI8X... ✓ Found
[1888/14713] Searching: BOSCH CLOTH PAPPER 100 F03E02GI8X... Error searching 'BOSCH CLOTH PAPPER 100 F03E02GI8X': error sending request for url (https://duckduckgo.com/?q=BOSCH+CLOTH+PAPPER+100+F03E02GI8X) > operation timed out
✓ Not Found
[1889/14713] Searching: INDIGO 30M CHALK LINE SET... ✓ Found
[1890/14713] Searching: Sanding Roller102*50000mm  F03E02G19A... ✓ Found
[1891/14713] Searching: Sanding Roller102*50000mm  F03E02G19A... ✓ Found
[1892/14713] Searching: Socket spanner for HEX... ✓ Found
[1893/14713] Searching: Hole Saw Bim 32mm... ✓ Found
[1894/14713] Searching: Hole Saw Bim 25mm... ✓ Found
[1895/14713] Searching: Chuck Key 13mm 1/2... ✓ Found
[1896/14713] Searching: PRESSURE WASHER SEAL... ✓ Found
[1897/14713] Searching: 2608601587 FIBER -SANDING DISC ALOXIDE 60... ✓ Found
[1898/14713] Searching: 2608601580 FIBER SANDING DISC ALOXIDE... Error searching '2608601580 FIBER SANDING DISC ALOXIDE': error sending request for url (https://duckduckgo.com/?q=2608601580+FIBER+SANDING+DISC+ALOXIDE) > operation timed out
✓ Not Found
[1899/14713] Searching: 2608601581  FIBER-SANDING DISC ALOXIDE 80... ✓ Found
[1900/14713] Searching: DRILL CHUCK KEY LESS  10MM BULL... ✓ Found
  [Progress: 1900/14713 products processed]
[1901/14713] Searching: DRILL CHUCK CODELESS 13MM... Error searching 'DRILL CHUCK CODELESS 13MM': error sending request for url (https://duckduckgo.com/?q=DRILL+CHUCK+CODELESS+13MM) > operation timed out
✓ Not Found
[1902/14713] Searching: DRILL CHUCK 6MM... ✓ Found
[1903/14713] Searching: DRILL  CHUCK 6MM BULL... ✓ Found
[1904/14713] Searching: DRILL  CHUCK 6MM BULL... ✓ Found
[1905/14713] Searching: INTERNATIONAL MULTY SOCKET... ✓ Found
[1906/14713] Searching: GOGGLE SUNTECH  BLACK... ✓ Found
[1907/14713] Searching: GOGGLES SUNTECH G/W... Error searching 'GOGGLES SUNTECH G/W': error sending request for url (https://duckduckgo.com/?q=GOGGLES+SUNTECH+G%2FW) > operation timed out
✓ Not Found
[1908/14713] Searching: GOGGLES SUNTECH G/W... ✓ Found
[1909/14713] Searching: GOOGLESS WELD CRAFT... ✓ Found
[1910/14713] Searching: SLEDGE HAMMER 8LB(W.H.H.F)... Error searching 'SLEDGE HAMMER 8LB(W.H.H.F)': error sending request for url (https://duckduckgo.com/?q=SLEDGE+HAMMER+8LB%28W.H.H.F%29) > operation timed out
✓ Not Found
[1911/14713] Searching: SLEDGE HAMMER 8... ✓ Found
[1912/14713] Searching: SELF SUPPORT DOUBLE SIDE LADDER 08"... ✓ Found
[1913/14713] Searching: SELF SUPPORT DOUBLE SIDE LADDER 08"... ✓ Found
[1914/14713] Searching: SELF SUPPORT DOUBLE SIDE LADDER 08"... ✓ Found
[1915/14713] Searching: COMBINATION PLIER 8" STANTLEY... ✓ Found
[1916/14713] Searching: CARBON BRUSH CUTTER U/F... ✓ Found
[1917/14713] Searching: Handsaw Orange Handle 457mm 495 18'... ✓ Found
[1918/14713] Searching: ROUTER BIT 9031... ✓ Found
[1919/14713] Searching: ROUTER BIT 9031... ✓ Found
[1920/14713] Searching: ROUTER BIT 9032... ✓ Found
[1921/14713] Searching: ROUTER BIT 9032... ✓ Found
[1922/14713] Searching: ROUTER BIT 9032 LOCKAL... ✓ Found
[1923/14713] Searching: K-EMTEX-ROUTER BIT -9033... Error searching 'K-EMTEX-ROUTER BIT -9033': error sending request for url (https://duckduckgo.com/?q=K-EMTEX-ROUTER+BIT+-9033) > operation timed out
✓ Not Found
[1924/14713] Searching: K-EMTEX-ROUTER BIT -9033... ✓ Found
[1925/14713] Searching: ROUTER BIT... ✓ Found
[1926/14713] Searching: ROUTER BIT 9035... ✓ Found
[1927/14713] Searching: ROUTER BIT 9036... Error searching 'ROUTER BIT 9036': error sending request for url (https://duckduckgo.com/?q=ROUTER+BIT+9036) > operation timed out
✓ Not Found
[1928/14713] Searching: ROUTER BIT 9036 LOCKAL... ✓ Found
[1929/14713] Searching: ROUTER BIT 9037... ✓ Found
[1930/14713] Searching: ROUTER BIT 9041... ✓ Found
[1931/14713] Searching: ROUTER BIT 9041... Error searching 'ROUTER BIT 9041': error sending request for url (https://duckduckgo.com/?q=ROUTER+BIT+9041) > operation timed out
✓ Not Found
[1932/14713] Searching: K-EMTEX ROUTER BIT 9042... Error searching 'K-EMTEX ROUTER BIT 9042': error sending request for url (https://duckduckgo.com/?q=K-EMTEX+ROUTER+BIT+9042) > operation timed out
✓ Not Found
[1933/14713] Searching: K-EMTEX ROUTER BIT-9043... ✓ Found
[1934/14713] Searching: TAPARIA SCREW DRIVERS BLACK TIP-904IBT... ✓ Found
[1935/14713] Searching: E-EXTRAPOWER ROUTER BIT 9063... ✓ Found
[1936/14713] Searching: 90633 MTA 63MM SUPREME... ✓ Found
[1937/14713] Searching: EXTRAPOWER ROUTER BIT... ✓ Found
[1938/14713] Searching: 90655 MTA 50MM SUPREME... ✓ Found
[1939/14713] Searching: Socket 1/2' Bi-hex 11mm East... ✓ Found
[1940/14713] Searching: Router Bit 9071... ✓ Found
[1941/14713] Searching: K-EMTEX ROUTER BIT 9073... Error searching 'K-EMTEX ROUTER BIT 9073': error sending request for url (https://duckduckgo.com/?q=K-EMTEX+ROUTER+BIT+9073) > operation timed out
✓ Not Found
[1942/14713] Searching: ROUTER BIT... ✓ Found
[1943/14713] Searching: 90847 63MM PVC BEND STAR... ✓ Found
[1944/14713] Searching: K EMTEX ROUTER BIT 9091... ✓ Found
[1945/14713] Searching: ROUTER BIT 9092... ✓ Found
[1946/14713] Searching: ROUTER BIT 9092... ✓ Found
[1947/14713] Searching: Router Bit 9093... ✓ Found
[1948/14713] Searching: Router Bit 9093... ✓ Found
[1949/14713] Searching: ROUTER BIT9094... ✓ Found
[1950/14713] Searching: ROUTER BIT9094... ✓ Found
  [Progress: 1950/14713 products processed]
[1951/14713] Searching: IDEAL ROUTER BIT 9094... ✓ Found
[1952/14713] Searching: Router Bit 9095... ✓ Found
[1953/14713] Searching: Router Bit 9096... Error searching 'Router Bit 9096': error sending request for url (https://duckduckgo.com/?q=Router+Bit+9096) > operation timed out
✓ Not Found
[1954/14713] Searching: IDEAL ROUTER BIT 9096... ✓ Found
[1955/14713] Searching: 9097 ROUTER BIT... ✓ Found
[1956/14713] Searching: IDEAL ROUTER BIT 9097... ✓ Found
[1957/14713] Searching: ROUTER BIT 9099... ✓ Found
[1958/14713] Searching: CUTTING WHEEL 5 INCH GREEN... ✓ Found
[1959/14713] Searching: CUTTING WHEEL 5 INCH GREEN... Error searching 'CUTTING WHEEL 5 INCH GREEN': error sending request for url (https://duckduckgo.com/?q=CUTTING+WHEEL+5+INCH+GREEN) > operation timed out
✓ Not Found
[1960/14713] Searching: Socket Spanner Hex J-19 29mm... ✓ Found
[1961/14713] Searching: SELF SCREW 1" MODI HEAD... ✓ Found
[1962/14713] Searching: J.k Slim FILE 4'... ✓ Found
[1963/14713] Searching: MINI HACK SAW BLADE... ✓ Found
[1964/14713] Searching: Adjustable Spanner8'j/b... ✓ Found
[1965/14713] Searching: Taparia Wire Stripper... ✓ Found
[1966/14713] Searching: Taparia Screw Driver 824... Error searching 'Taparia Screw Driver 824': error sending request for url (https://duckduckgo.com/?q=Taparia+Screw+Driver+824) > operation timed out
✓ Not Found
[1967/14713] Searching: Taparia Screw Driver 861*200... ✓ Found
[1968/14713] Searching: Taparia Screw Driver 862*100... ✓ Found
[1969/14713] Searching: BEARING COVER DW801 ORG... ✓ Found
[1970/14713] Searching: K-EMTEX ROUTER BIT 9304... ✓ Found
[1971/14713] Searching: 93071 PVC THREAD BEND 50MM11/2 INCH STAR... ✓ Found
[1972/14713] Searching: Polishing Wheel Pol Mop Small... Error searching 'Polishing Wheel Pol Mop Small': error sending request for url (https://duckduckgo.com/?q=Polishing+Wheel+Pol+Mop+Small) > operation timed out
✓ Not Found
[1973/14713] Searching: Welding Rod Ss Tig Wire1.60mm... ✓ Found
[1974/14713] Searching: White Disc 100*8mm... Error searching 'White Disc 100*8mm': error sending request for url (https://duckduckgo.com/?q=White+Disc+100*8mm) > operation timed out
✓ Not Found
[1975/14713] Searching: 93426 JUBILY CLIP 11/2 INCH... ✓ Found
[1976/14713] Searching: BRUSH CAP PDA100D, CN16SA, G10SR2, (9365... ✓ Found
[1977/14713] Searching: WHEEL WASHER A G23SE2 G18SH2... Error searching 'WHEEL WASHER A G23SE2 G18SH2': error sending request for url (https://duckduckgo.com/?q=WHEEL+WASHER+A+G23SE2+G18SH2) > operation timed out
✓ Not Found
[1978/14713] Searching: WHEEL NUT B PDA100D938214Z... ✓ Found
[1979/14713] Searching: WHEEL NUT B PDA100D938214Z... ✓ Found
[1980/14713] Searching: FREEMAN TAPE 5 MTR  IKON... ✓ Found
[1981/14713] Searching: FREEMAN TAPE 5 MTR  IKON... ✓ Found
[1982/14713] Searching: FREEMAN TAPE 5 MTR  IKON... ✓ Found
[1983/14713] Searching: FREEMANS 5 MTR TAPE BASIK... ✓ Found
[1984/14713] Searching: FREEMANS 5 MTR TAPE BASIK... ✓ Found
[1985/14713] Searching: TAPE FREEMANS 5 MTR AUTOFLEX... ✓ Found
[1986/14713] Searching: ROUTER BIT 9402... ✓ Found
[1987/14713] Searching: ROUTER BIT 9402... ✓ Found
[1988/14713] Searching: ROUTER BIT 9403... ✓ Found
[1989/14713] Searching: ROUTER BIT 9404... ✓ Found
[1990/14713] Searching: TRIMMER BIT 9404T... ✓ Found
[1991/14713] Searching: BRUSH CAP -G18SE2 ,TR12  ,PH65A,  CC14SF... ✓ Found
[1992/14713] Searching: Hasp &staples Cp Safty 2.5... ✓ Found
[1993/14713] Searching: SPRING WASHER FOR MT410 9421017... ✓ Found
[1994/14713] Searching: SPRING WASHER FOR MT580 CIR.SAW 9421512... ✓ Found
[1995/14713] Searching: Hasp &staples cp safty 100mm... ✓ Found
[1996/14713] Searching: SPANNER KEY  CM4SA... ✓ Found
[1997/14713] Searching: L-RING -PH65A... ✓ Found
[1998/14713] Searching: L Handle 1/2*450... ✓ Found
[1999/14713] Searching: Screw Driver Flat 5*100... ✓ Found
[2000/14713] Searching: ROUTER BIT 9501... ✓ Found
  [Progress: 2000/14713 products processed]
[2001/14713] Searching: ROUTER BIT 9502 L... ✓ Found
[2002/14713] Searching: ROUTER BIT 9502... ✓ Found
[2003/14713] Searching: ROUTER BIT... Error searching 'ROUTER BIT': error sending request for url (https://duckduckgo.com/?q=ROUTER+BIT) > operation timed out
✓ Not Found
[2004/14713] Searching: TRIMMER BIT 9502T... ✓ Found
[2005/14713] Searching: ROUTER BIT9502XL... ✓ Found
[2006/14713] Searching: ROUTER BIT 9503... ✓ Found
[2007/14713] Searching: ROUTER BIT 9503... ✓ Found
[2008/14713] Searching: ROUTER BIT9503 L... Error searching 'ROUTER BIT9503 L': error sending request for url (https://duckduckgo.com/?q=ROUTER+BIT9503+L) > operation timed out
✓ Not Found
[2009/14713] Searching: ROUTER BIT9503 L... ✓ Found
[2010/14713] Searching: ROUTER BIT9503 L... ✓ Found
[2011/14713] Searching: TRIMMER BIT9503T... ✓ Found
[2012/14713] Searching: TRIMMER BIT9503T... ✓ Found
[2013/14713] Searching: K-EMTEX-ROUTERBIT 9503XL... ✓ Found
[2014/14713] Searching: ROUTER BIT 9504... Error searching 'ROUTER BIT 9504': error sending request for url (https://duckduckgo.com/?q=ROUTER+BIT+9504) > operation timed out
✓ Not Found
[2015/14713] Searching: ROUTER BIT 9504... ✓ Found
[2016/14713] Searching: ROUTER BIT 9504... ✓ Found
[2017/14713] Searching: K EMTEX ROUTER BIT 9504L... ✓ Found
[2018/14713] Searching: K EMTEX ROUTER BIT 9504L... ✓ Found
[2019/14713] Searching: Router Bit 9504T... ✓ Found
[2020/14713] Searching: K-EMTEX- ROUTER BIT 9504XL... ✓ Found
[2021/14713] Searching: K-EMTEX- ROUTER BIT 9504XL... ✓ Found
[2022/14713] Searching: K EMTEX ROUTER BIT 9505... ✓ Found
[2023/14713] Searching: K EMTEX ROUTER BIT 9505... ✓ Found
[2024/14713] Searching: K EMTEX ROUTER BIT 9505L... Error searching 'K EMTEX ROUTER BIT 9505L': error sending request for url (https://duckduckgo.com/?q=K+EMTEX+ROUTER+BIT+9505L) > operation timed out
✓ Not Found
[2025/14713] Searching: K-EMTEX-ROUTERBIT9505XL... ✓ Found
[2026/14713] Searching: IDEAL ROUTER BIT 9506... ✓ Found
[2027/14713] Searching: IDEAL ROUTER BIT 9506L... ✓ Found
[2028/14713] Searching: ROUTER BIT 9506 T... ✓ Found
[2029/14713] Searching: ROUTER BIT 9506XL... ✓ Found
[2030/14713] Searching: K-POWERTEX-ROUTER BIT  9507... ✓ Found
[2031/14713] Searching: ROUTER BIT 9508... ✓ Found
[2032/14713] Searching: K-POWER TEX ROUTER BIT 9509... ✓ Found
[2033/14713] Searching: JCB AG950 GEAR BOX 950GB... ✓ Found
[2034/14713] Searching: 950NUT ARMATURE NUT... ✓ Found
[2035/14713] Searching: Screw Driver Flat 5*200... ✓ Found
[2036/14713] Searching: K-POWERTEX-ROUTER BIT -9510... ✓ Found
[2037/14713] Searching: Screw  Driver Flat 6*200... ✓ Found
[2038/14713] Searching: HIKOKI CORD ARMOR DV16V... ✓ Found
[2039/14713] Searching: Screw Driver Flat 8*200... Error searching 'Screw Driver Flat 8*200': error sending request for url (https://duckduckgo.com/?q=Screw+Driver+Flat+8*200) > operation timed out
✓ Not Found
[2040/14713] Searching: SWITCH -G10SS ,PDA100M... Error searching 'SWITCH -G10SS ,PDA100M': error sending request for url (https://duckduckgo.com/?q=SWITCH+-G10SS+%2CPDA100M) > operation timed out
✓ Not Found
[2041/14713] Searching: FREEMANS 3 MTR TAPE IKON... ✓ Found
[2042/14713] Searching: Ovel Head Ratchet Handle1/2... ✓ Found
[2043/14713] Searching: FREEMANS TAPE 3 MTR  BASIC... ✓ Found
[2044/14713] Searching: FREEMANS TAPE 3 MTR  BASIC... ✓ Found
[2045/14713] Searching: FREEMANS TAPE 3 MTR  BASIC... ✓ Found
[2046/14713] Searching: 3M TRANSPERENT TAPE FREEMANS... ✓ Found
[2047/14713] Searching: OIL SEAL... ✓ Found
[2048/14713] Searching: Lance 281... ✓ Found
[2049/14713] Searching: FREEMANS TAPE 10 MTR... ✓ Found
[2050/14713] Searching: FREEMANS TAPE 10 MTR... ✓ Found
  [Progress: 2050/14713 products processed]
[2051/14713] Searching: K-EMTEX ROUTER BIT 9801... ✓ Found
[2052/14713] Searching: O RING -H41SA 986104... ✓ Found
[2053/14713] Searching: O RING -H41SA 986104... ✓ Found
[2054/14713] Searching: O RING -H41SA 986104... ✓ Found
[2055/14713] Searching: Welding Rod Best Arc 2.5... ✓ Found
[2056/14713] Searching: Welding Rod Best Arc 2.5... ✓ Found
[2057/14713] Searching: Welding Rod Best Arc 2.5... ✓ Found
[2058/14713] Searching: Welding Rod Best Arc 2.5... ✓ Found
[2059/14713] Searching: Welding Rod Best Arc 3.5... Error searching 'Welding Rod Best Arc 3.5': error sending request for url (https://duckduckgo.com/?q=Welding+Rod+Best+Arc+3.5) > operation timed out
✓ Not Found
[2060/14713] Searching: Welding Rod Best Arc 3.5... ✓ Found
[2061/14713] Searching: Welding Rod Best Arc 3.5... ✓ Found
[2062/14713] Searching: ORING 7KG... ✓ Found
[2063/14713] Searching: RH28 ORING... ✓ Found
[2064/14713] Searching: FREEMANS 15 MTR TAPE... ✓ Found
[2065/14713] Searching: ROUTER BIT 9911... ✓ Found
[2066/14713] Searching: ROUTER BIT... ✓ Found
[2067/14713] Searching: ROUTER BIT 9924... ✓ Found
[2068/14713] Searching: Chissel J/b 3/4... ✓ Found
[2069/14713] Searching: ROUTER BIT... ✓ Found
[2070/14713] Searching: ROUTER BIT 9933... ✓ Found
[2071/14713] Searching: ROUTER BIT 9941... ✓ Found
[2072/14713] Searching: BACKLIFT LADDER 07'... ✓ Found
[2073/14713] Searching: BACKLIFT LADDER 07'... ✓ Found
[2074/14713] Searching: BACKLIFT LADDER 07'... ✓ Found
[2075/14713] Searching: K-EMTEX ROUTER BIT 9952... ✓ Found
[2076/14713] Searching: ROUTER BIT9953... ✓ Found
[2077/14713] Searching: BACKLIFT LADDER 08'... ✓ Found
[2078/14713] Searching: BACKLIFT LADDER 08'... ✓ Found
[2079/14713] Searching: BACKLIFT LADDER 08'... ✓ Found
[2080/14713] Searching: HIKOKI SEAL LOCK SCREW M4*109 997263... ✓ Found
[2081/14713] Searching: PUNCH -CN16... Error searching 'PUNCH -CN16': error sending request for url (https://duckduckgo.com/?q=PUNCH+-CN16) > operation timed out
✓ Not Found
[2082/14713] Searching: BOSCH SCREW DRIVER BIT DOUBL END 2608522372... ✓ Found
[2083/14713] Searching: BOSCH SCREW DRIVER BIT DOUBL END 2608522372... ✓ Found
[2084/14713] Searching: 2608521039 SCREW DRIVER BIT DOUBLE STAR... ✓ Found
[2085/14713] Searching: CARBON BRUSH -21 SET  PDA100... ✓ Found
[2086/14713] Searching: CARBON BRUSH -38 SET C12FCH... ✓ Found
[2087/14713] Searching: CARBON BRUSH -43 999043 FOR TILECUTTER... ✓ Found
[2088/14713] Searching: CARBON BRUSH -61 G18SH2... ✓ Found
[2089/14713] Searching: CARBON BRUSH -61 G18SH2... ✓ Found
[2090/14713] Searching: CARBON BRUSH -67 G10SS2... ✓ Found
[2091/14713] Searching: CARBON BRUSH -67 G10SS2... ✓ Found
[2092/14713] Searching: CARBON BRUSH -67 G10SS2... ✓ Found
[2093/14713] Searching: OIL SEAL... ✓ Found
[2094/14713] Searching: 0810 ORING  SET... ✓ Found
[2095/14713] Searching: VALCRO PAPPER 9 INCH IBELL... ✓ Found
[2096/14713] Searching: VALCRO PAPPER 9 INCH IBELL... ✓ Found
[2097/14713] Searching: VALCRO PAPPER 9 INCH IBELL... ✓ Found
[2098/14713] Searching: VALCRO PAPPER 9 INCH IBELL 120... ✓ Found
[2099/14713] Searching: SHOVEL 2AS SHOVEL... ✓ Found
[2100/14713] Searching: SPIRIT  LEVEL 9''... ✓ Found
  [Progress: 2100/14713 products processed]
[2101/14713] Searching: METRO 9 PCS PICK AND HOOK SET... ✓ Found
[2102/14713] Searching: EMERGENCY BULB RECHARGABLE 9W... ✓ Found
[2103/14713] Searching: LED LAMPS 9W OSRAM... ✓ Found
[2104/14713] Searching: LED LAMPS 9W OSRAM... ✓ Found
[2105/14713] Searching: LED LAMPS 9W OSRAM... ✓ Found
[2106/14713] Searching: LED LAMPS 9W OSRAM... ✓ Found
[2107/14713] Searching: V BELT A 39... ✓ Found
[2108/14713] Searching: AGRO LADDER 18 FEET A/L120008... ✓ Found
[2109/14713] Searching: AGRO LADDER 18 FEET SERIAL NO  120035... ✓ Found
[2110/14713] Searching: A+A... ✓ Found
[2111/14713] Searching: V BELT A32... ✓ Found
[2112/14713] Searching: V BELT A36... ✓ Found
[2113/14713] Searching: V BELT A039... ✓ Found
[2114/14713] Searching: V BELT A 41... ✓ Found
[2115/14713] Searching: V BELT A 41... ✓ Found
[2116/14713] Searching: V BELT A042... ✓ Found
[2117/14713] Searching: BOTTOM COVER 0810... ✓ Found
[2118/14713] Searching: BRUSH HOLDER 0810... ✓ Found
[2119/14713] Searching: BRUSH HOLDER XCAP... ✓ Found
[2120/14713] Searching: CONNECT ROD WITH NEEDLE BEARING 0810... ✓ Found
[2121/14713] Searching: CONNECT ROD WITH NEEDLE BEARING 0810... ✓ Found
[2122/14713] Searching: FRONT TOOL HOLDER 0810... ✓ Found
[2123/14713] Searching: ORING RED 5KG... ✓ Found
[2124/14713] Searching: OIL CAP WITH RUBBER RING... Error searching 'OIL CAP WITH RUBBER RING': error sending request for url (https://duckduckgo.com/?q=OIL+CAP+WITH+RUBBER+RING) > operation timed out
✓ Not Found
[2125/14713] Searching: OIL SEAL 0810T... ✓ Found
[2126/14713] Searching: PISTON PIN 0810... ✓ Found
[2127/14713] Searching: STEEL BALL 5KG... ✓ Found
[2128/14713] Searching: STEEL CONNECT ROD 0810... Error searching 'STEEL CONNECT ROD 0810': error sending request for url (https://duckduckgo.com/?q=STEEL+CONNECT+ROD+0810) > operation timed out
✓ Not Found
[2129/14713] Searching: SIDE HANDLE 0810... ✓ Found
[2130/14713] Searching: SIDE HANDLE 0810... ✓ Found
[2131/14713] Searching: PISTON 0835 7KG... ✓ Found
[2132/14713] Searching: 11E BUSHING... ✓ Found
[2133/14713] Searching: 11E BUSHING... ✓ Found
[2134/14713] Searching: BEARING COVER 11E... Error searching 'BEARING COVER 11E': error sending request for url (https://duckduckgo.com/?q=BEARING+COVER+11E) > operation timed out
✓ Not Found
[2135/14713] Searching: 11E BRUSH HOLDER SET... ✓ Found
[2136/14713] Searching: BRUSH HOLDER SPRING... ✓ Found
[2137/14713] Searching: 11E CONNECTING ROD... ✓ Found
[2138/14713] Searching: CABLE SLEEV 11E... Error searching 'CABLE SLEEV 11E': error sending request for url (https://duckduckgo.com/?q=CABLE+SLEEV+11E) > operation timed out
✓ Not Found
[2139/14713] Searching: FAN 11E... ✓ Found
[2140/14713] Searching: FRONT KIT 11E... ✓ Found
[2141/14713] Searching: CLAMPER FOR SIDE HANDLE... Error searching 'CLAMPER FOR SIDE HANDLE': error sending request for url (https://duckduckgo.com/?q=CLAMPER+FOR+SIDE+HANDLE) > operation timed out
✓ Not Found
[2142/14713] Searching: GEAR WHEEL... ✓ Found
[2143/14713] Searching: 11E HOLDER... Error searching '11E HOLDER': error sending request for url (https://duckduckgo.com/?q=11E+HOLDER) > operation timed out
✓ Not Found
[2144/14713] Searching: OIL FELT 11E... ✓ Found
[2145/14713] Searching: DAMPING RING... ✓ Found
[2146/14713] Searching: SWITCH LEVER 11E... ✓ Found
[2147/14713] Searching: SWITCH PLATE 11E... ✓ Found
[2148/14713] Searching: THREAD RING 11E... ✓ Found
[2149/14713] Searching: THREAD RING 11E... Error searching 'THREAD RING 11E': error sending request for url (https://duckduckgo.com/?q=THREAD+RING+11E) > operation timed out
✓ Not Found
[2150/14713] Searching: DRILL HOLDER... ✓ Found
  [Progress: 2150/14713 products processed]
[2151/14713] Searching: TIN CUTTER SPL8" DHAMAN WITH SLEEVES... ✓ Found
[2152/14713] Searching: PUTTY SPRAYER... ✓ Found
[2153/14713] Searching: SWITCH... ✓ Found
[2154/14713] Searching: SLEDGE HAMMER WITH FIBER GLASS HANDLE... ✓ Found
[2155/14713] Searching: ARIVAKATHI SPECIAL ONE RING... ✓ Found
[2156/14713] Searching: SCISSORS BIG BLACK CLOTH CUTTING 8 INCH A-200... ✓ Found
[2157/14713] Searching: GRINDER 20-180 SPINDLE... ✓ Found
[2158/14713] Searching: 2-20 ORING... Error searching '2-20 ORING': error sending request for url (https://duckduckgo.com/?q=2-20+ORING) > operation timed out
✓ Not Found
[2159/14713] Searching: SDS ADAPTER WITH SCREW 2-20... ✓ Found
[2160/14713] Searching: SDS ADAPTER WITH SCREW 2-20... Error searching 'SDS ADAPTER WITH SCREW 2-20': error sending request for url (https://duckduckgo.com/?q=SDS+ADAPTER+WITH+SCREW+2-20) > operation timed out
✓ Not Found
[2161/14713] Searching: BEARING SLEEV... ✓ Found
[2162/14713] Searching: BIG FLAT GEAR 2-20... ✓ Found
[2163/14713] Searching: DUMPING SET 2-20... ✓ Found
[2164/14713] Searching: FRONT KIT SET 2-20... ✓ Found
[2165/14713] Searching: GEAR A2-20... ✓ Found
[2166/14713] Searching: GEAR A2-20... ✓ Found
[2167/14713] Searching: KNOB... ✓ Found
[2168/14713] Searching: mouth CAP SET... ✓ Found
[2169/14713] Searching: 2-20 MOTOR HOUSING... ✓ Found
[2170/14713] Searching: ORING 2-20... ✓ Found
[2171/14713] Searching: OIL SEAL 2-20... ✓ Found
[2172/14713] Searching: 2-20 PISTON... ✓ Found
[2173/14713] Searching: WASHER... ✓ Found
[2174/14713] Searching: 2-20 SWITCH... ✓ Found
[2175/14713] Searching: SWING BEARING... ✓ Found
[2176/14713] Searching: FLAT GEAR... ✓ Found
[2177/14713] Searching: 2-26 CLAMPER SET... ✓ Found
[2178/14713] Searching: C TYPE CLIP... ✓ Found
[2179/14713] Searching: FRONT TOOL HOLDER 2-26... Error searching 'FRONT TOOL HOLDER 2-26': error sending request for url (https://duckduckgo.com/?q=FRONT+TOOL+HOLDER+2-26) > operation timed out
✓ Not Found
[2180/14713] Searching: GEAR... Error searching 'GEAR': error sending request for url (https://duckduckgo.com/?q=GEAR) > operation timed out
✓ Not Found
[2181/14713] Searching: A2-26 HOLDER... ✓ Found
[2182/14713] Searching: IMPACT BOLT... ✓ Found
[2183/14713] Searching: 2-26 KNOB... ✓ Found
[2184/14713] Searching: 2-26 MCS... Error searching '2-26 MCS': error sending request for url (https://duckduckgo.com/?q=2-26+MCS) > operation timed out
✓ Not Found
[2185/14713] Searching: NEEDLE BEARING... ✓ Found
[2186/14713] Searching: ORING 2-26... ✓ Found
[2187/14713] Searching: 2-26 PISTON... ✓ Found
[2188/14713] Searching: 2-26 PISTON... ✓ Found
[2189/14713] Searching: 2-26 SWITCH... Error searching '2-26 SWITCH': error sending request for url (https://duckduckgo.com/?q=2-26+SWITCH) > operation timed out
✓ Not Found
[2190/14713] Searching: NEEDLE BEARING... ✓ Found
[2191/14713] Searching: STARTOR PIN... ✓ Found
[2192/14713] Searching: STARTOR PIN... ✓ Found
[2193/14713] Searching: 2-26 SPRING... ✓ Found
[2194/14713] Searching: DRILL SWITCH 2410  10MM DRILL DARK... ✓ Found
[2195/14713] Searching: SCISSORS BIG BLACK 10 INCH -A-250... ✓ Found
[2196/14713] Searching: V BELT A28... ✓ Found
[2197/14713] Searching: ALAVANGOES 3.5KG... Error searching 'ALAVANGOES 3.5KG': error sending request for url (https://duckduckgo.com/?q=ALAVANGOES+3.5KG) > operation timed out
✓ Not Found
[2198/14713] Searching: SCISSORS BIG BLACK 12 INCH A-300... ✓ Found
[2199/14713] Searching: V BELT A32... ✓ Found
[2200/14713] Searching: FRONT KIT SET... ✓ Found
  [Progress: 2200/14713 products processed]
[2201/14713] Searching: IMPACT BOLT 3-26... ✓ Found
[2202/14713] Searching: OIL CAP WITH ORING... Error searching 'OIL CAP WITH ORING': error sending request for url (https://duckduckgo.com/?q=OIL+CAP+WITH+ORING) > operation timed out
✓ Not Found
[2203/14713] Searching: SWITCH... ✓ Found
[2204/14713] Searching: TOOLS HOLDER 3-26... ✓ Found
[2205/14713] Searching: V BELT A32... ✓ Found
[2206/14713] Searching: V BELT A33F... ✓ Found
[2207/14713] Searching: V BELT A35... ✓ Found
[2208/14713] Searching: A36FENNER POLY F PLUS... ✓ Found
[2209/14713] Searching: V BELT A36... ✓ Found
[2210/14713] Searching: BODY SET ROUTER... ✓ Found
[2211/14713] Searching: V BELT FENNER POLY A37... ✓ Found
[2212/14713] Searching: VBELT A39 FENNER POLY... ✓ Found
[2213/14713] Searching: VBELT A39 FENNER POLY... ✓ Found
[2214/14713] Searching: A4  SHEET... ✓ Found
[2215/14713] Searching: ALAVANGUE 4.5 KG... Error searching 'ALAVANGUE 4.5 KG': error sending request for url (https://duckduckgo.com/?q=ALAVANGUE+4.5+KG) > operation timed out
✓ Not Found
[2216/14713] Searching: V BELT A40... Error searching 'V BELT A40': error sending request for url (https://duckduckgo.com/?q=V+BELT+A40) > operation timed out
✓ Not Found
[2217/14713] Searching: V BELT A40... ✓ Found
[2218/14713] Searching: A40 FENNER WET GRINDER BELT   A40... ✓ Found
[2219/14713] Searching: V BELT A 41... ✓ Found
[2220/14713] Searching: A42 FENNER WET GRINDER BELT... ✓ Found
[2221/14713] Searching: V BELT A42F... Error searching 'V BELT A42F': error sending request for url (https://duckduckgo.com/?q=V+BELT+A42F) > operation timed out
✓ Not Found
[2222/14713] Searching: V BELT A43... ✓ Found
[2223/14713] Searching: A44 FENNER WET GRINDER BELT... ✓ Found
[2224/14713] Searching: A44 FENNER WET GRINDER BELT... ✓ Found
[2225/14713] Searching: A46 FENNER WET GRINDER BELT... Error searching 'A46 FENNER WET GRINDER BELT': error sending request for url (https://duckduckgo.com/?q=A46+FENNER+WET+GRINDER+BELT) > operation timed out
✓ Not Found
[2226/14713] Searching: V BELT A57F... ✓ Found
[2227/14713] Searching: ALAVANGOES 5 KG... Error searching 'ALAVANGOES 5 KG': error sending request for url (https://duckduckgo.com/?q=ALAVANGOES+5+KG) > operation timed out
✓ Not Found
[2228/14713] Searching: 6-100 AB WASHE R... Error searching '6-100 AB WASHE R': error sending request for url (https://duckduckgo.com/?q=6-100+AB+WASHE+R) > operation timed out
✓ Not Found
[2229/14713] Searching: GWS6-100 BEARING COVER... ✓ Found
[2230/14713] Searching: CENTRAL COVER GWS6-100... Error searching 'CENTRAL COVER GWS6-100': error sending request for url (https://duckduckgo.com/?q=CENTRAL+COVER+GWS6-100) > operation timed out
✓ Not Found
[2231/14713] Searching: GWS6-100 GEAR... ✓ Found
[2232/14713] Searching: IG PLATE GWS6-100... ✓ Found
[2233/14713] Searching: KNOB... ✓ Found
[2234/14713] Searching: LOCK SET AG6-100... ✓ Found
[2235/14713] Searching: PVC BEARING BOX GWS6100... ✓ Found
[2236/14713] Searching: SPINDLE AG6100... ✓ Found
[2237/14713] Searching: SWITCH KNOB +LEVER GWS6-100... ✓ Found
[2238/14713] Searching: SWITCH KNOB +LEVER GWS6-100... ✓ Found
[2239/14713] Searching: AG6100 SPANNER KEY... ✓ Found
[2240/14713] Searching: AG6100 SPANNER KEY... ✓ Found
[2241/14713] Searching: V BELT A61 F... ✓ Found
[2242/14713] Searching: V BELT A62... ✓ Found
[2243/14713] Searching: NEW AMERICAN LADDER 6'... ✓ Found
[2244/14713] Searching: 13MM DRILL SWITCH... ✓ Found
[2245/14713] Searching: 16KG MOUTH... Error searching '16KG MOUTH': error sending request for url (https://duckduckgo.com/?q=16KG+MOUTH) > operation timed out
✓ Not Found
[2246/14713] Searching: BOTTOM COVER... ✓ Found
[2247/14713] Searching: BRUSH HOLDER SET... ✓ Found
[2248/14713] Searching: DEMBAR BUSH... ✓ Found
[2249/14713] Searching: BOLT... ✓ Found
[2250/14713] Searching: BIT LOCK SET... ✓ Found
  [Progress: 2250/14713 products processed]
[2251/14713] Searching: BIT LOCK SET... ✓ Found
[2252/14713] Searching: MOUTH SLEEVE... ✓ Found
[2253/14713] Searching: HOLDER CAP... ✓ Found
[2254/14713] Searching: 16KG DUMPER SET... ✓ Found
[2255/14713] Searching: 16KG HANDLE... ✓ Found
[2256/14713] Searching: 16KGSTARTOR RING... ✓ Found
[2257/14713] Searching: SHANK SLEEV... ✓ Found
[2258/14713] Searching: V BELT A 66... ✓ Found
[2259/14713] Searching: V BELT 71F... ✓ Found
[2260/14713] Searching: SCREW... ✓ Found
[2261/14713] Searching: ORING... ✓ Found
[2262/14713] Searching: 5KG BALL BEARING... ✓ Found
[2263/14713] Searching: SWITCH 5KG... ✓ Found
[2264/14713] Searching: MAKITA MULTI BLADE 10*32T A-83696... Error searching 'MAKITA MULTI BLADE 10*32T A-83696': error sending request for url (https://duckduckgo.com/?q=MAKITA+MULTI+BLADE+10*32T+A-83696) > operation timed out
✓ Not Found
[2265/14713] Searching: SWITCH... Error searching 'SWITCH': error sending request for url (https://duckduckgo.com/?q=SWITCH) > operation timed out
✓ Not Found
[2266/14713] Searching: GEAR 9553GRINDER... ✓ Found
[2267/14713] Searching: GEAR 9553GRINDER... ✓ Found
[2268/14713] Searching: LOCK SET 9553... ✓ Found
[2269/14713] Searching: PANASONIC BATTERY... ✓ Found
[2270/14713] Searching: SPARE GUAGE... ✓ Found
[2271/14713] Searching: AB WASHER CM4SA... ✓ Found
[2272/14713] Searching: AUGER BIT 25MM... ✓ Found
[2273/14713] Searching: PULLER... ✓ Found
[2274/14713] Searching: AIR BLOW GUN LONG 110 HANBON... ✓ Found
[2275/14713] Searching: TUQO CORDLESS AIR BLOWER 2 IN 1LED TYPE C... ✓ Found
[2276/14713] Searching: BRUSHCUTTER HOLDER A-BLADE... Error searching 'BRUSHCUTTER HOLDER A-BLADE': error sending request for url (https://duckduckgo.com/?q=BRUSHCUTTER+HOLDER+A-BLADE) > operation timed out
✓ Not Found
[2277/14713] Searching: AIR BLOWER NO -50... ✓ Found
[2278/14713] Searching: AIR BLOWER NO -70... ✓ Found
[2279/14713] Searching: BLOWER PIPE... ✓ Found
[2280/14713] Searching: VOYLET AIR BRUSH ABS128... ✓ Found
[2281/14713] Searching: ARTIST AIR BRUSH GUN UNIQUE... ✓ Found
[2282/14713] Searching: ARTIST AIR BRUSH GUN UNIQUE... ✓ Found
[2283/14713] Searching: ALUMINIUM BODY HUB FOR VIBRATOR... ✓ Found
[2284/14713] Searching: AB WASHER ALL TYPE APPU... ✓ Found
[2285/14713] Searching: AB WASHER 6-100... ✓ Found
[2286/14713] Searching: AB WASHER 6-100... ✓ Found
[2287/14713] Searching: AB WASHER 6-100... ✓ Found
[2288/14713] Searching: ALUMINIUM CABLE... ✓ Found
[2289/14713] Searching: AC FAN... ✓ Found
[2290/14713] Searching: AC PARKING... ✓ Found
[2291/14713] Searching: AC3 AIR FILTER... ✓ Found
[2292/14713] Searching: AC3 CIRCLIP 1... ✓ Found
[2293/14713] Searching: AC3 CIRCLIP 1... ✓ Found
[2294/14713] Searching: AC3 BREATH PIPE WITH TWO SEALED RING... Error searching 'AC3 BREATH PIPE WITH TWO SEALED RING': error sending request for url (https://duckduckgo.com/?q=AC3+BREATH+PIPE+WITH+TWO+SEALED+RING) > operation timed out
✓ Not Found
[2295/14713] Searching: AC3 BREATH PIPE WITH TWO SEALED RING... ✓ Found
[2296/14713] Searching: AC3 CYLINDER COVER  GASKET FOR COMPRESSOR... Error searching 'AC3 CYLINDER COVER  GASKET FOR COMPRESSOR': error sending request for url (https://duckduckgo.com/?q=AC3+CYLINDER+COVER++GASKET+FOR+COMPRESSOR) > operation timed out
✓ Not Found
[2297/14713] Searching: AC3 CYLINDER COVER  GASKET FOR COMPRESSOR... ✓ Found
[2298/14713] Searching: AC3 CYLINDER GASKET FOR COMPRESSOR... ✓ Found
[2299/14713] Searching: AC3 CYLINDER GASKET FOR COMPRESSOR... ✓ Found
[2300/14713] Searching: AC3 CYLINDER GASKET FOR COMPRESSOR... Error searching 'AC3 CYLINDER GASKET FOR COMPRESSOR': error sending request for url (https://duckduckgo.com/?q=AC3+CYLINDER+GASKET+FOR+COMPRESSOR) > operation timed out
✓ Not Found
  [Progress: 2300/14713 products processed]
[2301/14713] Searching: AC3 CONNECTING ROD... ✓ Found
[2302/14713] Searching: AC3 CRANK... ✓ Found
[2303/14713] Searching: AC3 CYLINDER FOR BRUSHCUTTER 2642... ✓ Found
[2304/14713] Searching: AC3  DRAIN VALVE FOR COMPRESSOR... Error searching 'AC3  DRAIN VALVE FOR COMPRESSOR': error sending request for url (https://duckduckgo.com/?q=AC3++DRAIN+VALVE+FOR+COMPRESSOR) > operation timed out
✓ Not Found
[2305/14713] Searching: AC3 FAN COVER... Error searching 'AC3 FAN COVER': error sending request for url (https://duckduckgo.com/?q=AC3+FAN+COVER) > operation timed out
✓ Not Found
[2306/14713] Searching: AC3 FASHER FOOT 50L WITH BOLT... ✓ Found
[2307/14713] Searching: AC3 MOTOR COVER... ✓ Found
[2308/14713] Searching: AC3 OIL LEVELER... Error searching 'AC3 OIL LEVELER': error sending request for url (https://duckduckgo.com/?q=AC3+OIL+LEVELER) > operation timed out
✓ Not Found
[2309/14713] Searching: AC3 PISTON... ✓ Found
[2310/14713] Searching: AC3 PRESSURE GAUGE... ✓ Found
[2311/14713] Searching: AC3 PISTON PIN... ✓ Found
[2312/14713] Searching: AC3 PISTON RING... ✓ Found
[2313/14713] Searching: AC3 PISTON RING... Error searching 'AC3 PISTON RING': error sending request for url (https://duckduckgo.com/?q=AC3+PISTON+RING) > operation timed out
✓ Not Found
[2314/14713] Searching: AC3 ROTOR... ✓ Found
[2315/14713] Searching: AC3 RELEASE PIPE... ✓ Found
[2316/14713] Searching: AC3 DISTRIBUTOR... ✓ Found
[2317/14713] Searching: AC3 REGULATOR VALVE AND DISTRIBUTER VALVE... ✓ Found
[2318/14713] Searching: AC3 SWITCH COVER... Error searching 'AC3 SWITCH COVER': error sending request for url (https://duckduckgo.com/?q=AC3+SWITCH+COVER) > operation timed out
✓ Not Found
[2319/14713] Searching: AC3 SEALING RING... ✓ Found
[2320/14713] Searching: AC3 SEALING RING... ✓ Found
[2321/14713] Searching: AC3 STATOR... ✓ Found
[2322/14713] Searching: AC3 VALVE PLATE... ✓ Found
[2323/14713] Searching: A C3 VALVE PLATE GASKET FOR COMPRESSOR... ✓ Found
[2324/14713] Searching: A C3 VALVE PLATE GASKET FOR COMPRESSOR... ✓ Found
[2325/14713] Searching: A C3 VALVE PLATE GASKET FOR COMPRESSOR... ✓ Found
[2326/14713] Searching: AC3 WHEEL 50L... ✓ Found
[2327/14713] Searching: AC3 ONLY WAY VALVE... ✓ Found
[2328/14713] Searching: AC3 ONLY WAY VALVE... Error searching 'AC3 ONLY WAY VALVE': error sending request for url (https://duckduckgo.com/?q=AC3+ONLY+WAY+VALVE) > operation timed out
✓ Not Found
[2329/14713] Searching: AC876486... ✓ Found
[2330/14713] Searching: ALAVANGOES CROW BAR 2 KG... ✓ Found
[2331/14713] Searching: ALAVANGOES CROW BAR 3. KG... ✓ Found
[2332/14713] Searching: ALAVANGOES CROW BAR 4 KG... ✓ Found
[2333/14713] Searching: 18 INCH A/C P.C BOARD... ✓ Found
[2334/14713] Searching: ADJUSTABLE CIRCLE CUTTER... ✓ Found
[2335/14713] Searching: SWITCH CC14SF CUTT OFF SAW... ✓ Found
[2336/14713] Searching: ACE GOLD DIAMOND CUP WHEEL 125 MM DOUBLE ROW... ✓ Found
[2337/14713] Searching: ACE GOLD DIAMOND CUP WHEEL 180MM DOUBLE WHEEL... ✓ Found
[2338/14713] Searching: AIR COMPRESSOR FILTER... ✓ Found
[2339/14713] Searching: FAD CUTTING SHEAR 8 INCH GRAPE A3... Error searching 'FAD CUTTING SHEAR 8 INCH GRAPE A3': error sending request for url (https://duckduckgo.com/?q=FAD+CUTTING+SHEAR+8+INCH+GRAPE+A3) > operation timed out
✓ Not Found
[2340/14713] Searching: AUTO CLOSE HINGES SOFT CRANK PRIME 0... ✓ Found
[2341/14713] Searching: AUTO CLOSE HINGES 15 CRANK PRIME... ✓ Found
[2342/14713] Searching: AUTO CLOSE HINGES CLOSING CRANK PRIME 8... ✓ Found
[2343/14713] Searching: AB WASHER... ✓ Found
[2344/14713] Searching: AB WASHER... ✓ Found
[2345/14713] Searching: AB WASHER... ✓ Found
[2346/14713] Searching: BEARING BOX  CM4SA... ✓ Found
[2347/14713] Searching: BEARING BOX  CM4SA... ✓ Found
[2348/14713] Searching: BRUSH HOLDER CAP CM4SA... ✓ Found
[2349/14713] Searching: CM4 CABLE SLEEVE... ✓ Found
[2350/14713] Searching: CM4SA GEAR... ✓ Found
  [Progress: 2350/14713 products processed]
[2351/14713] Searching: BEARING  BOX... ✓ Found
[2352/14713] Searching: SWITCH  ACM4SAS... ✓ Found
[2353/14713] Searching: SWITCH  ACM4SAS... ✓ Found
[2354/14713] Searching: CM4SA  SPINDLE... ✓ Found
[2355/14713] Searching: AB WASHER... ✓ Found
[2356/14713] Searching: AB WASHER... ✓ Found
[2357/14713] Searching: BEARING BOX... ✓ Found
[2358/14713] Searching: BEARING BOX... ✓ Found
[2359/14713] Searching: BRUSH HOLDER CAP CM4SB... ✓ Found
[2360/14713] Searching: GEAR... ✓ Found
[2361/14713] Searching: SPINDLE CM4SB... ✓ Found
[2362/14713] Searching: WIND GUARD  CM4SB... ✓ Found
[2363/14713] Searching: CM5 GEAR... ✓ Found
[2364/14713] Searching: AC OVER LOAD SWITCH 200 LTR... ✓ Found
[2365/14713] Searching: BANCH DRILL PIN... ✓ Found
[2366/14713] Searching: AC RING SET -BIG... ✓ Found
[2367/14713] Searching: KENYU AIR COMPRESSOR 2HP 30L HEAD KYP-ACSP30L... ✓ Found
[2368/14713] Searching: ACCELERATOR SPRING... ✓ Found
[2369/14713] Searching: ULTRA CUT GARDEN FLOWER CUTTER 8 INCH... ✓ Found
[2370/14713] Searching: HSS DRILL BIT 1MM... ✓ Found
[2371/14713] Searching: HSS DRILL BIT 1MM... ✓ Found
[2372/14713] Searching: HSS DRILL BIT 1.5MM... ✓ Found
[2373/14713] Searching: DRILL BIT 1/2"... ✓ Found
[2374/14713] Searching: DRILL BIT 1/8A... Error searching 'DRILL BIT 1/8A': error sending request for url (https://duckduckgo.com/?q=DRILL+BIT+1%2F8A) > operation timed out
✓ Not Found
[2375/14713] Searching: HSS DRILL 10MM MIRANDA... ✓ Found
[2376/14713] Searching: DRILL BIT 10.5... ✓ Found
[2377/14713] Searching: DRILL BIT 10M... ✓ Found
[2378/14713] Searching: DRILL BIT 10M... Error searching 'DRILL BIT 10M': error sending request for url (https://duckduckgo.com/?q=DRILL+BIT+10M) > operation timed out
✓ Not Found
[2379/14713] Searching: DRILL BIT 10MM BULLET... ✓ Found
[2380/14713] Searching: DRILL BIT  11.5... ✓ Found
[2381/14713] Searching: DRILL BIT  11/1  RUHI... ✓ Found
[2382/14713] Searching: DRILL BIT  11/1  RUHI... Error searching 'DRILL BIT  11/1  RUHI': error sending request for url (https://duckduckgo.com/?q=DRILL+BIT++11%2F1++RUHI) > operation timed out
✓ Not Found
[2383/14713] Searching: HSS DRILL BIT 12MM MIRANDA... ✓ Found
[2384/14713] Searching: DRILL BIT... ✓ Found
[2385/14713] Searching: DRILL BIT  12  RUHI... ✓ Found
[2386/14713] Searching: DRILL BIT  12  RUHI... ✓ Found
[2387/14713] Searching: RUHI DRILL BIT 13... ✓ Found
[2388/14713] Searching: RUHI DRILL BIT 13... ✓ Found
[2389/14713] Searching: RUHI DRILL BIT 13... ✓ Found
[2390/14713] Searching: DRILL BIT 13MM BULLET... Error searching 'DRILL BIT 13MM BULLET': error sending request for url (https://duckduckgo.com/?q=DRILL+BIT+13MM+BULLET) > operation timed out
✓ Not Found
[2391/14713] Searching: DRILL BIT 16MM RAJ... ✓ Found
[2392/14713] Searching: HSS DRILL BIT 2MM... ✓ Found
[2393/14713] Searching: HSS DRILL BIT2.5MM... ✓ Found
[2394/14713] Searching: HSS DRILL BIT2.5MM... ✓ Found
[2395/14713] Searching: RUHI  DRILL BIT 205... ✓ Found
[2396/14713] Searching: RUHI  DRILL BIT 205... ✓ Found
[2397/14713] Searching: RUHI  DRILL BIT 205... ✓ Found
[2398/14713] Searching: HSS DRILL BIT 2.6MM... ✓ Found
[2399/14713] Searching: HSS DRILL BIT 2.9MM... ✓ Found
[2400/14713] Searching: RUHI DRILL BIT 2MM IMP... ✓ Found
  [Progress: 2400/14713 products processed]
[2401/14713] Searching: RUHI DRILL BIT 2MM IMP... ✓ Found
[2402/14713] Searching: RUHI DRILL BIT 2MM IMP... ✓ Found
[2403/14713] Searching: DRILL BIT 3.5  MMA... ✓ Found
[2404/14713] Searching: DRILL BIT 3.5  MMA... ✓ Found
[2405/14713] Searching: DRILL BIT 3.5... ✓ Found
[2406/14713] Searching: DRILL BIT 3.5... ✓ Found
[2407/14713] Searching: DRILL BIT 3.5 BULLET... ✓ Found
[2408/14713] Searching: RUHI DRILL BIT  3M... ✓ Found
[2409/14713] Searching: RUHI DRILL BIT  3M... ✓ Found
[2410/14713] Searching: RUHI DRILL BIT  3M... ✓ Found
[2411/14713] Searching: RUHI DRILL BIT  3M... ✓ Found
[2412/14713] Searching: DRILL BIT 3/32... ✓ Found
[2413/14713] Searching: DRILL BIT 3MM... Error searching 'DRILL BIT 3MM': error sending request for url (https://duckduckgo.com/?q=DRILL+BIT+3MM) > operation timed out
✓ Not Found
[2414/14713] Searching: DRILL BIT 3MM... ✓ Found
[2415/14713] Searching: DRILL BIT 4.5MA... ✓ Found
[2416/14713] Searching: RUHI DRILL BIT 4.5MM IMP... Error searching 'RUHI DRILL BIT 4.5MM IMP': error sending request for url (https://duckduckgo.com/?q=RUHI+DRILL+BIT+4.5MM+IMP) > operation timed out
✓ Not Found
[2417/14713] Searching: RUHI DRILL BIT 4.5MM IMP... ✓ Found
[2418/14713] Searching: RUHI DRILL BIT 4.5MM IMP... ✓ Found
[2419/14713] Searching: RUHI DRILL BIT  4... ✓ Found
[2420/14713] Searching: RUHI DRILL BIT  4... ✓ Found
[2421/14713] Searching: DRILL BIT 4 BULLET... Error searching 'DRILL BIT 4 BULLET': error sending request for url (https://duckduckgo.com/?q=DRILL+BIT+4+BULLET) > operation timed out
✓ Not Found
[2422/14713] Searching: DRILL BIT 4MM... ✓ Found
[2423/14713] Searching: DRILL BIT 4MM... ✓ Found
[2424/14713] Searching: DRILL BIT 5MM SS MIRANDA... ✓ Found
[2425/14713] Searching: DRILL BIT 5.5MMA... Error searching 'DRILL BIT 5.5MMA': error sending request for url (https://duckduckgo.com/?q=DRILL+BIT+5.5MMA) > operation timed out
✓ Not Found
[2426/14713] Searching: DRILL BIT 5.5MM IMP... ✓ Found
[2427/14713] Searching: RUHI DRILL BIT  5... ✓ Found
[2428/14713] Searching: RUHI DRILL BIT  5... ✓ Found
[2429/14713] Searching: HS DRILL BIT 5/64... ✓ Found
[2430/14713] Searching: DRILL BIT 5MM SS... Error searching 'DRILL BIT 5MM SS': error sending request for url (https://duckduckgo.com/?q=DRILL+BIT+5MM+SS) > operation timed out
✓ Not Found
[2431/14713] Searching: DRILL BIT 5MM SS... ✓ Found
[2432/14713] Searching: DRILL BIT 6MM A... ✓ Found
[2433/14713] Searching: DRILL BIT 6MM A... ✓ Found
[2434/14713] Searching: DRILL BIT 6.5MMA... ✓ Found
[2435/14713] Searching: DRILL BIT  6.5... ✓ Found
[2436/14713] Searching: RUHI DRILL BIT 6MM IMP... ✓ Found
[2437/14713] Searching: RUHI DRILL BIT 6MM IMP... ✓ Found
[2438/14713] Searching: RUHI DRILL BIT 6MM IMP... ✓ Found
[2439/14713] Searching: DRILL BIT 6MM  MIRANDA... ✓ Found
[2440/14713] Searching: DRILL BIT 6M BULLET... Error searching 'DRILL BIT 6M BULLET': error sending request for url (https://duckduckgo.com/?q=DRILL+BIT+6M+BULLET) > operation timed out
✓ Not Found
[2441/14713] Searching: DRILL BIT 7MM SS... ✓ Found
[2442/14713] Searching: DRILL BIT  7.5... ✓ Found
[2443/14713] Searching: DRILL BIT  7... ✓ Found
[2444/14713] Searching: DRILL BIT  7... ✓ Found
[2445/14713] Searching: DRILL BIT  7... ✓ Found
[2446/14713] Searching: HSS DRILL BIT 7/64... ✓ Found
[2447/14713] Searching: DRILL BIT 8.5MM... ✓ Found
[2448/14713] Searching: DRILL BIT 8.5... ✓ Found
[2449/14713] Searching: RUHI DRILL BIT  8 RUHI... ✓ Found
[2450/14713] Searching: RUHI DRILL BIT  8 RUHI... ✓ Found
  [Progress: 2450/14713 products processed]
[2451/14713] Searching: RUHI DRILL BIT  8 RUHI... ✓ Found
[2452/14713] Searching: RUHI DRILL BIT  8 RUHI... ✓ Found
[2453/14713] Searching: DRILL BIT 8MM  MIRANDA... ✓ Found
[2454/14713] Searching: DRILL BIT 8M BULLET... ✓ Found
[2455/14713] Searching: DRILL BIT 8MM SS... ✓ Found
[2456/14713] Searching: DRILL BIT 8MM SS... ✓ Found
[2457/14713] Searching: DRILL BIT 9.5... ✓ Found
[2458/14713] Searching: DRILL BIT  9M  RUHI... ✓ Found
[2459/14713] Searching: DRILL BIT  9M  RUHI... ✓ Found
[2460/14713] Searching: ADAPTER... ✓ Found
[2461/14713] Searching: ADDED CABLE NO SIZE... Error searching 'ADDED CABLE NO SIZE': error sending request for url (https://duckduckgo.com/?q=ADDED+CABLE+NO+SIZE) > operation timed out
✓ Not Found
[2462/14713] Searching: ADD ON BLOCK MNX1 NO... ✓ Found
[2463/14713] Searching: AUTO DARKENING HELMET GB LD... ✓ Found
[2464/14713] Searching: ADAKKAKATHI... ✓ Found
[2465/14713] Searching: ALKON DISK PAPPER 100... ✓ Found
[2466/14713] Searching: ALKON DISK PAPPER 100... Error searching 'ALKON DISK PAPPER 100': error sending request for url (https://duckduckgo.com/?q=ALKON+DISK+PAPPER+100) > operation timed out
✓ Not Found
[2467/14713] Searching: ALKON DISK PAPPER 100... Error searching 'ALKON DISK PAPPER 100': error sending request for url (https://duckduckgo.com/?q=ALKON+DISK+PAPPER+100) > operation timed out
✓ Not Found
[2468/14713] Searching: NORTON  ALKON PAPPER 120... ✓ Found
[2469/14713] Searching: NORTON  ALKON PAPPER 120... ✓ Found
[2470/14713] Searching: NORTON  ALKON PAPPER 120... ✓ Found
[2471/14713] Searching: ALKON DISK PAPPER 36 BULL... ✓ Found
[2472/14713] Searching: ALKON DISK PAPPER 36 BULL... ✓ Found
[2473/14713] Searching: ALKON DISK PAPPER 60 BULL... ✓ Found
[2474/14713] Searching: ALKON DISK PAPPER 60 BULL... ✓ Found
[2475/14713] Searching: ALKON DISK PAPPER 60 BULL... Error searching 'ALKON DISK PAPPER 60 BULL': error sending request for url (https://duckduckgo.com/?q=ALKON+DISK+PAPPER+60+BULL) > operation timed out
✓ Not Found
[2476/14713] Searching: ALKON DISK PAPPER 80... ✓ Found
[2477/14713] Searching: ALKON DISK PAPPER 80... ✓ Found
[2478/14713] Searching: ALKON DISK PAPPER 80... ✓ Found
[2479/14713] Searching: ADAPTER... ✓ Found
[2480/14713] Searching: ARIVAL DOUBLE RING (THOTTI )... ✓ Found
[2481/14713] Searching: HAMMER DRILL SLEEVE... ✓ Found
[2482/14713] Searching: GEAR... Error searching 'GEAR': error sending request for url (https://duckduckgo.com/?q=GEAR) > operation timed out
✓ Not Found
[2483/14713] Searching: aduppu... ✓ Found
[2484/14713] Searching: SWITCH... ✓ Found
[2485/14713] Searching: ADVERTISING CALENDER... ✓ Found
[2486/14713] Searching: AB WASHER  dw801... ✓ Found
[2487/14713] Searching: AB WASHER  dw801... Error searching 'AB WASHER  dw801': error sending request for url (https://duckduckgo.com/?q=AB+WASHER++dw801) > operation timed out
✓ Not Found
[2488/14713] Searching: BEARING HOLDER DW801... ✓ Found
[2489/14713] Searching: BRUSH HOLDER SUPPORT DW801... ✓ Found
[2490/14713] Searching: DW801 GEAR BOX+BH+NEEDLE BEARING... ✓ Found
[2491/14713] Searching: DW801 CABLE SLEEVE... ✓ Found
[2492/14713] Searching: GEAR DW801... ✓ Found
[2493/14713] Searching: GEAR DW801... ✓ Found
[2494/14713] Searching: LOCK SET DW801... ✓ Found
[2495/14713] Searching: NEEDLE BEARING DW801... ✓ Found
[2496/14713] Searching: SWITCH... ✓ Found
[2497/14713] Searching: SWITCH... Error searching 'SWITCH': error sending request for url (https://duckduckgo.com/?q=SWITCH) > operation timed out
✓ Not Found
[2498/14713] Searching: DW801 SPINDLE... ✓ Found
[2499/14713] Searching: WIND GUARD DW801... ✓ Found
[2500/14713] Searching: 13MM DRILL SWITCH... ✓ Found
  [Progress: 2500/14713 products processed]
[2501/14713] Searching: EID13A DRILL GEAR... Error searching 'EID13A DRILL GEAR': error sending request for url (https://duckduckgo.com/?q=EID13A+DRILL+GEAR) > operation timed out
✓ Not Found
[2502/14713] Searching: GEAR... ✓ Found
[2503/14713] Searching: AIR FILTER... ✓ Found
[2504/14713] Searching: AIR FILTER 74CC... Error searching 'AIR FILTER 74CC': error sending request for url (https://duckduckgo.com/?q=AIR+FILTER+74CC) > operation timed out
✓ Not Found
[2505/14713] Searching: AIRFILTER BIG 58CC... ✓ Found
[2506/14713] Searching: CUTTING TORCH ARCFLOW ISI 2PIPE AFI-2... ✓ Found
[2507/14713] Searching: MINIAIR COMPRESSOR FILTER... ✓ Found
[2508/14713] Searching: AIR FILTER  SMALL 58CC... ✓ Found
[2509/14713] Searching: AIR FILTER  SET  ASSY  RAJ AGRO... ✓ Found
[2510/14713] Searching: FEVICOL ALLFIX... ✓ Found
[2511/14713] Searching: SWITCH ON/OFF AG06... ✓ Found
[2512/14713] Searching: BULL GOLD AG-100 CENTER COVER... Error searching 'BULL GOLD AG-100 CENTER COVER': error sending request for url (https://duckduckgo.com/?q=BULL+GOLD+AG-100+CENTER+COVER) > operation timed out
✓ Not Found
[2513/14713] Searching: BULL GOLD AG-100 LOCKSET... ✓ Found
[2514/14713] Searching: BULL GOLD AG-100 LOCKSET... ✓ Found
[2515/14713] Searching: BULL GOLD AG-100 MOTOR HOUSING... ✓ Found
[2516/14713] Searching: AG72 CARBON BRUSH... ✓ Found
[2517/14713] Searching: AG92 CARBON BRUSH... ✓ Found
[2518/14713] Searching: BEARING  BOX... Error searching 'BEARING  BOX': error sending request for url (https://duckduckgo.com/?q=BEARING++BOX) > operation timed out
✓ Not Found
[2519/14713] Searching: GEAR WHEEL... ✓ Found
[2520/14713] Searching: BULL GOLD AG-125 BEARING SLEEVE 607... ✓ Found
[2521/14713] Searching: BULL GOLD AG-125 BEARING SLEEVE 607... ✓ Found
[2522/14713] Searching: BULL GOLD AG125 CARBON BRUSH... ✓ Found
[2523/14713] Searching: AG-125 GEAR BULL GOLD... ✓ Found
[2524/14713] Searching: AG-125 GEAR BULL GOLD... ✓ Found
[2525/14713] Searching: AG125 GEARLOCK SET  AG125GL... ✓ Found
[2526/14713] Searching: BULL GOLD AG-125 HOUSING... Error searching 'BULL GOLD AG-125 HOUSING': error sending request for url (https://duckduckgo.com/?q=BULL+GOLD+AG-125+HOUSING) > operation timed out
✓ Not Found
[2527/14713] Searching: KENYU PRIME 5 ANGLE GRINDER 1200W... Error searching 'KENYU PRIME 5 ANGLE GRINDER 1200W': error sending request for url (https://duckduckgo.com/?q=KENYU+PRIME+5+ANGLE+GRINDER+1200W) > operation timed out
✓ Not Found
[2528/14713] Searching: AB WASHE R... ✓ Found
[2529/14713] Searching: GEAR... ✓ Found
[2530/14713] Searching: SWITCH G15SA2... ✓ Found
[2531/14713] Searching: BRUSH HOLDER CAP G18SE2... ✓ Found
[2532/14713] Searching: GEAR... Error searching 'GEAR': error sending request for url (https://duckduckgo.com/?q=GEAR) > operation timed out
✓ Not Found
[2533/14713] Searching: G18SE2  SWITCH 7INCH GRINDER... ✓ Found
[2534/14713] Searching: BULL GOLD AG-2100 HOUSING... ✓ Found
[2535/14713] Searching: LOCK SET AG2-100 BULL... ✓ Found
[2536/14713] Searching: OMR 801 NEW MODEL SWITCH... ✓ Found
[2537/14713] Searching: OMR FAN GUARD OLD 801 AG3010... ✓ Found
[2538/14713] Searching: OMR MOTOR HOUSING 801... ✓ Found
[2539/14713] Searching: OMR GEAR SET 6-100 OMR... ✓ Found
[2540/14713] Searching: OMR SWITCH FOR AG6-100... ✓ Found
[2541/14713] Searching: OMR MOTOR HOUSING 6-100 (BODY )... ✓ Found
[2542/14713] Searching: BULL GOLD AG3-100 BEARING SLEEVE... ✓ Found
[2543/14713] Searching: BULL GOLD AG3-100 CARBON BRUSH... ✓ Found
[2544/14713] Searching: BULL GOLD AG3-100 HOUSING... ✓ Found
[2545/14713] Searching: BULL GOLD AG3-100 LOCK SET... ✓ Found
[2546/14713] Searching: SPEED CONTROL AG3-100... ✓ Found
[2547/14713] Searching: APPU GREASE... ✓ Found
[2548/14713] Searching: BULLET ANGLE GRINDER 5 INCH 1400W AG51400... ✓ Found
[2549/14713] Searching: BULLET ANGLE GRINDER 5 INCH 1400W AG51400... Error searching 'BULLET ANGLE GRINDER 5 INCH 1400W AG51400': error sending request for url (https://duckduckgo.com/?q=BULLET+ANGLE+GRINDER+5+INCH+1400W+AG51400) > operation timed out
✓ Not Found
[2550/14713] Searching: ARMATURE GWS6-100... ✓ Found
  [Progress: 2550/14713 products processed]
[2551/14713] Searching: BEARING BUSH 6-100... ✓ Found
[2552/14713] Searching: BEARING HOUSING AG6100 GRINDER... ✓ Found
[2553/14713] Searching: CARBON BRUSH BULLET... ✓ Found
[2554/14713] Searching: CARBON BRUSH BULLET... ✓ Found
[2555/14713] Searching: CARBON BRUSH BULLET... ✓ Found
[2556/14713] Searching: CARBON BRUSH BULLET... ✓ Found
[2557/14713] Searching: GEAR 6-100... ✓ Found
[2558/14713] Searching: O RING FOR SV09 AG635... Error searching 'O RING FOR SV09 AG635': error sending request for url (https://duckduckgo.com/?q=O+RING+FOR+SV09+AG635) > operation timed out
✓ Not Found
[2559/14713] Searching: CARBON BRUSH AG68... ✓ Found
[2560/14713] Searching: AG70 BIG GEAR... ✓ Found
[2561/14713] Searching: AG70  BEARING SLEEVE... ✓ Found
[2562/14713] Searching: AG70 FIELD... ✓ Found
[2563/14713] Searching: AG70 FRONT COVER... ✓ Found
[2564/14713] Searching: AG70 GEAR BOX... ✓ Found
[2565/14713] Searching: AG70 GEAR BOX... ✓ Found
[2566/14713] Searching: AG70 INNER WASHER... ✓ Found
[2567/14713] Searching: AG70 LOCK WASHER... Error searching 'AG70 LOCK WASHER': error sending request for url (https://duckduckgo.com/?q=AG70+LOCK+WASHER) > operation timed out
✓ Not Found
[2568/14713] Searching: AG70 PINION... Error searching 'AG70 PINION': error sending request for url (https://duckduckgo.com/?q=AG70+PINION) > operation timed out
✓ Not Found
[2569/14713] Searching: AG70 SPINDLE... ✓ Found
[2570/14713] Searching: AG70 SELF LOCK CAP... ✓ Found
[2571/14713] Searching: AG70 SELF LOCK CAP... Error searching 'AG70 SELF LOCK CAP': error sending request for url (https://duckduckgo.com/?q=AG70+SELF+LOCK+CAP) > operation timed out
✓ Not Found
[2572/14713] Searching: AG70 SELF LOCK PIN... Error searching 'AG70 SELF LOCK PIN': error sending request for url (https://duckduckgo.com/?q=AG70+SELF+LOCK+PIN) > operation timed out
✓ Not Found
[2573/14713] Searching: AG70 SELFLOCK CAPSPRING... ✓ Found
[2574/14713] Searching: AG70 SELFLOCK CAPSPRING... ✓ Found
[2575/14713] Searching: AG72 BEARING SLEEV... ✓ Found
[2576/14713] Searching: AG72 BEARING SLEEV... ✓ Found
[2577/14713] Searching: AG72 BEARING COVER... ✓ Found
[2578/14713] Searching: AG72 BIG GEAR... Error searching 'AG72 BIG GEAR': error sending request for url (https://duckduckgo.com/?q=AG72+BIG+GEAR) > operation timed out
✓ Not Found
[2579/14713] Searching: AG72 SELF LOCK CAP... ✓ Found
[2580/14713] Searching: AG72 SELF LOCK CAP... ✓ Found
[2581/14713] Searching: AG72 SELF LOCK CAP... ✓ Found
[2582/14713] Searching: AG72 CORD... Error searching 'AG72 CORD': error sending request for url (https://duckduckgo.com/?q=AG72+CORD) > operation timed out
✓ Not Found
[2583/14713] Searching: AG72 GEAR BOX... ✓ Found
[2584/14713] Searching: AG72 INNER WASHER... ✓ Found
[2585/14713] Searching: AG72 INNER WASHER... ✓ Found
[2586/14713] Searching: AG72 LOCK WASHE R... ✓ Found
[2587/14713] Searching: AG72 LOCK WASHE R... ✓ Found
[2588/14713] Searching: AG72 SELFLOCK PIN... ✓ Found
[2589/14713] Searching: AG72 SELFLOCK PIN... ✓ Found
[2590/14713] Searching: AG72 SWITCH... ✓ Found
[2591/14713] Searching: AG72 SCREW ST4-2*14... ✓ Found
[2592/14713] Searching: AG72 SMALL GEAR... ✓ Found
[2593/14713] Searching: AG72 SELFLOCK SPRING... ✓ Found
[2594/14713] Searching: AG72 SELFLOCK SPRING... Error searching 'AG72 SELFLOCK SPRING': error sending request for url (https://duckduckgo.com/?q=AG72+SELFLOCK+SPRING) > operation timed out
✓ Not Found
[2595/14713] Searching: CARBON BRUSH BULLET 801... ✓ Found
[2596/14713] Searching: CARBON FOR AG 8100... ✓ Found
[2597/14713] Searching: CARBON BRUSH FOR DAMIER GRINDER AG8219... ✓ Found
[2598/14713] Searching: AG92 BEARING SLEEVE... ✓ Found
[2599/14713] Searching: AG92 CARBON BRUSH... ✓ Found
[2600/14713] Searching: AG92 SELFLOCK CAP... ✓ Found
  [Progress: 2600/14713 products processed]
[2601/14713] Searching: AG92 GEAR BOX... ✓ Found
[2602/14713] Searching: AG92 INNER WASHER... ✓ Found
[2603/14713] Searching: AG92 LOCK WASHER... ✓ Found
[2604/14713] Searching: AG92 SELFLOCK PIN... ✓ Found
[2605/14713] Searching: AS92 SPINDLE... ✓ Found
[2606/14713] Searching: AG92 SWITCH KNOB... ✓ Found
[2607/14713] Searching: AG92 SWITCH KNOB... ✓ Found
[2608/14713] Searching: AG950-10 JCB AG950 BEARING HOLDER... ✓ Found
[2609/14713] Searching: BAFFLE WIND  AG950 BWCAG950... ✓ Found
[2610/14713] Searching: HOUSING  AG950H... ✓ Found
[2611/14713] Searching: O RING FOR SV010 AG952... ✓ Found
[2612/14713] Searching: SWITCH GBH13RE... ✓ Found
[2613/14713] Searching: AGBS 850 HOUSING WITH REAR COVER BWS850H... ✓ Found
[2614/14713] Searching: CARBON BRUSH POLYMAK GRINDER 7/9 INCH... ✓ Found
[2615/14713] Searching: ANGLE GRINDER SPANNER(ADJUSTABLE)... ✓ Found
[2616/14713] Searching: ADJUSTABLE GRINDER SPANNERHEAVY 4MM... ✓ Found
[2617/14713] Searching: ADJUSTABLE ANGLE GRINDER SPANNER HEAVY 4MM... ✓ Found
[2618/14713] Searching: ADJUSTABLE ANGLE GRINDER SPANNER HEAVY 4MM... ✓ Found
[2619/14713] Searching: ADJUSTABLE GRINDER SPANNER (WRENCH )... ✓ Found
[2620/14713] Searching: ANGLE GRINDER STAND SMALL... ✓ Found
[2621/14713] Searching: ARROW GUN TAG... ✓ Found
[2622/14713] Searching: ANGLE GATE WHEEL ROTATED 3INCH... ✓ Found
[2623/14713] Searching: ANGLE GATE WHEEL ROTATED 2.5 WITH CLAMP... ✓ Found
[2624/14713] Searching: TUQO CORDLESS IMPACT DRILL AH150... ✓ Found
[2625/14713] Searching: ACE BATTERY FOR AH150... ✓ Found
[2626/14713] Searching: METSO CHISEL BIT HEX 17*280 FLAT BIT... ✓ Found
[2627/14713] Searching: ULTRA TOUCH CHISEL BIT 17*400 FLAT... ✓ Found
[2628/14713] Searching: 16KG SWITCH... ✓ Found
[2629/14713] Searching: UNITED ARABANA (HAND TROLLY )DOUBLE SL. NO- UTL-S2... ✓ Found
[2630/14713] Searching: UNITED ARABANA (HAND TROLLY )DOUBLE SL. NO- UTL-S2... ✓ Found
[2631/14713] Searching: UNITED ARABANA (HAND TROLLY )... ✓ Found
[2632/14713] Searching: AIR FILTER  CHAINSAW... ✓ Found
[2633/14713] Searching: AIRFILTER -AC... ✓ Found
[2634/14713] Searching: AIR COMPRESSOR  FILTER... ✓ Found
[2635/14713] Searching: AIRHOLE NET 2' SIDE BLACK BORDER... ✓ Found
[2636/14713] Searching: AIRHOLE NET 2' SIDE BLACK BORDER... ✓ Found
[2637/14713] Searching: AIRHOLE NET 2' SIDE BLACK BORDER... ✓ Found
[2638/14713] Searching: AIRHOLE NET 2'... ✓ Found
[2639/14713] Searching: AIRHOLE NET 2.5 ' BLACK BORDER... ✓ Found
[2640/14713] Searching: AIRHOLE NET 2.5 ' BLACK BORDER... ✓ Found
[2641/14713] Searching: AIRHOLE NET 2.5 ' BLACK BORDER... ✓ Found
[2642/14713] Searching: AIRHOLE NET  3 ' BLACK BORDER... ✓ Found
[2643/14713] Searching: AIRHOLE NET  3 ' BLACK BORDER... ✓ Found
[2644/14713] Searching: AIRHOLE NET  3 1/2 BLACK  BORDER... ✓ Found
[2645/14713] Searching: AIRHOLE NET ROUND 2 INCH... ✓ Found
[2646/14713] Searching: AIR HOLE NET ROUND 2.5 INCH... ✓ Found
[2647/14713] Searching: DCA ELECTRIC DRILL 6MM  AJZ02... ✓ Found
[2648/14713] Searching: ALLENKEY 1.5M... ✓ Found
[2649/14713] Searching: ALLEN KEY 10MM... ✓ Found
[2650/14713] Searching: ALLEN KEY 10MM... ✓ Found
  [Progress: 2650/14713 products processed]
[2651/14713] Searching: ALLENKEY KEY 12MM... ✓ Found
[2652/14713] Searching: Allen Key 2.5mm... ✓ Found
[2653/14713] Searching: TAPARIA ALLENKEY BLACK FINISH K2V... ✓ Found
[2654/14713] Searching: TAPARIA ALLENKEY BLACK FINISH K2V... ✓ Found
[2655/14713] Searching: Allen Key 3mm... ✓ Found
[2656/14713] Searching: TAPARIA ALLENKEY  BLACK FINISH  K4V... ✓ Found
[2657/14713] Searching: TAPARIA ALLENKEY  BLACK FINISH  K4V... ✓ Found
[2658/14713] Searching: Allen Key 4mm... ✓ Found
[2659/14713] Searching: TAPARIA K5V ALLENKEY... ✓ Found
[2660/14713] Searching: TAPARIA K5V ALLENKEY... ✓ Found
[2661/14713] Searching: TAPARIA  ALLENKEY K6V... ✓ Found
[2662/14713] Searching: TAPARIA  ALLENKEY K6V... ✓ Found
[2663/14713] Searching: ALLEN KEY 8MM... ✓ Found
[2664/14713] Searching: INGCO 9 PCSSDS PLUS HAMMER DRILL BIT... ✓ Found
[2665/14713] Searching: DRILL BIT SET 11PCS INDICO... ✓ Found
[2666/14713] Searching: ATHULYA KUNDALI... ✓ Found
[2667/14713] Searching: ALLEN KEY SET flower... ✓ Found
[2668/14713] Searching: ALLEN KEY SET flower... ✓ Found
[2669/14713] Searching: SCREWDRIVER SET 16 PCS... ✓ Found
[2670/14713] Searching: ALLENKEY SET DAYTON... ✓ Found
[2671/14713] Searching: INGCO 5 PCS AIR TOOLS SET... ✓ Found
[2672/14713] Searching: ALLENKEY SET  TORX AKT10... ✓ Found
[2673/14713] Searching: ALLENKEY SET  TORX  AKT11... ✓ Found
[2674/14713] Searching: ALLENKEY SET  TORX  AKT12... ✓ Found
[2675/14713] Searching: ALICON WIRE... ✓ Found
[2676/14713] Searching: BLIND RIVET 1/8*1/2 ANODIC RED (NEW)... ✓ Found
[2677/14713] Searching: BLIND RIVET 1/8*1/2 GREY... ✓ Found
[2678/14713] Searching: FIBER DISC 5'' ALKON 36GRT... ✓ Found
[2679/14713] Searching: FIBER DISC 60 G ALKON... ✓ Found
[2680/14713] Searching: CORDLESS BLOWER AND VACCUM  21 V... ✓ Found
[2681/14713] Searching: ALF CORDLESS DRILL 36V2.6AH 10MM 118 PCS... ✓ Found
[2682/14713] Searching: BATTERY 4.AH ALF... ✓ Found
[2683/14713] Searching: BATTERY 21V ALF 6.AH... ✓ Found
[2684/14713] Searching: ALF BLOWER YELLOW... ✓ Found
[2685/14713] Searching: ALF RECIPROCATING SAW ALLYS... ✓ Found
[2686/14713] Searching: BRUSH HOLDER LG355... ✓ Found
[2687/14713] Searching: GEAR... ✓ Found
[2688/14713] Searching: CUT OFF SWITCH... ✓ Found
[2689/14713] Searching: CUT OFF SWITCH... ✓ Found
[2690/14713] Searching: PRO CUT TUBELESS TIRE REPAIRE KIT ALI-265... ✓ Found
[2691/14713] Searching: PRO CUT ELECTRIC SHEEP CLIPPER... ✓ Found
[2692/14713] Searching: COUNTER SHANK DRILL SET 4PCS... ✓ Found
[2693/14713] Searching: MULTI FUNCTION WIRE STRIPPER... ✓ Found
[2694/14713] Searching: ALL HOME HERBAL CLEANER... ✓ Found
[2695/14713] Searching: PRESSURE WASHER... ✓ Found
[2696/14713] Searching: INGCO TRIMMER LINE... ✓ Found
[2697/14713] Searching: COMBINATION PLIER 7" ALU7D15... ✓ Found
[2698/14713] Searching: 20w LumenexPrimrTubeT5Alu/color-White... ✓ Found
[2699/14713] Searching: 20WLumenexLedTubeHPF/Color=White... ✓ Found
[2700/14713] Searching: PISTON AM1550P... ✓ Found
  [Progress: 2700/14713 products processed]
[2701/14713] Searching: AGRIMATE SPRAYER AM16 MANUAL -PRO SS... ✓ Found
[2702/14713] Searching: AM1701-30 SPEED CONTROLLER... ✓ Found
[2703/14713] Searching: AM1850-11 PISTON ASSEMBLY... ✓ Found
[2704/14713] Searching: MICRO SWITCH  AM1850-34... ✓ Found
[2705/14713] Searching: AM1850-43 SPRING FOR PLUNGER... ✓ Found
[2706/14713] Searching: THRUST BEARING 51107 AM18TP31... ✓ Found
[2707/14713] Searching: AM216-11 GEAR... ✓ Found
[2708/14713] Searching: AM216-18 GEAR... ✓ Found
[2709/14713] Searching: AM216-22 ARMATURE... ✓ Found
[2710/14713] Searching: AM216-37 CARBON  BRUSH... ✓ Found
[2711/14713] Searching: AGRIMATE PRUNNING SAW 8 INCH AM22338... ✓ Found
[2712/14713] Searching: AGRIMATE SPRAYER 18 LTR AM405E BACK PACK 2 IN 1 -1... ✓ Found
[2713/14713] Searching: ALMONARD PEDESTAL FAN 18 INCH /450MM 1440RPM... ✓ Found
[2714/14713] Searching: AGRIMATE PRUNNING SECATURE  AM52313... ✓ Found
[2715/14713] Searching: INDUSRIAL VACCUM CLEANER  AM-6238... ✓ Found
[2716/14713] Searching: GLOBAL POWER SPRAY GUN AM827... ✓ Found
[2717/14713] Searching: GLOBAL POWER SPRAY GUN AM827... ✓ Found
[2718/14713] Searching: AGRIMATE PROFESSIONAL GEAR TYPE BYPASS... ✓ Found
[2719/14713] Searching: AGRIMATE CHAFF CUTTER ELITE WITH 3HP SINGLE PHASE ... ✓ Found
[2720/14713] Searching: AB WASHER... ✓ Found
[2721/14713] Searching: BRUSH HOLDER CAP,... ✓ Found
[2722/14713] Searching: GEAR... ✓ Found
[2723/14713] Searching: MT410 HOLDER... ✓ Found
[2724/14713] Searching: SWITCH... ✓ Found
[2725/14713] Searching: ATHULYA MANVETTY... ✓ Found
[2726/14713] Searching: ATHULYA MANVETTY... ✓ Found
[2727/14713] Searching: INGCO MAGNETIC WELDING HOLDER... ✓ Found
[2728/14713] Searching: AGRICULTURAL MANVETTY YELLOW... ✓ Found
[2729/14713] Searching: ANUPAMA NOTE BOOK 164 PAGE... ✓ Found
[2730/14713] Searching: ANUPAMA NOTE BOOK 164 PAGE A... ✓ Found
[2731/14713] Searching: ANUPAMA NOTE BOOK 240 PAGE... ✓ Found
[2732/14713] Searching: AIRHOLE NET 3 '... ✓ Found
[2733/14713] Searching: AIRHOLE NET 3'... ✓ Found
[2734/14713] Searching: ANGLE GRINDER 220W... ✓ Found
[2735/14713] Searching: ANI PARA... ✓ Found
[2736/14713] Searching: ALDROP ALLUMINIUM... ✓ Found
[2737/14713] Searching: GREASE BLACK POUCH 200 RED... ✓ Found
[2738/14713] Searching: CLEANER... ✓ Found
[2739/14713] Searching: CONNECTING ROD... ✓ Found
[2740/14713] Searching: BRUSH HOLDER CAP PD100D... ✓ Found
[2741/14713] Searching: AB WASHER PD100D... ✓ Found
[2742/14713] Searching: GRINDER SWITCH... ✓ Found
[2743/14713] Searching: PDA100D GEAR... ✓ Found
[2744/14713] Searching: GEAR PDA100M... ✓ Found
[2745/14713] Searching: GEAR PDA100M... ✓ Found
[2746/14713] Searching: PD100M SPINDLE... ✓ Found
[2747/14713] Searching: BRUSH HOLDER CAP PH65... ✓ Found
[2748/14713] Searching: CONNECTING ROD PH65... ✓ Found
[2749/14713] Searching: DAMPER SET PH65A... ✓ Found
[2750/14713] Searching: DISTANCE WASHER PH645... ✓ Found
  [Progress: 2750/14713 products processed]
[2751/14713] Searching: SCREW FRONT COVER  PH65... ✓ Found
[2752/14713] Searching: GEAR... ✓ Found
[2753/14713] Searching: 16KG HOLDER PH65... ✓ Found
[2754/14713] Searching: NEEDLE BEARING COVER... ✓ Found
[2755/14713] Searching: PISTON PH65... ✓ Found
[2756/14713] Searching: appu 16kg switch... ✓ Found
[2757/14713] Searching: SWITCH HANDLE  PH65A... ✓ Found
[2758/14713] Searching: STARTOR RING... ✓ Found
[2759/14713] Searching: APK230010  PLUNGER... ✓ Found
[2760/14713] Searching: AUTOPOWER ANGLE GRINDER 4 INCH 1400W... ✓ Found
[2761/14713] Searching: AUTOPOWER DEMOLITION HAMMER  5KG... ✓ Found
[2762/14713] Searching: AUTO POWER HAMMER DRILL 20MM 1000W... ✓ Found
[2763/14713] Searching: AUTOPOWER DEMOLITION HAMMER 5 KG... ✓ Found
[2764/14713] Searching: AUTO POWER DEMOLISHION HAMMER 7 KG 2000W... ✓ Found
[2765/14713] Searching: AUTO POWER DEMOLISHION HAMMER 7 KG 2000W... ✓ Found
[2766/14713] Searching: AUTOPOWER BLOWER MINI TURBO... ✓ Found
[2767/14713] Searching: ANI PARA PYTHON 18*30... ✓ Found
[2768/14713] Searching: SOLDERING IRON... ✓ Found
[2769/14713] Searching: SHARP SCREW DRILL 10MM 750W... ✓ Found
[2770/14713] Searching: AIRLESS SPRAY PAINTER HEAD ORING... ✓ Found
[2771/14713] Searching: AIRLESS SPRAY PAINTER SMALL ORING... ✓ Found
[2772/14713] Searching: AIRLESS SPRAY PAINTER APS2130 GUN... ✓ Found
[2773/14713] Searching: SHARP ANGLE GRINDER 950W 6-100... ✓ Found
[2774/14713] Searching: SHARP ANGLE GRINDER 950W 6-100... ✓ Found
[2775/14713] Searching: SHARP ANGLE GRINDER 950W 6-100... ✓ Found
[2776/14713] Searching: SHARP DEMOLITION HAMMER 0810  1450W... ✓ Found
[2777/14713] Searching: SHARP MARBLE CUTTER CM4SA 1200W... ✓ Found
[2778/14713] Searching: SHARP MARBLE CUTTER CM4SB  1680W... ✓ Found
[2779/14713] Searching: AP SHARP HAMMER DRILL 2-20 800W... ✓ Found
[2780/14713] Searching: SHARP HAMMER DRILL 2-20 800W... ✓ Found
[2781/14713] Searching: PARALLEL ADAPTOR PIN TYPE... ✓ Found
[2782/14713] Searching: ANGLE GRINDER GWS6-100... ✓ Found
[2783/14713] Searching: MARBLE CUTTING MACHINE CM4SA... ✓ Found
[2784/14713] Searching: SPARE PARTS OF CAR WASHER MACHINE... ✓ Found
[2785/14713] Searching: AQT150H HOSE... ✓ Found
[2786/14713] Searching: MAKITHA GRINDER ARMATURE... ✓ Found
[2787/14713] Searching: ARMATURE HM0810... ✓ Found
[2788/14713] Searching: ARMATURE FOR 0810 RAJ AGRO... ✓ Found
[2789/14713] Searching: 0810T ARMATURE  SHARP... ✓ Found
[2790/14713] Searching: POWEREX  ARMATURE -0810T... ✓ Found
[2791/14713] Searching: ARALDITE 10GM KLEAR... ✓ Found
[2792/14713] Searching: GARDEN HOSE 1/2 INCH 15 MTR... ✓ Found
[2793/14713] Searching: GARDEN HOSE 1/2 INCH 15 MTR... ✓ Found
[2794/14713] Searching: GARDEN HOSE 1/2 INCH 30 MTR... ✓ Found
[2795/14713] Searching: SUCTION HOSE 1 INCH 30 MTR... ✓ Found
[2796/14713] Searching: SUCTION HOSE 1 INCH 30 MTR... ✓ Found
[2797/14713] Searching: ARALDITE KLEAR 10KG... ✓ Found
[2798/14713] Searching: ARALDITE KLEAR 10KG... ✓ Found
[2799/14713] Searching: ARALDITE KLEAR 10KG... ✓ Found
[2800/14713] Searching: ARALDITE KLEAR 10KG... ✓ Found
  [Progress: 2800/14713 products processed]
[2801/14713] Searching: SUCTION HOSE 11/2 INCH 30 MTR... ✓ Found
[2802/14713] Searching: ARMATURE 11EYURI... ✓ Found
[2803/14713] Searching: ARMATURE 11EYURI... ✓ Found
[2804/14713] Searching: ARMATURE 11EYURI... ✓ Found
[2805/14713] Searching: ARMATURE FOR 11E RAJ AGRO... ✓ Found
[2806/14713] Searching: ARMATURE FOR V11E HORSEKING EVEREST... ✓ Found
[2807/14713] Searching: ARALDITE 13G STD... ✓ Found
[2808/14713] Searching: ARALDITE 13G STD... ✓ Found
[2809/14713] Searching: ARALDITE 13G STD... ✓ Found
[2810/14713] Searching: ARMATURE 16SP 16SPAR83... ✓ Found
[2811/14713] Searching: ARALDITE 180MM  STD... ✓ Found
[2812/14713] Searching: ARALDITE 180MM  STD... ✓ Found
[2813/14713] Searching: ARALDITE 180MM  STD... ✓ Found
[2814/14713] Searching: ARALDITE KLEAR 180G... ✓ Found
[2815/14713] Searching: ARALDITE KLEAR 180G... ✓ Found
[2816/14713] Searching: ARALDITE KLEAR 180G... ✓ Found
[2817/14713] Searching: ARALDITE KLEAR 180G... ✓ Found
[2818/14713] Searching: ARALDITE KLEAR 180G... ✓ Found
[2819/14713] Searching: ARMATURE S1M-FF-180A... ✓ Found
[2820/14713] Searching: K HAWK KING ARMATURE 1900B... ✓ Found
[2821/14713] Searching: ARALDITE 1KG KLEAR 1.08... ✓ Found
[2822/14713] Searching: ARALDITE 1KG KLEAR 1.08... ✓ Found
[2823/14713] Searching: ARMATURE POWEREX 2-20... ✓ Found
[2824/14713] Searching: ARMATURE POWEREX 2-20... ✓ Found
[2825/14713] Searching: ARMATURE 2-20 POWEREXCHANGE... ✓ Found
[2826/14713] Searching: ARMATURE 2-20 POWEREXCHANGE... ✓ Found
[2827/14713] Searching: ARMATURE GBH2-20 DONG CHENG... ✓ Found
[2828/14713] Searching: ARMATURE FOR 2-20 BULLET... ✓ Found
[2829/14713] Searching: ARMATURE 2-26 POWEREX... ✓ Found
[2830/14713] Searching: ARMATURE 2-26 POWEREX... ✓ Found
[2831/14713] Searching: 2-26 ARMATURE DONGCHENG... ✓ Found
[2832/14713] Searching: ARALDITE 26GM KLEAR... ✓ Found
[2833/14713] Searching: ARALDITE 26GM KLEAR... ✓ Found
[2834/14713] Searching: ARALDITE 26GM KLEAR... ✓ Found
[2835/14713] Searching: ARALDITE 26GM KLEAR... ✓ Found
[2836/14713] Searching: GARDEN HOSE 3/4 INCH 15 MTR... ✓ Found
[2837/14713] Searching: GARDEN HOSE 3/4 INCH 15 MTR... ✓ Found
[2838/14713] Searching: GARDEN HOSE 3/4 INCH 15 MTR... ✓ Found
[2839/14713] Searching: GARDEN HOSE 3/4 INCH 30 MTR... ✓ Found
[2840/14713] Searching: BRIAIDED HOSE 3/4 INCH 30 MTR... ✓ Found
[2841/14713] Searching: CLAW HAMMER 250G AR304... ✓ Found
[2842/14713] Searching: CLAW HAMMER 500GM -AR305... ✓ Found
[2843/14713] Searching: CLAW HAMMER 500GM -AR305... ✓ Found
[2844/14713] Searching: ARALDITE 36G STD... ✓ Found
[2845/14713] Searching: ARALDITE 36G STD... ✓ Found
[2846/14713] Searching: ARALDINATE 36G... ✓ Found
[2847/14713] Searching: DCA  ARMATURE  ROUTER 3612BR... ✓ Found
[2848/14713] Searching: ARMATURE... ✓ Found
[2849/14713] Searching: ARMATURE MT412... ✓ Found
[2850/14713] Searching: STANLEY ARMATURE SA STSP 125-IN... ✓ Found
  [Progress: 2850/14713 products processed]
[2851/14713] Searching: STANLEY ARMATURE STGS9100-IN... ✓ Found
[2852/14713] Searching: Araldite 450g KLEAR... ✓ Found
[2853/14713] Searching: Araldite 450g KLEAR... ✓ Found
[2854/14713] Searching: Araldite 450g KLEAR... ✓ Found
[2855/14713] Searching: Araldite 450g KLEAR... ✓ Found
[2856/14713] Searching: ARALDITE 450 GM STD... Error searching 'ARALDITE 450 GM STD': error sending request for url (https://duckduckgo.com/?q=ARALDITE+450+GM+STD) > operation timed out
✓ Not Found
[2857/14713] Searching: ARALDITE 450 GM STD... ✓ Found
[2858/14713] Searching: ARALDITE 450 GM STD... ✓ Found
[2859/14713] Searching: 9553NB ARMATURE ASSY 510086... ✓ Found
[2860/14713] Searching: ARMATURE  (JCB 6.5 DRXC) 6.5DRXC-12... ✓ Found
[2861/14713] Searching: STANLEY ARMATURE SA STHM5KH-IN N602553... ✓ Found
[2862/14713] Searching: DAC MAX 6-100 STATOR... ✓ Found
[2863/14713] Searching: ARMATURE FOR GRINDER 6100 POWEREX... ✓ Found
[2864/14713] Searching: OMR ARMATURE FOR G10SS2 OMR... ✓ Found
[2865/14713] Searching: OMR ARMATURE FOR VIBRATOR VR35... ✓ Found
[2866/14713] Searching: ARMATURE 7345... ✓ Found
[2867/14713] Searching: ARMATURE... ✓ Found
[2868/14713] Searching: POWERTEX-ARMATURE 7614NB... ✓ Found
[2869/14713] Searching: ARALDITE HARDNER 800G... ✓ Found
[2870/14713] Searching: ARMATURE DW801 POWEREX... ✓ Found
[2871/14713] Searching: ARMATURE DW801 POWEREX... ✓ Found
[2872/14713] Searching: HIWALT ARMATURE FOR 801... ✓ Found
[2873/14713] Searching: ARMATURE FOR DW801 GRINDER RAJ AGRO... ✓ Found
[2874/14713] Searching: ARALDITE 90g STAND... ✓ Found
[2875/14713] Searching: ARALDITE 90g STAND... ✓ Found
[2876/14713] Searching: ARALDITE 90g STAND... ✓ Found
[2877/14713] Searching: ARALDITE STR 90 GM KLEAR... ✓ Found
[2878/14713] Searching: ARALDITE STR 90 GM KLEAR... ✓ Found
[2879/14713] Searching: ARALDITE STR 90 GM KLEAR... ✓ Found
[2880/14713] Searching: ARALDITE STR 90 GM KLEAR... ✓ Found
[2881/14713] Searching: ARMATURE FOR M9513B 515548-4... ✓ Found
[2882/14713] Searching: ARMAYTURE FOR 9553NB   HANA... ✓ Found
[2883/14713] Searching: ARMATURE 9553... ✓ Found
[2884/14713] Searching: 9553NB ARMATURE ASSY 510086-1... ✓ Found
[2885/14713] Searching: 9553NB ARMATURE ASSY 510086-1... Error searching '9553NB ARMATURE ASSY 510086-1': error sending request for url (https://duckduckgo.com/?q=9553NB+ARMATURE+ASSY+510086-1) > operation timed out
✓ Not Found
[2886/14713] Searching: ARMATURE FOR 9556 HB 5100845... ✓ Found
[2887/14713] Searching: ARMATURE FOR 9556 HB 5100845... ✓ Found
[2888/14713] Searching: ARMATURE FOR 9556 HB 5100845... ✓ Found
[2889/14713] Searching: AIR BLOWER ARMATURE... ✓ Found
[2890/14713] Searching: AG10 ROTOR (ARMATURE)... ✓ Found
[2891/14713] Searching: BULL GOLD AG-100 ARMATURE... ✓ Found
[2892/14713] Searching: AG70 ARMATURE... ✓ Found
[2893/14713] Searching: AG1072 ARMATURE... ✓ Found
[2894/14713] Searching: AG92 ARMATURE... ✓ Found
[2895/14713] Searching: ARMATURE BULL GOLD AG-125... ✓ Found
[2896/14713] Searching: ARMATURE BULL GOLD AG-125... ✓ Found
[2897/14713] Searching: BULL GOLD AG2-100 ARMATURE... ✓ Found
[2898/14713] Searching: BULL GOLD AG3-100 ARMATURE... ✓ Found
[2899/14713] Searching: ARMATURE 6-100... ✓ Found
[2900/14713] Searching: ARMATURE 6-100 DCA MODEL... ✓ Found
  [Progress: 2900/14713 products processed]
[2901/14713] Searching: ARMATURE 4-100B DCA... ✓ Found
[2902/14713] Searching: AG 72 ARMATURE... Error searching 'AG 72 ARMATURE': error sending request for url (https://duckduckgo.com/?q=AG+72+ARMATURE) > operation timed out
✓ Not Found
[2903/14713] Searching: AG 72 ARMATURE... ✓ Found
[2904/14713] Searching: AG80026-AG800 ARMATURE... ✓ Found
[2905/14713] Searching: ARMATURE -801 YURI... ✓ Found
[2906/14713] Searching: ARMATURE FOR 8-100 GRINDER... ✓ Found
[2907/14713] Searching: ARMATURE FOR DAMIER GRINDER AG8219... ✓ Found
[2908/14713] Searching: MAL AGBC 850 ARMATURE (22) AGBC85022... ✓ Found
[2909/14713] Searching: TRIANGLE FILE 4INCH... ✓ Found
[2910/14713] Searching: FILE 4G REGULAR... ✓ Found
[2911/14713] Searching: ARAM MUKKON 4 INCH... Error searching 'ARAM MUKKON 4 INCH': error sending request for url (https://duckduckgo.com/?q=ARAM+MUKKON+4+INCH) > operation timed out
✓ Not Found
[2912/14713] Searching: FILE 6E REGULAR... ✓ Found
[2913/14713] Searching: MUKKONARAM 6 INCH... ✓ Found
[2914/14713] Searching: MUKKONARAM 6 INCH... ✓ Found
[2915/14713] Searching: MUKKONARAM 6 INCH... Error searching 'MUKKONARAM 6 INCH': error sending request for url (https://duckduckgo.com/?q=MUKKONARAM+6+INCH) > operation timed out
✓ Not Found
[2916/14713] Searching: AM7236-32 ROTOR... ✓ Found
[2917/14713] Searching: ARMATURE FOR STRAIGHT GRINDER ASS125B... ✓ Found
[2918/14713] Searching: BEARING 6001 ARB... ✓ Found
[2919/14713] Searching: BEAREING 6004 2RS... ✓ Found
[2920/14713] Searching: BEARING 6005 2RS... ✓ Found
[2921/14713] Searching: BEARING ARB 607 2RS... ✓ Found
[2922/14713] Searching: BEARING ARB608... ✓ Found
[2923/14713] Searching: BEARING 609 ZZ... ✓ Found
[2924/14713] Searching: BEARING 6201... ✓ Found
[2925/14713] Searching: BEARING 625 2RS... ✓ Found
[2926/14713] Searching: BEARING 628 2RS... ✓ Found
[2927/14713] Searching: BEARING ARB 629... ✓ Found
[2928/14713] Searching: BEARING 6302 2RS... ✓ Found
[2929/14713] Searching: BULL ARMATURE GRINDER 5 INCH... ✓ Found
[2930/14713] Searching: ARMATURE FOR ANGLE GRINDER BGAG180... ✓ Found
[2931/14713] Searching: BULL GOLD AG-125 ARMATURE... Error searching 'BULL GOLD AG-125 ARMATURE': error sending request for url (https://duckduckgo.com/?q=BULL+GOLD+AG-125+ARMATURE) > operation timed out
✓ Not Found
[2932/14713] Searching: ARMATURE FOR BULL GRINDER BGAG2100... ✓ Found
[2933/14713] Searching: BULL GOLD ET6 ARMATURE... ✓ Found
[2934/14713] Searching: BULL GOLD RH2-22 ARMATURE... ✓ Found
[2935/14713] Searching: ARMATURE FOR LS1040 BULL... ✓ Found
[2936/14713] Searching: BM60 ARMATURE... ✓ Found
[2937/14713] Searching: BULL GOLD ARMATURE FOR GRINDER PD100... ✓ Found
[2938/14713] Searching: TOSHON WELDING MACHINE ARC200 HEAVY(MOSFET... ✓ Found
[2939/14713] Searching: GLOBAL WELDING MACHINE ARC200E... ✓ Found
[2940/14713] Searching: SAI ARC200G WELDING MACHINE  3 BOARD... ✓ Found
[2941/14713] Searching: SAI ARC200G WELDING MACHINE  3 BOARD... ✓ Found
[2942/14713] Searching: RELAY ARC200... ✓ Found
[2943/14713] Searching: ARMATURE 636... ✓ Found
[2944/14713] Searching: ARMATURE C7SS... Error searching 'ARMATURE C7SS': error sending request for url (https://duckduckgo.com/?q=ARMATURE+C7SS) > operation timed out
✓ Not Found
[2945/14713] Searching: ARMATURE FOR CAGLI201008-SP-1... ✓ Found
[2946/14713] Searching: GAOCHENG ARMATURE GCCC4000... ✓ Found
[2947/14713] Searching: ARMATURE FOR CDLI20668-SP-8... ✓ Found
[2948/14713] Searching: YURI SPEED ARMATURE CM6... ✓ Found
[2949/14713] Searching: ARMATURE CM4SA(EVEREST   CM4SA)... Error searching 'ARMATURE CM4SA(EVEREST   CM4SA)': error sending request for url (https://duckduckgo.com/?q=ARMATURE+CM4SA%28EVEREST+++CM4SA%29) > operation timed out
✓ Not Found
[2950/14713] Searching: ARMATURE CM4SA(EVEREST   CM4SA)... ✓ Found
  [Progress: 2950/14713 products processed]
[2951/14713] Searching: HIWALT ARMATURE FOR CM4SA EVEREST... ✓ Found
[2952/14713] Searching: ARMATURE  DXCCM4SB... Error searching 'ARMATURE  DXCCM4SB': error sending request for url (https://duckduckgo.com/?q=ARMATURE++DXCCM4SB) > operation timed out
✓ Not Found
[2953/14713] Searching: ARMATURE  DXCCM4SB... ✓ Found
[2954/14713] Searching: ARMATURE CM4SB (DCA)... ✓ Found
[2955/14713] Searching: ARMATURE FOR CRHLI20208-SP-4... ✓ Found
[2956/14713] Searching: TILE CUTTER 5 INCH ARMATURE CUMI... ✓ Found
[2957/14713] Searching: CV48 ARMATURE... Error searching 'CV48 ARMATURE': error sending request for url (https://duckduckgo.com/?q=CV48+ARMATURE) > operation timed out
✓ Not Found
[2958/14713] Searching: CV81 ARMATURE... Error searching 'CV81 ARMATURE': error sending request for url (https://duckduckgo.com/?q=CV81+ARMATURE) > operation timed out
✓ Not Found
[2959/14713] Searching: DAYURI SPARE DA5052 ARMATURE... ✓ Found
[2960/14713] Searching: DAYURI SPARE DA5052 ARMATURE... ✓ Found
[2961/14713] Searching: ARMATURE FOR 5KG 0810 BULL  VIVO... ✓ Found
[2962/14713] Searching: DH78 ARMATURE (ROTOR)... ✓ Found
[2963/14713] Searching: MOTOR ARMATURE DH22PBS... ✓ Found
[2964/14713] Searching: DH20 ROTOR... ✓ Found
[2965/14713] Searching: DH20 ROTOR... Error searching 'DH20 ROTOR': error sending request for url (https://duckduckgo.com/?q=DH20+ROTOR) > operation timed out
✓ Not Found
[2966/14713] Searching: IBELL 11E ARMATURE 4566... ✓ Found
[2967/14713] Searching: DS25 ARMATURE... ✓ Found
[2968/14713] Searching: DS25 ARMATURE... Error searching 'DS25 ARMATURE': error sending request for url (https://duckduckgo.com/?q=DS25+ARMATURE) > operation timed out
✓ Not Found
[2969/14713] Searching: DS70 ARMATURE... Error searching 'DS70 ARMATURE': error sending request for url (https://duckduckgo.com/?q=DS70+ARMATURE) > operation timed out
✓ Not Found
[2970/14713] Searching: DS70 ARMATURE... ✓ Found
[2971/14713] Searching: DS70 ARMATURE... ✓ Found
[2972/14713] Searching: ARMATURE DSF-02... ✓ Found
[2973/14713] Searching: ARMATURE G15SA2... ✓ Found
[2974/14713] Searching: ARMATURE DSM230A... Error searching 'ARMATURE DSM230A': error sending request for url (https://duckduckgo.com/?q=ARMATURE+DSM230A) > operation timed out
✓ Not Found
[2975/14713] Searching: ARMATURE DU-10... ✓ Found
[2976/14713] Searching: DEWALT CUTTER DW862 ARMATURE 514014566... ✓ Found
[2977/14713] Searching: ARMATURE FOR MAL DRYWALLSANDER DWS180... ✓ Found
[2978/14713] Searching: DWS 180 ARMATURE DWS18030... ✓ Found
[2979/14713] Searching: ARMATURE DZG06-6S... ✓ Found
[2980/14713] Searching: DONGCHENG ARMATURE 11E  RAJAGRO... ✓ Found
[2981/14713] Searching: ARMATURE FOR GBH11E DZG10 PERFECT... ✓ Found
[2982/14713] Searching: ARMATURE FOR HM0810 DZG6S... ✓ Found
[2983/14713] Searching: ARMATURE FOR BLOWER EB20... Error searching 'ARMATURE FOR BLOWER EB20': error sending request for url (https://duckduckgo.com/?q=ARMATURE+FOR+BLOWER+EB20) > operation timed out
✓ Not Found
[2984/14713] Searching: ARMATURE AREB... ✓ Found
[2985/14713] Searching: ARMATURE ED10 BULL... ✓ Found
[2986/14713] Searching: ED60 ARMATURE DONGCHENG... ✓ Found
[2987/14713] Searching: ED60 ARMATURE DONGCHENG... Error searching 'ED60 ARMATURE DONGCHENG': error sending request for url (https://duckduckgo.com/?q=ED60+ARMATURE+DONGCHENG) > operation timed out
✓ Not Found
[2988/14713] Searching: ED60 ARMATURE DONGCHENG... ✓ Found
[2989/14713] Searching: K DCA ARMATURE ED6H J1ZFF026A... ✓ Found
[2990/14713] Searching: K-ENDICO ARMATURE AS8... ✓ Found
[2991/14713] Searching: ARMATURE FOR  ETDH35K... ✓ Found
[2992/14713] Searching: ARMATURE FOR  ETDH35K... ✓ Found
[2993/14713] Searching: K DCK ARMATURE F 20 A... ✓ Found
[2994/14713] Searching: ARMATURE  MIXER FF-160... ✓ Found
[2995/14713] Searching: ARMATURE  MIXER FF-160... ✓ Found
[2996/14713] Searching: FS87 ROTOR... ✓ Found
[2997/14713] Searching: ARGON REGULATER WITH FLOWMETER YAMATO... ✓ Found
[2998/14713] Searching: ARMATURE  G10SS... ✓ Found
[2999/14713] Searching: ARMATURE G10SS2... ✓ Found
[3000/14713] Searching: ARMATURE G10SS2 361007... ✓ Found
  [Progress: 3000/14713 products processed]
[3001/14713] Searching: ARMATURE G10SS2 361007... ✓ Found
[3002/14713] Searching: G10SS2 ARMATURE  SHARP... ✓ Found
[3003/14713] Searching: K YURI SPEED ARMATURE G15SA2... ✓ Found
[3004/14713] Searching: E-DAMIER-ARMATURE-G18SE2... ✓ Found
[3005/14713] Searching: K HAWKING ARMATURE GDC120... ✓ Found
[3006/14713] Searching: GP-600 11 ARMATURE... ✓ Found
[3007/14713] Searching: LASERTECH ARMATURE GWS750... ✓ Found
[3008/14713] Searching: ARMATURE FOR BULLET 2-26 AR226 HANA... ✓ Found
[3009/14713] Searching: ARMATURE 810... ✓ Found
[3010/14713] Searching: ARMATURE 10MM DRILL... ✓ Found
[3011/14713] Searching: ARMATURE FOR HR2470 MAKITA 5179840... Error searching 'ARMATURE FOR HR2470 MAKITA 5179840': error sending request for url (https://duckduckgo.com/?q=ARMATURE+FOR+HR2470+MAKITA+5179840) > operation timed out
✓ Not Found
[3012/14713] Searching: ID80 ROTOR... ✓ Found
[3013/14713] Searching: ARMATURE FOR JCB ANGLE GRINDER 850W... ✓ Found
[3014/14713] Searching: ARMATURE FOR JCB ANGLE GRINDER 950W... ✓ Found
[3015/14713] Searching: CRIMPING TOOL ARJUN 50... Error searching 'CRIMPING TOOL ARJUN 50': error sending request for url (https://duckduckgo.com/?q=CRIMPING+TOOL+ARJUN+50) > operation timed out
✓ Not Found
[3016/14713] Searching: E-DCK-ARMATURE-G18SE2... ✓ Found
[3017/14713] Searching: ARMATURE FOR GRINDER 1200W KIAG4HD... ✓ Found
[3018/14713] Searching: ARMATURE FOR KPEMHDA PUTTYMIXER... ✓ Found
[3019/14713] Searching: KENNEX ARMATURE FOR WALL PLANNER... Error searching 'KENNEX ARMATURE FOR WALL PLANNER': error sending request for url (https://duckduckgo.com/?q=KENNEX+ARMATURE+FOR+WALL+PLANNER) > operation timed out
✓ Not Found
[3020/14713] Searching: ARMATURE FOR KENYU GRINDER KYP4-850... ✓ Found
[3021/14713] Searching: LG355 ARMATURE SHARP... ✓ Found
[3022/14713] Searching: 516718-8 ARMATURE 220V FOR LS1030 N RAK 1A... ✓ Found
[3023/14713] Searching: 516718-8 ARMATURE 220V FOR LS1030 N RAK 1A... ✓ Found
[3024/14713] Searching: 516718-8 ARMATURE 220V FOR LS1030 N RAK 1A... ✓ Found
[3025/14713] Searching: ARMATURE FOR LS1040 5167188... ✓ Found
[3026/14713] Searching: POWERTEX-ARMATURE CC14STD... Error searching 'POWERTEX-ARMATURE CC14STD': error sending request for url (https://duckduckgo.com/?q=POWERTEX-ARMATURE+CC14STD) > operation timed out
✓ Not Found
[3027/14713] Searching: ARMATURE ARM82124... Error searching 'ARMATURE ARM82124': error sending request for url (https://duckduckgo.com/?q=ARMATURE+ARM82124) > operation timed out
✓ Not Found
[3028/14713] Searching: 515553-1 ARMATURE  ASSY HP0300 9506... ✓ Found
[3029/14713] Searching: 515553-1 ARMATURE  ASSY HP0300 9506... ✓ Found
[3030/14713] Searching: 515553-1 ARMATURE  ASSY HP0300 9506... ✓ Found
[3031/14713] Searching: ARMATURE FOR MAL 10 DRILL... ✓ Found
[3032/14713] Searching: ARMATURE FOR MAL 13 MM DRILL... ✓ Found
[3033/14713] Searching: ARMATURE FOR MAL 5KG... ✓ Found
[3034/14713] Searching: ARMATURE   AG 950... ✓ Found
[3035/14713] Searching: ARMATURE   AG 950... ✓ Found
[3036/14713] Searching: ARMATURE   AG 950... ✓ Found
[3037/14713] Searching: ARMATURE FOR JCB ANGLE GRINDER 950W... ✓ Found
[3038/14713] Searching: MCF5 MAL ARMATURE... ✓ Found
[3039/14713] Searching: DRY WALL SANDER ARMATURE... ✓ Found
[3040/14713] Searching: ARMATURE 230V STGS9100 -INN563260... ✓ Found
[3041/14713] Searching: ARMATURE DOUBLE SIDE INSULATED... ✓ Found
[3042/14713] Searching: ARMATURE FOR 11E... ✓ Found
[3043/14713] Searching: ARMATURE GROWLER... ✓ Found
[3044/14713] Searching: MC30 ROTOR... ✓ Found
[3045/14713] Searching: ARMATURE FOR METER SAW MS18... ✓ Found
[3046/14713] Searching: ARMATURE 240V MT40 513879-5... ✓ Found
[3047/14713] Searching: ARMATURE 240V MT40 513879-5... ✓ Found
[3048/14713] Searching: ARMATURE  MT410... ✓ Found
[3049/14713] Searching: ARMATURE  MT410... ✓ Found
[3050/14713] Searching: 513814-3  MT412 ARMATURE... ✓ Found
  [Progress: 3050/14713 products processed]
[3051/14713] Searching: ARMATURE FOR MT412 513814-3... ✓ Found
[3052/14713] Searching: 515834-3 ARMATURE MT60... ✓ Found
[3053/14713] Searching: 515834-3 ARMATURE MT60... ✓ Found
[3054/14713] Searching: 515894-5 ARMATURE MT80A... ✓ Found
[3055/14713] Searching: 515894-5 ARMATURE MT80A... ✓ Found
[3056/14713] Searching: 515894-5 ARMATURE MT80A... ✓ Found
[3057/14713] Searching: ARABANA GREY hilson... ✓ Found
[3058/14713] Searching: ARABANA GREY hilson... ✓ Found
[3059/14713] Searching: ARABANA GREY hilson... ✓ Found
[3060/14713] Searching: ARABANA GREY hilson... Error searching 'ARABANA GREY hilson': error sending request for url (https://duckduckgo.com/?q=ARABANA+GREY+hilson) > operation timed out
✓ Not Found
[3061/14713] Searching: HAND PROPELLED TROLLY... Error searching 'HAND PROPELLED TROLLY': error sending request for url (https://duckduckgo.com/?q=HAND+PROPELLED+TROLLY) > operation timed out
✓ Not Found
[3062/14713] Searching: HAND PROPELLED TROLLY... ✓ Found
[3063/14713] Searching: ARABANA  HEAVY... ✓ Found
[3064/14713] Searching: ARMATURE 9035... ✓ Found
[3065/14713] Searching: ARMATURE FOR OS125... ✓ Found
[3066/14713] Searching: ARMATURE FOR FINISHING SANDER BULL... ✓ Found
[3067/14713] Searching: ARMATURE PLANNER POWERTEX... ✓ Found
[3068/14713] Searching: ARMATURE PARA12... ✓ Found
[3069/14713] Searching: K-ENDICO ARMATURE -AS8... ✓ Found
[3070/14713] Searching: K-ENDICO ARMATURE -AS8... ✓ Found
[3071/14713] Searching: K-ENDICO ARMATURE -AS8... ✓ Found
[3072/14713] Searching: ARMATURE PDA100M/125M... ✓ Found
[3073/14713] Searching: ARMATURE FOR PDA100M RAJ AGRO... Error searching 'ARMATURE FOR PDA100M RAJ AGRO': error sending request for url (https://duckduckgo.com/?q=ARMATURE+FOR+PDA100M+RAJ+AGRO) > operation timed out
✓ Not Found
[3074/14713] Searching: Armature for Angle Grinder100mmswm6... Error searching 'Armature for Angle Grinder100mmswm6': error sending request for url (https://duckduckgo.com/?q=Armature+for+Angle+Grinder100mmswm6) > operation timed out
✓ Not Found
[3075/14713] Searching: ARMATURE PDA100M/125M(NEW 360744G... ✓ Found
[3076/14713] Searching: ARMATURE PDA100M/125M(NEW 360744G... ✓ Found
[3077/14713] Searching: ARMATURE... ✓ Found
[3078/14713] Searching: ARMATURE FOR GRINDER POWERTEX AG100... ✓ Found
[3079/14713] Searching: E-YURISPEED-ARMATURE -PH65A... ✓ Found
[3080/14713] Searching: E-YURISPEED-ARMATURE -PH65A... ✓ Found
[3081/14713] Searching: ARMATURE FOR PH65SC 16KG... ✓ Found
[3082/14713] Searching: ARMATURE FOR 16KG COVINA RAJ AGRO... ✓ Found
[3083/14713] Searching: PH65 ARMATURE SHARP... ✓ Found
[3084/14713] Searching: PM50 ARMATURE... ✓ Found
[3085/14713] Searching: ARMATURE FOR PMCV3M VIBRATOR... ✓ Found
[3086/14713] Searching: ARMATURE FOR PMCV3M VIBRATOR... ✓ Found
[3087/14713] Searching: ARMATURE FOR POLYMAK 11E... ✓ Found
[3088/14713] Searching: YURI ARMATURE CM5... ✓ Found
[3089/14713] Searching: ARMATURE 10MM IMPACT DRILL BOSCH MODEL... ✓ Found
[3090/14713] Searching: ARMATURE PSCAG100C... ✓ Found
[3091/14713] Searching: ARMATUREPSCAG125... ✓ Found
[3092/14713] Searching: POWER TEX SLIM CUT ARMATURE PSCCM125A... ✓ Found
[3093/14713] Searching: ARMATURE FOR SLIMCUT PSCDM7... ✓ Found
[3094/14713] Searching: 9" GRINDER ARMATURE... ✓ Found
[3095/14713] Searching: RH20 ROTOR... ✓ Found
[3096/14713] Searching: RH26 ARMATURE... ✓ Found
[3097/14713] Searching: RH28 ARMATURE... ✓ Found
[3098/14713] Searching: RINGSAW ARMATURE... ✓ Found
[3099/14713] Searching: ARMATURE FOR SLOK T 30... ✓ Found
[3100/14713] Searching: STANLEY ANGLE GRINDER  STGS9100IN69-31B... ✓ Found
  [Progress: 3100/14713 products processed]
[3101/14713] Searching: STANLEY STSP 125 IN ARM ORG... ✓ Found
[3102/14713] Searching: ARMATURE STG850... ✓ Found
[3103/14713] Searching: ARMATURE STGT8100... ✓ Found
[3104/14713] Searching: ARMATURE STGT8100... ✓ Found
[3105/14713] Searching: ARMATURE STGT8100... ✓ Found
[3106/14713] Searching: ARMATURE STGT8100... ✓ Found
[3107/14713] Searching: ARMATURE STGT8100... ✓ Found
[3108/14713] Searching: STPT600 ARMATURE 5170011-22 SPT500,BDB530... ✓ Found
[3109/14713] Searching: STPT600 ARMATURE 5170011-22 SPT500,BDB530... ✓ Found
[3110/14713] Searching: 1/4 INCH SOCKET SET 12PCS  ART02... ✓ Found
[3111/14713] Searching: SOCKET WRENCH SET 13 PCS 1/2 INCH... Error searching 'SOCKET WRENCH SET 13 PCS 1/2 INCH': error sending request for url (https://duckduckgo.com/?q=SOCKET+WRENCH+SET+13+PCS+1%2F2+INCH) > operation timed out
✓ Not Found
[3112/14713] Searching: SOCKET WRENCH SET 13 PCS 1/2 INCH... ✓ Found
[3113/14713] Searching: 40 PCS SOCKET SET... ✓ Found
[3114/14713] Searching: METSO WORKING LIGHT HOLDER 10MM ART55... ✓ Found
[3115/14713] Searching: ACE TIRE PRESSURE GAUGE 67006... Error searching 'ACE TIRE PRESSURE GAUGE 67006': error sending request for url (https://duckduckgo.com/?q=ACE+TIRE+PRESSURE+GAUGE+67006) > operation timed out
✓ Not Found
[3116/14713] Searching: SOCKET SET 12 PCS 1/4 INCH ART6756... ✓ Found
[3117/14713] Searching: 1/2INCH SOCKET SET  12PCS... Error searching '1/2INCH SOCKET SET  12PCS': error sending request for url (https://duckduckgo.com/?q=1%2F2INCH+SOCKET+SET++12PCS) > operation timed out
✓ Not Found
[3118/14713] Searching: 1/2INCH SOCKET SET BLACK ART73... ✓ Found
[3119/14713] Searching: TOOLS SPARE ROTOR TG1121006... ✓ Found
[3120/14713] Searching: BULL GOLD FIELD COIL... ✓ Found
[3121/14713] Searching: TILE CUTTER ARMATURE... ✓ Found
[3122/14713] Searching: VELMOC ARMATURE GRINDER... ✓ Found
[3123/14713] Searching: ARMATURE 2-26 VBR... Error searching 'ARMATURE 2-26 VBR': error sending request for url (https://duckduckgo.com/?q=ARMATURE+2-26+VBR) > operation timed out
✓ Not Found
[3124/14713] Searching: ARMATURE FOR VIBRATER BR35 EVEREST... ✓ Found
[3125/14713] Searching: BOSCH SANDER ARMATURE... ✓ Found
[3126/14713] Searching: YURI CHAMP ARMATURE 7-100... ✓ Found
[3127/14713] Searching: CUT OFF SWITCH... ✓ Found
[3128/14713] Searching: DRYWALL SANDER ARMATURE... Error searching 'DRYWALL SANDER ARMATURE': error sending request for url (https://duckduckgo.com/?q=DRYWALL+SANDER+ARMATURE) > operation timed out
✓ Not Found
[3129/14713] Searching: ARMATURE DAYIRI YZG10(11E)... ✓ Found
[3130/14713] Searching: Aluminium Rivet 1/8*1/2... ✓ Found
[3131/14713] Searching: Aluminium Rivet 1/8*1/2... ✓ Found
[3132/14713] Searching: Metal Screw Flat 13*6... Error searching 'Metal Screw Flat 13*6': error sending request for url (https://duckduckgo.com/?q=Metal+Screw+Flat+13*6) > operation timed out
✓ Not Found
[3133/14713] Searching: METAL SCREW FLAT 19*6... ✓ Found
[3134/14713] Searching: Choice Woodscrew Ss75*10... ✓ Found
[3135/14713] Searching: Choice Woodscrew Ss75*10... ✓ Found
[3136/14713] Searching: Choice Woodscrew Ss75*10... ✓ Found
[3137/14713] Searching: Choice Woodscrew Ss75*10... ✓ Found
[3138/14713] Searching: Ss Woodscrew 75*10... ✓ Found
[3139/14713] Searching: TIG COLLET SIZE:1.6MM... ✓ Found
[3140/14713] Searching: TIG COLLET BODY 2.4... ✓ Found
[3141/14713] Searching: TIG COLLET SIZE:2.0MM... ✓ Found
[3142/14713] Searching: LONG CAP... ✓ Found
[3143/14713] Searching: SHORT CAP... Error searching 'SHORT CAP': error sending request for url (https://duckduckgo.com/?q=SHORT+CAP) > operation timed out
✓ Not Found
[3144/14713] Searching: CERAMIC CUP NO:5... ✓ Found
[3145/14713] Searching: CERAMIC CUP NO:6... ✓ Found
[3146/14713] Searching: GRANITE CUTTETR 4' BULLET ORANGE... ✓ Found
[3147/14713] Searching: GRANITE CUTTETR 4' BULLET ORANGE... ✓ Found
[3148/14713] Searching: GENERAL PURPOSE SEG 125 WHITE... ✓ Found
[3149/14713] Searching: DRY WALL SCREW PENTAGON 25X6... ✓ Found
[3150/14713] Searching: DRY WALL SCREW PENTAGON 25X6... ✓ Found
  [Progress: 3150/14713 products processed]
[3151/14713] Searching: PATTA SELF DRILLING SCREW HEAD 1 INCH... ✓ Found
[3152/14713] Searching: PATTA SELF DRILLING SCREW HEAD 1 INCH... ✓ Found
[3153/14713] Searching: PATTA SELF DRILLING SCREW HEAD 1 INCH... ✓ Found
[3154/14713] Searching: ABRO PTFL THREAD SEAL TAPE 5M... ✓ Found
[3155/14713] Searching: ENERGY HACKSAW BLADE YELLOW... Error searching 'ENERGY HACKSAW BLADE YELLOW': error sending request for url (https://duckduckgo.com/?q=ENERGY+HACKSAW+BLADE+YELLOW) > operation timed out
✓ Not Found
[3156/14713] Searching: SANJAY SAFTY PAD 4INC... ✓ Found
[3157/14713] Searching: TOWERBOLT BHARTHI 6 INCH... ✓ Found
[3158/14713] Searching: Core Bit 38... Error searching 'Core Bit 38': error sending request for url (https://duckduckgo.com/?q=Core+Bit+38) > operation timed out
✓ Not Found
[3159/14713] Searching: Core Bit Orange 19mm... ✓ Found
[3160/14713] Searching: TOWER BHARTHI 4''... ✓ Found
[3161/14713] Searching: Bullet Aluminium Cutting Blade 10inc... ✓ Found
[3162/14713] Searching: PAINT SCRAPPER 2 INCH... ✓ Found
[3163/14713] Searching: PAINT SCRAPPER 75MM 3 INCH... ✓ Found
[3164/14713] Searching: PAINT SCRAPPER 6 INCH... ✓ Found
[3165/14713] Searching: PAINT SCRAPPER 8 INCH... ✓ Found
[3166/14713] Searching: ROPE... Error searching 'ROPE': error sending request for url (https://duckduckgo.com/?q=ROPE) > operation timed out
✓ Not Found
[3167/14713] Searching: ABRO SPRAY PAINT ORANGE RED400... ✓ Found
[3168/14713] Searching: SPRAY PAINT ANTIRUST BROWN... ✓ Found
[3169/14713] Searching: SPRAY PAINT ANTIRUST BROWN... ✓ Found
[3170/14713] Searching: ABRO SPRAY PAINT ISUSU BLUE400... Error searching 'ABRO SPRAY PAINT ISUSU BLUE400': error sending request for url (https://duckduckgo.com/?q=ABRO+SPRAY+PAINT+ISUSU+BLUE400) > operation timed out
✓ Not Found
[3171/14713] Searching: ABRO SPRAY PAINT CANARY YELLOW 400... ✓ Found
[3172/14713] Searching: ABRO SPRAY PAINT FRESH GREEN 400... ✓ Found
[3173/14713] Searching: ABRO SPRAY PAINT GOLD400... ✓ Found
[3174/14713] Searching: ABRO SPRAY PAINT GLOSSY BLACK400... ✓ Found
[3175/14713] Searching: I-STIX SPRAY PAINT GRASS GREEN 400 ML... ✓ Found
[3176/14713] Searching: I-STIX SPRAY PAINT GRASS GREEN 400 ML... ✓ Found
[3177/14713] Searching: ABRO SPRAY PAINT HAIER GREY 400... Error searching 'ABRO SPRAY PAINT HAIER GREY 400': error sending request for url (https://duckduckgo.com/?q=ABRO+SPRAY+PAINT+HAIER+GREY+400) > operation timed out
✓ Not Found
[3178/14713] Searching: I-STIX SPRAY PAINT IVORY 400ML... ✓ Found
[3179/14713] Searching: I-STIX SPRAY PAINT LAQUER 400... ✓ Found
[3180/14713] Searching: ABRO SPRAY PAINT MATT BLACK 400... ✓ Found
[3181/14713] Searching: ABRO SPRAY PAINT MATT BLACK 400... ✓ Found
[3182/14713] Searching: SPRAY PAINT MARS RED 400... ✓ Found
[3183/14713] Searching: ABRO SPRAY PAINT ORANGE RED 400... ✓ Found
[3184/14713] Searching: ABRO SPRAY PAINT ORANGE RED 400... ✓ Found
[3185/14713] Searching: 1-STIX SPRAY PAINT MARS RED 400ML... ✓ Found
[3186/14713] Searching: I-STIX SPRAY PAINT SILVER... ✓ Found
[3187/14713] Searching: I-STX SPRAY PAINT VIOLET 400ML... ✓ Found
[3188/14713] Searching: ABRO SPRAY PAINT GLOSSY WHITE400... ✓ Found
[3189/14713] Searching: ABRO SPRAY PAINT CANARY YELLOW400... Error searching 'ABRO SPRAY PAINT CANARY YELLOW400': error sending request for url (https://duckduckgo.com/?q=ABRO+SPRAY+PAINT+CANARY+YELLOW400) > operation timed out
✓ Not Found
[3190/14713] Searching: TILE CUTTER... ✓ Found
[3191/14713] Searching: PRESSURE WASHER NOZZLE TIP... ✓ Found
[3192/14713] Searching: PRESSURE WASHER NOZZLE TIP... Error searching 'PRESSURE WASHER NOZZLE TIP': error sending request for url (https://duckduckgo.com/?q=PRESSURE+WASHER+NOZZLE+TIP) > operation timed out
✓ Not Found
[3193/14713] Searching: PRESSURE WASHER NOZZLE TIP... ✓ Found
[3194/14713] Searching: QUICK NOZZLE 1/4 GREEN... ✓ Found
[3195/14713] Searching: QUICK SPRAY NOZZLE YELLOW... ✓ Found
[3196/14713] Searching: GREASE GUN... ✓ Found
[3197/14713] Searching: CHIPPING  HAMMER 450GMS... ✓ Found
[3198/14713] Searching: CHIPPING  HAMMER350GMS... ✓ Found
[3199/14713] Searching: WELDING GOOGLES... ✓ Found
[3200/14713] Searching: WELDING GOOGLES... ✓ Found
  [Progress: 3200/14713 products processed]
[3201/14713] Searching: BHAGAT BIVELL SQUARE BH224... ✓ Found
[3202/14713] Searching: MEGA DIAL TYPRE PRESSURE GAUGE MBDTG... ✓ Found
[3203/14713] Searching: DAMAN COLD CHISEL POINT 3/4''*10'' GRIP... ✓ Found
[3204/14713] Searching: OCTANGLE POINT CHISEL 1*10(HEAVY GRIP)... ✓ Found
[3205/14713] Searching: POWERGRIP CRIMPING TOOL RJ-45... Error searching 'POWERGRIP CRIMPING TOOL RJ-45': error sending request for url (https://duckduckgo.com/?q=POWERGRIP+CRIMPING+TOOL+RJ-45) > operation timed out
✓ Not Found
[3206/14713] Searching: HANDLE- 068... ✓ Found
[3207/14713] Searching: HIGH-PRESSURE HOSE-583... ✓ Found
[3208/14713] Searching: EXTENSION HOSE 6MM... ✓ Found
[3209/14713] Searching: HIGH-PRESSURE HOSE 6-65... ✓ Found
[3210/14713] Searching: F016L73281 WIDE ANGLE NOZZLE... ✓ Found
[3211/14713] Searching: SDSPLUS HAMMER DRILL BIT 22*260... ✓ Found
[3212/14713] Searching: SPADE BIT  CLEANCUT 6*155MM... ✓ Found
[3213/14713] Searching: SPADE BIT CLEANCUT 14*155MM... ✓ Found
[3214/14713] Searching: 2608587502  SPADE BIT CLEANCUT 16*160MM... ✓ Found 
[3215/14713] Searching: SPADE BIT CLEANCUT 22*160MM... ✓ Found
[3216/14713] Searching: SPADE BIT CLEANCUT 30*165MM... ✓ Found
[3217/14713] Searching: SPADE BIT CLEANCUT 35*165MM... ✓ Found
[3218/14713] Searching: SPADE BIT CLEANCUT 28*165MM... ✓ Found
[3219/14713] Searching: CLEAR TAPE 48*100MTR 2 INCH... Error searching 'CLEAR TAPE 48*100MTR 2 INCH': error sending request for url (https://duckduckgo.com/?q=CLEAR+TAPE+48*100MTR+2+INCH) > operation timed out
✓ Not Found
[3220/14713] Searching: CLEAR TAPE 48*100MTR 2 INCH... ✓ Found
[3221/14713] Searching: CLEAR TAPE 48*100MTR 2 INCH... Error searching 'CLEAR TAPE 48*100MTR 2 INCH': error sending request for url (https://duckduckgo.com/?q=CLEAR+TAPE+48*100MTR+2+INCH) > operation timed out
✓ Not Found
[3222/14713] Searching: CELLO CLEAR TAPE 48*50M TR  TAPE... ✓ Found
[3223/14713] Searching: BROWN TAPE 48*35... Error searching 'BROWN TAPE 48*35': error sending request for url (https://duckduckgo.com/?q=BROWN+TAPE+48*35) > operation timed out
✓ Not Found
[3224/14713] Searching: BROWN TAPE 48*35... ✓ Found
[3225/14713] Searching: BROWN TAPE 48*35... ✓ Found
[3226/14713] Searching: BROWN TAPE 48*35... ✓ Found
[3227/14713] Searching: CELLO TAPE 1 INCH  24MM*100 MTR... ✓ Found
[3228/14713] Searching: CELLO TAPE 1 INCH  24MM*100 MTR... ✓ Found
[3229/14713] Searching: CELLO TAPE 1 INCH  24MM*100 MTR... ✓ Found
[3230/14713] Searching: Chisel Handle Striking (PVC)... ✓ Found
[3231/14713] Searching: CHISEL HANDLE PLASTIC... Error searching 'CHISEL HANDLE PLASTIC': error sending request for url (https://duckduckgo.com/?q=CHISEL+HANDLE+PLASTIC) > operation timed out
✓ Not Found
[3232/14713] Searching: CHISEL HANDLE WOODEN... ✓ Found
[3233/14713] Searching: 2-26 ORING... ✓ Found
[3234/14713] Searching: CHISEL HANDLE RED... Error searching 'CHISEL HANDLE RED': error sending request for url (https://duckduckgo.com/?q=CHISEL+HANDLE+RED) > operation timed out
✓ Not Found
[3235/14713] Searching: CLEAR TAPE 48*35 MTR... ✓ Found
[3236/14713] Searching: BROWN TAPE 24*50 mtr... ✓ Found
[3237/14713] Searching: Rainbow G+ Blue 1st... ✓ Found
[3238/14713] Searching: E AOG CARBON BRUSH CM4SA... ✓ Found
[3239/14713] Searching: E AOG CARBON BRUSH CM4SA... ✓ Found
[3240/14713] Searching: E AOG CARBON BRUSH CM4SA... Error searching 'E AOG CARBON BRUSH CM4SA': error sending request for url (https://duckduckgo.com/?q=E+AOG+CARBON+BRUSH+CM4SA) > operation timed out
✓ Not Found
[3241/14713] Searching: Rotary Hammer Bit 32*520... ✓ Found
[3242/14713] Searching: 2608690231 SDS-max Pointed 400mm... Error searching '2608690231 SDS-max Pointed 400mm': error sending request for url (https://duckduckgo.com/?q=2608690231+SDS-max+Pointed+400mm) > operation timed out
✓ Not Found
[3243/14713] Searching: 2608690231 SDS-max Pointed 400mm... Error searching '2608690231 SDS-max Pointed 400mm': error sending request for url (https://duckduckgo.com/?q=2608690231+SDS-max+Pointed+400mm) > operation timed out
✓ Not Found
[3244/14713] Searching: AS-8 /PARA8 CARBON CAP... Error searching 'AS-8 /PARA8 CARBON CAP': error sending request for url (https://duckduckgo.com/?q=AS-8+%2FPARA8+CARBON+CAP) > operation timed out
✓ Not Found
[3245/14713] Searching: HAMMER DRILL BIT 20*460 2608680291... ✓ Found
[3246/14713] Searching: SPADE BIT CLEANCUT 24*160... ✓ Found
[3247/14713] Searching: CABLE 25 SQMM ORANGE 36/300 PHILIPS... ✓ Found
[3248/14713] Searching: CORE BIT 10MM... ✓ Found
[3249/14713] Searching: CORE BIT 12MM... ✓ Found
[3250/14713] Searching: HINGES 4"... ✓ Found
  [Progress: 3250/14713 products processed]
[3251/14713] Searching: Cutting Nozzle 1/16... ✓ Found
[3252/14713] Searching: HOSE- 523(5-65)... ✓ Found
[3253/14713] Searching: CORE BIT... ✓ Found
[3254/14713] Searching: CORE BIT 50MM... ✓ Found
[3255/14713] Searching: BROWN TAPE 48*65  mtr... ✓ Found
[3256/14713] Searching: CORE BIT 10MM... ✓ Found
[3257/14713] Searching: HINGES 3"... ✓ Found
[3258/14713] Searching: Front Open Helmet... ✓ Found
[3259/14713] Searching: DAMPING RING... ✓ Found
[3260/14713] Searching: ROYAL ENAMEL PAINT BRUSH 2... ✓ Found
[3261/14713] Searching: ROYAL ENAMEL PAINT BRUSH 2... ✓ Found
[3262/14713] Searching: ROYAL ENAMEL PAINT BRUSH 2... ✓ Found
[3263/14713] Searching: NEEDLE BEARING... ✓ Found
[3264/14713] Searching: Safety Helmet Heapro Ratchet... ✓ Found
[3265/14713] Searching: BAUM ART-172 MULTI CABLE STRIPPER... ✓ Found
[3266/14713] Searching: ONIX RECHARGEBLE LED OL880... ✓ Found
[3267/14713] Searching: FREEMANS IKON 7.5MTR... ✓ Found
[3268/14713] Searching: FREEMANS IKON 7.5MTR... ✓ Found
[3269/14713] Searching: FREEMANS IKON 7.5MTR... ✓ Found
[3270/14713] Searching: MASK YELLOW... ✓ Found
[3271/14713] Searching: Dog Belt With Chain... Error searching 'Dog Belt With Chain': error sending request for url (https://duckduckgo.com/?q=Dog+Belt+With+Chain) > operation timed out
✓ Not Found
[3272/14713] Searching: Gate Chain Welded Star6*12... ✓ Found
[3273/14713] Searching: COPPER CABLE G TECH 25 SQM SAI... ✓ Found
[3274/14713] Searching: COPPER CABLE G TECH 25 SQM SAI... ✓ Found
[3275/14713] Searching: COPPER CABLE G TECH 25 SQM SAI... ✓ Found
[3276/14713] Searching: COPPER CABLE G TECH 25 SQM SAI... ✓ Found
[3277/14713] Searching: COPPER CABLE G TECH 25 SQM SAI... Error searching 'COPPER CABLE G TECH 25 SQM SAI': error sending request for url (https://duckduckgo.com/?q=COPPER+CABLE+G+TECH+25+SQM+SAI) > operation timed out
✓ Not Found
[3278/14713] Searching: SAI WELDING CABLE 35 SQM... ✓ Found
[3279/14713] Searching: SAI WELDING CABLE 35 SQM... ✓ Found
[3280/14713] Searching: SAI WELDING CABLE 50 SQMM... ✓ Found
[3281/14713] Searching: SAI WELDIN G CABLE ORANGE COLOUR 25 SQ... ✓ Found
[3282/14713] Searching: WELDING CABLE ORANGE 16SQMM   SAIWELD... ✓ Found
[3283/14713] Searching: WELDING CABLE ORANGE 16SQMM   SAIWELD... ✓ Found
[3284/14713] Searching: IRON CUTTING CHISEL 4... ✓ Found
[3285/14713] Searching: AS83/1... Error searching 'AS83/1': error sending request for url (https://duckduckgo.com/?q=AS83%2F1) > operation timed out
✓ Not Found
[3286/14713] Searching: S HOOK CP 3 INCH PLAIN... ✓ Found
[3287/14713] Searching: Epoxy Primer Grey... ✓ Found
[3288/14713] Searching: NS ROLLER HANDLE... ✓ Found
[3289/14713] Searching: COPPER CABLE MAX WELD 25 SQMM ISI... ✓ Found
[3290/14713] Searching: COPPER CABLE MAX WELD 25 SQMM ISI... ✓ Found
[3291/14713] Searching: COPPER CABLE MAX WELD 25 SQMM ISI... ✓ Found
[3292/14713] Searching: COPPER CABLE MAX WELD 25 SQMM ISI... ✓ Found
[3293/14713] Searching: COPPER CABLE MAX WELD 25 SQMM ISI... ✓ Found
[3294/14713] Searching: COPPER CABLE MAX WELD 25 SQMM ISI... ✓ Found
[3295/14713] Searching: AS8 BODY... ✓ Found
[3296/14713] Searching: E ENDIGOSPARES AS8 BEARING GUIDE... Error searching 'E ENDIGOSPARES AS8 BEARING GUIDE': error sending request for url (https://duckduckgo.com/?q=E+ENDIGOSPARES+AS8+BEARING+GUIDE) > operation timed out
✓ Not Found
[3297/14713] Searching: E ENDIGO SPARES AS8YGUIDE... ✓ Found
[3298/14713] Searching: COTTON KNITTED DOTTED GLOVES... ✓ Found
[3299/14713] Searching: ROYAL ROLLER POUCH 4'... ✓ Found
[3300/14713] Searching: ROYAL ROLLER POUCH 4'... ✓ Found
  [Progress: 3300/14713 products processed]
[3301/14713] Searching: ROYAL ROLLER POUCH 4'... ✓ Found
[3302/14713] Searching: ROYAL ROLLER POUCH 4'... ✓ Found
[3303/14713] Searching: 4'ENAMEL REFIL... ✓ Found
[3304/14713] Searching: 4'ENAMEL REFIL... ✓ Found
[3305/14713] Searching: ROLLER SLEEVE 2INCH... ✓ Found
[3306/14713] Searching: PAINT BRUSH 2'(38mm)... ✓ Found
[3307/14713] Searching: PAINT BRUSH 2.5'... ✓ Found
[3308/14713] Searching: PAINT BRUSH 1'... ✓ Found
[3309/14713] Searching: PAINT BRUSH 1'... ✓ Found
[3310/14713] Searching: PAINT BRUSH 1.5'... ✓ Found
[3311/14713] Searching: PAINT BRUSH 1.5'... ✓ Found
[3312/14713] Searching: PAINT BRUSH 1.5'... ✓ Found
[3313/14713] Searching: PAINT BRUSH MAH SIN 3'... Error searching 'PAINT BRUSH MAH SIN 3'': error sending request for url (https://duckduckgo.com/?q=PAINT+BRUSH+MAH+SIN+3%27) > operation timed out
✓ Not Found
[3314/14713] Searching: PAINT BRUSH MAH SIN 3'... ✓ Found
[3315/14713] Searching: PAINT BRUSH 4'... ✓ Found
[3316/14713] Searching: Freemans Wood Cutting Blade 5*30... ✓ Found
[3317/14713] Searching: COTTON GLOUSE 100GRM... ✓ Found
[3318/14713] Searching: INGCO AIR SPRAY GUN... ✓ Found
[3319/14713] Searching: GRANITE &STONE CUTTING BLADE 112MM... ✓ Found
[3320/14713] Searching: DIGITAL MULIMETER... Error searching 'DIGITAL MULIMETER': error sending request for url (https://duckduckgo.com/?q=DIGITAL+MULIMETER) > operation timed out
✓ Not Found
[3321/14713] Searching: AIR TRACT SPRAY GUN  AT700... ✓ Found
[3322/14713] Searching: BOZA BENCH VICE 4*4.5 INCH... Error searching 'BOZA BENCH VICE 4*4.5 INCH': error sending request for url (https://duckduckgo.com/?q=BOZA+BENCH+VICE+4*4.5+INCH) > operation timed out
✓ Not Found
[3323/14713] Searching: BOZA BENCH VICE 4*4.5 INCH... ✓ Found
[3324/14713] Searching: ENDICO SPARES AS8 BACKALITE PLATE... Error searching 'ENDICO SPARES AS8 BACKALITE PLATE': error sending request for url (https://duckduckgo.com/?q=ENDICO+SPARES+AS8+BACKALITE+PLATE) > operation timed out
✓ Not Found
[3325/14713] Searching: HACK SAW FRAME JUNIER 6MM... ✓ Found
[3326/14713] Searching: HACK SAW FRAME MINI... ✓ Found
[3327/14713] Searching: 15351 1 SQMM CABLE COP ATC... Error searching '15351 1 SQMM CABLE COP ATC': error sending request for url (https://duckduckgo.com/?q=15351+1+SQMM+CABLE+COP+ATC) > operation timed out
✓ Not Found
[3328/14713] Searching: VICE 5 '... ✓ Found
[3329/14713] Searching: T  BAR STEEL CASTED  VICE 2INCH TEE 6'... Error searching 'T  BAR STEEL CASTED  VICE 2INCH TEE 6'': error sending request for url (https://duckduckgo.com/?q=T++BAR+STEEL+CASTED++VICE+2INCH+TEE+6%27) > operation timed out
✓ Not Found
[3330/14713] Searching: E-ENDICO-SPARES-AS8 SLEEVE... ✓ Found
[3331/14713] Searching: WELDING HOLDER  LEGO MINI BRASS... ✓ Found
[3332/14713] Searching: WELDING HOLDER  LEGO MINI BRASS... ✓ Found
[3333/14713] Searching: WELDING HOLDER  LEGO MINI BRASS... ✓ Found
[3334/14713] Searching: VOLTAGE DETECTOR... ✓ Found
[3335/14713] Searching: TUQO HYDRAULIC HOSE AW05 7 MTR... ✓ Found
[3336/14713] Searching: TUQO HYDRAULIC HOSE AW06 7 MTR... ✓ Found
[3337/14713] Searching: ALUMINIUM FILER WIRE 4043... ✓ Found
[3338/14713] Searching: ALUMINIUM FILLER WIRE 5356... ✓ Found
[3339/14713] Searching: AB WASHER 7''... ✓ Found
[3340/14713] Searching: WOOD RUFF KEY... ✓ Found
[3341/14713] Searching: AUTO WIRE STRIPPER & CRIMPING TOOL... ✓ Found
[3342/14713] Searching: METSO WIRE STRIPPER MULTI AWS15... ✓ Found
[3343/14713] Searching: ATHULYA AXE KODALI 2KG... ✓ Found
[3344/14713] Searching: ATHULYA AXE KODALI 2KG... ✓ Found
[3345/14713] Searching: ATHULYA AXE KODALI2.5... ✓ Found
[3346/14713] Searching: ATHULYA AXE KODALI2.5... ✓ Found
[3347/14713] Searching: ATHULYA AXE KODALI2.5... ✓ Found
[3348/14713] Searching: ATHULYA AXE 2.8 KODALI... ✓ Found
[3349/14713] Searching: ATHULYA AXE 2.8 KODALI... ✓ Found
[3350/14713] Searching: ATHULYA AXE KODALI3 KG... ✓ Found
  [Progress: 3350/14713 products processed]
[3351/14713] Searching: AIMAXE POWER PRESSURE WASHER 250 BAR AXEC250... ✓ Found
[3352/14713] Searching: TEXTURE GUN... ✓ Found
[3353/14713] Searching: TEXTURE GUN... ✓ Found
[3354/14713] Searching: BC 28MM CONNECTING CASE HOUSING... ✓ Found
[3355/14713] Searching: B03710-SANDER 92*185... ✓ Found
[3356/14713] Searching: 810 ORING... ✓ Found
[3357/14713] Searching: 810 ORING... ✓ Found
[3358/14713] Searching: 0810 OIL SEAL... ✓ Found
[3359/14713] Searching: BULL 5KG HANDLE  DH0835... ✓ Found
[3360/14713] Searching: CUTTING NOZZLE IMPEX B1/16... ✓ Found
[3361/14713] Searching: CUTTING NOZZLE IMPEX B1/16... ✓ Found
[3362/14713] Searching: CUTTING NOZZLE IMPEX B1/16... ✓ Found
[3363/14713] Searching: CUTTING NOZZLE IMPEX B1/16... Error searching 'CUTTING NOZZLE IMPEX B1/16': error sending request for url (https://duckduckgo.com/?q=CUTTING+NOZZLE+IMPEX+B1%2F16) > operation timed out
✓ Not Found
[3364/14713] Searching: CUTTING NOZZLE IMPEX 1/32... ✓ Found
[3365/14713] Searching: CUTTING NOZZLE IMPEX 1/32... ✓ Found
[3366/14713] Searching: CUTTING NOZZLE IMPEX 1/32... ✓ Found
[3367/14713] Searching: CUTTING NOZZLE IMPEX 1/32... ✓ Found
[3368/14713] Searching: BULL STAPLIER PIN 100/30... ✓ Found
[3369/14713] Searching: BULL STAPLIER PIN 100/40... ✓ Found
[3370/14713] Searching: BULL STAPLIER PIN 100/45... ✓ Found
[3371/14713] Searching: 06012161F4 GSB 10 RE KIT IMPACT DRILL... ✓ Found
[3372/14713] Searching: BREAD BOX 111... ✓ Found
[3373/14713] Searching: GRINDER ARMATURE... ✓ Found
[3374/14713] Searching: 11E FELT OIL SEAL... ✓ Found
[3375/14713] Searching: 11E STOPPING DEVICE... ✓ Found
[3376/14713] Searching: 11E STOPPING DEVICE... ✓ Found
[3377/14713] Searching: BULLET HAMMER 450 GRM  WITH HANDLE... ✓ Found
[3378/14713] Searching: GHP5-65 High Pressure Cleaner... Error searching 'GHP5-65 High Pressure Cleaner': error sending request for url (https://duckduckgo.com/?q=GHP5-65+High+Pressure+Cleaner) > operation timed out
✓ Not Found
[3379/14713] Searching: V BELT B22... ✓ Found
[3380/14713] Searching: BREAD BOX 222... ✓ Found
[3381/14713] Searching: 17294 9WP BULB OSRAM B22... ✓ Found
[3382/14713] Searching: BULL23/10 STAPLIER PIN... ✓ Found
[3383/14713] Searching: BULL 23/6 STAPLIER PIN... ✓ Found
[3384/14713] Searching: BULL 23/8 STAPLIER PIN... ✓ Found
[3385/14713] Searching: BULL 23/8 STAPLIER PIN... ✓ Found
[3386/14713] Searching: BULL 23/8 STAPLIER PIN... Error searching 'BULL 23/8 STAPLIER PIN': error sending request for url (https://duckduckgo.com/?q=BULL+23%2F8+STAPLIER+PIN) > operation timed out
✓ Not Found
[3387/14713] Searching: 288 OIL SEAL... ✓ Found
[3388/14713] Searching: 288 OIL SEAL... ✓ Found
[3389/14713] Searching: 288 PISTON... Error searching '288 PISTON': error sending request for url (https://duckduckgo.com/?q=288+PISTON) > operation timed out
✓ Not Found
[3390/14713] Searching: 288 MICRO SWITCH... Error searching '288 MICRO SWITCH': error sending request for url (https://duckduckgo.com/?q=288+MICRO+SWITCH) > operation timed out
✓ Not Found
[3391/14713] Searching: 288 SPRING... ✓ Found
[3392/14713] Searching: 288 VALVE... ✓ Found
[3393/14713] Searching: 288 VALVE... ✓ Found
[3394/14713] Searching: 288 WATER SEAL... ✓ Found
[3395/14713] Searching: GSB 501 DRILL MACHINE... ✓ Found
[3396/14713] Searching: CUTTING NOZZLE IMPEX B3/64 WALT... ✓ Found
[3397/14713] Searching: CUTTING NOZZLE IMPEX B3/64 WALT... ✓ Found
[3398/14713] Searching: BREAD BOX 333... ✓ Found
[3399/14713] Searching: B36 FENNER WET GRINDER BELT... ✓ Found
[3400/14713] Searching: BUFFING  WHEEL 4 INCH  BROWN... ✓ Found
  [Progress: 3400/14713 products processed]
[3401/14713] Searching: BUFFING WHEEL 4*12 BULL GREEN... ✓ Found
[3402/14713] Searching: TCT BLADE 4*40T SLIM PRO BULL... ✓ Found
[3403/14713] Searching: TCT BLADE 4*40T SLIM PRO BULL... ✓ Found
[3404/14713] Searching: TCT BLADE 4*40T SLIM PRO BULL... ✓ Found
[3405/14713] Searching: B42 FENNER WET GRINDER BELT... ✓ Found
[3406/14713] Searching: V BELT... ✓ Found
[3407/14713] Searching: B48 FENNER WET GRINDER BELT... ✓ Found
[3408/14713] Searching: TCT BLADE 5*40T SLIM PRO... ✓ Found
[3409/14713] Searching: GSS 2300 SANDER... ✓ Found
[3410/14713] Searching: NON WOVEN WHEEL 6*1... Error searching 'NON WOVEN WHEEL 6*1': error sending request for url (https://duckduckgo.com/?q=NON+WOVEN+WHEEL+6*1) > operation timed out
✓ Not Found
[3411/14713] Searching: BEARING 6202... ✓ Found
[3412/14713] Searching: BEARING 6204... Error searching 'BEARING 6204': error sending request for url (https://duckduckgo.com/?q=BEARING+6204) > operation timed out
✓ Not Found
[3413/14713] Searching: V BELT B66... ✓ Found
[3414/14713] Searching: MAGNET NUTSETTER 8X50MM 50PCS B-67773... ✓ Found
[3415/14713] Searching: T144DHCS SPEED FOR WOOD100PACK-2608637880... ✓ Found
[3416/14713] Searching: BOSCH JIGSAW BLADE T 244 D 2608637881... ✓ Found
[3417/14713] Searching: Bosch Go Cordless Screw Deriver Kit... ✓ Found
[3418/14713] Searching: G CLAMP 2 INCH... ✓ Found
[3419/14713] Searching: CALTEX  C CLAMP 3 INCH... ✓ Found
[3420/14713] Searching: BULL STAPLIER PIN 80/10... ✓ Found
[3421/14713] Searching: BULL STAPLIER PIN 80/12... ✓ Found
[3422/14713] Searching: BULL STAPLIER PIN 80/8... ✓ Found
[3423/14713] Searching: BULL STAPLIER PIN 80/9... ✓ Found
[3424/14713] Searching: CARBON BRUSH B-80357... ✓ Found
[3425/14713] Searching: CARBON BRUSH MAKITA (B-80422 }... ✓ Found
[3426/14713] Searching: BEND SPRING 20 MM... Error searching 'BEND SPRING 20 MM': error sending request for url (https://duckduckgo.com/?q=BEND+SPRING+20+MM) > operation timed out
✓ Not Found
[3427/14713] Searching: 810 OIL SEAL  BULL... ✓ Found
[3428/14713] Searching: BOSCH PRESURE WASHER... ✓ Found
[3429/14713] Searching: GBM 6... ✓ Found
[3430/14713] Searching: Bosch Angle Gws22-230 0601850155... ✓ Found
[3431/14713] Searching: Bosch Gbm 13 Re... ✓ Found
[3432/14713] Searching: AIR BLOW GUN... ✓ Found
[3433/14713] Searching: REDUCER... Error searching 'REDUCER': error sending request for url (https://duckduckgo.com/?q=REDUCER) > operation timed out
✓ Not Found
[3434/14713] Searching: BEARING PULLER 6INCH BA150... ✓ Found
[3435/14713] Searching: BA417 1/2 DRIVE SLIDING BAR 300MM... ✓ Found
[3436/14713] Searching: BULL AIRCOMPRESSOR PRESSURE GUAGE... ✓ Found
[3437/14713] Searching: BULL AIR COMPRESSOR REGULATOR VALVU... ✓ Found
[3438/14713] Searching: BULL AIR COMPRESSOR REGULATOR VALVU... ✓ Found
[3439/14713] Searching: BULL AIR COMPRESSOR VALVU PLATE... ✓ Found
[3440/14713] Searching: ADDITION DRILL BIT 1 M M... ✓ Found
[3441/14713] Searching: ADDISION DRILL BIT 1/8 JOBBER... ✓ Found
[3442/14713] Searching: ADDISION DRILL BIT 10M JOBBER  BITWORLD... Error searching 'ADDISION DRILL BIT 10M JOBBER  BITWORLD': error sending request for url (https://duckduckgo.com/?q=ADDISION+DRILL+BIT+10M+JOBBER++BITWORLD) > operation timed out
✓ Not Found
[3443/14713] Searching: ADDISION DRILL BIT 2MM  BITWORLD  JOBBER... Error searching 'ADDISION DRILL BIT 2MM  BITWORLD  JOBBER': error sending request for url (https://duckduckgo.com/?q=ADDISION+DRILL+BIT+2MM++BITWORLD++JOBBER) > operation timed out
✓ Not Found
[3444/14713] Searching: ADDISION DRILL BIT 2MM  BITWORLD  JOBBER... ✓ Found
[3445/14713] Searching: ADDISION DRILL BIT 2MM  BITWORLD  JOBBER... ✓ Found
[3446/14713] Searching: ADDISION DRILL BIT JOBBER 2.5 BITWORLD... ✓ Found
[3447/14713] Searching: ADDISION DRILL BIT 3.5 JOBBER BITWOLD... ✓ Found
[3448/14713] Searching: ADDISION DRILL BIT 3.5 JOBBER BITWOLD... ✓ Found
[3449/14713] Searching: ADDITION DRILL BIT 3/32... ✓ Found
[3450/14713] Searching: ADDISION DRILL BIT 3MM JOBBER BITWORLD... ✓ Found
  [Progress: 3450/14713 products processed]
[3451/14713] Searching: ADDISION DRILL BIT 4.5M JOBBER... ✓ Found
[3452/14713] Searching: ADDISION DRILL 4M JOBBER BITWORLD... ✓ Found
[3453/14713] Searching: ADDISION DRILL 4M JOBBER BITWORLD... ✓ Found
[3454/14713] Searching: ADDISION DRILL BIT 5M JOBBER BITWOLD... ✓ Found
[3455/14713] Searching: ADDISION DRILL BIT 6M JOBBER  BITWORLD... ✓ Found
[3456/14713] Searching: BULL GOLD AG100 BEARING SLEEVE... ✓ Found
[3457/14713] Searching: CARBON BRUSH BGAG100... ✓ Found
[3458/14713] Searching: GEAR BOX FOR BULL ANGLE GRINDER AG-100... ✓ Found
[3459/14713] Searching: BULL GOLD AG-100 GEAR SET... Error searching 'BULL GOLD AG-100 GEAR SET': error sending request for url (https://duckduckgo.com/?q=BULL+GOLD+AG-100+GEAR+SET) > operation timed out
✓ Not Found
[3460/14713] Searching: BULL GOLD AG-100 GEAR SET... ✓ Found
[3461/14713] Searching: LOCK SET FOR BULL ANGLE GRINDER BAG100... ✓ Found
[3462/14713] Searching: AG-100 MULTI SPANNER... Error searching 'AG-100 MULTI SPANNER': error sending request for url (https://duckduckgo.com/?q=AG-100+MULTI+SPANNER) > operation timed out
✓ Not Found
[3463/14713] Searching: BULL GOLD AG-125  CARBON BRUSH... Error searching 'BULL GOLD AG-125  CARBON BRUSH': error sending request for url (https://duckduckgo.com/?q=BULL+GOLD+AG-125++CARBON+BRUSH) > operation timed out
✓ Not Found
[3464/14713] Searching: BULL GOLD HOUSING AG125... ✓ Found
[3465/14713] Searching: BULL GOLD AG2100 BEARING SLEEVE... ✓ Found
[3466/14713] Searching: BULL GOLD AG2100 BEARING SLEEVE... ✓ Found
[3467/14713] Searching: BEARING SLEEVE FOR AG2100... ✓ Found
[3468/14713] Searching: BULL GOLD AG2-100 CARBON... ✓ Found
[3469/14713] Searching: BULL GOLD AG2-100 CARBON... ✓ Found
[3470/14713] Searching: BULL GOLD AG2100 GEAR CASE... ✓ Found
[3471/14713] Searching: BULL GOLD AG2100 GEAR SET... ✓ Found
[3472/14713] Searching: BULL GOLD AG2100 LOCK SET... ✓ Found
[3473/14713] Searching: BULL GRINDER 9 INCH SWITCH AG-230... ✓ Found
[3474/14713] Searching: BULL GOLD AG3100 BEARING SLEEVE... Error searching 'BULL GOLD AG3100 BEARING SLEEVE': error sending request for url (https://duckduckgo.com/?q=BULL+GOLD+AG3100+BEARING+SLEEVE) > operation timed out
✓ Not Found
[3475/14713] Searching: BULL GOLD AG3100 GEAR... ✓ Found
[3476/14713] Searching: BULL CARBON 6100... ✓ Found
[3477/14713] Searching: BULLET ANGLE GRINDER 4 INCH 801... ✓ Found
[3478/14713] Searching: BULL CARBON 801... ✓ Found
[3479/14713] Searching: BALL BEARING 607... ✓ Found
[3480/14713] Searching: BAR NUT M8... ✓ Found
[3481/14713] Searching: BULL CARBON CM4SA... ✓ Found
[3482/14713] Searching: BULL CARBON CM4SA... ✓ Found
[3483/14713] Searching: Q1120... ✓ Found
[3484/14713] Searching: BATTERY 21V... ✓ Found
[3485/14713] Searching: BULLET BATTERY 1.5 AH 20V... ✓ Found
[3486/14713] Searching: BEARING BUSH 607... ✓ Found
[3487/14713] Searching: BALL BEARING 62001... ✓ Found
[3488/14713] Searching: 80T BLADE BLACK... Error searching '80T BLADE BLACK': error sending request for url (https://duckduckgo.com/?q=80T+BLADE+BLACK) > operation timed out
✓ Not Found
[3489/14713] Searching: VORMIER  BATTERY FOR BRUSHCUTTER BB85... ✓ Found
[3490/14713] Searching: VORMIER CHARGER  CORDLESS LEAF BLOWER... ✓ Found
[3491/14713] Searching: BC TRANSIT SHAFT 9T... ✓ Found
[3492/14713] Searching: BLOCK BLESSING FOR MAL 16KG BBDH16KP... Error searching 'BLOCK BLESSING FOR MAL 16KG BBDH16KP': error sending request for url (https://duckduckgo.com/?q=BLOCK+BLESSING+FOR+MAL+16KG+BBDH16KP) > operation timed out
✓ Not Found
[3493/14713] Searching: BANGALORE BILL HOOK... ✓ Found
[3494/14713] Searching: CENTRAL PUNCH 4 INCH  TAPARIA... ✓ Found
[3495/14713] Searching: CENTRAL PUNCH 4 INCH  TAPARIA... Error searching 'CENTRAL PUNCH 4 INCH  TAPARIA': error sending request for url (https://duckduckgo.com/?q=CENTRAL+PUNCH+4+INCH++TAPARIA) > operation timed out
✓ Not Found
[3496/14713] Searching: TCT BLADE OMR 10*40T BRUSH CUTTER... ✓ Found
[3497/14713] Searching: BOOSTER CABLE HEAVY... ✓ Found
[3498/14713] Searching: BC26 CYLINDER... Error searching 'BC26 CYLINDER': error sending request for url (https://duckduckgo.com/?q=BC26+CYLINDER) > operation timed out
✓ Not Found
[3499/14713] Searching: BC 26 CONNECTING CASE... ✓ Found
[3500/14713] Searching: BC CARBURATOR GASKET... ✓ Found
  [Progress: 3500/14713 products processed]
[3501/14713] Searching: BC26 CONNECTING PARTS... ✓ Found
[3502/14713] Searching: BC26 CYLINDER GASKET... ✓ Found
[3503/14713] Searching: BC26 FUEL TANK COVER... ✓ Found
[3504/14713] Searching: BC26 FUEL TANK COVER... ✓ Found
[3505/14713] Searching: BC MANIFOLD... ✓ Found
[3506/14713] Searching: BC26 OIL SEAL... ✓ Found
[3507/14713] Searching: BC26 PISTON... ✓ Found
[3508/14713] Searching: BC26 PIPE... ✓ Found
[3509/14713] Searching: BC26 PISTON RING... ✓ Found
[3510/14713] Searching: BC26 PISTON RING... ✓ Found
[3511/14713] Searching: BC28 INLET PIPE GASKET... ✓ Found
[3512/14713] Searching: BC28 PISTON... Error searching 'BC28 PISTON': error sending request for url (https://duckduckgo.com/?q=BC28+PISTON) > operation timed out
✓ Not Found
[3513/14713] Searching: BC28 AIR FILTER ELEMENT... ✓ Found
[3514/14713] Searching: BC28 CLUTCH DRUM... ✓ Found
[3515/14713] Searching: BC28 CLIP... ✓ Found
[3516/14713] Searching: BC28 FUEL CAP... ✓ Found
[3517/14713] Searching: BC28 FUEL PIPE SET... ✓ Found
[3518/14713] Searching: BC28 FUEL TANK ASSY... ✓ Found
[3519/14713] Searching: BC28MM PIPE... ✓ Found
[3520/14713] Searching: BC28MM PIPE... ✓ Found
[3521/14713] Searching: BC28MM PIPE... ✓ Found
[3522/14713] Searching: BC28 STARTER... ✓ Found
[3523/14713] Searching: BC28 STARTER ASSY... ✓ Found
[3524/14713] Searching: BC28 SWITCH HANDLE   RIGHT... ✓ Found
[3525/14713] Searching: CARBURATOR 2 ST. B/C S/S... ✓ Found
[3526/14713] Searching: BC3 OIL SEAL 15X30X7... ✓ Found
[3527/14713] Searching: BC3 OIL SEAL 12X22X7... ✓ Found
[3528/14713] Searching: BC3 BALL BEARING 6202... ✓ Found
[3529/14713] Searching: BC3 AIR BOX BASE... ✓ Found
[3530/14713] Searching: BC3 AIR BOX ASSY... ✓ Found
[3531/14713] Searching: BC3 BEARING 10*13*16... Error searching 'BC3 BEARING 10*13*16': error sending request for url (https://duckduckgo.com/?q=BC3+BEARING+10*13*16) > operation timed out
✓ Not Found
[3532/14713] Searching: BC3 BALANCE BODY... ✓ Found
[3533/14713] Searching: BC3 CARBURATOR... Error searching 'BC3 CARBURATOR': error sending request for url (https://duckduckgo.com/?q=BC3+CARBURATOR) > operation timed out
✓ Not Found
[3534/14713] Searching: BC3 CARBURATOR... ✓ Found
[3535/14713] Searching: BC3 CARBURATOR... ✓ Found
[3536/14713] Searching: BC3 CLUTCH ASSY... ✓ Found
[3537/14713] Searching: BC3 CLUTCH DRUM... ✓ Found
[3538/14713] Searching: BC3 CLUTCH ASSY... ✓ Found
[3539/14713] Searching: BC3 CONTROL HANDLE... Error searching 'BC3 CONTROL HANDLE': error sending request for url (https://duckduckgo.com/?q=BC3+CONTROL+HANDLE) > operation timed out
✓ Not Found
[3540/14713] Searching: BC3 CONTROL HANDLE... ✓ Found
[3541/14713] Searching: BC3 CLAMP LH... Error searching 'BC3 CLAMP LH': error sending request for url (https://duckduckgo.com/?q=BC3+CLAMP+LH) > operation timed out
✓ Not Found
[3542/14713] Searching: BC3 CLAMP LH... ✓ Found
[3543/14713] Searching: BC3 CLAMP LH... ✓ Found
[3544/14713] Searching: BC3 CIRCLIP PISTON RING... ✓ Found
[3545/14713] Searching: BC3 CIRCLIP PISTON RING... ✓ Found
[3546/14713] Searching: BC3 CLAMP RH... ✓ Found
[3547/14713] Searching: BC3 CYLINDER... ✓ Found
[3548/14713] Searching: BC3 DRIVER SHAFT... ✓ Found
[3549/14713] Searching: BC3 FILTER FUEL... ✓ Found
[3550/14713] Searching: BC3 FUEL TANK... Error searching 'BC3 FUEL TANK': error sending request for url (https://duckduckgo.com/?q=BC3+FUEL+TANK) > operation timed out
✓ Not Found
  [Progress: 3550/14713 products processed]
[3551/14713] Searching: BC3 FUEL TANK... ✓ Found
[3552/14713] Searching: BC3 FUEL TANK COVER... ✓ Found
[3553/14713] Searching: BC3 FUEL TUBE... ✓ Found
[3554/14713] Searching: BC3 FUEL TUBE... ✓ Found
[3555/14713] Searching: BC3 GASKET... ✓ Found
[3556/14713] Searching: BC3 GASKET  CYLINDER... ✓ Found
[3557/14713] Searching: BC3 GASKET  CYLINDER... ✓ Found
[3558/14713] Searching: BC3 GB BLADE RETAINER... ✓ Found
[3559/14713] Searching: BC3 GB BLADE RETAINER... ✓ Found
[3560/14713] Searching: BC3 GB CAP WASHER... ✓ Found
[3561/14713] Searching: BC3 GB CAP WASHER... ✓ Found
[3562/14713] Searching: BC3 GASKET CARBURATOR... ✓ Found
[3563/14713] Searching: BC3 GASKET CARBURATOR... ✓ Found
[3564/14713] Searching: BC3 GASKET CARBURATOR... ✓ Found
[3565/14713] Searching: BC3 GASKET CARBURATOR... ✓ Found
[3566/14713] Searching: BC3 INSULATOR  GASKET... ✓ Found
[3567/14713] Searching: BC3 SCREW M5X25... ✓ Found
[3568/14713] Searching: BC3 PRIMING BULB... ✓ Found
[3569/14713] Searching: BC3 PRIMING BULB... ✓ Found
[3570/14713] Searching: BC3 PISTON... ✓ Found
[3571/14713] Searching: BC3 PISTON... Error searching 'BC3 PISTON': error sending request for url (https://duckduckgo.com/?q=BC3+PISTON) > operation timed out
✓ Not Found
[3572/14713] Searching: BC3 PISTON RING... ✓ Found
[3573/14713] Searching: BC3 PISTON RING... ✓ Found
[3574/14713] Searching: BC3 RUBBER -BUMP... ✓ Found
[3575/14713] Searching: BC3 RUBBER -BUMP... ✓ Found
[3576/14713] Searching: BC3 RETAINER FUEL... ✓ Found
[3577/14713] Searching: BC3 RETAINER FUEL... ✓ Found
[3578/14713] Searching: BC3 RUBBER BUMP... ✓ Found
[3579/14713] Searching: BC3 ALUMN TUBE -SHAFT... ✓ Found
[3580/14713] Searching: BC3 START ASSEMBLY... ✓ Found
[3581/14713] Searching: BC3 START ASSEMBLY... ✓ Found
[3582/14713] Searching: BC3 SPONGE... ✓ Found
[3583/14713] Searching: BC3 SPARK PLUG... ✓ Found
[3584/14713] Searching: BC3 SPARK PLUG... ✓ Found
[3585/14713] Searching: BC3 START REEL... ✓ Found
[3586/14713] Searching: BC3 THROTTLE CABLE ASSY... ✓ Found
[3587/14713] Searching: BLADE BRUSH CUTTER 40T... ✓ Found
[3588/14713] Searching: BC CARBURATOR HQ 43CC... ✓ Found
[3589/14713] Searching: BC 43CC CYLINDER SET  VERTIGO GOLD... ✓ Found
[3590/14713] Searching: BC10 CYLINDER SET 43CC... ✓ Found
[3591/14713] Searching: BC PISTON SET 43CC... ✓ Found
[3592/14713] Searching: BC4EE MUFLER GASKET... ✓ Found
[3593/14713] Searching: RUBBER BEARING BC4SH... ✓ Found
[3594/14713] Searching: BELT COMPRESSOR Z0036/8 1 HP 50 L... ✓ Found
[3595/14713] Searching: BC 52CC CYLINDER SET... ✓ Found
[3596/14713] Searching: BC10 CYLINDER SET 52CC... Error searching 'BC10 CYLINDER SET 52CC': error sending request for url (https://duckduckgo.com/?q=BC10+CYLINDER+SET+52CC) > operation timed out
✓ Not Found
[3597/14713] Searching: BC PISTION SET  52CC... ✓ Found
[3598/14713] Searching: BLADE BRUSHCUTTER 60T... ✓ Found
[3599/14713] Searching: BC STARTER OMR... ✓ Found
[3600/14713] Searching: BC STARTER OMR... ✓ Found
  [Progress: 3600/14713 products processed]
[3601/14713] Searching: BOLT CUTTER 200MM ULTRAFAST... Error searching 'BOLT CUTTER 200MM ULTRAFAST': error sending request for url (https://duckduckgo.com/?q=BOLT+CUTTER+200MM+ULTRAFAST) > operation timed out
✓ Not Found
[3602/14713] Searching: BC CLUTCH CASE ASSY 4 STROKE... ✓ Found
[3603/14713] Searching: BC AIR FILTER SPONGE SQUARE... ✓ Found
[3604/14713] Searching: BC AB WASHER 2ST... ✓ Found
[3605/14713] Searching: BC AB WASHER 2ST... ✓ Found
[3606/14713] Searching: BRUSH CUTTER BLADE ALLYS... ✓ Found
[3607/14713] Searching: BRUSH CUTTER BLADE ALLYS... ✓ Found
[3608/14713] Searching: BC BELT DOUBLE  BLACK... ✓ Found
[3609/14713] Searching: BC BELT DOUBLE  BLACK... ✓ Found
[3610/14713] Searching: BC BELT SINGLE HEAVY... ✓ Found
[3611/14713] Searching: BC OILSEAL BIG... ✓ Found
[3612/14713] Searching: BC CAP LID ASSEMBLY... ✓ Found
[3613/14713] Searching: BC CLUTCH BOLT RAJAGRO... ✓ Found
[3614/14713] Searching: BC CLUTCH DRUM... ✓ Found
[3615/14713] Searching: BC CLUTCH DRUM... ✓ Found
[3616/14713] Searching: CARBURATER PACKING BC... ✓ Found
[3617/14713] Searching: BC CLUTCH RED... Error searching 'BC CLUTCH RED': error sending request for url (https://duckduckgo.com/?q=BC+CLUTCH+RED) > operation timed out
✓ Not Found
[3618/14713] Searching: BC CLUTCH RED... Error searching 'BC CLUTCH RED': error sending request for url (https://duckduckgo.com/?q=BC+CLUTCH+RED) > operation timed out
✓ Not Found
[3619/14713] Searching: BC CYLINDER PACKING... ✓ Found
[3620/14713] Searching: BC DRUM... ✓ Found
[3621/14713] Searching: BC DRUM GOOD... ✓ Found
[3622/14713] Searching: BC FUEL CAP... Error searching 'BC FUEL CAP': error sending request for url (https://duckduckgo.com/?q=BC+FUEL+CAP) > operation timed out
✓ Not Found
[3623/14713] Searching: BC FUEL FILTER SMALL... ✓ Found
[3624/14713] Searching: BC FUEL FILTER SMALL... ✓ Found
[3625/14713] Searching: BC FUEL FILTER SMALL... ✓ Found
[3626/14713] Searching: BC FUEL FILTER SMALL... ✓ Found
[3627/14713] Searching: BC FRONT GUARD SET... ✓ Found
[3628/14713] Searching: BC FRONT GUARD 12... ✓ Found
[3629/14713] Searching: BC FRONT GUARD  2 strock... ✓ Found
[3630/14713] Searching: BC FUAL PIPE ROLL 100 MTR... ✓ Found
[3631/14713] Searching: BC FUAL PIPE ROLL 100 MTR... Error searching 'BC FUAL PIPE ROLL 100 MTR': error sending request for url (https://duckduckgo.com/?q=BC+FUAL+PIPE+ROLL+100+MTR) > operation timed out
✓ Not Found
[3632/14713] Searching: BC FUAL PIPE ROLL 100 MTR... ✓ Found
[3633/14713] Searching: BC FUAL PIPE ROLL 100 MTR... ✓ Found
[3634/14713] Searching: GEAR HEAD 26MM  BRUSH CUTTER... ✓ Found
[3635/14713] Searching: GEAR HEAD 26MM  BRUSH CUTTER... ✓ Found
[3636/14713] Searching: BC GEAR CASE ASSY 4 STROKE... ✓ Found
[3637/14713] Searching: BC CLUTCH HOUSING 26MM... ✓ Found
[3638/14713] Searching: BC HANGER 28MM... ✓ Found
[3639/14713] Searching: BC CLUTCH HOUSING 28MM... ✓ Found
[3640/14713] Searching: BC CLUTCH HOUSING 28MM... ✓ Found
[3641/14713] Searching: BC CLUTCH HOUSING 28MM... ✓ Found
[3642/14713] Searching: BULL CHISEL FLAT 6 INCH... ✓ Found
[3643/14713] Searching: BC IGNITION COIL ST43CC RAJAGRO... ✓ Found
[3644/14713] Searching: BC IGNITION COIL ST43CC RAJAGRO... ✓ Found
[3645/14713] Searching: BC IGNITION COIL ST43CC RAJAGRO... Error searching 'BC IGNITION COIL ST43CC RAJAGRO': error sending request for url (https://duckduckgo.com/?q=BC+IGNITION+COIL+ST43CC+RAJAGRO) > operation timed out
✓ Not Found
[3646/14713] Searching: BC IGNITION COIL ST43CC RAJAGRO... ✓ Found
[3647/14713] Searching: BC INNER ROD... ✓ Found
[3648/14713] Searching: BC LEFT HANDLE... ✓ Found
[3649/14713] Searching: BC LEFT HANDLE... ✓ Found
[3650/14713] Searching: BC PLUG CAP WITH SPRING... Error searching 'BC PLUG CAP WITH SPRING': error sending request for url (https://duckduckgo.com/?q=BC+PLUG+CAP+WITH+SPRING) > operation timed out
✓ Not Found
  [Progress: 3650/14713 products processed]
[3651/14713] Searching: STARTER ASSY BRUSH CUTTER RAJAGRO... ✓ Found
[3652/14713] Searching: STARTER ASSY BRUSH CUTTER RAJAGRO... ✓ Found
[3653/14713] Searching: BC OIL SEAL SAMLL... ✓ Found
[3654/14713] Searching: BC SILENCER PACKING... ✓ Found
[3655/14713] Searching: SWITCH BATTERY CHAINSAW 4 INCH... ✓ Found
[3656/14713] Searching: BC ST ASSY STEEL RAJ AGRO... ✓ Found
[3657/14713] Searching: BC ST ASSY STEEL RAJ AGRO... ✓ Found
[3658/14713] Searching: BC ST ASSY EASY 12 RAJAGRO... ✓ Found
[3659/14713] Searching: BC ST ASSY EASY 12 RAJAGRO... ✓ Found
[3660/14713] Searching: BC ST ASSY EASY 12 RAJAGRO... ✓ Found
[3661/14713] Searching: BC TANK STAND... ✓ Found
[3662/14713] Searching: BC TRANSIT SHAFT 9T 12%... Error searching 'BC TRANSIT SHAFT 9T 12%': error sending request for url (https://duckduckgo.com/?q=BC+TRANSIT+SHAFT+9T+12%25) > operation timed out
✓ Not Found
[3663/14713] Searching: CUP WHEEL SEGMENT 5 INCH... ✓ Found
[3664/14713] Searching: CUP WHEEL SEGMENT 5 INCH... ✓ Found
[3665/14713] Searching: CUP WHEEL SEGMENT 7 INCH... ✓ Found
[3666/14713] Searching: HOSE SLEEVE... ✓ Found
[3667/14713] Searching: B&D PRESSURE WASHER SWICH KIT 1004455-18... ✓ Found
[3668/14713] Searching: PRESSURE WASHER SERVICE KIT1004455-91... ✓ Found
[3669/14713] Searching: BLACK AND DECKER LI IRON SCREW DRIVER... ✓ Found
[3670/14713] Searching: PLUNGER411007-1... ✓ Found
[3671/14713] Searching: SPRING 411007-2... ✓ Found
[3672/14713] Searching: BLACK&DECKER BD65RD 6MM DRILLR/F... ✓ Found
[3673/14713] Searching: BLACK AND DECKER COMBINATION PLIER... ✓ Found
[3674/14713] Searching: BLACK AND ECKER HEXKEY SET 8PIC BDHT8159... ✓ Found
[3675/14713] Searching: BLACK AND ECKER HEXKEY SET 8PIC BDHT8159... ✓ Found
[3676/14713] Searching: BULL DRILL CHUCK  10MM... ✓ Found
[3677/14713] Searching: MS SHEET CUTTING C-WH{BATHROOM CLAMP}... ✓ Found
[3678/14713] Searching: BULL 11E GREASE CAP... ✓ Found
[3679/14713] Searching: BULL GOLD DH-11H INSERT BLOCK... ✓ Found
[3680/14713] Searching: BULL GOLD DH11H SWITCH LOCK... ✓ Found
[3681/14713] Searching: BLACK AND DECKER SILICON GUN BDHT81570... ✓ Found
[3682/14713] Searching: BULLET LOCK 8*11  DAMU... ✓ Found
[3683/14713] Searching: BULLET LOCK 2.1/4... ✓ Found
[3684/14713] Searching: 1/2"  TABLE BRACKET (BUNCH DRILL BASE )... Error searching '1/2"  TABLE BRACKET (BUNCH DRILL BASE )': error sending request for url (https://duckduckgo.com/?q=1%2F2%22++TABLE+BRACKET+%28BUNCH+DRILL+BASE+%29) > operation timed out
✓ Not Found
[3685/14713] Searching: BULL CARBON BRUSH DU-10 DRILL... ✓ Found
[3686/14713] Searching: BEARING 6000 S/S... ✓ Found
[3687/14713] Searching: BEARING 6001 S/S... ✓ Found
[3688/14713] Searching: BEARING 607... ✓ Found
[3689/14713] Searching: BEARING 607... ✓ Found
[3690/14713] Searching: BEARING 608... ✓ Found
[3691/14713] Searching: LEFT BOLT BULL EC4... ✓ Found
[3692/14713] Searching: LEFT BOLT BULL EC4... ✓ Found
[3693/14713] Searching: BEND BLUE 1 1/4 INCH SUBMERSIBLE... ✓ Found
[3694/14713] Searching: BULL DISK PAPPER 60 ,80,100,120... ✓ Found
[3695/14713] Searching: BULL DISK PAPPER 60 ,80,100,120... ✓ Found
[3696/14713] Searching: BULL DISK PAPPER 60 ,80,100,120... ✓ Found
[3697/14713] Searching: BLADE FOR MARBLE CUTTING... ✓ Found
[3698/14713] Searching: BC FUEL TANK 2 STROCK... ✓ Found
[3699/14713] Searching: BULL CARBON 0810... ✓ Found
[3700/14713] Searching: GB GRANITE SEG 110 ORANGE... ✓ Found
  [Progress: 3700/14713 products processed]
[3701/14713] Searching: BULL GOLD 14V BATTERY... ✓ Found
[3702/14713] Searching: BULL GOLD 20V BATTERY... ✓ Found
[3703/14713] Searching: GREESE 500GM BULL... ✓ Found
[3704/14713] Searching: DAMIER BENCH GRINDER 8 INCH BG8213... ✓ Found
[3705/14713] Searching: INGCO BENCH GRINDER... ✓ Found
[3706/14713] Searching: BULL AIR  COMPRESSOR 24 LTR OIL FREE... ✓ Found
[3707/14713] Searching: BULL AIR  COMPRESSOR 24 LTR... ✓ Found
[3708/14713] Searching: BULL AIR  COMPRESSOR 24 LTR... ✓ Found
[3709/14713] Searching: BULL AIR COMPRESSOR BULL 50L... ✓ Found
[3710/14713] Searching: BULL AIR COMPRESSOR BULL 50L  OIL FREE... ✓ Found
[3711/14713] Searching: BULL GOLD  ANGLE GRINDER 1250W... Error searching 'BULL GOLD  ANGLE GRINDER 1250W': error sending request for url (https://duckduckgo.com/?q=BULL+GOLD++ANGLE+GRINDER+1250W) > operation timed out
✓ Not Found
[3712/14713] Searching: BGAG100 GRINDER GEAR BOX... ✓ Found
[3713/14713] Searching: BGAG100 GRINDER GEAR BOX... ✓ Found
[3714/14713] Searching: BGAG100 LOCK SET... ✓ Found
[3715/14713] Searching: BGAG100 LOCK SET... Error searching 'BGAG100 LOCK SET': error sending request for url (https://duckduckgo.com/?q=BGAG100+LOCK+SET) > operation timed out
✓ Not Found
[3716/14713] Searching: BULL GOLD AG-125 ANGLE GRINDER 1200W... ✓ Found
[3717/14713] Searching: BULL GOLD AG-125 ANGLE GRINDER 1200W... Error searching 'BULL GOLD AG-125 ANGLE GRINDER 1200W': error sending request for url (https://duckduckgo.com/?q=BULL+GOLD+AG-125+ANGLE+GRINDER+1200W) > operation timed out
✓ Not Found
[3718/14713] Searching: BEARING SLEEVE FOR GRINDER 54 INCH  607... ✓ Found
[3719/14713] Searching: BEARING WASHER  FOR GRINDER 5 INCH... ✓ Found
[3720/14713] Searching: BULL CARBON BRUSH AG125... Error searching 'BULL CARBON BRUSH AG125': error sending request for url (https://duckduckgo.com/?q=BULL+CARBON+BRUSH+AG125) > operation timed out
✓ Not Found
[3721/14713] Searching: BULL GOLD  AG-125 GEAR BOX... ✓ Found
[3722/14713] Searching: BULL GOLD AG-125 GEAR SET... ✓ Found
[3723/14713] Searching: BULL GOLD AG-125 LOCK SET... ✓ Found
[3724/14713] Searching: BULL GOLD ANGLE GRINDER 1100W... ✓ Found
[3725/14713] Searching: BULL GOLD ANGLE GRINDER 1100W... ✓ Found
[3726/14713] Searching: ANGLE GRINDER 9INCH 3200W BGAG230... ✓ Found
[3727/14713] Searching: BULL GOLD AG3-100 V/S... ✓ Found
[3728/14713] Searching: BULL GRINDER STAND... ✓ Found
[3729/14713] Searching: BULL GRINDER STAND... ✓ Found
[3730/14713] Searching: BULL GOLD CORDLESS DRILL 14V... ✓ Found
[3731/14713] Searching: BULL GOLD CUT OFF MACHINE 355... ✓ Found
[3732/14713] Searching: BULL GOLD CUT OFF MACHINE 355... ✓ Found
[3733/14713] Searching: BULL GOLD CORDLESS DRILL 14V... ✓ Found
[3734/14713] Searching: BULL  CHAINSAW  GCS52CC... ✓ Found
[3735/14713] Searching: BULL  CHAINSAW  GCS52CC... ✓ Found
[3736/14713] Searching: BULL  CHAINSAW  GCS58CC... Error searching 'BULL  CHAINSAW  GCS58CC': error sending request for url (https://duckduckgo.com/?q=BULL++CHAINSAW++GCS58CC) > operation timed out
✓ Not Found
[3737/14713] Searching: BULL  DEMOLITION HAMMER 5KG 1400W... ✓ Found
[3738/14713] Searching: BULL  DEMOLITION HAMMER 5KG 1400W... ✓ Found
[3739/14713] Searching: BULL  DEMOLITION HAMMER 5KG 1400W... ✓ Found
[3740/14713] Searching: BULL  DEMOLITION HAMMER 5KG 1400W... Error searching 'BULL  DEMOLITION HAMMER 5KG 1400W': error sending request for url (https://duckduckgo.com/?q=BULL++DEMOLITION+HAMMER+5KG+1400W) > operation timed out
✓ Not Found
[3741/14713] Searching: BULL GOLD ALUMINIUM TUBE  BGDH0835... ✓ Found
[3742/14713] Searching: BULL GEAR BGDH08355... ✓ Found
[3743/14713] Searching: SPARE O RING 0835 BULL 5KG..(EVEREST)... ✓ Found
[3744/14713] Searching: SPARE O RING 0835 BULL 5KG..(EVEREST)... ✓ Found
[3745/14713] Searching: PISTON BDH0835 BULL 5KG... ✓ Found
[3746/14713] Searching: BULL GOLD TOOL HOLDER DH0835... ✓ Found
[3747/14713] Searching: BULL GOLD 11E BGDH11H... ✓ Found
[3748/14713] Searching: BULL CARBON DU10... ✓ Found
[3749/14713] Searching: BULL CARBON DU10... ✓ Found
[3750/14713] Searching: BULL SCREW DRILL 10MM , 520W   BGED10... ✓ Found
  [Progress: 3750/14713 products processed]
[3751/14713] Searching: BULL GOLS ED10... ✓ Found
[3752/14713] Searching: BULL GOLD 6MM ELECTRIC DRILL... ✓ Found
[3753/14713] Searching: BULL GOLD 6MM ELECTRIC DRILL... ✓ Found
[3754/14713] Searching: 28MM GEAR HEAD RED... ✓ Found
[3755/14713] Searching: BULL GOLD  ID 13 IMPACT DRILL 800W... ✓ Found
[3756/14713] Searching: BULL GOLD  ID 13 IMPACT DRILL980W... Error searching 'BULL GOLD  ID 13 IMPACT DRILL980W': error sending request for url (https://duckduckgo.com/?q=BULL+GOLD++ID+13+IMPACT+DRILL980W) > operation timed out
✓ Not Found
[3757/14713] Searching: BULL CARBON  JS65H... ✓ Found
[3758/14713] Searching: BULL LEAD VIBRATOR WITH NEEDLE LE-55D... ✓ Found
[3759/14713] Searching: BULL CARBON LG355... ✓ Found
[3760/14713] Searching: BULL GOLD MARBLE CUTTER 5 INCH MC125... ✓ Found
[3761/14713] Searching: BULL  MARBLE CUTTER 5 INCH 45 DEGREE  MC125 1500W... ✓ Found
[3762/14713] Searching: BULL  MARBLE CUTTER 5 INCH 45 DEGREE  MC125 1500W... Error searching 'BULL  MARBLE CUTTER 5 INCH 45 DEGREE  MC125 1500W': error sending request for url (https://duckduckgo.com/?q=BULL++MARBLE+CUTTER+5+INCH+45+DEGREE++MC125+1500W) > operation timed out
✓ Not Found
[3763/14713] Searching: BULL  MARBLE CUTTER 5 INCH 45 DEGREE  MC125 1500W... ✓ Found
[3764/14713] Searching: BULL GOLD MC2 -110H    MARBLE CUTTER 1150W... ✓ Found
[3765/14713] Searching: BULL GOLD MC2 -110H    MARBLE CUTTER 1150W... ✓ Found
[3766/14713] Searching: BULL GOLD MC2 -110H    MARBLE CUTTER 1150W... ✓ Found
[3767/14713] Searching: BRUSH CUTTER IGNITION COIL43CC... ✓ Found
[3768/14713] Searching: BULL CARBON PH65... ✓ Found
[3769/14713] Searching: BULL GOLD DEMOLISHION HAMMER 16KG PH65A... ✓ Found
[3770/14713] Searching: BULL GOLD DEMOLISHION HAMMER 16KG PH65A... ✓ Found
[3771/14713] Searching: BULL GOLD PH-65H DEMOLITION HAMMER... ✓ Found
[3772/14713] Searching: BULL GOLD PH-65H DEMOLITION HAMMER... ✓ Found
[3773/14713] Searching: BULL GOLD PH-65H DEMOLITION HAMMER... ✓ Found
[3774/14713] Searching: BULL GOLD PUTTYMIXER PM12... ✓ Found
[3775/14713] Searching: BUTANE GAS SANPRA PREMIUM... ✓ Found
[3776/14713] Searching: BULL GOLD RH-20 ROTARY HAMMER... ✓ Found
[3777/14713] Searching: BULL GOLD RH-22 ROTARY HAMMER... ✓ Found
[3778/14713] Searching: BULL GOLD RH2-26(3 MODE) ROTARY HAMMER... ✓ Found
[3779/14713] Searching: BULL GOLD ROTARY HAMMER DRILL RH3-26... ✓ Found
[3780/14713] Searching: BULL GOLD ROTARY HAMMER DRILL RH3-26+... ✓ Found
[3781/14713] Searching: CHAIN BULL SUPER PVC BOX... ✓ Found
[3782/14713] Searching: MASTER GOLD CORDLESS WRENCH  21V 500N... ✓ Found
[3783/14713] Searching: HAND RIVERTER COMMANDER 9.5 INCH BH12... ✓ Found
[3784/14713] Searching: SDS FLAT CHISEL 17X280F BULL... ✓ Found
[3785/14713] Searching: SDS POINT BIT 17X280P BULL... ✓ Found
[3786/14713] Searching: BULL GOLD CHISEL BIT 11E... ✓ Found
[3787/14713] Searching: BULL GOLD CHISEL 11E POINT... ✓ Found
[3788/14713] Searching: HINGES BIT 19MM... ✓ Found
[3789/14713] Searching: BILL HOOK -25... ✓ Found
[3790/14713] Searching: BILL HOOK -27... ✓ Found
[3791/14713] Searching: SDS 30*410 POINT/FLAT 16KG BIT... ✓ Found
[3792/14713] Searching: BILL HOOK -309 (KATHAL )... Error searching 'BILL HOOK -309 (KATHAL )': error sending request for url (https://duckduckgo.com/?q=BILL+HOOK+-309+%28KATHAL+%29) > operation timed out
✓ Not Found
[3793/14713] Searching: HINGES BIT 32M... ✓ Found
[3794/14713] Searching: BILL HOOK -35... ✓ Found
[3795/14713] Searching: BILL HOOK -36... ✓ Found
[3796/14713] Searching: BILL HOOK -37... ✓ Found
[3797/14713] Searching: BILL HOOK -05... ✓ Found
[3798/14713] Searching: BILL HOOK -05... Error searching 'BILL HOOK -05': error sending request for url (https://duckduckgo.com/?q=BILL+HOOK+-05) > operation timed out
✓ Not Found
[3799/14713] Searching: BILL HOOK -50... Error searching 'BILL HOOK -50': error sending request for url (https://duckduckgo.com/?q=BILL+HOOK+-50) > operation timed out
✓ Not Found
[3800/14713] Searching: ACE FLOOR SWEEPER 50 L  BH50L... ✓ Found
  [Progress: 3800/14713 products processed]
[3801/14713] Searching: BILL HOOK -56... ✓ Found
[3802/14713] Searching: BILL HOOK -56... Error searching 'BILL HOOK -56': error sending request for url (https://duckduckgo.com/?q=BILL+HOOK+-56) > operation timed out
✓ Not Found
[3803/14713] Searching: BILL HOOK -57... ✓ Found
[3804/14713] Searching: BILL HOOK -57... ✓ Found
[3805/14713] Searching: BILL HOOK -57... ✓ Found
[3806/14713] Searching: BILL HOOK -.06... ✓ Found
[3807/14713] Searching: BILL HOOK  -60... ✓ Found
[3808/14713] Searching: BILL HOOK  63... ✓ Found
[3809/14713] Searching: BILL HOOK  64... ✓ Found
[3810/14713] Searching: BILL HOOK -07... ✓ Found
[3811/14713] Searching: BILL HOOK -07... Error searching 'BILL HOOK -07': error sending request for url (https://duckduckgo.com/?q=BILL+HOOK+-07) > operation timed out
✓ Not Found
[3812/14713] Searching: BILL HOOK -07... ✓ Found
[3813/14713] Searching: BILL HOOK  70... ✓ Found
[3814/14713] Searching: BILL HOOK  75... ✓ Found
[3815/14713] Searching: BILL HOOK 95... ✓ Found
[3816/14713] Searching: BILL HOOK 95... ✓ Found
[3817/14713] Searching: BILL HOOK  -96... ✓ Found
[3818/14713] Searching: BILL HOOK  97... ✓ Found
[3819/14713] Searching: BILL HOOK  97... ✓ Found
[3820/14713] Searching: BILL HOOK  98... Error searching 'BILL HOOK  98': error sending request for url (https://duckduckgo.com/?q=BILL+HOOK++98) > operation timed out
✓ Not Found
[3821/14713] Searching: BILL HOOK  99... ✓ Found
[3822/14713] Searching: BRUSH HOLDER CAP ASM02-125B GRINDER... ✓ Found
[3823/14713] Searching: BRUSH HOLDER CAP7-18FOR 2414NB, 643700-5... Error searching 'BRUSH HOLDER CAP7-18FOR 2414NB, 643700-5': error sending request for url (https://duckduckgo.com/?q=BRUSH+HOLDER+CAP7-18FOR+2414NB%2C+643700-5) > operation timed out
✓ Not Found
[3824/14713] Searching: K-YURI-SPARES-G10SS BEARING HOUSING... ✓ Found
[3825/14713] Searching: BULL HANDSAW... ✓ Found
[3826/14713] Searching: B HOOK SCREW DRIVER... ✓ Found
[3827/14713] Searching: BIOMAX BLOCK REMOVER... ✓ Found
[3828/14713] Searching: BIOMAX BLOCK REMOVER... ✓ Found
[3829/14713] Searching: BIOMAX... Error searching 'BIOMAX': error sending request for url (https://duckduckgo.com/?q=BIOMAX) > operation timed out
✓ Not Found
[3830/14713] Searching: BIO WASTE TREATMENT PVC  SETTLEMENT TANK... ✓ Found
[3831/14713] Searching: BITS FOR POWERTOOL S... Error searching 'BITS FOR POWERTOOL S': error sending request for url (https://duckduckgo.com/?q=BITS+FOR+POWERTOOL+S) > operation timed out
✓ Not Found
[3832/14713] Searching: BUDDING KNIFE... ✓ Found
[3833/14713] Searching: BUDDING KNIFE PALA... ✓ Found
[3834/14713] Searching: BUDDING KNIFE SPECIAL... ✓ Found
[3835/14713] Searching: BATHROOM KUTTY GI... ✓ Found
[3836/14713] Searching: L BOW... ✓ Found
[3837/14713] Searching: BIKE LOCK 300  COMBINATION NO SIZE... ✓ Found
[3838/14713] Searching: BACK LIFT LADDER 5'... ✓ Found
[3839/14713] Searching: BACK LIFT LADDER 5'... ✓ Found
[3840/14713] Searching: BACK LIFT LADDER 5'... ✓ Found
[3841/14713] Searching: BLANK... ✓ Found
[3842/14713] Searching: BIT LOCK SET BENCH DRILL... ✓ Found
[3843/14713] Searching: BM60 CONTROLLER... ✓ Found
[3844/14713] Searching: COMPRESSOR VALVE FLESK 50 L 26B... ✓ Found
[3845/14713] Searching: COMPRESSOR VALVE PACK  BM24L-26-2... ✓ Found
[3846/14713] Searching: COMPRESSOR VALVE PLATE BM2426.1... ✓ Found
[3847/14713] Searching: COMPRESSOR AIR FILTER BIG THREAD BM50L-30... ✓ Found
[3848/14713] Searching: BM60 GEAR BOX... ✓ Found
[3849/14713] Searching: BM60 LED... ✓ Found
[3850/14713] Searching: BM60 SWITCH... ✓ Found
  [Progress: 3850/14713 products processed]
[3851/14713] Searching: BM60 SWITCH... ✓ Found
[3852/14713] Searching: MC2 -110H LEVER BOLT... Error searching 'MC2 -110H LEVER BOLT': error sending request for url (https://duckduckgo.com/?q=MC2+-110H+LEVER+BOLT) > operation timed out
✓ Not Found
[3853/14713] Searching: BULL AIRCOMPRESSOR OIL FREE 24 LTR... ✓ Found
[3854/14713] Searching: BULL AIRCOMPRESSOR OIL FREE 501 LTR... ✓ Found
[3855/14713] Searching: BULL MULTI LADDER 4*4... ✓ Found
[3856/14713] Searching: T CONNECTER... ✓ Found
[3857/14713] Searching: T CONNECTOR... ✓ Found
[3858/14713] Searching: AB WASHER MT410 BULL... ✓ Found
[3859/14713] Searching: CARBON BRUSH MT410 CALTEX... ✓ Found
[3860/14713] Searching: CARBON BRUSH MT410 CALTEX... ✓ Found
[3861/14713] Searching: BELT NORMAL 1900... Error searching 'BELT NORMAL 1900': error sending request for url (https://duckduckgo.com/?q=BELT+NORMAL+1900) > operation timed out
✓ Not Found
[3862/14713] Searching: BAG NEEDLES BIG (KOTTA SOOCHI )... ✓ Found
[3863/14713] Searching: BAG NEEDLE (KOTTA SOOCHI ) SMALL... ✓ Found
[3864/14713] Searching: EXTENTION  BOARD... ✓ Found
[3865/14713] Searching: ORING DH0835 BULL... ✓ Found
[3866/14713] Searching: NOTE BOOK BIG... ✓ Found
[3867/14713] Searching: BOOK KING SIZE... ✓ Found
[3868/14713] Searching: BOOK SMALL... ✓ Found
[3869/14713] Searching: GUMBOOT 6 ,8,10... ✓ Found
[3870/14713] Searching: PVC GUMBOOT BORRIS BULL 10''... ✓ Found
[3871/14713] Searching: PVC GUMBOOT BORRIS BULL 10''... ✓ Found
[3872/14713] Searching: PVC GUM BOOT BORRIS 15/10''... ✓ Found
[3873/14713] Searching: WALT PVC GUM BOOT 10 INCH BLACK... ✓ Found
[3874/14713] Searching: WALT PVC BOOT 10 INCHSAFDOT... ✓ Found
[3875/14713] Searching: WALT PVC BOOT 10 INCHSAFDOT... ✓ Found
[3876/14713] Searching: WALT PVC GUMBOOT 10 INCH MARCUS... ✓ Found
[3877/14713] Searching: BOOT 7 INCH BULL BORRIS... ✓ Found
[3878/14713] Searching: WALT PVC GUM BOOT 7 INCH HARSH... ✓ Found
[3879/14713] Searching: WALT PVC GUM BOOT SAFEDOT BLACK 15/8 INCH... ✓ Found
[3880/14713] Searching: WALT PVC GUM BOOT 8INCH COMFORT... Error searching 'WALT PVC GUM BOOT 8INCH COMFORT': error sending request for url (https://duckduckgo.com/?q=WALT+PVC+GUM+BOOT+8INCH+COMFORT) > operation timed out
✓ Not Found
[3881/14713] Searching: WALT PVC GUMBOOT SAFEDOT MARCUS 8 INCH /15... ✓ Found
[3882/14713] Searching: WALT PVC GUMBOOT MARCUS WITH STEEL 8 INCH... ✓ Found
[3883/14713] Searching: PVC GUM BOOT BORRIS 9'' BULL... ✓ Found
[3884/14713] Searching: PVC BOOT BORRIS 15/9''... Error searching 'PVC BOOT BORRIS 15/9''': error sending request for url (https://duckduckgo.com/?q=PVC+BOOT+BORRIS+15%2F9%27%27) > operation timed out
✓ Not Found
[3885/14713] Searching: WALT PVC GUM BOOT 9INCH SAFDOT BLACK... ✓ Found
[3886/14713] Searching: WALT PVC BOOT 9 INCH COMFORT... ✓ Found
[3887/14713] Searching: WALT PVC GUMBOOT MARCUS 9 INCH... ✓ Found
[3888/14713] Searching: WALT PVC GUMBOOT MARCUS WITH STEEL 9 INCH... ✓ Found
[3889/14713] Searching: IBELL BIG ORING... Error searching 'IBELL BIG ORING': error sending request for url (https://duckduckgo.com/?q=IBELL+BIG+ORING) > operation timed out
✓ Not Found
[3890/14713] Searching: FRAME OIL SEAL DH0835... Error searching 'FRAME OIL SEAL DH0835': error sending request for url (https://duckduckgo.com/?q=FRAME+OIL+SEAL+DH0835) > operation timed out
✓ Not Found
[3891/14713] Searching: BULL SANDER PAD OS-125 PAD... ✓ Found
[3892/14713] Searching: INDUSTRIAL SWITCH BOX 16A. 1+1... ✓ Found
[3893/14713] Searching: INDUSTRIAL SWITCH BOX 16A. 1+1... ✓ Found
[3894/14713] Searching: INDUSTRIAL SWITCH BOX COMBO 1+1&1+2... Error searching 'INDUSTRIAL SWITCH BOX COMBO 1+1&1+2': error sending request for url (https://duckduckgo.com/?q=INDUSTRIAL+SWITCH+BOX+COMBO+1%2B1%261%2B2) > operation timed out
✓ Not Found
[3895/14713] Searching: INDUSTRIAL SWITCH BOX COMBO 1+1&1+2... ✓ Found
[3896/14713] Searching: INDUSTRIAL SWITCH BOX 10 A1+2... ✓ Found
[3897/14713] Searching: INDUSTRIAL SWITCH BOX 10 A1+2... ✓ Found
[3898/14713] Searching: BOX RED 1+2 16 AMP... Error searching 'BOX RED 1+2 16 AMP': error sending request for url (https://duckduckgo.com/?q=BOX+RED+1%2B2+16+AMP) > operation timed out
✓ Not Found
[3899/14713] Searching: INDUSTRIAL SWITCH BOX 10A 1+5... ✓ Found
[3900/14713] Searching: INDUSTRIAL SWITCH BOX 10A 1+5... ✓ Found
  [Progress: 3900/14713 products processed]
[3901/14713] Searching: INDUSTRIAL SWITCH BOX 16A 2+2... ✓ Found
[3902/14713] Searching: BOX PVC 10*4 CON... ✓ Found
[3903/14713] Searching: BASE PLATE 1619P13509... ✓ Found
[3904/14713] Searching: BULL POWER TOOLS 5 PCS DRILL ,GRINDER,BLOWER ,HEAT... ✓ Found
[3905/14713] Searching: BOX PVC 8*6 CON... Error searching 'BOX PVC 8*6 CON': error sending request for url (https://duckduckgo.com/?q=BOX+PVC+8*6+CON) > operation timed out
✓ Not Found
[3906/14713] Searching: ALCO BIG PLAT FORM LADDER 8 ' A TYPE... Error searching 'ALCO BIG PLAT FORM LADDER 8 ' A TYPE': error sending request for url (https://duckduckgo.com/?q=ALCO+BIG+PLAT+FORM+LADDER+8+%27+A+TYPE) > operation timed out
✓ Not Found
[3907/14713] Searching: BELT PVC 90MM PLANNER... ✓ Found
[3908/14713] Searching: ACE FLOOR POLISHER PADS BPA05... ✓ Found
[3909/14713] Searching: BUFFER PAD 17 INCH RED SURIE... ✓ Found
[3910/14713] Searching: BUFFER PAD 17 INCH WHITE SURIE... Error searching 'BUFFER PAD 17 INCH WHITE SURIE': error sending request for url (https://duckduckgo.com/?q=BUFFER+PAD+17+INCH+WHITE+SURIE) > operation timed out
✓ Not Found
[3911/14713] Searching: BULL PRO ANGLE GRINDER 950W 4 INCH... ✓ Found
[3912/14713] Searching: BLOCK PLANE BULLET 102... ✓ Found
[3913/14713] Searching: CM4SA BASE PLATE... ✓ Found
[3914/14713] Searching: CM4SA BASE PLATE... ✓ Found
[3915/14713] Searching: BULL GOLD DEMOLITION HAMMER 0810 5KGV 1300W... ✓ Found
[3916/14713] Searching: BULL  DEMOLITION HAMMER 7KG 1550W... ✓ Found
[3917/14713] Searching: BULL PRO DEMOLITION HAMMER DH835... ✓ Found
[3918/14713] Searching: CARBON BRUSH PH65C BULL... ✓ Found
[3919/14713] Searching: CARBON BRUSH PH65C BULL... ✓ Found
[3920/14713] Searching: PH65 MOUTH  BULL... Error searching 'PH65 MOUTH  BULL': error sending request for url (https://duckduckgo.com/?q=PH65+MOUTH++BULL) > operation timed out
✓ Not Found
[3921/14713] Searching: PH65 MOUTH  BULL... ✓ Found
[3922/14713] Searching: PH-65 ORING... ✓ Found
[3923/14713] Searching: BLOWER PIPE RUBBER... ✓ Found
[3924/14713] Searching: BEND PIPE GBP /6/B GROZ... ✓ Found
[3925/14713] Searching: RUBBER PIPE BLOWER  EBC40... Error searching 'RUBBER PIPE BLOWER  EBC40': error sending request for url (https://duckduckgo.com/?q=RUBBER+PIPE+BLOWER++EBC40) > operation timed out
✓ Not Found
[3926/14713] Searching: BULL CARBON PM82A... ✓ Found
[3927/14713] Searching: BULL CARBON PM82A... ✓ Found
[3928/14713] Searching: EM HAMMER BALL PEIN 100 GM... ✓ Found
[3929/14713] Searching: EM HAMMER BALL PEIN 100 GM... ✓ Found
[3930/14713] Searching: BATHROOM POLA GI  KG RATE... ✓ Found
[3931/14713] Searching: BATHROOM POLA GI  KG RATE... ✓ Found
[3932/14713] Searching: POWER CABLE... ✓ Found
[3933/14713] Searching: BULL PRUNING SAW 8 INCH FOLDING TYPE... ✓ Found
[3934/14713] Searching: POWER CABLE... Error searching 'POWER CABLE': error sending request for url (https://duckduckgo.com/?q=POWER+CABLE) > operation timed out
✓ Not Found
[3935/14713] Searching: BOARD... ✓ Found
[3936/14713] Searching: PRUNING SAW 10 INCH WOODEN HANDLE... ✓ Found
[3937/14713] Searching: TYRE PRESSURE GUAGE... ✓ Found
[3938/14713] Searching: BELT RUBBER 1900 PLANNER... ✓ Found
[3939/14713] Searching: BLOCK REMOVER... ✓ Found
[3940/14713] Searching: BLIND RIVET 3/16*3/4... ✓ Found
[3941/14713] Searching: JP56 ARMATURE BERAING PULLER 5"... ✓ Found
[3942/14713] Searching: TYRE PRESSURE GUAGE KIT... ✓ Found
[3943/14713] Searching: BELT RUBBER 90MM PLANNER... ✓ Found
[3944/14713] Searching: BULL RAINBOW BLADE VERTIFIDE... Error searching 'BULL RAINBOW BLADE VERTIFIDE': error sending request for url (https://duckduckgo.com/?q=BULL+RAINBOW+BLADE+VERTIFIDE) > operation timed out
✓ Not Found
[3945/14713] Searching: BRACKET WITH BEARING 8"... Error searching 'BRACKET WITH BEARING 8"': error sending request for url (https://duckduckgo.com/?q=BRACKET+WITH+BEARING+8%22) > operation timed out
✓ Not Found
[3946/14713] Searching: VELCRO PAD 5 INCH... ✓ Found
[3947/14713] Searching: CIRCLIP RING DH11H... ✓ Found
[3948/14713] Searching: G10SS2 BEARNG FLANGE... ✓ Found
[3949/14713] Searching: RH20 ORING SET... ✓ Found
[3950/14713] Searching: BULL RH20-ORING... ✓ Found
  [Progress: 3950/14713 products processed]
[3951/14713] Searching: BULL RH20-ORING... ✓ Found
[3952/14713] Searching: BULL CARBON BRUSH RH2-20... ✓ Found
[3953/14713] Searching: SWITCH 2-20... ✓ Found
[3954/14713] Searching: BULL CARBON BRUSH 2-26... ✓ Found
[3955/14713] Searching: BULL GOLD OIL SEAL 41*30*7 RH2-26... ✓ Found
[3956/14713] Searching: BULL GOLD OIL SEAL 41*30*7 RH2-26... ✓ Found
[3957/14713] Searching: BUTTOM FOR HAMMER DRILL MALRH28... Error searching 'BUTTOM FOR HAMMER DRILL MALRH28': error sending request for url (https://duckduckgo.com/?q=BUTTOM+FOR+HAMMER+DRILL+MALRH28) > operation timed out
✓ Not Found
[3958/14713] Searching: ROTOR NOZZLE CERAMIC... ✓ Found
[3959/14713] Searching: BATHROOM BRUSH... ✓ Found
[3960/14713] Searching: BATHROOM BRUSH... ✓ Found
[3961/14713] Searching: BRUSH DOUBLE HOCKEY... Error searching 'BRUSH DOUBLE HOCKEY': error sending request for url (https://duckduckgo.com/?q=BRUSH+DOUBLE+HOCKEY) > operation timed out
✓ Not Found
[3962/14713] Searching: BRUSH TOILET CLEANING... ✓ Found
[3963/14713] Searching: IBELL CHAIN BS08  IBLBS2008... Error searching 'IBELL CHAIN BS08  IBLBS2008': error sending request for url (https://duckduckgo.com/?q=IBELL+CHAIN+BS08++IBLBS2008) > operation timed out
✓ Not Found
[3964/14713] Searching: BS08 GUID BAR... ✓ Found
[3965/14713] Searching: ROTARY HAMMER RH2-20 500W BS220... ✓ Found
[3966/14713] Searching: ROTARY HAMMER RH2-26  BS226... Error searching 'ROTARY HAMMER RH2-26  BS226': error sending request for url (https://duckduckgo.com/?q=ROTARY+HAMMER+RH2-26++BS226) > operation timed out
✓ Not Found
[3967/14713] Searching: ROTARY HAMMER RH2-26  BS226... Error searching 'ROTARY HAMMER RH2-26  BS226': error sending request for url (https://duckduckgo.com/?q=ROTARY+HAMMER+RH2-26++BS226) > operation timed out
✓ Not Found
[3968/14713] Searching: FIBER DISK SANDING KIT BS451  12PCS... ✓ Found
[3969/14713] Searching: METSO DRILL BIT SHARPNER BS800... ✓ Found
[3970/14713] Searching: METSO DRILL BIT SHARPNER BS810... ✓ Found
[3971/14713] Searching: BED SWITCH ANCHOR... ✓ Found
[3972/14713] Searching: BACK STOP BRACKET... ✓ Found
[3973/14713] Searching: WIRE PULLER 10 MTR BULL... Error searching 'WIRE PULLER 10 MTR BULL': error sending request for url (https://duckduckgo.com/?q=WIRE+PULLER+10+MTR+BULL) > operation timed out
✓ Not Found
[3974/14713] Searching: WIRE PULLER 15 MTRBULL... ✓ Found
[3975/14713] Searching: CABLE PULLER 20MTR3.2 BULL... ✓ Found
[3976/14713] Searching: CABLE PULLER 20MTR3.2 BULL... ✓ Found
[3977/14713] Searching: WIRE PULLER 25 MTR BULL... ✓ Found
[3978/14713] Searching: WIRE PULLER 30 MTR BULL... ✓ Found
[3979/14713] Searching: BATTERY FOR PORTABLE DRILL MACHINE 21V... ✓ Found
[3980/14713] Searching: SWITCH FOR PORTABLE DRILL MACHJINE... Error searching 'SWITCH FOR PORTABLE DRILL MACHJINE': error sending request for url (https://duckduckgo.com/?q=SWITCH+FOR+PORTABLE+DRILL+MACHJINE) > operation timed out
✓ Not Found
[3981/14713] Searching: BSH 12 SOCKET... ✓ Found
[3982/14713] Searching: BLACK SHEET... ✓ Found
[3983/14713] Searching: BLACK SHEET... ✓ Found
[3984/14713] Searching: BLACK SHEET... ✓ Found
[3985/14713] Searching: BLACK SHEET... ✓ Found
[3986/14713] Searching: BLACK SHEET... ✓ Found
[3987/14713] Searching: BLACK SHEET... ✓ Found
[3988/14713] Searching: BLACK SHEET... ✓ Found
[3989/14713] Searching: BLACK SHEET... ✓ Found
[3990/14713] Searching: BLACK SHEET... ✓ Found
[3991/14713] Searching: SPIRIT LEVEL RED 30 CM BSM330... ✓ Found
[3992/14713] Searching: BUTTOM SLIDER FOR HAMMER DRILL MALRH28... ✓ Found
[3993/14713] Searching: BUTTOM SLIDER SPRING FOR MALRH28... ✓ Found
[3994/14713] Searching: BLUE TACKS 1/2''... ✓ Found
[3995/14713] Searching: BITALI PRESSURE WASHER 2000W  BT1000CHPW... ✓ Found
[3996/14713] Searching: BITALI PRESSURE WASHER 2000W  BT1000CHPW... ✓ Found
[3997/14713] Searching: BTALI PRESSURE WASHER  1600W BT1000HPW... ✓ Found
[3998/14713] Searching: SEAL KIT BT1000 HPW... ✓ Found
[3999/14713] Searching: SEAL KIT BT1000 HPW... ✓ Found
[4000/14713] Searching: VALVE KIT BT1000... ✓ Found
  [Progress: 4000/14713 products processed]
[4001/14713] Searching: BITALI PRESSURE WASHER BT1060 2000W/170 BAR... ✓ Found
[4002/14713] Searching: CHECKING VALVE  BT1400 HPW  BT14003... ✓ Found
[4003/14713] Searching: BTALI HIGH PRESSURE WASHER 2400W/250BAR... ✓ Found
[4004/14713] Searching: BT1400 HPW CHECKING VALVE BT14003... ✓ Found
[4005/14713] Searching: CHAIN 16 INCH  TIGER... ✓ Found
[4006/14713] Searching: CHAIN 16 INCH  TIGER... ✓ Found
[4007/14713] Searching: CHAIN 16 INCH  TIGER... ✓ Found
[4008/14713] Searching: Angle Grinder Gws900-125... ✓ Found
[4009/14713] Searching: BULLWARK STAINLESS STEEL TWEEZER 6PCS SE... ✓ Found
[4010/14713] Searching: Router Pof 1400 Ace... ✓ Found
[4011/14713] Searching: BTALI ANGLE GRINDER BTAG04 1200 PRO... ✓ Found
[4012/14713] Searching: BTALI ANGLE GRINDER BTAG04-1350... ✓ Found
[4013/14713] Searching: GLOBAL CORDLESS ANGLE GRINDER 4 INCH GPGBTAG4, 21V... ✓ Found
[4014/14713] Searching: GLOBAL CORDLESS ANGLE GRINDER 4 INCH GPGBTAG4, 21V... ✓ Found
[4015/14713] Searching: CORE BIT 127MM*450 BIT WORLD... ✓ Found
[4016/14713] Searching: SLAB CUTTING BLADE 16 INCH SEG BIT WORLD... ✓ Found
[4017/14713] Searching: CORE BIT 203MM*450 BIT WORLD... ✓ Found
[4018/14713] Searching: BRUSH CUTTER TRIMMER HEAD... ✓ Found
[4019/14713] Searching: BULL GOLD TCT 8*40... ✓ Found
[4020/14713] Searching: BULL GOLD TCT 8*60... ✓ Found
[4021/14713] Searching: BTALI DEMOLITION HAMMER BT DH7PRO 1200... ✓ Found
[4022/14713] Searching: GREESE TUBE 150 GRM BULL... ✓ Found
[4023/14713] Searching: GLOBAL IMPACT WRENCH 430... ✓ Found
[4024/14713] Searching: GLOBAL IMPACT WRENCH 600 N GPG-BTIW6... ✓ Found
[4025/14713] Searching: COMMON VALVE SHEET BTMACCVS... ✓ Found
[4026/14713] Searching: COMMON GASKET 24/50 LTR BTMACG... ✓ Found
[4027/14713] Searching: COMMON GASKET 24/50 LTR BTMACG... ✓ Found
[4028/14713] Searching: RING COMMON 24/50LTR BTMACR... ✓ Found
[4029/14713] Searching: COMMON VALVE SHEET BTMACCVS... ✓ Found
[4030/14713] Searching: BRAZING TORCH ASI... ✓ Found
[4031/14713] Searching: BRAZING TORCH WELDCRAFT MONKEY... ✓ Found
[4032/14713] Searching: GLOBAL CORDLESS  PRUNER 25 MM  BTP43... ✓ Found
[4033/14713] Searching: BTALI ROTARY HAMMER BTRH20-650... ✓ Found
[4034/14713] Searching: BTALI ROTARY HAMMER DRILL BTRH26800... ✓ Found
[4035/14713] Searching: GLOBAL ROTARY HAMMER DRILL BTRH7... ✓ Found
[4036/14713] Searching: SEGMENT BLADE 4.5MM GENIUS... ✓ Found
[4037/14713] Searching: powerbilt CERAMIC BLADE 4 INCH BITWORLD... ✓ Found
[4038/14713] Searching: ACE TUQO HOLESAW MASONARY BTS100... ✓ Found
[4039/14713] Searching: ACE TUQO HOLESAW MASONARY BTS125... ✓ Found
[4040/14713] Searching: ACE TUQO HOLESAW MASONARY BTS30... ✓ Found
[4041/14713] Searching: ACE TUQO HOLESAW MASONARY BTS35... ✓ Found
[4042/14713] Searching: ACE TUQO HOLESAW MASONARY BTS50... ✓ Found
[4043/14713] Searching: ACE TUQO HOLESAW MASONARY BTS55... ✓ Found
[4044/14713] Searching: ACE TUQO HOLESAW MASONARY BTS60... ✓ Found
[4045/14713] Searching: ACE TUQO HOLESAW MASONARY BTS65... ✓ Found
[4046/14713] Searching: ACE TUQO HOLESAW MASONARY BTS70... ✓ Found
[4047/14713] Searching: ACE TUQO HOLESAW MASONARY BTS75... ✓ Found
[4048/14713] Searching: BARICADE TAPE WHITE... ✓ Found
[4049/14713] Searching: BARICADE TAPE YELLOW... ✓ Found
[4050/14713] Searching: BUBBLE``... ✓ Found
  [Progress: 4050/14713 products processed]
[4051/14713] Searching: BULL BLOWER... ✓ Found
[4052/14713] Searching: BULL BLOWER... ✓ Found
[4053/14713] Searching: BULL HEAT GUN... ✓ Found
[4054/14713] Searching: BUSH30MM... ✓ Found
[4055/14713] Searching: BUSH... ✓ Found
[4056/14713] Searching: BUSH... ✓ Found
[4057/14713] Searching: BUSH1.5... ✓ Found
[4058/14713] Searching: BUSH... ✓ Found
[4059/14713] Searching: BUSH 25MM... ✓ Found
[4060/14713] Searching: BUSH BACKLIFT LADDER RT 18%... ✓ Found
[4061/14713] Searching: BUSH BACKLIFT LADDER RT 18%... ✓ Found
[4062/14713] Searching: BUSH DOUBLE SIDE LADDER... ✓ Found
[4063/14713] Searching: BUSH STRIGHT LADDER RT 18%... ✓ Found
[4064/14713] Searching: BUSH STRIGHT LADDER RT 18%... ✓ Found
[4065/14713] Searching: SUPER STRONG BUSH RT... ✓ Found
[4066/14713] Searching: SUPER STRONG BUSH RT... ✓ Found
[4067/14713] Searching: BUSINESS PREMOTION EXP... ✓ Found
[4068/14713] Searching: BENCH VICE 2... ✓ Found
[4069/14713] Searching: VIBRATOR  NEEDLE 1MTR BULL... ✓ Found
[4070/14713] Searching: VIBREATET NEEDLE 1.5 MTR BULL... ✓ Found
[4071/14713] Searching: CARBON HOLDER EBC40 OMR... ✓ Found
[4072/14713] Searching: HOLDER SPRING EBC40 OMR... ✓ Found
[4073/14713] Searching: FAN BODY EBC40 OMR... ✓ Found
[4074/14713] Searching: MOTOR BODY EBC40 OMR... ✓ Found
[4075/14713] Searching: WELDING TORCH... ✓ Found
[4076/14713] Searching: BROWN SEGMENTED WALL CHASER 114MM... ✓ Found
[4077/14713] Searching: BRASS WELDING NOZZLE... ✓ Found
[4078/14713] Searching: BATHROOM & WINDOW WIPER... ✓ Found
[4079/14713] Searching: KARANDI... ✓ Found
[4080/14713] Searching: KARANDI... ✓ Found
[4081/14713] Searching: KARANDI... ✓ Found
[4082/14713] Searching: LANCE CONNECTER BRASS CARWASHER... ✓ Found
[4083/14713] Searching: KARANDI... ✓ Found
[4084/14713] Searching: KARANDI... ✓ Found
[4085/14713] Searching: HIKOKI METER SAW  C10FCE2... ✓ Found
[4086/14713] Searching: K2 CORE CUT WOOD CUTTING 110*30T... ✓ Found
[4087/14713] Searching: K2 CORE CUT WOOD CUTTING 110*40T... ✓ Found
[4088/14713] Searching: LANCE CONNECTOR C 12... ✓ Found
[4089/14713] Searching: PATTA DRY WALL3/4(19*6)... ✓ Found
[4090/14713] Searching: PATTA DRY WALL3/4(19*6)... ✓ Found
[4091/14713] Searching: PATTA DRY WALL3/4(19*6)... ✓ Found
[4092/14713] Searching: ORING HOSE 21*2 MM... ✓ Found
[4093/14713] Searching: SOCKET 1773(UNIVERSAL JOINT )... ✓ Found
[4094/14713] Searching: KARANDI... ✓ Found
[4095/14713] Searching: KARANDI... ✓ Found
[4096/14713] Searching: KARANDI... ✓ Found
[4097/14713] Searching: KARANDI... ✓ Found
[4098/14713] Searching: 13MM CHUCK KEY CALTEX... ✓ Found
[4099/14713] Searching: 13MM CHUCK KEY CALTEX... ✓ Found
[4100/14713] Searching: KARANDI... ✓ Found
  [Progress: 4100/14713 products processed]
[4101/14713] Searching: KARANDI... ✓ Found
[4102/14713] Searching: KARANDI... ✓ Found
[4103/14713] Searching: ALF CORDLESS CHAINSAW 21VC5025... ✓ Found
[4104/14713] Searching: KARANDI... ✓ Found
[4105/14713] Searching: SPINDLE &GEAR -C7SS... ✓ Found
[4106/14713] Searching: MMA CAPACITOR 470UF400V 105 DEGREE... ✓ Found
[4107/14713] Searching: INGCO CORDLESS ASPIRATOR BLOWER... ✓ Found
[4108/14713] Searching: INGCO CORDLESS BLOWER... ✓ Found
[4109/14713] Searching: BEVEL GEAR FOR CAGLI201008-SP-2... ✓ Found
[4110/14713] Searching: INGCO CORDLESS ANGLE GRINDER... ✓ Found
[4111/14713] Searching: INGCO CORDLESS ANGLE GRINDER... ✓ Found
[4112/14713] Searching: INGCO CORDLESS ANGLE GRINDER... ✓ Found
[4113/14713] Searching: INGCO SPARE CAGLI261021-SP-10... ✓ Found
[4114/14713] Searching: INGCO SPARE  CAGLI261021-SP-15/29... ✓ Found
[4115/14713] Searching: INGCO SPARE CAGLI261021-SP-3/4/7/9... ✓ Found
[4116/14713] Searching: INGCO SPARE CAGLI261021-SP-5... ✓ Found
[4117/14713] Searching: INDCO SPARE CAGLI261021-SP-6... ✓ Found
[4118/14713] Searching: INGCO  SPARE CAGLI261021-SP-8... ✓ Found
[4119/14713] Searching: ALUMINIUM HANDLE... ✓ Found
[4120/14713] Searching: CALTEX COLD CHISEL 19MM*8 INCH  1908... ✓ Found
[4121/14713] Searching: CALTEX COLD CHISEL PVC POINT 19*250... ✓ Found
[4122/14713] Searching: CALTEX COLD CHISEL PVC POINT 19*250... ✓ Found
[4123/14713] Searching: CALTEX COLD CHISEL PVC GRIP FLAT 19*250... ✓ Found
[4124/14713] Searching: CALTEX COLD CHISEL PVC GRIP FLAT 19*250... ✓ Found
[4125/14713] Searching: CALTEX COLD CHISEL PVC GRIP FLAT 19*250... ✓ Found
[4126/14713] Searching: CALTEX COLD CHISEL PVC GRIT POINT 19*250... ✓ Found
[4127/14713] Searching: INGCO CORDLESS ANGLE GRINDER CAGLI261021... ✓ Found
[4128/14713] Searching: TELESCOPIC ALUMINIUM LADDER CALT055 14 STEP... ✓ Found
[4129/14713] Searching: TELESCOPIC ALUMINIUM LADDER CALT062 16 STEP... ✓ Found
[4130/14713] Searching: TELESCOPIC ALUMINIUM LADDER CALT065 16 STEP... ✓ Found
[4131/14713] Searching: TELESCOPIC LADDER ALUMINIUM CALT-D44... ✓ Found
[4132/14713] Searching: TELESCOPIC ALUMINIUM LADDER CALT-D56... ✓ Found
[4133/14713] Searching: TELESCOPIC ALUMINIUM LADDER CALT FP44 11 STEP... ✓ Found
[4134/14713] Searching: TELESCOPIC ALUMINIUM LADDER CALT FP50 13 STEP... ✓ Found
[4135/14713] Searching: CALTEX AVIATION SNIP 10 INCH... ✓ Found
[4136/14713] Searching: CAP (250/120... ✓ Found
[4137/14713] Searching: CAPACITOR RW 1.50/440... ✓ Found
[4138/14713] Searching: CAPACITOR 1.85/440... ✓ Found
[4139/14713] Searching: KELTRON 15MFD CAPACTOR... ✓ Found
[4140/14713] Searching: KELTRON CAPASITOR100/120... ✓ Found
[4141/14713] Searching: CAPASITER... ✓ Found
[4142/14713] Searching: CAPASITER... ✓ Found
[4143/14713] Searching: CAPASITERCAP1... ✓ Found
[4144/14713] Searching: CAPACITOR 2.25/440... ✓ Found
[4145/14713] Searching: KELTRON 2.5 MFD CAPACTOR... ✓ Found
[4146/14713] Searching: KELTRON 2.5 MFD CAPACTOR... ✓ Found
[4147/14713] Searching: CAPACITOR 2.50/440... ✓ Found
[4148/14713] Searching: CAPACITOR 2.00/440... ✓ Found
[4149/14713] Searching: CAPACITOR FOR 200UF... ✓ Found
[4150/14713] Searching: CAPASITER 20UF... ✓ Found
  [Progress: 4150/14713 products processed]
[4151/14713] Searching: CAPASITER 20UF... ✓ Found
[4152/14713] Searching: CAPASITER... ✓ Found
[4153/14713] Searching: CAPASITER... ✓ Found
[4154/14713] Searching: CAPASITOR PPW 3.... ✓ Found
[4155/14713] Searching: CAPASITOR... ✓ Found
[4156/14713] Searching: CAPASITER  30UF... ✓ Found
[4157/14713] Searching: CAPASITER  30UF... ✓ Found
[4158/14713] Searching: CAPASITER  30UF... ✓ Found
[4159/14713] Searching: CAPASITER  30UF... ✓ Found
[4160/14713] Searching: CAPASITER... ✓ Found
[4161/14713] Searching: KELTRON 4MFD CAPACTOR... ✓ Found
[4162/14713] Searching: CAPASITER... ✓ Found
[4163/14713] Searching: CAPASITER... ✓ Found
[4164/14713] Searching: CAPASITER... ✓ Found
[4165/14713] Searching: CAPASITER... ✓ Found
[4166/14713] Searching: CAPASITOR  450V X470UF SLIM TYPE... ✓ Found
[4167/14713] Searching: CAPACITOR PPW 5... ✓ Found
[4168/14713] Searching: CAPASITER... ✓ Found
[4169/14713] Searching: CAPACITOR 6... ✓ Found
[4170/14713] Searching: CAPASITER... ✓ Found
[4171/14713] Searching: KELTRON 72MFD CAPACTOR... ✓ Found
[4172/14713] Searching: KELTRON 8MFD CAPACTOR... ✓ Found
[4173/14713] Searching: RENTAL CAR WASH  VOYLET... ✓ Found
[4174/14713] Searching: RENTAL CAR WASH  VOYLET... ✓ Found
[4175/14713] Searching: CARBON S/S... ✓ Found
[4176/14713] Searching: CARBURATER ASSY HUSQ.... ✓ Found
[4177/14713] Searching: MAISON TOOLS KIT... ✓ Found
[4178/14713] Searching: CASH COVER... ✓ Found
[4179/14713] Searching: CHAIN CATCHER... ✓ Found
[4180/14713] Searching: K DAMIER CARBON BRUSH 0810T... ✓ Found
[4181/14713] Searching: K DAMIER CARBON BRUSH 0810T... ✓ Found
[4182/14713] Searching: K DAMIER CARBON BRUSH 0810T... ✓ Found
[4183/14713] Searching: CORE BIT 1/4 INCH  SUN EVEREST... ✓ Found
[4184/14713] Searching: CORE BIT 1/4 INCH  SUN EVEREST... ✓ Found
[4185/14713] Searching: CORE BIT 102MM *450MM 4 INCH... ✓ Found
[4186/14713] Searching: CORE BIT 102MM 111/4 PPT... ✓ Found
[4187/14713] Searching: CALTEX GLASS CORE BIT 10MM... ✓ Found
[4188/14713] Searching: CB 12... ✓ Found
[4189/14713] Searching: CALTEX GLASS CORE BIT 12MM... ✓ Found
[4190/14713] Searching: MARBLE CUTTING BLADE 16 INCH AVATAR... ✓ Found
[4191/14713] Searching: CHAIN SAW 18 BAR BULLET... ✓ Found
[4192/14713] Searching: CORE BIT 3/4INCH... ✓ Found
[4193/14713] Searching: CHAIR BUSH 3/4 INCH... ✓ Found
[4194/14713] Searching: CALTEX GLASS CORE BIT 20MM... ✓ Found
[4195/14713] Searching: CROW BAR 22 ELAPANK... ✓ Found
[4196/14713] Searching: CROW BAR 22 ELAPANK... ✓ Found
[4197/14713] Searching: CORE BIT 1 INCH... ✓ Found
[4198/14713] Searching: CROW BAR  (ELAVANK )... ✓ Found
[4199/14713] Searching: CROW BAR  (ELAVANK )... ✓ Found
[4200/14713] Searching: CHAIR BUSH 25 MM 1 INCH... ✓ Found
  [Progress: 4200/14713 products processed]
[4201/14713] Searching: CALTEX GLASS CORE BIT 25MM... ✓ Found
[4202/14713] Searching: CHAIR BUSH 30 MM 11/4 INCH... ✓ Found
[4203/14713] Searching: CROW BAR 32MM (ELAVANK )... ✓ Found
[4204/14713] Searching: CALTEX GLASS CORE BIT 32MM... ✓ Found
[4205/14713] Searching: CHAIR BUSH 11/2 INCH 38MM... ✓ Found
[4206/14713] Searching: CALTEX GLASS CORE BIT 38MM... ✓ Found
[4207/14713] Searching: CUP BRUSH CRIMPED... ✓ Found
[4208/14713] Searching: CUP BRUSH CRIMPED... ✓ Found
[4209/14713] Searching: CHAIN BLOCK 3 TON... ✓ Found
[4210/14713] Searching: ED60 CARBON BRUSH CB-419... ✓ Found
[4211/14713] Searching: CROW BAR HEX 5.5*25MM PYTHON... ✓ Found
[4212/14713] Searching: CHAIR BUSH 50 MM 2 INCH... ✓ Found
[4213/14713] Searching: CHAIN BLOCK 5TON 3 MTR KING... ✓ Found
[4214/14713] Searching: CHAIN BLOCK 5 TON 3M YELLOW... ✓ Found
[4215/14713] Searching: CB78 GUARD... ✓ Found
[4216/14713] Searching: CB78 GRASS ROPE... ✓ Found
[4217/14713] Searching: CB78 SPRING... ✓ Found
[4218/14713] Searching: CB78 STOP BLOCK OF WHEEL... ✓ Found
[4219/14713] Searching: CB78 WIND BLADERS... ✓ Found
[4220/14713] Searching: CB78 WIND BLADE BLOCK... ✓ Found
[4221/14713] Searching: CB78 WIRE WHEEL... ✓ Found
[4222/14713] Searching: AM7236-38 CARBON BRUSH... ✓ Found
[4223/14713] Searching: BULL GOLD AG-100 CARBON BRUSH... ✓ Found
[4224/14713] Searching: BULL GOLD AG-100 CARBON BRUSH... ✓ Found
[4225/14713] Searching: BULL GOLD AG2-100 CARBON BRUSH... ✓ Found
[4226/14713] Searching: CLUTCH BRUSH CUTTER S/S... ✓ Found
[4227/14713] Searching: WALL CUTTING CAIN  12 INCH... ✓ Found
[4228/14713] Searching: WALL CUTTING CHAINSAW BAR... ✓ Found
[4229/14713] Searching: CARBON BRUSH  CC14STD... ✓ Found
[4230/14713] Searching: CROCODLE CLIP... ✓ Found
[4231/14713] Searching: COTBOLT GOLD 6 INCH... ✓ Found
[4232/14713] Searching: COTBOLT DAMODAR 7 INCH... ✓ Found
[4233/14713] Searching: COTBOLT DAMODAR 7 INCH... ✓ Found
[4234/14713] Searching: COTBOLT DAMODAR 8 INCH... ✓ Found
[4235/14713] Searching: DH20 CARBON BRUSH... ✓ Found
[4236/14713] Searching: DH20 CARBON BRUSH... ✓ Found
[4237/14713] Searching: DH20 CARBON BRUSH... ✓ Found
[4238/14713] Searching: 11E CARBON BRUSH... Error searching '11E CARBON BRUSH': error sending request for url (https://duckduckgo.com/?q=11E+CARBON+BRUSH) > operation timed out
✓ Not Found
[4239/14713] Searching: CALTEX CLAW HAMMER FIBER HANDLE 500G... ✓ Found
[4240/14713] Searching: CALTEX CLAW HAMMER FIBER HANDLE 500G... ✓ Found
[4241/14713] Searching: CALTEX CLAW HAMMER FIBER HANDLE 500G... ✓ Found
[4242/14713] Searching: CORDLESS BATTERY JCB 12V... Error searching 'CORDLESS BATTERY JCB 12V': error sending request for url (https://duckduckgo.com/?q=CORDLESS+BATTERY+JCB+12V) > operation timed out
✓ Not Found
[4243/14713] Searching: DRY WALL SANDER CARBON BRUSH... ✓ Found
[4244/14713] Searching: STAR GOLD COMBINATION PLIER 200M... ✓ Found
[4245/14713] Searching: STAR GOLD COMBINATION PLIER 200M... ✓ Found
[4246/14713] Searching: LASERTECH CARBON  BRUSH... ✓ Found
[4247/14713] Searching: CLEANING BRUSH SET... ✓ Found
[4248/14713] Searching: CARBON BRUSH STG850W... ✓ Found
[4249/14713] Searching: STGT8100 BRUSH PAIR 4141406601... ✓ Found
[4250/14713] Searching: STGT8100 BRUSH PAIR 4141406601... ✓ Found
  [Progress: 4250/14713 products processed]
[4251/14713] Searching: CARBON  TRIMMER... ✓ Found
[4252/14713] Searching: CONNECTER FEMALE... ✓ Found
[4253/14713] Searching: CONNECTER FEMALE... ✓ Found
[4254/14713] Searching: CONNECTER FEMALE... ✓ Found
[4255/14713] Searching: CONNECTER FEMALE... ✓ Found
[4256/14713] Searching: CABLE CONNECTOR  CC1025M... ✓ Found
[4257/14713] Searching: CABLE CONNECTOR  CC1025M... ✓ Found
[4258/14713] Searching: HIKOKI CUT OFF MACHINE  CC14STDS9Z... ✓ Found
[4259/14713] Searching: DISTANCE RING CUTT OFF SAW CC14STD... ✓ Found
[4260/14713] Searching: CORE CUTTER TCT BROACH CUTTER 15*50MM... ✓ Found
[4261/14713] Searching: CORE CUTTING TCT BROACH CUTTER17*50MM... ✓ Found
[4262/14713] Searching: UNIVERSAL TAP ADAPTER CC18  ACE... ✓ Found
[4263/14713] Searching: CORE CUTTER TCT BROACH CUTTER 19*50MM... ✓ Found
[4264/14713] Searching: CORE CUTTER TCT BROACH CUTTER 20*50MM... ✓ Found
[4265/14713] Searching: CORE CUTTER TCT BROACH CUTTER 22*50 MM... ✓ Found
[4266/14713] Searching: CORE CUTTER TCT BROACH CUTTER  25*50MM... Error searching 'CORE CUTTER TCT BROACH CUTTER  25*50MM': error sending request for url (https://duckduckgo.com/?q=CORE+CUTTER+TCT+BROACH+CUTTER++25*50MM) > operation timed out
✓ Not Found
[4267/14713] Searching: CORE CUTTER TCT BROACH CUTTER 28*50MM... Error searching 'CORE CUTTER TCT BROACH CUTTER 28*50MM': error sending request for url (https://duckduckgo.com/?q=CORE+CUTTER+TCT+BROACH+CUTTER+28*50MM) > operation timed out
✓ Not Found
[4268/14713] Searching: CORE CUTTER TCT BROACH CUTTER 30*50MM... ✓ Found
[4269/14713] Searching: CORE CUTTER TCT BROACH CUTTER B35*50MM... ✓ Found
[4270/14713] Searching: CABLE CONNECTOR  35-50 FEMALE... ✓ Found
[4271/14713] Searching: CABLE CONNECTOR  35-50 FEMALE... ✓ Found
[4272/14713] Searching: CABLE CONNECTOR  35-50 FEMALE... Error searching 'CABLE CONNECTOR  35-50 FEMALE': error sending request for url (https://duckduckgo.com/?q=CABLE+CONNECTOR++35-50+FEMALE) > operation timed out
✓ Not Found
[4273/14713] Searching: CABLE CONNECTOR  35-50 FEMALE... ✓ Found
[4274/14713] Searching: CABLE CONNECTOR  35-50 FEMALE... ✓ Found
[4275/14713] Searching: CABLE CONNECTOR  35-50 FEMALE... ✓ Found
[4276/14713] Searching: CABLE CONNECTOR 35-50 MALE... ✓ Found
[4277/14713] Searching: CORE CUTTER TCT BROACH CUTTER 38*50MM... ✓ Found
[4278/14713] Searching: CARBON BRUSH CC38 16 INCH CUTTER... Error searching 'CARBON BRUSH CC38 16 INCH CUTTER': error sending request for url (https://duckduckgo.com/?q=CARBON+BRUSH+CC38+16+INCH+CUTTER) > operation timed out
✓ Not Found
[4279/14713] Searching: CC38 SOFT START... ✓ Found
[4280/14713] Searching: CORE CUTTER TCT CUTTER 40*50MM... ✓ Found
[4281/14713] Searching: CARPENTER CLAMP 4 FT... ✓ Found
[4282/14713] Searching: CARBORATOR 58CC EMTEX HQ... ✓ Found
[4283/14713] Searching: CARPENTER CLAMP 6FT... ✓ Found
[4284/14713] Searching: CARPENTER CLAMP 6FT... ✓ Found
[4285/14713] Searching: CRIMPING TOOL CHAKRA 6 PRIME... Error searching 'CRIMPING TOOL CHAKRA 6 PRIME': error sending request for url (https://duckduckgo.com/?q=CRIMPING+TOOL+CHAKRA+6+PRIME) > operation timed out
✓ Not Found
[4286/14713] Searching: CABLE CUTTER 8"... ✓ Found
[4287/14713] Searching: CORE CUTTER ADAPTER M22-F*11/4... Error searching 'CORE CUTTER ADAPTER M22-F*11/4': error sending request for url (https://duckduckgo.com/?q=CORE+CUTTER+ADAPTER+M22-F*11%2F4) > operation timed out
✓ Not Found
[4288/14713] Searching: CORE CUTTER ADAPTER M22-M*11/4... ✓ Found
[4289/14713] Searching: CONCRETE CUTTER BLADE 14 INCH (LASER CUT )... ✓ Found
[4290/14713] Searching: CALTEX  CUP WIRE BRUSH 3INCH TWISTED... ✓ Found
[4291/14713] Searching: SPARE PARTS OF CARWASHER MACHINE... ✓ Found
[4292/14713] Searching: GRANITE CUTTING BLADE... ✓ Found
[4293/14713] Searching: CARLTON  CHAIN... ✓ Found
[4294/14713] Searching: CORDLESS CHARGER 12V JCB... ✓ Found
[4295/14713] Searching: COCONUT PLUCKER... ✓ Found
[4296/14713] Searching: COCONUT CLIMBER 3 ROD... ✓ Found
[4297/14713] Searching: COCONUT CLIMBER 3 ROD... ✓ Found
[4298/14713] Searching: COMPACT CLUCH... ✓ Found
[4299/14713] Searching: CABLE CONNECTER MALE 10-25... ✓ Found
[4300/14713] Searching: CABLE CONNECTER MALE 35-50... ✓ Found
  [Progress: 4300/14713 products processed]
[4301/14713] Searching: CCMS FILLER ROD... ✓ Found
[4302/14713] Searching: CCMS FILLER ROD 1.6MM... ✓ Found
[4303/14713] Searching: CALTEX COMBINATION PLIER 150MM... ✓ Found
[4304/14713] Searching: CALTEX COMBINATION PLIER 150MM... ✓ Found
[4305/14713] Searching: CALTEX COMBINATION PLIER 200MM... ✓ Found
[4306/14713] Searching: CALTEX COMBINATION PLIER 200MM... ✓ Found
[4307/14713] Searching: CORE CUT TILE REGULATER PLAIN... ✓ Found
[4308/14713] Searching: CALTEX CUP WIRE BRUSH 3 INCH TWISTED... ✓ Found
[4309/14713] Searching: TCT WOOD CUTTING BLADE 110*30T... ✓ Found
[4310/14713] Searching: TCT WOOD CUTTING BLADE 100*40T... ✓ Found
[4311/14713] Searching: WOOD CARVING DISK CD100 4 INCH... Error searching 'WOOD CARVING DISK CD100 4 INCH': error sending request for url (https://duckduckgo.com/?q=WOOD+CARVING+DISK+CD100+4+INCH) > operation timed out
✓ Not Found
[4312/14713] Searching: BLACK & DECKER 12V DRILL  CD121B3... ✓ Found
[4313/14713] Searching: CD74 BATTERY... ✓ Found
[4314/14713] Searching: AC3 CURVED HEAD... ✓ Found
[4315/14713] Searching: CD74 MOROR... Error searching 'CD74 MOROR': error sending request for url (https://duckduckgo.com/?q=CD74+MOROR) > operation timed out
✓ Not Found
[4316/14713] Searching: CD74 MOROR... ✓ Found
[4317/14713] Searching: CD74 SWITCH WITH PROTECT PCB... ✓ Found
[4318/14713] Searching: CD74 SWITCH NEW... Error searching 'CD74 SWITCH NEW': error sending request for url (https://duckduckgo.com/?q=CD74+SWITCH+NEW) > operation timed out
✓ Not Found
[4319/14713] Searching: CD74 SWITCH  WITHOUT PROJECT PCB... ✓ Found
[4320/14713] Searching: CORE DRILL BIT 102MM  4 inch 11/4 XTRAPOWER... ✓ Found
[4321/14713] Searching: CORE DRILL BIT 102MM  4 inch 11/4 XTRAPOWER... ✓ Found
[4322/14713] Searching: CORE DRILL BIT 127*450MM 5 inch 11/4 XTRAPOWER... ✓ Found
[4323/14713] Searching: CORE DRILL BIT RAIN NOW 152MM*450MM... ✓ Found
[4324/14713] Searching: CORE DRILL BIT 25*450*11/4  1 inchEXTRAPOWER... Error searching 'CORE DRILL BIT 25*450*11/4  1 inchEXTRAPOWER': error sending request for url (https://duckduckgo.com/?q=CORE+DRILL+BIT+25*450*11%2F4++1+inchEXTRAPOWER) > operation timed out
✓ Not Found
[4325/14713] Searching: CORE DRILL BIT 25*450*11/4  1 inchEXTRAPOWER... ✓ Found
[4326/14713] Searching: CORE DRILL BIT 32*450*11/4 YURI... Error searching 'CORE DRILL BIT 32*450*11/4 YURI': error sending request for url (https://duckduckgo.com/?q=CORE+DRILL+BIT+32*450*11%2F4+YURI) > operation timed out
✓ Not Found
[4327/14713] Searching: CORE DRILL BIT 40MM11/4 XTRAPOWER... ✓ Found
[4328/14713] Searching: CORE DRILL BIT 51MM11/4 XTRAPOWER... ✓ Found
[4329/14713] Searching: CALTEX HSS DRILL BIT SET 13PCS... ✓ Found
[4330/14713] Searching: CALTEX HSS DRILL BIT SET 13PCS... ✓ Found
[4331/14713] Searching: DRILL CHUCK 13MM CALTEX 20 UNF... ✓ Found
[4332/14713] Searching: CORDLESS CARWASHER... ✓ Found
[4333/14713] Searching: INGCO CORDLESS DRILL CDLI1228 FULL SET... ✓ Found
[4334/14713] Searching: INGCO DRILL 12 V CDLI12456... ✓ Found
[4335/14713] Searching: INGCO CORDLESS DRILL CDLI205581... ✓ Found
[4336/14713] Searching: CORDLESS DRILL... ✓ Found
[4337/14713] Searching: POWER GRIP -4.8V CORDILESS DRILL... ✓ Found
[4338/14713] Searching: COCONUT DEHUSKER MULTI PURPOSE... ✓ Found
[4339/14713] Searching: PERMENENT MARKER  CD... ✓ Found
[4340/14713] Searching: COCONUT DEHUSKER ROUND PIPE... ✓ Found
[4341/14713] Searching: COCONUT DEHUSKER ROUND PIPE... ✓ Found
[4342/14713] Searching: ARMATURE 8456... ✓ Found
[4343/14713] Searching: K2 TILE SPECIAL SHARP CUT 110*8... ✓ Found
[4344/14713] Searching: K2 TILE SPECIAL SHARP CUT 125*10... ✓ Found
[4345/14713] Searching: K2 TILE CUTTING SLOT REGULAR... ✓ Found
[4346/14713] Searching: COCONUT DEHUSKER SQUARE PIPE... ✓ Found
[4347/14713] Searching: COCONUT DEHUSKER SQUARE PIPE... Error searching 'COCONUT DEHUSKER SQUARE PIPE': error sending request for url (https://duckduckgo.com/?q=COCONUT+DEHUSKER+SQUARE+PIPE) > operation timed out
✓ Not Found
[4348/14713] Searching: k2 TILE  SPECIAL NARROW CUT U 110*8... ✓ Found
[4349/14713] Searching: COCONUT DEHUSKER TWO TEETH... ✓ Found
[4350/14713] Searching: CORDLESS HIGH PRESSURE WASHER CDW400... ✓ Found
  [Progress: 4350/14713 products processed]
[4351/14713] Searching: CORDLESS HIGH PRESSURE WASHER CDW400... ✓ Found
[4352/14713] Searching: COLOUR WEEDER( KAMBI CHOOL )... ✓ Found
[4353/14713] Searching: COLOUR WEEDER( KAMBI CHOOL )... ✓ Found
[4354/14713] Searching: EB69 CARBON BRUSH... Error searching 'EB69 CARBON BRUSH': error sending request for url (https://duckduckgo.com/?q=EB69+CARBON+BRUSH) > operation timed out
✓ Not Found
[4355/14713] Searching: ED30 CARBON BRUSH... ✓ Found
[4356/14713] Searching: ED60 CARBON BRUSH CB-419... Error searching 'ED60 CARBON BRUSH CB-419': error sending request for url (https://duckduckgo.com/?q=ED60+CARBON+BRUSH+CB-419) > operation timed out
✓ Not Found
[4357/14713] Searching: SAW MASTER GRINDER ARMATURE... ✓ Found
[4358/14713] Searching: CONNECTOR... ✓ Found
[4359/14713] Searching: 1520 GREAVES ENGINE... ✓ Found
[4360/14713] Searching: CERAMIC DRILL BIT... ✓ Found
[4361/14713] Searching: FILTER WRENCH CHAIN TYPE CF09 9INCH... Error searching 'FILTER WRENCH CHAIN TYPE CF09 9INCH': error sending request for url (https://duckduckgo.com/?q=FILTER+WRENCH+CHAIN+TYPE+CF09+9INCH) > operation timed out
✓ Not Found
[4362/14713] Searching: CALTEX FLAT BASTED 150MM WH... ✓ Found
[4363/14713] Searching: CALTEX FLAT BASTARD 200MM WH... ✓ Found
[4364/14713] Searching: CALTEX FLAT BASTARD 200MM WH... ✓ Found
[4365/14713] Searching: CALTEX FLAT BASTARD 250MM WH... ✓ Found
[4366/14713] Searching: CALTEX FLAT BASTARD 250MM WH... ✓ Found
[4367/14713] Searching: CALTEX FLAT BASED 300MMWH... ✓ Found
[4368/14713] Searching: CLUTCH DRUM FOR BRUSHCUTTER... ✓ Found
[4369/14713] Searching: CARBURATOR SS BRUSH CUTTER... ✓ Found
[4370/14713] Searching: CARBURATOR SS BRUSH CUTTER... ✓ Found
[4371/14713] Searching: WOOD CUTTER  BRUSH CUTTER 52CC... ✓ Found
[4372/14713] Searching: C CLAMP 4 INCH  RAJ... ✓ Found
[4373/14713] Searching: C CLAMP 6 INCH  RAJ... Error searching 'C CLAMP 6 INCH  RAJ': error sending request for url (https://duckduckgo.com/?q=C+CLAMP+6+INCH++RAJ) > operation timed out
✓ Not Found
[4374/14713] Searching: GATE VALVE... Error searching 'GATE VALVE': error sending request for url (https://duckduckgo.com/?q=GATE+VALVE) > operation timed out
✓ Not Found
[4375/14713] Searching: CHAINSAW GRINDING STONE... Error searching 'CHAINSAW GRINDING STONE': error sending request for url (https://duckduckgo.com/?q=CHAINSAW+GRINDING+STONE) > operation timed out
✓ Not Found
[4376/14713] Searching: INGCO CORDLESS SPRAY GUN  CGSLI20042... Error searching 'INGCO CORDLESS SPRAY GUN  CGSLI20042': error sending request for url (https://duckduckgo.com/?q=INGCO+CORDLESS+SPRAY+GUN++CGSLI20042) > operation timed out
✓ Not Found
[4377/14713] Searching: COCONUT SCRAPPER FLOOR TYPE MEDIUM... ✓ Found
[4378/14713] Searching: COCCOUNT GREATER TABLE... ✓ Found
[4379/14713] Searching: COCCOUNT GREATER TABLE... ✓ Found
[4380/14713] Searching: GRAND CLAW HAMMER 1/4 LB WITH HANDLE... ✓ Found
[4381/14713] Searching: CH10 CONTROLLER... ✓ Found
[4382/14713] Searching: MOTOR FOR CORDLESS CHAINSAW CH2010... ✓ Found
[4383/14713] Searching: CH10 SWITCH... Error searching 'CH10 SWITCH': error sending request for url (https://duckduckgo.com/?q=CH10+SWITCH) > operation timed out
✓ Not Found
[4384/14713] Searching: STHIL CHAIN 180 36380001840... Error searching 'STHIL CHAIN 180 36380001840': error sending request for url (https://duckduckgo.com/?q=STHIL+CHAIN+180+36380001840) > operation timed out
✓ Not Found
[4385/14713] Searching: BULLET BATTERY 2.0AH 2020... ✓ Found
[4386/14713] Searching: 63  STIHL CHAIN 210 36170001640... ✓ Found
[4387/14713] Searching: STHIL CHAIN 250  36360001640... ✓ Found
[4388/14713] Searching: CHAIN MBS 2MM ANKER NO14... ✓ Found
[4389/14713] Searching: CHAIN WRENCH 3"... ✓ Found
[4390/14713] Searching: CONCRETE  HOLESAW 35MM... ✓ Found
[4391/14713] Searching: CONCRETE  HOLESAW 35MM... Error searching 'CONCRETE  HOLESAW 35MM': error sending request for url (https://duckduckgo.com/?q=CONCRETE++HOLESAW+35MM) > operation timed out
✓ Not Found
[4392/14713] Searching: CONCRETE HOLESAW 40MM... ✓ Found
[4393/14713] Searching: CONCRETE HOLESAW 50MM... ✓ Found
[4394/14713] Searching: CHAIN ML 5MM GI 3OOKG TESTED... ✓ Found
[4395/14713] Searching: CLAW HAMMER 650GMS... ✓ Found
[4396/14713] Searching: CONCRETE HOLESAW 65MM... ✓ Found
[4397/14713] Searching: CHAIN 6MM GI 6/24... ✓ Found
[4398/14713] Searching: CHAIN 6MM GI 6/24... ✓ Found
[4399/14713] Searching: CONCRETE HOLE SAW 75MM... ✓ Found
[4400/14713] Searching: CHAIN... ✓ Found
  [Progress: 4400/14713 products processed]
[4401/14713] Searching: CHAIN 18 INCH  21 LPX (84679100)... ✓ Found
[4402/14713] Searching: CHAIN 4 LEG... ✓ Found
[4403/14713] Searching: CHAIN  6MM GI TESTED 450KG... ✓ Found
[4404/14713] Searching: CHARGER 20V... ✓ Found
[4405/14713] Searching: CHARGER12V... ✓ Found
[4406/14713] Searching: CARBON HOLDER CM4... ✓ Found
[4407/14713] Searching: CV81 BRUSH HOLDER... ✓ Found
[4408/14713] Searching: CHISEL COIL  STD... Error searching 'CHISEL COIL  STD': error sending request for url (https://duckduckgo.com/?q=CHISEL+COIL++STD) > operation timed out
✓ Not Found
[4409/14713] Searching: CHL BEARING 6000 2RS... Error searching 'CHL BEARING 6000 2RS': error sending request for url (https://duckduckgo.com/?q=CHL+BEARING+6000+2RS) > operation timed out
✓ Not Found
[4410/14713] Searching: CHL BEARING 6000 2RS... Error searching 'CHL BEARING 6000 2RS': error sending request for url (https://duckduckgo.com/?q=CHL+BEARING+6000+2RS) > operation timed out
✓ Not Found
[4411/14713] Searching: CHL BEARING 6001 2RS... ✓ Found
[4412/14713] Searching: CHL BEARING 6001 2RS... ✓ Found
[4413/14713] Searching: CHL6002 BEARING... ✓ Found
[4414/14713] Searching: CHL BEARING 6003 2 RS... ✓ Found
[4415/14713] Searching: 6004 2RS  CHL BEARING... ✓ Found
[4416/14713] Searching: CHL BEARING 6005 2 RS... ✓ Found
[4417/14713] Searching: 606 CHL BEARING 2 RS... ✓ Found
[4418/14713] Searching: CHL BEARING 607 2RS... ✓ Found
[4419/14713] Searching: CHL BEARING 607 2RS... Error searching 'CHL BEARING 607 2RS': error sending request for url (https://duckduckgo.com/?q=CHL+BEARING+607+2RS) > operation timed out
✓ Not Found
[4420/14713] Searching: CHL BEARING 607 2RS... ✓ Found
[4421/14713] Searching: CHL BEARING 608 2RS... ✓ Found
[4422/14713] Searching: CHL BEARING 608 2RS... ✓ Found
[4423/14713] Searching: 609 BEARING... ✓ Found
[4424/14713] Searching: 6200 CHL BEARING... ✓ Found
[4425/14713] Searching: CHL BEARING 62002 2RS... ✓ Found
[4426/14713] Searching: 62001 2RS TN CHL... ✓ Found
[4427/14713] Searching: 62001 2RS TN CHL... ✓ Found
[4428/14713] Searching: 62001 2RS TN CHL... ✓ Found
[4429/14713] Searching: 6201 2RS TN CHL... ✓ Found
[4430/14713] Searching: 6201 2RS TN CHL... ✓ Found
[4431/14713] Searching: 6201 2RS TN CHL... ✓ Found
[4432/14713] Searching: 6202 BEARING 2RS CHL... ✓ Found
[4433/14713] Searching: 6202 BEARING 2RS CHL... ✓ Found
[4434/14713] Searching: CHL6203 BEARING... Error searching 'CHL6203 BEARING': error sending request for url (https://duckduckgo.com/?q=CHL6203+BEARING) > operation timed out
✓ Not Found
[4435/14713] Searching: CHL6203 BEARING... Error searching 'CHL6203 BEARING': error sending request for url (https://duckduckgo.com/?q=CHL6203+BEARING) > operation timed out
✓ Not Found
[4436/14713] Searching: CHL BEARING 6204 2 RS TN GREEN... ✓ Found
[4437/14713] Searching: 6205 2RS CHL BEARING... ✓ Found
[4438/14713] Searching: CHL BEARING 625 2RS... ✓ Found
[4439/14713] Searching: CHL BEARING 626 2RS... ✓ Found
[4440/14713] Searching: CHL BEARING 626 2RS... Error searching 'CHL BEARING 626 2RS': error sending request for url (https://duckduckgo.com/?q=CHL+BEARING+626+2RS) > operation timed out
✓ Not Found
[4441/14713] Searching: CHL BEARING 627 2RS... ✓ Found
[4442/14713] Searching: 628 2RS CHL BEARING... ✓ Found
[4443/14713] Searching: CHL BEARING 629 2RS... ✓ Found
[4444/14713] Searching: CHL BEARING 629 2RS... ✓ Found
[4445/14713] Searching: CHL BEARING 629 2RS... ✓ Found
[4446/14713] Searching: CHL BEARING 6301 2RS... ✓ Found
[4447/14713] Searching: CHL BEARING 6302 2 RS... ✓ Found
[4448/14713] Searching: CHL 6303 BEARING... ✓ Found
[4449/14713] Searching: CHL 6303 BEARING... ✓ Found
[4450/14713] Searching: CHL BEARING 6304 2RS... ✓ Found
  [Progress: 4450/14713 products processed]
[4451/14713] Searching: CHL BEARING 6306 2 RS... ✓ Found
[4452/14713] Searching: 6900 CHL BEARING  2RS... ✓ Found
[4453/14713] Searching: 698 2RS CHL BEARING... Error searching '698 2RS CHL BEARING': error sending request for url (https://duckduckgo.com/?q=698+2RS+CHL+BEARING) > operation timed out
✓ Not Found
[4454/14713] Searching: CHARNAIL... ✓ Found
[4455/14713] Searching: CHAIR NAIL... ✓ Found
[4456/14713] Searching: CARABINER HOOK... ✓ Found
[4457/14713] Searching: CARABINER HOOK... ✓ Found
[4458/14713] Searching: CARABINER HOOK... ✓ Found
[4459/14713] Searching: WEEDER BROOM CHOOL... ✓ Found
[4460/14713] Searching: CHOOL P V C... Error searching 'CHOOL P V C': error sending request for url (https://duckduckgo.com/?q=CHOOL+P+V+C) > operation timed out
✓ Not Found
[4461/14713] Searching: BILLION CONSTRUCTION HOSE... Error searching 'BILLION CONSTRUCTION HOSE': error sending request for url (https://duckduckgo.com/?q=BILLION+CONSTRUCTION+HOSE) > operation timed out
✓ Not Found
[4462/14713] Searching: EMTEX SPARE HOSE PROTECTION  SLEEVE SMALL... ✓ Found
[4463/14713] Searching: BULLET CORDLESS RICVERTER CHR2765... ✓ Found
[4464/14713] Searching: BATTERY FOR BULLET 2.AH 20V RIVERTGUN... ✓ Found
[4465/14713] Searching: CALTEX HOLE SAW BIT 32MM... ✓ Found
[4466/14713] Searching: CALTEX BIMETAL HOLE SAW BIT 38MM... ✓ Found
[4467/14713] Searching: CALTEX BIMETAL HOLE SAW BIT 50MM... ✓ Found
[4468/14713] Searching: BIG STHIL CHAIN 3621000164036RSC QUALITY... ✓ Found
[4469/14713] Searching: BIG STHIL CHAIN 3621000164036RSC QUALITY... ✓ Found
[4470/14713] Searching: BIG STHIL CHAIN 3621000164036RSC QUALITY... ✓ Found
[4471/14713] Searching: BIG STHIL CHAIN 3621000164036RSC QUALITY... ✓ Found
[4472/14713] Searching: BIG STHIL CHAIN 3621000164036RSC QUALITY... ✓ Found
[4473/14713] Searching: BIG STHIL CHAIN 3621000164036RSC QUALITY... ✓ Found
[4474/14713] Searching: BIG STHIL CHAIN 3621000164036RSC QUALITY... ✓ Found
[4475/14713] Searching: BIG STHIL CHAIN 3621000164036RSC QUALITY... ✓ Found
[4476/14713] Searching: CHAINA CHAIN  STIHL... ✓ Found
[4477/14713] Searching: CHAIN STIHL... ✓ Found
[4478/14713] Searching: 63 PS3 CHAIN REEL PCS... ✓ Found
[4479/14713] Searching: FOLDING HAND TRUCK (PNEUMATIC WHEEL )... ✓ Found
[4480/14713] Searching: CI ADAPTOR 3"... Error searching 'CI ADAPTOR 3"': error sending request for url (https://duckduckgo.com/?q=CI+ADAPTOR+3%22) > operation timed out
✓ Not Found
[4481/14713] Searching: SWITCH FOR BULLET CORDLESS DRILL CID1664... ✓ Found
[4482/14713] Searching: INGCO CORDLESS IMPACT DRILL... ✓ Found
[4483/14713] Searching: INGCO COMPACT CORDLESS DRILL... ✓ Found
[4484/14713] Searching: GEAR CASE FOR CIDLI205581-SP-4... ✓ Found
[4485/14713] Searching: INGCO COMPACT BRUSHLESS CORDLESS DRILL... Error searching 'INGCO COMPACT BRUSHLESS CORDLESS DRILL': error sending request for url (https://duckduckgo.com/?q=INGCO+COMPACT+BRUSHLESS+CORDLESS+DRILL) > operation timed out
✓ Not Found
[4486/14713] Searching: DRILL CHUCK FOR CIDLI20668 DRILL... ✓ Found
[4487/14713] Searching: STATOR AND ELECTRIC ASSEMBLY CIDLI209681-SP-10... ✓ Found
[4488/14713] Searching: ARMATURE FOR CIDLI209681 SP10... ✓ Found
[4489/14713] Searching: SWITCH FOR CIDLI209681 SP-10... ✓ Found
[4490/14713] Searching: INGCO CORDLESS IMPACT DRIVER... ✓ Found
[4491/14713] Searching: BULLET CORDLESS IMPACT WRENCH CIW4291... ✓ Found
[4492/14713] Searching: SWITCH SET ASSY CIW4291... ✓ Found
[4493/14713] Searching: INGCO CORDLESS IMPACT WRENCH... ✓ Found
[4494/14713] Searching: INGCO CORDLESS IMPACT WRENCH... ✓ Found
[4495/14713] Searching: GEAR CASE FOR INGCO CORDLESS IMPACT WRENCH... ✓ Found
[4496/14713] Searching: INGCO CORDLESS IMPACT WRENCH 500NM... Error searching 'INGCO CORDLESS IMPACT WRENCH 500NM': error sending request for url (https://duckduckgo.com/?q=INGCO+CORDLESS+IMPACT+WRENCH+500NM) > operation timed out
✓ Not Found
[4497/14713] Searching: GEAR BOX ASSY INGCO CORDLESS IMPACT WRENCH... ✓ Found
[4498/14713] Searching: ROTOR ASSY FOR CIWLI20501-SP-3/4... ✓ Found
[4499/14713] Searching: ELECTRONIC HOLDER CIWLI2085... Error searching 'ELECTRONIC HOLDER CIWLI2085': error sending request for url (https://duckduckgo.com/?q=ELECTRONIC+HOLDER+CIWLI2085) > operation timed out
✓ Not Found
[4500/14713] Searching: FIELD FOR CIWLI2085-SP-24... ✓ Found
  [Progress: 4500/14713 products processed]
[4501/14713] Searching: INGCO FIELD AND ELECTRIC CONTROL ASSY  CIWLI2085... Error searching 'INGCO FIELD AND ELECTRIC CONTROL ASSY  CIWLI2085': error sending request for url (https://duckduckgo.com/?q=INGCO+FIELD+AND+ELECTRIC+CONTROL+ASSY++CIWLI2085) > operation timed out
✓ Not Found
[4502/14713] Searching: GEAR BOX CIWLI2085-SP123... ✓ Found
[4503/14713] Searching: GEAR CASE CIWLI2085-SP21... ✓ Found
[4504/14713] Searching: OUTPUT SHAFT ASSY CIWLI2085-SP7... ✓ Found
[4505/14713] Searching: PCB CIWLI2085... ✓ Found
[4506/14713] Searching: ARMATURE  FOR CIWLI2085... ✓ Found
[4507/14713] Searching: SWITCH  FOR CIWLI2085-SP-30... ✓ Found
[4508/14713] Searching: CHALK 12 PCS  1 PKT... ✓ Found
[4509/14713] Searching: CHALK 12 PCS  1 PKT... ✓ Found
[4510/14713] Searching: CHALK 12 PCS  1 PKT... ✓ Found
[4511/14713] Searching: COLOUR CHALK 12 PCS... ✓ Found
[4512/14713] Searching: COLOUR CHALK 12 PCS... ✓ Found
[4513/14713] Searching: COLOUR CHALK 12 PCS... ✓ Found
[4514/14713] Searching: CYLINDER KIT... ✓ Found
[4515/14713] Searching: EMTCS74-18 CYLINDER KIT... ✓ Found
[4516/14713] Searching: EMTCS74-18 CYLINDER KIT... ✓ Found
[4517/14713] Searching: INGCO CORDLESS 2 PCS COMBO KIT CKLI2027310... ✓ Found
[4518/14713] Searching: CHOORAL KOTTA... ✓ Found
[4519/14713] Searching: CHECKMATE MARBLE CUTTER CKTCM5... ✓ Found
[4520/14713] Searching: CHECKMATE CHAINSAW 18 INCH 84 CC... ✓ Found
[4521/14713] Searching: CHECKMATE CHAINSAW 18 INCH 86CC... Error searching 'CHECKMATE CHAINSAW 18 INCH 86CC': error sending request for url (https://duckduckgo.com/?q=CHECKMATE+CHAINSAW+18+INCH+86CC) > operation timed out
✓ Not Found
[4522/14713] Searching: CABLE LOCK... Error searching 'CABLE LOCK': error sending request for url (https://duckduckgo.com/?q=CABLE+LOCK) > operation timed out
✓ Not Found
[4523/14713] Searching: CALTEX SLEDGE HAMMER 1.5 LB WITH HANDLE... ✓ Found
[4524/14713] Searching: CALTEX SLEDGE HAMMER 1.5 LB WITH HANDLE... ✓ Found
[4525/14713] Searching: COPPER LUG 10MM... Error searching 'COPPER LUG 10MM': error sending request for url (https://duckduckgo.com/?q=COPPER+LUG+10MM) > operation timed out
✓ Not Found
[4526/14713] Searching: COPPER LUG 10MM... Error searching 'COPPER LUG 10MM': error sending request for url (https://duckduckgo.com/?q=COPPER+LUG+10MM) > operation timed out
✓ Not Found
[4527/14713] Searching: CALTEX SLEDGE HAMMER 2 LB WITH HANDLE... ✓ Found
[4528/14713] Searching: COPPER LUG 35MM... ✓ Found
[4529/14713] Searching: CALTEX SLEDGE HAMMER 3LB WITH HANDLE... ✓ Found
[4530/14713] Searching: CALTEX PREMIUM LOCK 40MM L/S 4KEY... ✓ Found
[4531/14713] Searching: CALTEX PREMIUM LOCK 40MM L/S 4KEY... ✓ Found
[4532/14713] Searching: CALTEX PREMIUM LOCK 40MM 4KEY... ✓ Found
[4533/14713] Searching: CALTEX PREMIUM LOCK 40MM 4KEY... ✓ Found
[4534/14713] Searching: CALTEX PREMIUM LOCK 40MM 4KEY... ✓ Found
[4535/14713] Searching: COOL PACK NO 44... ✓ Found
[4536/14713] Searching: CALTEX SLEDGE HAMMER 4LBH WITH HANDLE... Error searching 'CALTEX SLEDGE HAMMER 4LBH WITH HANDLE': error sending request for url (https://duckduckgo.com/?q=CALTEX+SLEDGE+HAMMER+4LBH+WITH+HANDLE) > operation timed out
✓ Not Found
[4537/14713] Searching: CALTEX SLEDGE HAMMER 4LBH WITH HANDLE... Error searching 'CALTEX SLEDGE HAMMER 4LBH WITH HANDLE': error sending request for url (https://duckduckgo.com/?q=CALTEX+SLEDGE+HAMMER+4LBH+WITH+HANDLE) > operation timed out
✓ Not Found
[4538/14713] Searching: COPPER LUG 4MM... Error searching 'COPPER LUG 4MM': error sending request for url (https://duckduckgo.com/?q=COPPER+LUG+4MM) > operation timed out
✓ Not Found
[4539/14713] Searching: COPPER LUG 4MM... ✓ Found
[4540/14713] Searching: COPPER LUG 50 MM... ✓ Found
[4541/14713] Searching: COPPER LUG 50 MM... ✓ Found
[4542/14713] Searching: CALTEX PREMIUM LOCK 50MM 4KEY... Error searching 'CALTEX PREMIUM LOCK 50MM 4KEY': error sending request for url (https://duckduckgo.com/?q=CALTEX+PREMIUM+LOCK+50MM+4KEY) > operation timed out
✓ Not Found
[4543/14713] Searching: CALTEX PREMIUM LOCK 50MM L/S 4KEY... ✓ Found
[4544/14713] Searching: CLUTCH M23  CHAINSAW 58CC... ✓ Found
[4545/14713] Searching: CALTEX PREMIUM 63MM 4 KEYS... ✓ Found
[4546/14713] Searching: CALTEX PREMIUM 63MM 4 KEYS... ✓ Found
[4547/14713] Searching: CALTEX PREMIUM 63MM 4 KEYS... ✓ Found
[4548/14713] Searching: COPPER LUG 6MM... ✓ Found
[4549/14713] Searching: CALTEX  STAR ALLENKEY SET LONG 9 PCS... ✓ Found
[4550/14713] Searching: CALTEX ALLENKEY SET EXTRA LONG 9 PCS... ✓ Found
  [Progress: 4550/14713 products processed]
[4551/14713] Searching: CALTEX ADJUSTABLE WRENCH WITH GRIP 10 INCH... ✓ Found
[4552/14713] Searching: CALTEX ADJUSTABLE WRENCH 12 INCH... ✓ Found
[4553/14713] Searching: CALTEX ADJUSTABLE WRENCH WITH GRIP 8 INCH... ✓ Found
[4554/14713] Searching: BULLET CORDLESS LEAF BLOWER CLB200... ✓ Found
[4555/14713] Searching: CLUTCH KSK BC G45... ✓ Found
[4556/14713] Searching: COTTON LINE DHOORI... ✓ Found
[4557/14713] Searching: COTTON LINE DHOORI... ✓ Found
[4558/14713] Searching: CLEAR BOX... ✓ Found
[4559/14713] Searching: CALTEX LOCK INSTALLATION KIT XTREAPOWER... ✓ Found
[4560/14713] Searching: CALTEX PLUM BOB LARGE (THUKKU KATTA )... ✓ Found
[4561/14713] Searching: CALTEX PLUM BOB LARGE (THUKKU KATTA )... ✓ Found
[4562/14713] Searching: CALTEX PLUMBOB PREMIUM CP... ✓ Found
[4563/14713] Searching: CALTEX PAINT SCRAPPER 2INCH... Error searching 'CALTEX PAINT SCRAPPER 2INCH': error sending request for url (https://duckduckgo.com/?q=CALTEX+PAINT+SCRAPPER+2INCH) > operation timed out
✓ Not Found
[4564/14713] Searching: CHALK LINE SET BULLET... ✓ Found
[4565/14713] Searching: CHALK LINE SET BULLET QUALITY... ✓ Found
[4566/14713] Searching: CALTEX SCALE 12 INCH... ✓ Found
[4567/14713] Searching: CLUTCH 58CC... ✓ Found
[4568/14713] Searching: CLUTCH  NEW FOR 143... ✓ Found
[4569/14713] Searching: ETERNITY CUT OFF MACHINE 14 INCH... ✓ Found
[4570/14713] Searching: BRUSH COVER CM24... ✓ Found
[4571/14713] Searching: CARBON BRUSH CM24... ✓ Found
[4572/14713] Searching: CONVEX MIRROR 45CM /18 INCH... ✓ Found
[4573/14713] Searching: CM4SA BODY... ✓ Found
[4574/14713] Searching: E- TOOL KRAFT SPARE -CM4SA BEARING DUMMY... ✓ Found
[4575/14713] Searching: DISTANCE RING  CM4SA... ✓ Found
[4576/14713] Searching: SPARES CM4SA GEAR... ✓ Found
[4577/14713] Searching: STAR SPARES CM4SA GEAR BOX... ✓ Found
[4578/14713] Searching: GEAR KEY... ✓ Found
[4579/14713] Searching: CARBON BRUSH HOLDER CAP FOR CM4SA... ✓ Found
[4580/14713] Searching: CM4SA SWITCH  EVEREST... ✓ Found
[4581/14713] Searching: CM4SA SWITCH  EVEREST... ✓ Found
[4582/14713] Searching: SPRING FIELD FOR CM4SA  GALAXY... ✓ Found
[4583/14713] Searching: CM4SB BODY... ✓ Found
[4584/14713] Searching: DISTANCE RINF FOR CM4SB... Error searching 'DISTANCE RINF FOR CM4SB': error sending request for url (https://duckduckgo.com/?q=DISTANCE+RINF+FOR+CM4SB) > operation timed out
✓ Not Found
[4585/14713] Searching: DISTANCE SPRING FOR CM4SB... ✓ Found
[4586/14713] Searching: SPARE  CM4SB SWITCH  MT410... ✓ Found
[4587/14713] Searching: HIKOKI MARBLE CUTTER CM4SDS9Z... ✓ Found
[4588/14713] Searching: CM4SA SPANNER SET (2MM FLAT/T)... ✓ Found
[4589/14713] Searching: HIKOKI MARBLE CUTTER 5INCH CM5SC... ✓ Found
[4590/14713] Searching: CONVEX MIRROR  60CM /24... ✓ Found
[4591/14713] Searching: OMR NON RETURN VALVE 8,16,24,30,50-1601... ✓ Found
[4592/14713] Searching: ELBOW BIG 50L OMR... ✓ Found
[4593/14713] Searching: ELBOW SMALL 24,30,50 OMR... Error searching 'ELBOW SMALL 24,30,50 OMR': error sending request for url (https://duckduckgo.com/?q=ELBOW+SMALL+24%2C30%2C50+OMR) > operation timed out
✓ Not Found
[4594/14713] Searching: OMR AIR FILTER 50L 1/2 CM7716... ✓ Found
[4595/14713] Searching: DRAIN VALVE OMR... ✓ Found
[4596/14713] Searching: OMR OIL LEVELER METAL BIG... ✓ Found
[4597/14713] Searching: OMR OIL FREE COMPRESSOR AIR FILTER 1/4... ✓ Found
[4598/14713] Searching: CONVEX MIRROR 80CM/32... ✓ Found
[4599/14713] Searching: BRUSH CAP SIMM H3100B CM80018... ✓ Found
[4600/14713] Searching: PVC MESH 1/4*1/4 3' BLACK... ✓ Found
  [Progress: 4600/14713 products processed]
[4601/14713] Searching: PVC COATED MESH 5'... Error searching 'PVC COATED MESH 5'': error sending request for url (https://duckduckgo.com/?q=PVC+COATED+MESH+5%27) > operation timed out
✓ Not Found
[4602/14713] Searching: PVC COATED MESH 5'... ✓ Found
[4603/14713] Searching: WELDMESH COATED 0.5X3... ✓ Found
[4604/14713] Searching: WELDMESH COATED 0.5X3... Error searching 'WELDMESH COATED 0.5X3': error sending request for url (https://duckduckgo.com/?q=WELDMESH+COATED+0.5X3) > operation timed out
✓ Not Found
[4605/14713] Searching: WELDMESH COATED 0.5X3... ✓ Found
[4606/14713] Searching: WELDMESH COATED 0.5X3... ✓ Found
[4607/14713] Searching: WELDMESH COATED 0.5X3... Error searching 'WELDMESH COATED 0.5X3': error sending request for url (https://duckduckgo.com/?q=WELDMESH+COATED+0.5X3) > operation timed out
✓ Not Found
[4608/14713] Searching: WELDMESH COATED 0.5X4... Error searching 'WELDMESH COATED 0.5X4': error sending request for url (https://duckduckgo.com/?q=WELDMESH+COATED+0.5X4) > operation timed out
✓ Not Found
[4609/14713] Searching: WELDMESH COATED 0.5X4... ✓ Found
[4610/14713] Searching: WELDMESH COATED 0.5X4... ✓ Found
[4611/14713] Searching: TILE CUTTER GEAR BOX... ✓ Found
[4612/14713] Searching: FIBER CHATTY... ✓ Found
[4613/14713] Searching: FIBER CHATTY... ✓ Found
[4614/14713] Searching: FIBER CIMENT CHATTY  CN16... ✓ Found
[4615/14713] Searching: HIKOKI NIBBLER-CN16SAS9Z... ✓ Found
[4616/14713] Searching: FIBER CHATTY... ✓ Found
[4617/14713] Searching: FIBER CHATTY... ✓ Found
[4618/14713] Searching: FIBER CHATTY... ✓ Found
[4619/14713] Searching: CHAIN 1FT... ✓ Found
[4620/14713] Searching: POWERX AIR COMPRESSOR 24L JETPOWER CN24... ✓ Found
[4621/14713] Searching: CLUTCH NEEDLE BEARING  58CC... ✓ Found
[4622/14713] Searching: ACE ULTRA TOUCH NYLON BURSH 100MM (SPINDLE MOUNDED... Error searching 'ACE ULTRA TOUCH NYLON BURSH 100MM (SPINDLE MOUNDED)': error sending request for url (https://duckduckgo.com/?q=ACE+ULTRA+TOUCH+NYLON+BURSH+100MM+%28SPINDLE+MOUNDED%29) > operation timed out
✓ Not Found
[4623/14713] Searching: NRV VALVE... ✓ Found
[4624/14713] Searching: COAT PIDI ILLATHATHU TATA RED... ✓ Found
[4625/14713] Searching: COAT1.8 PIDI ILLATHATHU... ✓ Found
[4626/14713] Searching: COAT1.8 PIDI ILLATHATHU... Error searching 'COAT1.8 PIDI ILLATHATHU': error sending request for url (https://duckduckgo.com/?q=COAT1.8+PIDI+ILLATHATHU) > operation timed out
✓ Not Found
[4627/14713] Searching: O RING COMPACTER BIG... ✓ Found
[4628/14713] Searching: OIL CAP... Error searching 'OIL CAP': error sending request for url (https://duckduckgo.com/?q=OIL+CAP) > operation timed out
✓ Not Found
[4629/14713] Searching: COURIER CHARGE... ✓ Found
[4630/14713] Searching: COURIER CHARGE... ✓ Found
[4631/14713] Searching: COURIER CHARGE... Error searching 'COURIER CHARGE': error sending request for url (https://duckduckgo.com/?q=COURIER+CHARGE) > operation timed out
✓ Not Found
[4632/14713] Searching: COURIER CHARGE... ✓ Found
[4633/14713] Searching: COURIER CHARGE... ✓ Found
[4634/14713] Searching: COCUNUT DEHUSKER... ✓ Found
[4635/14713] Searching: CONCRETE MIXER MACHINE WITH HYDRAULIC HOPPER... Error searching 'CONCRETE MIXER MACHINE WITH HYDRAULIC HOPPER': error sending request for url (https://duckduckgo.com/?q=CONCRETE+MIXER+MACHINE+WITH+HYDRAULIC+HOPPER) > operation timed out
✓ Not Found
[4636/14713] Searching: COOL PACK NO 55... Error searching 'COOL PACK NO 55': error sending request for url (https://duckduckgo.com/?q=COOL+PACK+NO+55) > operation timed out
✓ Not Found
[4637/14713] Searching: CORE BIT 25MM -CORE25... ✓ Found
[4638/14713] Searching: CORE BIT 38MM CORE38 11/2 inch... Error searching 'CORE BIT 38MM CORE38 11/2 inch': error sending request for url (https://duckduckgo.com/?q=CORE+BIT+38MM+CORE38+11%2F2+inch) > operation timed out
✓ Not Found
[4639/14713] Searching: CORE BIT 51MM -CORE51 2 inch... ✓ Found
[4640/14713] Searching: O RING COMPACTER SMALL... Error searching 'O RING COMPACTER SMALL': error sending request for url (https://duckduckgo.com/?q=O+RING+COMPACTER+SMALL) > operation timed out
✓ Not Found
[4641/14713] Searching: INGCO TOOL BAG SET 4 PCS... ✓ Found
[4642/14713] Searching: INGCO COMBO KIT  DRILL GRINDER HAMMER DRILL 3 PCS ... ✓ Found
[4643/14713] Searching: INGCO CORDLESS 32 PCS COMBO KIT... ✓ Found
[4644/14713] Searching: SPRAYWELL SPARE ADAPTOR 1/4X22M... Error searching 'SPRAYWELL SPARE ADAPTOR 1/4X22M': error sending request for url (https://duckduckgo.com/?q=SPRAYWELL+SPARE+ADAPTOR+1%2F4X22M) > operation timed out
✓ Not Found
[4645/14713] Searching: COUPLER... ✓ Found
[4646/14713] Searching: PVC WIRE CLIP 10MM... ✓ Found
[4647/14713] Searching: PVC WIRE CLIP 12MM... ✓ Found
[4648/14713] Searching: NON RETURN VALVE... ✓ Found
[4649/14713] Searching: HOSE COLLER... ✓ Found
[4650/14713] Searching: PRESSURE GUAGE... ✓ Found
  [Progress: 4650/14713 products processed]
[4651/14713] Searching: CAPASITOR 400 V X 470 UF... ✓ Found
[4652/14713] Searching: Safety Valve1/4 Sro... ✓ Found
[4653/14713] Searching: PVC WIRE CLIP 7MM... ✓ Found
[4654/14713] Searching: PVC WIRE CLIP... ✓ Found
[4655/14713] Searching: C P AXE 1.8 KG WITH HANDLE... ✓ Found
[4656/14713] Searching: C P AXE 2.5KG... ✓ Found
[4657/14713] Searching: C P AXE 2.5KG  WITH HANDLE... ✓ Found
[4658/14713] Searching: CLUTCH PULLEY ASSEMBLY 5T... ✓ Found
[4659/14713] Searching: AIR COMPRESSOR CUP... ✓ Found
[4660/14713] Searching: CUP SCREW HOOKS KOSHA1... Error searching 'CUP SCREW HOOKS KOSHA1': error sending request for url (https://duckduckgo.com/?q=CUP+SCREW+HOOKS+KOSHA1) > operation timed out
✓ Not Found
[4661/14713] Searching: CUP SCREW HOOKS KOSHA1... ✓ Found
[4662/14713] Searching: CUP SCREW HOOKS SH1.5... ✓ Found
[4663/14713] Searching: CUP SCREW HOOKS SH1.5... ✓ Found
[4664/14713] Searching: CUP HOOK SCREW 11/4... ✓ Found
[4665/14713] Searching: CUP SCREW HOOKS PARAS 2... ✓ Found
[4666/14713] Searching: CUP SCREW HOOKS PARAS 2... ✓ Found
[4667/14713] Searching: CUP SCREW HOOKS SH3/4"... ✓ Found
[4668/14713] Searching: CUP SCREW HOOKS SH3/4"... ✓ Found
[4669/14713] Searching: HOOK CUP 5/8... ✓ Found
[4670/14713] Searching: WHITENER  (CORRECTION PEN )... ✓ Found
[4671/14713] Searching: WHITENER  (CORRECTION PEN )... Error searching 'WHITENER  (CORRECTION PEN )': error sending request for url (https://duckduckgo.com/?q=WHITENER++%28CORRECTION+PEN+%29) > operation timed out
✓ Not Found
[4672/14713] Searching: WHITNER... ✓ Found
[4673/14713] Searching: WHITNER... ✓ Found
[4674/14713] Searching: WHITNER... Error searching 'WHITNER': error sending request for url (https://duckduckgo.com/?q=WHITNER) > operation timed out
✓ Not Found
[4675/14713] Searching: OMR CABLE PULLER PLASTIC COTTED 10 MTR CH... ✓ Found
[4676/14713] Searching: OMR CABLE PULLER PLASTIC COTTED 10 MTR CH... ✓ Found
[4677/14713] Searching: OMR CABLE PULLER PLASTIC COTTED 15 MTR... ✓ Found
[4678/14713] Searching: OMR CABLE PULLER PLASTIC COTTED 20 MTR... ✓ Found
[4679/14713] Searching: OMR CABLE PULLER PLASTIC COATED 30 MTR... ✓ Found
[4680/14713] Searching: OMR CABLE PULLER PLASTIC COATED 30 MTR... Error searching 'OMR CABLE PULLER PLASTIC COATED 30 MTR': error sending request for url (https://duckduckgo.com/?q=OMR+CABLE+PULLER+PLASTIC+COATED+30+MTR) > operation timed out
✓ Not Found
[4681/14713] Searching: CHELLIPULLER STEEL... ✓ Found
[4682/14713] Searching: CHUGH PLUG SPANNER MARUTI NEW HEAVY GES... ✓ Found
[4683/14713] Searching: COTTER PIN SET 3CM RAJAGRO... ✓ Found
[4684/14713] Searching: PISTON... ✓ Found
[4685/14713] Searching: CYLINDER PRESSURE TESTING GAUGE... Error searching 'CYLINDER PRESSURE TESTING GAUGE': error sending request for url (https://duckduckgo.com/?q=CYLINDER+PRESSURE+TESTING+GAUGE) > operation timed out
✓ Not Found
[4686/14713] Searching: FOLDING PLATFORM HAND TROLLY CPT-MS200HD... ✓ Found
[4687/14713] Searching: FOLDING PLATFORM HAND TROLLY  CPT-MS400HD... ✓ Found
[4688/14713] Searching: CALTEX PVC PIPE CUTTER 42MM... ✓ Found
[4689/14713] Searching: INGCO CORDLESS PRESSURE WASHER... ✓ Found
[4690/14713] Searching: INGCO CORDLESS PRESSURE WASHER... ✓ Found
[4691/14713] Searching: AG70 CARBON BRUSH... ✓ Found
[4692/14713] Searching: AG70 CARBON BRUSH... ✓ Found
[4693/14713] Searching: DH78 CARBON BRUSH... ✓ Found
[4694/14713] Searching: E POWERTUF-CARBON BRUSH-11E... ✓ Found
[4695/14713] Searching: E POWERTUF-CARBON BRUSH-11E... ✓ Found
[4696/14713] Searching: RENTAL AIR COMPRESSOR... ✓ Found
[4697/14713] Searching: 28MM HOUSING ST43CC... ✓ Found
[4698/14713] Searching: CARBON BRUSH FORSTRAIGHT GRINDER 5 INCH... ✓ Found
[4699/14713] Searching: B&D PRESSURE WASHER CARBON PW1370TD... ✓ Found
[4700/14713] Searching: DH20 CARBON BRUSH IBELL... ✓ Found
  [Progress: 4700/14713 products processed]
[4701/14713] Searching: YURI CARBON BRUSH DCA  08-100 DSM08/DSM125... ✓ Found
[4702/14713] Searching: POWERTEX CARBON BRUSH... ✓ Found
[4703/14713] Searching: POWERTEX CARBON BRUSH... Error searching 'POWERTEX CARBON BRUSH': error sending request for url (https://duckduckgo.com/?q=POWERTEX+CARBON+BRUSH) > operation timed out
✓ Not Found
[4704/14713] Searching: CARBON BRUSH DWE4235... ✓ Found
[4705/14713] Searching: CARBON BRUSH CREB... ✓ Found
[4706/14713] Searching: BULLET CORDLESS ROTARY HAMMER DRILL CRH222 20MM... ✓ Found
[4707/14713] Searching: CARBON... ✓ Found
[4708/14713] Searching: INGCO CORDLESS ROTARY HAMMER... ✓ Found
[4709/14713] Searching: INGCO CORDLESS ROTARY HAMMER... ✓ Found
[4710/14713] Searching: INGCO CORDLESS ROTARY HAMMER DRILL CRHLI202081... ✓ Found
[4711/14713] Searching: PROTECTIVE SLEEVE  CORDLESS ROTARY HAMMER DRILL... ✓ Found
[4712/14713] Searching: INGCO CORDLESS ROTARY HAMMER DRILL CRHLI202682... ✓ Found
[4713/14713] Searching: CARBON BRUSH -HMH60... ✓ Found
[4714/14713] Searching: CYLINDER KEY... ✓ Found
[4715/14713] Searching: CARBON BRUSH -KPEMHDCB PUTTY MIXER... ✓ Found
[4716/14713] Searching: COLLET FOR ROUTER MACHINE... Error searching 'COLLET FOR ROUTER MACHINE': error sending request for url (https://duckduckgo.com/?q=COLLET+FOR+ROUTER+MACHINE) > operation timed out
✓ Not Found
[4717/14713] Searching: COLLET FOR ROUTER MACHINE... ✓ Found
[4718/14713] Searching: YURI CARBON BRUSH PDA100... ✓ Found
[4719/14713] Searching: YURI CARBON BRUSH PDA100... Error searching 'YURI CARBON BRUSH PDA100': error sending request for url (https://duckduckgo.com/?q=YURI+CARBON+BRUSH+PDA100) > operation timed out
✓ Not Found
[4720/14713] Searching: JCB CARBON BRUSH 16 KG 1240W... ✓ Found
[4721/14713] Searching: PM1250 CARBON BRUSH... ✓ Found
[4722/14713] Searching: RH26 ELECTRIC BRUSH... Error searching 'RH26 ELECTRIC BRUSH': error sending request for url (https://duckduckgo.com/?q=RH26+ELECTRIC+BRUSH) > operation timed out
✓ Not Found
[4723/14713] Searching: TG1121006 CARBON BRUSH... ✓ Found
[4724/14713] Searching: CRIMPING TOOL TRISHOL... ✓ Found
[4725/14713] Searching: M SEAL CLEAR RTV SIL GASKET MARKER... ✓ Found
[4726/14713] Searching: CHINTHER BLADE 1 1/4''... ✓ Found
[4727/14713] Searching: BLADE 6X1... ✓ Found
[4728/14713] Searching: BLADE 6X1... ✓ Found
[4729/14713] Searching: 1/2 INCH RATCHET WRENCH... Error searching '1/2 INCH RATCHET WRENCH': error sending request for url (https://duckduckgo.com/?q=1%2F2+INCH+RATCHET+WRENCH) > operation timed out
✓ Not Found
[4730/14713] Searching: 1/4 INCH RATCHET WRENCH ACE... ✓ Found
[4731/14713] Searching: AVINATION SNIP 10 INCH STRIGHT CUT... ✓ Found
[4732/14713] Searching: AVINATION SNIP 10 INCH STRIGHT CUT... Error searching 'AVINATION SNIP 10 INCH STRIGHT CUT': error sending request for url (https://duckduckgo.com/?q=AVINATION+SNIP+10+INCH+STRIGHT+CUT) > operation timed out
✓ Not Found
[4733/14713] Searching: CHINTHER  BLADE 6*11/2... ✓ Found
[4734/14713] Searching: CHINTHER  BLADE 6*11/4... Error searching 'CHINTHER  BLADE 6*11/4': error sending request for url (https://duckduckgo.com/?q=CHINTHER++BLADE+6*11%2F4) > operation timed out
✓ Not Found
[4735/14713] Searching: CHINTHER  BLADE 6*11/4... ✓ Found
[4736/14713] Searching: PUNCH DOWN TOOL SET STANLEY 12 PCS... ✓ Found
[4737/14713] Searching: COMBINATION RATCHET SET 7 PCS CRV... ✓ Found
[4738/14713] Searching: PLANNER BLADE CERV BLUE... ✓ Found
[4739/14713] Searching: COACH SCREW MS3/8X4... ✓ Found
[4740/14713] Searching: COACH SCREW MS3/8X5... ✓ Found
[4741/14713] Searching: COACH SCREW MS 3/8X2... ✓ Found
[4742/14713] Searching: COACH SCREW MS 3/8X2.5... ✓ Found
[4743/14713] Searching: COACH SCREW MS 3/8X3... ✓ Found
[4744/14713] Searching: SS SCREW 13X4 STAR... ✓ Found
[4745/14713] Searching: CROSS SPANNER 17*18*19*21... Error searching 'CROSS SPANNER 17*18*19*21': error sending request for url (https://duckduckgo.com/?q=CROSS+SPANNER+17*18*19*21) > operation timed out
✓ Not Found
[4746/14713] Searching: CS20 ANT VIBRATION BUSH... ✓ Found
[4747/14713] Searching: CS20 SCREW ST5*16... ✓ Found
[4748/14713] Searching: SOCKET SET CS22 HXL... ✓ Found
[4749/14713] Searching: BULL CHAINSAW 25CC... ✓ Found
[4750/14713] Searching: CHOICE COACH SCREW 38*6... ✓ Found
  [Progress: 4750/14713 products processed]
[4751/14713] Searching: COACH SCREW 38*8... ✓ Found
[4752/14713] Searching: COACH SCREW MS3/8X1.5ARUN... ✓ Found
[4753/14713] Searching: COACH SCREW MS 5/16X2... Error searching 'COACH SCREW MS 5/16X2': error sending request for url (https://duckduckgo.com/?q=COACH+SCREW+MS+5%2F16X2) > operation timed out
✓ Not Found
[4754/14713] Searching: C556 I GRINTER... ✓ Found
[4755/14713] Searching: CS58 CARBURATOR... ✓ Found
[4756/14713] Searching: CS58 CARBURATOR... ✓ Found
[4757/14713] Searching: CS62 START ASSY... ✓ Found
[4758/14713] Searching: CS62 START ASSY... ✓ Found
[4759/14713] Searching: CS62 START ASSY... ✓ Found
[4760/14713] Searching: COACH SCREW MS 1/4X1.5... ✓ Found
[4761/14713] Searching: COACH SCREW MS 1/4X2.5... ✓ Found
[4762/14713] Searching: COACH SCREW MS1/4X2.5... ✓ Found
[4763/14713] Searching: CS OIL PUMP WORM CS7213... ✓ Found
[4764/14713] Searching: OMR CS CHOKE LEVER... Error searching 'OMR CS CHOKE LEVER': error sending request for url (https://duckduckgo.com/?q=OMR+CS+CHOKE+LEVER) > operation timed out
✓ Not Found
[4765/14713] Searching: OMR PRIMER PUMP CS7245... ✓ Found
[4766/14713] Searching: OMR CHAINSAW COLLER SCREW  CS7259... ✓ Found
[4767/14713] Searching: COACH SCREW MS 5/16X5... ✓ Found
[4768/14713] Searching: COACH SCREW MS 5/16X1.6... ✓ Found
[4769/14713] Searching: COACH SCREW MS 5/16X2.5... ✓ Found
[4770/14713] Searching: LT MNX 2 NO +2NC ADD ON BLOCK CS9411... ✓ Found
[4771/14713] Searching: YURI CHAINSAW ATTACHMENT 12 INCH CSA12... ✓ Found
[4772/14713] Searching: CHAINSAW ATTACHMENT 16 INCH CSA16 YURI... ✓ Found
[4773/14713] Searching: CHAINSAW ATTACHMENT 16 INCH CSA16 YURI... ✓ Found
[4774/14713] Searching: CHAINSAW ATTACHMENT 16 INCH CSA16 YURI... ✓ Found
[4775/14713] Searching: CS AIR FILTER MED RAJARO... ✓ Found
[4776/14713] Searching: CS AIRFILTER  SMALL RAJAGRO... Error searching 'CS AIRFILTER  SMALL RAJAGRO': error sending request for url (https://duckduckgo.com/?q=CS+AIRFILTER++SMALL+RAJAGRO) > operation timed out
✓ Not Found
[4777/14713] Searching: BRAKE ASSY CHAIN SAW RAJ AGRO... ✓ Found
[4778/14713] Searching: CS CLUTCH M23... ✓ Found
[4779/14713] Searching: COCONUT SCRAPPER DOUBLE SIDE WITH BASIN AND STAND... Error searching 'COCONUT SCRAPPER DOUBLE SIDE WITH BASIN AND STAND': error sending request for url (https://duckduckgo.com/?q=COCONUT+SCRAPPER+DOUBLE+SIDE+WITH+BASIN+AND+STAND) > operation timed out
✓ Not Found
[4780/14713] Searching: CS DUMPING SPRING RAJAGRO... Error searching 'CS DUMPING SPRING RAJAGRO': error sending request for url (https://duckduckgo.com/?q=CS+DUMPING+SPRING+RAJAGRO) > operation timed out
✓ Not Found
[4781/14713] Searching: COCONUT SCRAPPER DOUBLE SIDE WITH BASIN AND STAND... ✓ Found
[4782/14713] Searching: CS FUEL FILTER... ✓ Found
[4783/14713] Searching: INGCO CORDLESS SPRAY GUN CSGLI2003... ✓ Found
[4784/14713] Searching: CLAW HAMMER 1LB PIPE TYPE... ✓ Found
[4785/14713] Searching: CHAINSAW IGNITION COIL... ✓ Found
[4786/14713] Searching: SELF DRILLING SCREW STAR 13X4 CSK... ✓ Found
[4787/14713] Searching: M/C SCREW CSK3/16X1... Error searching 'M/C SCREW CSK3/16X1': error sending request for url (https://duckduckgo.com/?q=M%2FC+SCREW+CSK3%2F16X1) > operation timed out
✓ Not Found
[4788/14713] Searching: M/C SCREW CSK3/16X1... ✓ Found
[4789/14713] Searching: M/C SCREW CSK3/16X1... ✓ Found
[4790/14713] Searching: M/C SCREW CSK3/16X1... ✓ Found
[4791/14713] Searching: M/C SCREW CSK3/16X1... ✓ Found
[4792/14713] Searching: M/C SCREW CSK3/16X1... ✓ Found
[4793/14713] Searching: M/C SCREW CSK3/16X1... ✓ Found
[4794/14713] Searching: m/c screw csk 3/16x.5... ✓ Found
[4795/14713] Searching: M/C SCREW CSK3/16X.75...Error searching 'M/C SCREW CSK3/16X.75': error sending request for url (https://duckduckgo.com/?q=M%2FC+SCREW+CSK3%2F16X.75) > operation timed out
✓ Not Found
[4796/14713] Searching: M/C SCREW CSK 3/16X1.25... ✓ Found
[4797/14713] Searching: M/C SCREW CSK 3/16X1.25... Error searching 'M/C SCREW CSK 3/16X1.25': error sending request for url (https://duckduckgo.com/?q=M%2FC+SCREW+CSK+3%2F16X1.25) > operation timed out
✓ Not Found
[4798/14713] Searching: M/C SCREW GOLDEN 5/32*.5... ✓ Found
[4799/14713] Searching: M/C SCREW GOLDEN 5/32*.5... ✓ Found
[4800/14713] Searching: M/C SCREW GOLDEN 5/32*.75... ✓ Found
  [Progress: 4800/14713 products processed]
[4801/14713] Searching: M/C SCREW GOLDEN 5/32*.75... ✓ Found
[4802/14713] Searching: M/C SCREW GOLDEN  5/32*1... ✓ Found
[4803/14713] Searching: M/C SCREW GOLDEN  5/32*1... ✓ Found
[4804/14713] Searching: M/C SCREW GOLDEN5/32*1.5... Error searching 'M/C SCREW GOLDEN5/32*1.5': error sending request for url (https://duckduckgo.com/?q=M%2FC+SCREW+GOLDEN5%2F32*1.5) > operation timed out
✓ Not Found
[4805/14713] Searching: SELF SCREW 1... ✓ Found
[4806/14713] Searching: SELF DRILLING SCREW STAR 25*7 CSK... Error searching 'SELF DRILLING SCREW STAR 25*7 CSK': error sending request for url (https://duckduckgo.com/?q=SELF+DRILLING+SCREW+STAR+25*7+CSK) > operation timed out
✓ Not Found
[4807/14713] Searching: SELF DRILLING SCREW STAR 25*7 CSK... ✓ Found
[4808/14713] Searching: INGCO CORDLESS CIRCULAR SAW... ✓ Found
[4809/14713] Searching: CS MUFFLER 2 HOLE RAJ AGRO... ✓ Found
[4810/14713] Searching: OIL CAP CHAINSAW RAJAGRO... ✓ Found
[4811/14713] Searching: STHIL CHAINSAW CSP5920 1E48FKK220725TT02227... ✓ Found
[4812/14713] Searching: CLUTCH SPRING 58CC... ✓ Found
[4813/14713] Searching: CS ST PULLY SINGLE... ✓ Found
[4814/14713] Searching: ST43CC SPARK PLUG... ✓ Found
[4815/14713] Searching: CS SPRING SINGLE... ✓ Found
[4816/14713] Searching: CS SPRING SINGLE... ✓ Found
[4817/14713] Searching: CHAIN SPROCKET EMTEX... ✓ Found
[4818/14713] Searching: COACH SCREW T-TYPE 8*150... ✓ Found
[4819/14713] Searching: COCONUT SCRAPPER TABLE STD... Error searching 'COCONUT SCRAPPER TABLE STD': error sending request for url (https://duckduckgo.com/?q=COCONUT+SCRAPPER+TABLE+STD) > operation timed out
✓ Not Found
[4820/14713] Searching: COCONUT SCRAPPER TABLE STD... ✓ Found
[4821/14713] Searching: COCONUT SCRAPPER TABLE STD... ✓ Found
[4822/14713] Searching: COCONUT SCRAPPER TABLE STD... ✓ Found
[4823/14713] Searching: COCOUNUT SCRAPPER TABLE TYPE... ✓ Found
[4824/14713] Searching: CRIMPING TOOL CHAKRA  6... Error searching 'CRIMPING TOOL CHAKRA  6': error sending request for url (https://duckduckgo.com/?q=CRIMPING+TOOL+CHAKRA++6) > operation timed out
✓ Not Found
[4825/14713] Searching: TOOL WORTH MINI TUBE CUTTER CT-1271/8-5/... ✓ Found
[4826/14713] Searching: CRIMPING TOOL VIKRANT 50... ✓ Found
[4827/14713] Searching: CRIMPING TOOL 202B... ✓ Found
[4828/14713] Searching: ELECTRIC CONTINUTY TESTER... Error searching 'ELECTRIC CONTINUTY TESTER': error sending request for url (https://duckduckgo.com/?q=ELECTRIC+CONTINUTY+TESTER) > operation timed out
✓ Not Found
[4829/14713] Searching: TUBE BENDER 1/2 ATLAS... ✓ Found
[4830/14713] Searching: CUTTING TORCH G02 3 PIPE MUBEX... ✓ Found
[4831/14713] Searching: CUTTING TORCH G02 3 PIPE MUBEX... ✓ Found
[4832/14713] Searching: PAD LOCK 40MM LONG CALTEX... ✓ Found
[4833/14713] Searching: MANIFOLD GAUGE CT536 GFP... ✓ Found
[4834/14713] Searching: CRIMPING TOOL SAMRAT 16... ✓ Found
[4835/14713] Searching: CRIMPING TOOL 8''... ✓ Found
[4836/14713] Searching: CREST ANGLE GRINDER  CT801... Error searching 'CREST ANGLE GRINDER  CT801': error sending request for url (https://duckduckgo.com/?q=CREST+ANGLE+GRINDER++CT801) > operation timed out
✓ Not Found
[4837/14713] Searching: CUTTING TORCH ARC BRO GOLD 2 PIPE... Error searching 'CUTTING TORCH ARC BRO GOLD 2 PIPE': error sending request for url (https://duckduckgo.com/?q=CUTTING+TORCH+ARC+BRO+GOLD+2+PIPE) > operation timed out
✓ Not Found
[4838/14713] Searching: CRIMPING TOOL SPIDER 6... ✓ Found
[4839/14713] Searching: CREST MARBLE CUTTER CT-CM4... ✓ Found
[4840/14713] Searching: CUTTING TORCH DUMEX... ✓ Found
[4841/14713] Searching: CACTUS BLOWER ELECTRIC EB40C... ✓ Found
[4842/14713] Searching: SWNAN NECK M/H... ✓ Found
[4843/14713] Searching: CUTTING TORCH NATIONAL ISI 3 PIPE... ✓ Found
[4844/14713] Searching: CALTEX TEXTURE GURMALA 8MM PATHRA  TEETH... ✓ Found
[4845/14713] Searching: CAUTION TAPE ALL SIZE... ✓ Found
[4846/14713] Searching: CRIMPING TOOLS SAMRAT -16... ✓ Found
[4847/14713] Searching: CRIMPING TOOLS SPIDER 6... ✓ Found
[4848/14713] Searching: CRIMPING TOOL VIRAT 6... ✓ Found
[4849/14713] Searching: CORDLESS TILE VB CONTROLLER... Error searching 'CORDLESS TILE VB CONTROLLER': error sending request for url (https://duckduckgo.com/?q=CORDLESS+TILE+VB+CONTROLLER) > operation timed out
✓ Not Found
[4850/14713] Searching: INGCO CORDLESS TILEVIBRATER CTVLI20018... ✓ Found
  [Progress: 4850/14713 products processed]
[4851/14713] Searching: CORDLESS TILE VB MOTOR... ✓ Found
[4852/14713] Searching: SWAN NECK W/H... ✓ Found
[4853/14713] Searching: CAUTION TAPE YELLOW... ✓ Found
[4854/14713] Searching: SPRAY GUN CUP... ✓ Found
[4855/14713] Searching: CUP....... ✓ Found
[4856/14713] Searching: SPRAY GUN PLASTIC CUP IN SIDE... ✓ Found
[4857/14713] Searching: CUPLIER... ✓ Found
[4858/14713] Searching: CUPLIER... ✓ Found
[4859/14713] Searching: SPRAY GUN PLASTIC CUP OUT... ✓ Found
[4860/14713] Searching: CUTTER APSARA... ✓ Found
[4861/14713] Searching: CUTTER APSARA... ✓ Found
[4862/14713] Searching: CUTTER APSARA... ✓ Found
[4863/14713] Searching: CUTTER APSARA... ✓ Found
[4864/14713] Searching: COVINO HAMMER DRILL 2-20 500W... Error searching 'COVINO HAMMER DRILL 2-20 500W': error sending request for url (https://duckduckgo.com/?q=COVINO+HAMMER+DRILL+2-20+500W) > operation timed out
✓ Not Found
[4865/14713] Searching: COVINA MARBLE BLADE 4'' (TILE CUTTING BLADE )... ✓ Found
[4866/14713] Searching: COVINA MARBLE BLADE 4''... Error searching 'COVINA MARBLE BLADE 4''': error sending request for url (https://duckduckgo.com/?q=COVINA+MARBLE+BLADE+4%27%27) > operation timed out
✓ Not Found
[4867/14713] Searching: CARBON... ✓ Found
[4868/14713] Searching: CV48 CARBON BRUSH... ✓ Found
[4869/14713] Searching: CV48 SWITCH... ✓ Found
[4870/14713] Searching: CV81 CARBON BRUSH... ✓ Found
[4871/14713] Searching: CV81 GEAR BOX... Error searching 'CV81 GEAR BOX': error sending request for url (https://duckduckgo.com/?q=CV81+GEAR+BOX) > operation timed out
✓ Not Found
[4872/14713] Searching: CV81 SWITCH... ✓ Found
[4873/14713] Searching: CV81 SPINDLE... Error searching 'CV81 SPINDLE': error sending request for url (https://duckduckgo.com/?q=CV81+SPINDLE) > operation timed out
✓ Not Found
[4874/14713] Searching: CV81 WOODRUFF KEY... ✓ Found
[4875/14713] Searching: INGCO CORDLESS VACCUM CLEANER... Error searching 'INGCO CORDLESS VACCUM CLEANER': error sending request for url (https://duckduckgo.com/?q=INGCO+CORDLESS+VACCUM+CLEANER) > operation timed out
✓ Not Found
[4876/14713] Searching: HEPA FILTER ASSEMBLY  FOR VACCUM CLEANER CVLI20126... ✓ Found
[4877/14713] Searching: COTTON WASTE COLOUR... ✓ Found
[4878/14713] Searching: COTTON WASTE COLOUR... ✓ Found
[4879/14713] Searching: COTTON WASTE COLOUR... ✓ Found
[4880/14713] Searching: COTTON WASTE WHITE... ✓ Found
[4881/14713] Searching: COTTON WASTE WHITE... ✓ Found
[4882/14713] Searching: COTTON WASTE WHITE... ✓ Found
[4883/14713] Searching: COTTON WASTE WHITE... Error searching 'COTTON WASTE WHITE': error sending request for url (https://duckduckgo.com/?q=COTTON+WASTE+WHITE) > operation timed out
✓ Not Found
[4884/14713] Searching: COTTON WASTE WHITE... ✓ Found
[4885/14713] Searching: COTTON WASTE WHITE... ✓ Found
[4886/14713] Searching: COTTON WASTE COLOUR... ✓ Found
[4887/14713] Searching: CONCRETE SEGMENT CUP BLADE GREEN BULLET... Error searching 'CONCRETE SEGMENT CUP BLADE GREEN BULLET': error sending request for url (https://duckduckgo.com/?q=CONCRETE+SEGMENT+CUP+BLADE+GREEN+BULLET) > operation timed out
✓ Not Found
[4888/14713] Searching: CUTTING  WHEEL 7 INCH... ✓ Found
[4889/14713] Searching: CUTTING  WHEEL 7 INCH... ✓ Found
[4890/14713] Searching: OMR CARWASHER HOSE ORING BIG CW7802... ✓ Found
[4891/14713] Searching: OMR CARWASHER ON /OFF SWITCH... ✓ Found
[4892/14713] Searching: OUT LET PIPE... ✓ Found
[4893/14713] Searching: CAR WASH BEARING 17*52*14... ✓ Found
[4894/14713] Searching: CIRCLIP WIRE BRUSH 75MM... ✓ Found
[4895/14713] Searching: WELDING LEG GUARD CWH 111... ✓ Found
[4896/14713] Searching: WELDING HAND SLEEVE CW-515... ✓ Found
[4897/14713] Searching: WELDING HAND SLEEVE CW-515... ✓ Found
[4898/14713] Searching: CARWASH GUN... ✓ Found
[4899/14713] Searching: HYDRAULIC HOSE WITH END IBELL 3000W 10 MTR... ✓ Found
[4900/14713] Searching: CALTEX CLAW HAMMER WOODEN HANDLE 500GMS... ✓ Found
  [Progress: 4900/14713 products processed]
[4901/14713] Searching: CAR WASHER HOSE 6M... ✓ Found
[4902/14713] Searching: HYDRAULIC HOSE WITH END 1/4'6MTR LONG WITH BOSCH... Error searching 'HYDRAULIC HOSE WITH END 1/4'6MTR LONG WITH BOSCH': error sending request for url (https://duckduckgo.com/?q=HYDRAULIC+HOSE+WITH+END+1%2F4%276MTR+LONG+WITH+BOSCH) > operation timed out
✓ Not Found
[4903/14713] Searching: HYDRAULIC HOSE WITH END FITTINGS  6MTR IBELL79PRO... ✓ Found
[4904/14713] Searching: HYDRAULIC HOSE WITH END FITTINGS 7MTR BOSCH... ✓ Found
[4905/14713] Searching: CAR WASHER HOSE 8M... ✓ Found
[4906/14713] Searching: MT18 CARWASHER HOSE 8MTR... ✓ Found
[4907/14713] Searching: PRESSURE WASHER HOSE 8 MTR... ✓ Found
[4908/14713] Searching: PRESSURE WASHER HOSE 8 MTR... ✓ Found
[4909/14713] Searching: COMPACT MACHINE WHEEL... Error searching 'COMPACT MACHINE WHEEL': error sending request for url (https://duckduckgo.com/?q=COMPACT+MACHINE+WHEEL) > operation timed out
✓ Not Found
[4910/14713] Searching: HOSE SLEEV... Error searching 'HOSE SLEEV': error sending request for url (https://duckduckgo.com/?q=HOSE+SLEEV) > operation timed out
✓ Not Found
[4911/14713] Searching: PVC ROLL(HOSE SLEEVE YELLOW /RED )... Error searching 'PVC ROLL(HOSE SLEEVE YELLOW /RED )': error sending request for url (https://duckduckgo.com/?q=PVC+ROLL%28HOSE+SLEEVE+YELLOW+%2FRED+%29) > operation timed out
✓ Not Found
[4912/14713] Searching: PVC ROLL(HOSE SLEEVE YELLOW /RED )... ✓ Found
[4913/14713] Searching: PVC ROLL(HOSE SLEEVE YELLOW /RED )... ✓ Found
[4914/14713] Searching: PVC ROLL(HOSE SLEEVE YELLOW /RED )... Error searching 'PVC ROLL(HOSE SLEEVE YELLOW /RED )': error sending request for url (https://duckduckgo.com/?q=PVC+ROLL%28HOSE+SLEEVE+YELLOW+%2FRED+%29) > operation timed out
✓ Not Found
[4915/14713] Searching: PVC ROLL(HOSE SLEEVE YELLOW /RED )... ✓ Found
[4916/14713] Searching: PVC ROLL(HOSE SLEEVE YELLOW /RED )... ✓ Found
[4917/14713] Searching: PVC ROLL(HOSE SLEEVE YELLOW /RED )... ✓ Found
[4918/14713] Searching: HOSE SLEEV RAJ... ✓ Found
[4919/14713] Searching: HOSE SLEEV RAJ... ✓ Found
[4920/14713] Searching: E-EMTEX-PRESSURE WASHER HOSE 10 MTR... ✓ Found
[4921/14713] Searching: E-EMTEX-PRESSURE WASHER HOSE 10 MTR... ✓ Found
[4922/14713] Searching: E-POWERTUF PRESSURE WASHER HOSE -5MTR... ✓ Found
[4923/14713] Searching: HYDRAULIC HOSE BLACK 8 MTR ALLYS... ✓ Found
[4924/14713] Searching: HYDRAULIC HOSE WHITE  8 MTR... ✓ Found
[4925/14713] Searching: 79  ROTATING NOZZLE IBELL... ✓ Found
[4926/14713] Searching: 16A 3PIN PLUG AND SOCKET... ✓ Found
[4927/14713] Searching: 16A 3PIN PLUG AND SOCKET... ✓ Found
[4928/14713] Searching: 16A 3PIN PLUG AND SWITCH... Error searching '16A 3PIN PLUG AND SWITCH': error sending request for url (https://duckduckgo.com/?q=16A+3PIN+PLUG+AND+SWITCH) > operation timed out
✓ Not Found
[4929/14713] Searching: 16A 3PIN PLUG AND SWITCH... ✓ Found
[4930/14713] Searching: XTREAM FORM WASH CWS01... ✓ Found
[4931/14713] Searching: SHAMPOO XTREME FOAM CWS02... ✓ Found
[4932/14713] Searching: XTREAM FORM WASH CWS04... Error searching 'XTREAM FORM WASH CWS04': error sending request for url (https://duckduckgo.com/?q=XTREAM+FORM+WASH+CWS04) > operation timed out
✓ Not Found
[4933/14713] Searching: SHAMPOO PREMIUM  CWS22 200ML... ✓ Found
[4934/14713] Searching: SHAMPOO PREMIUM  CWS22 200ML... ✓ Found
[4935/14713] Searching: SHAMPOO PREMIUM  CWS26 1 LTR CWS26... ✓ Found
[4936/14713] Searching: SHAMPOO GOLD SELECT CWS42 200ML... ✓ Found
[4937/14713] Searching: SHAMPOO GOLD SELECT CWS42 200ML... ✓ Found
[4938/14713] Searching: SHAMPOO PREMIUM 1 LTR GOLD CWS46... ✓ Found
[4939/14713] Searching: SDS PLUS BIT 5X110D-00022... ✓ Found
[4940/14713] Searching: SDS PLUS BIT 6*110 D00050... ✓ Found
[4941/14713] Searching: SDS PLUS BIT 6*110 D00050... ✓ Found
[4942/14713] Searching: SDS PLUS BIT 6*110 D00050... ✓ Found
[4943/14713] Searching: SDS PLUS BIT 6*110 D00050... ✓ Found
[4944/14713] Searching: SDS PLUS BIT 6*110 D00050... ✓ Found
[4945/14713] Searching: HAMMER DRILL BIT 6-160... ✓ Found
[4946/14713] Searching: SDS PLUS  BIT 8X110... ✓ Found
[4947/14713] Searching: SDS PLUS BIT 8*160 D00131... ✓ Found
[4948/14713] Searching: SDS PLUS BIT 8*160 D00131... ✓ Found
[4949/14713] Searching: SDS PLUS BIT 10*160... ✓ Found
[4950/14713] Searching: SDS PLUS BIT 10*160... ✓ Found
  [Progress: 4950/14713 products processed]
[4951/14713] Searching: SDS PLUS BIT 10X260... ✓ Found
[4952/14713] Searching: SDS PLUE HAMMER DRILL BIT 12*160 D00228... ✓ Found
[4953/14713] Searching: SDS PLUS BIT 12*260 D00240... ✓ Found
[4954/14713] Searching: SDS PLUS BIT 12*260 D00240... ✓ Found
[4955/14713] Searching: SDS PLUS BIT 14X160  D00262... Error searching 'SDS PLUS BIT 14X160  D00262': error sending request for url (https://duckduckgo.com/?q=SDS+PLUS+BIT+14X160++D00262) > operation timed out
✓ Not Found
[4956/14713] Searching: SDS PLUS BIT 14*260 D00278... ✓ Found
[4957/14713] Searching: D00290 SDS PLUS BIT 16*210... ✓ Found
[4958/14713] Searching: PETROL CHAINSAW D02YD54... ✓ Found
[4959/14713] Searching: SDS PLUS BIT 25X350  D03311... ✓ Found
[4960/14713] Searching: BULL POINT 17X280 FOR HM08010T D-8682... ✓ Found
[4961/14713] Searching: BULL POINT 17X280 FOR HM08010T D-8682... ✓ Found
[4962/14713] Searching: BULL POINT MAKITA 17*280 D08682... ✓ Found
[4963/14713] Searching: COLD CHISEL 19X280 FOR HM0810T D-08707... ✓ Found
[4964/14713] Searching: COLD CHISEL 19X280 FOR HM0810T D-08707... ✓ Found
[4965/14713] Searching: COLD CHISEL MAKITA 19*280 D08707... ✓ Found
[4966/14713] Searching: ARAM FLAT 6INCH... ✓ Found
[4967/14713] Searching: ARAM FLAT 6INCH... ✓ Found
[4968/14713] Searching: ARAM FLAT 6INCH... ✓ Found
[4969/14713] Searching: HIKOKI  DRILL-D10VST... ✓ Found
[4970/14713] Searching: 8" FLAT FILE... ✓ Found
[4971/14713] Searching: 8" FLAT FILE... ✓ Found
[4972/14713] Searching: Garden Rake 6 Teeth 12"... ✓ Found
[4973/14713] Searching: D-15235 SDS PLUS BIT 20*460... ✓ Found
[4974/14713] Searching: D-15285 BULL POINT 30-400 FOR HM 1306... ✓ Found
[4975/14713] Searching: MAKITA HAMMER DRILL BIT 12*350 D16112... ✓ Found
[4976/14713] Searching: SDS PLUS BIT 14*350 D16134... ✓ Found
[4977/14713] Searching: SDS PLUS BIT 18X260 D-16215... ✓ Found
[4978/14713] Searching: SDS PLUS BIT 18X260 D-16215... Error searching 'SDS PLUS BIT 18X260 D-16215': error sending request for url (https://duckduckgo.com/?q=SDS+PLUS+BIT+18X260+D-16215) > operation timed out
✓ Not Found
[4979/14713] Searching: SDS PLUS BIT 18X260 D-16215... ✓ Found
[4980/14713] Searching: SDS PLUS BIT 20X260 D-16259... ✓ Found
[4981/14713] Searching: SDS PLUS BIT 20X260 D-16259... Error searching 'SDS PLUS BIT 20X260 D-16259': error sending request for url (https://duckduckgo.com/?q=SDS+PLUS+BIT+20X260+D-16259) > operation timed out
✓ Not Found
[4982/14713] Searching: COLD CHISEL 26-450 FOR HM1201 D-17594... ✓ Found
[4983/14713] Searching: D-21331 SDS PLUS 14X210... Error searching 'D-21331 SDS PLUS 14X210': error sending request for url (https://duckduckgo.com/?q=D-21331+SDS+PLUS+14X210) > operation timed out
✓ Not Found
[4984/14713] Searching: BULL POINT 21-450 FOR HM1201 D-23284... ✓ Found
[4985/14713] Searching: SPRING DW801-IN D28000-B1... ✓ Found
[4986/14713] Searching: MAKITA MULTY PURPOSE DRILL BIT 6-100... ✓ Found
[4987/14713] Searching: MAKITA MULTY PURPOSE  DRILL BIT 6*150... ✓ Found
[4988/14713] Searching: MAKITA MULTY PURPOSE DRILL BIT 8-110... ✓ Found
[4989/14713] Searching: MAKITA MULTY PURPOSE DRILL BIT D 30449... Error searching 'MAKITA MULTY PURPOSE DRILL BIT D 30449': error sending request for url (https://duckduckgo.com/?q=MAKITA+MULTY+PURPOSE+DRILL+BIT+D+30449) > operation timed out
✓ Not Found
[4990/14713] Searching: SCREW DRIVER BIT SET MAKITA 11 PCS... ✓ Found
[4991/14713] Searching: DEWALT TCT WOOD 5' 40T... ✓ Found
[4992/14713] Searching: O RING 3083400... ✓ Found
[4993/14713] Searching: DH78 WASHER D47... ✓ Found
[4994/14713] Searching: DH78 WASHER D47... ✓ Found
[4995/14713] Searching: DEWALT SEGMENTED 110MMX20... ✓ Found
[4996/14713] Searching: GROOVE CUTTER... ✓ Found
[4997/14713] Searching: SOLDERING LED... Error searching 'SOLDERING LED': error sending request for url (https://duckduckgo.com/?q=SOLDERING+LED) > operation timed out
✓ Not Found
[4998/14713] Searching: GREY PAINT... ✓ Found
[4999/14713] Searching: MAKITA ABRASIVE DISC 125MM G.80D-54695... Error searching 'MAKITA ABRASIVE DISC 125MM G.80D-54695': error sending request for url (https://duckduckgo.com/?q=MAKITA+ABRASIVE+DISC+125MM+G.80D-54695) > operation timed out
✓ Not Found
[5000/14713] Searching: MAKITA ABRASIVE DISC125MMG.120D-54710... ✓ Found
  [Progress: 5000/14713 products processed]
[5001/14713] Searching: MAKITA HSS TIN METAL BIT1/4''D-64901... Error searching 'MAKITA HSS TIN METAL BIT1/4''D-64901': error sending request for url (https://duckduckgo.com/?q=MAKITA+HSS+TIN+METAL+BIT1%2F4%27%27D-64901) > operation timed out
✓ Not Found
[5002/14713] Searching: MAKITA HSS TIN METAL BIT 3/8''D-64923... ✓ Found
[5003/14713] Searching: MAKITA HSS TIN METAL BIT1/2''D-64945... ✓ Found
[5004/14713] Searching: TCT BLADE MAKITA 40T D66999... ✓ Found
[5005/14713] Searching: TCT BLADE MAKITA 40T D66999... ✓ Found
[5006/14713] Searching: PLANNER BLADE 2 PCS PKT MAKITA D-67228... ✓ Found
[5007/14713] Searching: MAKITA DEMOLITION HAMMER DRILL 5KG BIT... ✓ Found
[5008/14713] Searching: Nylon Brush(P.H)... ✓ Found
[5009/14713] Searching: DISPLAY STAND D8... Error searching 'DISPLAY STAND D8': error sending request for url (https://duckduckgo.com/?q=DISPLAY+STAND+D8) > operation timed out
✓ Not Found
[5010/14713] Searching: DISPLAY STAND D8... ✓ Found
[5011/14713] Searching: DAYURI SDS DRILL BIT 10*110... ✓ Found
[5012/14713] Searching: DAYURI SDS DRILL BIT 10*110... ✓ Found
[5013/14713] Searching: DAYURI SDS DRILL BIT 10*160... ✓ Found
[5014/14713] Searching: DAYURI SDS DRILL BIT 10*160... ✓ Found
[5015/14713] Searching: DAYURI SDS DRILL BIT 12*160... ✓ Found
[5016/14713] Searching: DAYURI SDS DRILL BIT 12*160... ✓ Found
[5017/14713] Searching: DAYIRI SDS DRILL BIT 14*160... ✓ Found
[5018/14713] Searching: DAYURI CHISEL-SDS PLUS(14X250)FLAT... ✓ Found
[5019/14713] Searching: DAYURI CHIESEL SDSPLUS  POINT 14*250 3.5KG... ✓ Found
[5020/14713] Searching: DAYURI CHIESEL SDSPLUS  POINT 14*250 3.5KG... ✓ Found
[5021/14713] Searching: DAYURI SDS DRILL BIT 14*350... ✓ Found
[5022/14713] Searching: DAYURI SDS DRILL BIT 16*160... ✓ Found
[5023/14713] Searching: DAYURI SDS DRILL BIT 16*160... ✓ Found
[5024/14713] Searching: DAYIRI SDS DRILL BIT 16*350... ✓ Found
[5025/14713] Searching: CHISEL 0810T-17X280  EVEREST... ✓ Found
[5026/14713] Searching: CHISEL 0810T-17X280  EVEREST... ✓ Found
[5027/14713] Searching: CHISEL 0810T-17X280  EVEREST... Error searching 'CHISEL 0810T-17X280  EVEREST': error sending request for url (https://duckduckgo.com/?q=CHISEL+0810T-17X280++EVEREST) > operation timed out
✓ Not Found
[5028/14713] Searching: CHISEL 0810T-17X280  EVEREST... ✓ Found
[5029/14713] Searching: DAYURI FLAT BIT 18*400 POINT... ✓ Found
[5030/14713] Searching: DAYURI FLAT BIT 18*400 POINT... ✓ Found
[5031/14713] Searching: DAYURI SDS DRILL BIT 20*350... ✓ Found
[5032/14713] Searching: DAYURI SDS DRILL BIT 20*460... ✓ Found
[5033/14713] Searching: DAYURI SDS DRILL BIT 25*350... ✓ Found
[5034/14713] Searching: DAYURI SDS DRILL BIT 25*460... ✓ Found
[5035/14713] Searching: DA YURI DEMOLITION HAMMER 5KG DA5050  1400W... ✓ Found
[5036/14713] Searching: DAYURI BIT LOCK ASSY DA5050... ✓ Found
[5037/14713] Searching: DAYURI CARBON BRUSH DA5050C... Error searching 'DAYURI CARBON BRUSH DA5050C': error sending request for url (https://duckduckgo.com/?q=DAYURI+CARBON+BRUSH+DA5050C) > operation timed out
✓ Not Found
[5038/14713] Searching: DA5050 STRIKER... ✓ Found
[5039/14713] Searching: DAYURI SPARE DA5051 CONNECTING ROD... Error searching 'DAYURI SPARE DA5051 CONNECTING ROD': error sending request for url (https://duckduckgo.com/?q=DAYURI+SPARE+DA5051+CONNECTING+ROD) > operation timed out
✓ Not Found
[5040/14713] Searching: DAYURI BIT LOCK ASSY DA5051... ✓ Found
[5041/14713] Searching: DAYURI SPARE DA5051 CONNECTING ROD... ✓ Found
[5042/14713] Searching: DAYURI SPARE DA5051 SWITCH... ✓ Found
[5043/14713] Searching: DAYURI STRIKER  7KG DA5051... ✓ Found
[5044/14713] Searching: DAYURI BIT LOCK ASSY DA5052... ✓ Found
[5045/14713] Searching: DAYURI 11E CARBON BRUSH... ✓ Found
[5046/14713] Searching: DAYURI SPARE DA5052 CONNECTING ROD... ✓ Found
[5047/14713] Searching: DAYURI SPARE DA5052 CONNECTING ROD... ✓ Found
[5048/14713] Searching: DAYURI SPARE DA5052 GOVERNER... ✓ Found
[5049/14713] Searching: DAYURI SPARE DA5052 GOVERNER surie... ✓ Found
[5050/14713] Searching: O RING DA5052... ✓ Found
  [Progress: 5050/14713 products processed]
[5051/14713] Searching: DAYURI OIL SEAL DA5052... ✓ Found
[5052/14713] Searching: DAYURI SPARE DA5052 PISTON... ✓ Found
[5053/14713] Searching: DAYURI SPARE DA5052 PISTON... ✓ Found
[5054/14713] Searching: DAYURI SPRAE DA5052 SWITCH... ✓ Found
[5055/14713] Searching: DAYURI SPRAE DA5052 SWITCH... ✓ Found
[5056/14713] Searching: DA5053 GEAR SET... ✓ Found
[5057/14713] Searching: DAYURI SDS DRILL BIT 6*110... ✓ Found
[5058/14713] Searching: DAYURI SDS DRILL BIT 6*110... ✓ Found
[5059/14713] Searching: DYURI SDS DRILL BIT 6*160... ✓ Found
[5060/14713] Searching: DYURI SDS DRILL BIT 6*160... ✓ Found
[5061/14713] Searching: DS70 SANDING PAD WASHER... Error searching 'DS70 SANDING PAD WASHER': error sending request for url (https://duckduckgo.com/?q=DS70+SANDING+PAD+WASHER) > operation timed out
✓ Not Found
[5062/14713] Searching: DAYIRI SDS DRILL BIT 8*110... ✓ Found
[5063/14713] Searching: DAYURI SDS DRILL BIT 8*160... ✓ Found
[5064/14713] Searching: DAYURI SDS DRILL BIT 8*160... ✓ Found
[5065/14713] Searching: DAYURI GRINDER CARBON BRUSH DONGCENG MODEL... Error searching 'DAYURI GRINDER CARBON BRUSH DONGCENG MODEL': error sending request for url (https://duckduckgo.com/?q=DAYURI+GRINDER+CARBON+BRUSH+DONGCENG+MODEL) > operation timed out
✓ Not Found
[5066/14713] Searching: DAYURI EXTENSION ROD 6 INCH DAER15DAER15... ✓ Found
[5067/14713] Searching: DAYURI PRESSURE WASHER DA-PW5168 2500W/150BAR... ✓ Found
[5068/14713] Searching: DAYURI PRESSURE WASHER DA-PW5174 2800W/230 BAR... ✓ Found
[5069/14713] Searching: DOG BELT... ✓ Found
[5070/14713] Searching: DOG BELT... ✓ Found
[5071/14713] Searching: DOG BELT... Error searching 'DOG BELT': error sending request for url (https://duckduckgo.com/?q=DOG+BELT) > operation timed out
✓ Not Found
[5072/14713] Searching: DOG BELT 11/2... ✓ Found
[5073/14713] Searching: TUQO DIAMOND CORE DRILL 2080W 4 INCH... ✓ Found
[5074/14713] Searching: DOG BELT... ✓ Found
[5075/14713] Searching: DOG BELT... ✓ Found
[5076/14713] Searching: DURACELL BATTERY... ✓ Found
[5077/14713] Searching: DRILL BIT SET 6PCS... Error searching 'DRILL BIT SET 6PCS': error sending request for url (https://duckduckgo.com/?q=DRILL+BIT+SET+6PCS) > operation timed out
✓ Not Found
[5078/14713] Searching: DOOR BUSH... ✓ Found
[5079/14713] Searching: TAPER SHANK DRILL CHUCK 1/2 BULLET... ✓ Found
[5080/14713] Searching: DOG CHAIN 10X51/2... ✓ Found
[5081/14713] Searching: DOG CHAIN 10X51/2... ✓ Found
[5082/14713] Searching: DOG CHAIN 10X51/2... ✓ Found
[5083/14713] Searching: DOG CHAIN 12*5 1/2... ✓ Found
[5084/14713] Searching: 13MM DRILL CHUCK WITH ADAPTER... ✓ Found
[5085/14713] Searching: DOG CHAIN... ✓ Found
[5086/14713] Searching: DRILL CHUCK 16MM... ✓ Found
[5087/14713] Searching: DOG CHAIN 3MM SNAIP HOOK... ✓ Found
[5088/14713] Searching: CUTTING WHEEL 107MM 2NET POWERTEX... ✓ Found
[5089/14713] Searching: CUTTING WHEEL 107MM 2NET POWERTEX... ✓ Found
[5090/14713] Searching: DC WHEEL 5INCH BULL GOLD... ✓ Found
[5091/14713] Searching: DRILL CHUCK 5/8... ✓ Found
[5092/14713] Searching: STANLEY PLIER 8 INCH... ✓ Found
[5093/14713] Searching: STANLEY PLIER 8 INCH... ✓ Found
[5094/14713] Searching: DOG CHAIN 8X51/2... ✓ Found
[5095/14713] Searching: DOG CHAIN 8X51/2... Error searching 'DOG CHAIN 8X51/2': error sending request for url (https://duckduckgo.com/?q=DOG+CHAIN+8X51%2F2) > operation timed out
✓ Not Found
[5096/14713] Searching: SDT GRANITE CORE BIT 1... ✓ Found
[5097/14713] Searching: GRANITE CORE BIT 1/2 INCH... ✓ Found
[5098/14713] Searching: CORE BIT 6MM 1/4 INCH... ✓ Found
[5099/14713] Searching: CORE BIT 6MM 1/4 INCH... ✓ Found
[5100/14713] Searching: DIAMOND CORE BIT 102*350... ✓ Found
  [Progress: 5100/14713 products processed]
[5101/14713] Searching: SDT GRANITE CORE BIT 11/4... ✓ Found
[5102/14713] Searching: DESKTOP CHARGER 1.5AMP BULLET DCH1500... ✓ Found
[5103/14713] Searching: DOOR CLOSER HAFELE 60... ✓ Found
[5104/14713] Searching: DOG CHAIN NO 8*51/2... ✓ Found
[5105/14713] Searching: E-W/O MARBLE BLADE 4" SEG( ECONOMY )... ✓ Found
[5106/14713] Searching: DRILL CHUCK KEY... ✓ Found
[5107/14713] Searching: DRILL CHUCK KEY 16MM... Error searching 'DRILL CHUCK KEY 16MM': error sending request for url (https://duckduckgo.com/?q=DRILL+CHUCK+KEY+16MM) > operation timed out
✓ Not Found
[5108/14713] Searching: DAC MAX CM4SA STATOR... ✓ Found
[5109/14713] Searching: METSO CLAMPMULTY  METER OI-DCM87... ✓ Found
[5110/14713] Searching: DRAIN COCK AC... ✓ Found
[5111/14713] Searching: DIAMOND CUP WHEEL DOUBLE ROW... Error searching 'DIAMOND CUP WHEEL DOUBLE ROW': error sending request for url (https://duckduckgo.com/?q=DIAMOND+CUP+WHEEL+DOUBLE+ROW) > operation timed out
✓ Not Found
[5112/14713] Searching: DIAMOND CUP WHEEL DOUBLEROW 7 INCH... Error searching 'DIAMOND CUP WHEEL DOUBLEROW 7 INCH': error sending request for url (https://duckduckgo.com/?q=DIAMOND+CUP+WHEEL+DOUBLEROW+7+INCH) > operation timed out
✓ Not Found
[5113/14713] Searching: CUTTING PLIER 8"... Error searching 'CUTTING PLIER 8"': error sending request for url (https://duckduckgo.com/?q=CUTTING+PLIER+8%22) > operation timed out
✓ Not Found
[5114/14713] Searching: DOG CHAIN... ✓ Found
[5115/14713] Searching: DOG CHAIN TWISTED NO 4... ✓ Found
[5116/14713] Searching: DOG CHAIN TWISTED NO 6... ✓ Found
[5117/14713] Searching: DOG CHAIN TWISTED NO 8... ✓ Found
[5118/14713] Searching: DD08 PISTON  COMPRESSOR... Error searching 'DD08 PISTON  COMPRESSOR': error sending request for url (https://duckduckgo.com/?q=DD08+PISTON++COMPRESSOR) > operation timed out
✓ Not Found
[5119/14713] Searching: DENT PULLER... ✓ Found
[5120/14713] Searching: TAPARIA DOUBLE EP SETS... ✓ Found
[5121/14713] Searching: COMBINATION SPANNER 10MM... Error searching 'COMBINATION SPANNER 10MM': error sending request for url (https://duckduckgo.com/?q=COMBINATION+SPANNER+10MM) > operation timed out
✓ Not Found
[5122/14713] Searching: D/E SPANNER 10*11T... ✓ Found
[5123/14713] Searching: TAPARIA DOUBLE ENDED SPANNER12-13... ✓ Found
[5124/14713] Searching: D/E SPANNER SET 12PCS T... ✓ Found
[5125/14713] Searching: D/E SPANNER 14X15... ✓ Found
[5126/14713] Searching: D/E SPANNER 14X15... ✓ Found
[5127/14713] Searching: D/E SPANNER 16X17... ✓ Found
[5128/14713] Searching: D/E SPANNER 16X17... Error searching 'D/E SPANNER 16X17': error sending request for url (https://duckduckgo.com/?q=D%2FE+SPANNER+16X17) > operation timed out
✓ Not Found
[5129/14713] Searching: D/E SPANNER 16X17... ✓ Found
[5130/14713] Searching: RING SPANNER SET 8 PCS... ✓ Found
[5131/14713] Searching: TAPARIA DOUBLE ENDED SPANNER18-19... ✓ Found
[5132/14713] Searching: TAPARIA DOUBLE ENDED SPANNER18-19... ✓ Found
[5133/14713] Searching: TAPARIA DOUBLE ENDED SPANNER20-22... ✓ Found
[5134/14713] Searching: TAPARIA DOUBLE ENDED SPANNER20-22... ✓ Found
[5135/14713] Searching: TAPARIA DOUBLE ENDED SPANNER21-23... ✓ Found
[5136/14713] Searching: TAPARIA DOUBLE ENDED SPANNER24-26... ✓ Found
[5137/14713] Searching: TAPARIA DOUBLE ENDED SPANNER24-26... ✓ Found
[5138/14713] Searching: TAPARIA DOUBLE END SPANNER 24*27... ✓ Found
[5139/14713] Searching: TAPARIA DOUBLE END SPANNER 24*27... ✓ Found
[5140/14713] Searching: TAPARIA DOUBLE ENDED SPANNER25-28... ✓ Found
[5141/14713] Searching: TAPARIA DOUBLE ENDED SPANNER25-28... Error searching 'TAPARIA DOUBLE ENDED SPANNER25-28': error sending request for url (https://duckduckgo.com/?q=TAPARIA+DOUBLE+ENDED+SPANNER25-28) > operation timed out
✓ Not Found
[5142/14713] Searching: TAPARIA DOUBLE ENDED SPANNER30-32... ✓ Found
[5143/14713] Searching: TAPARIA DOUBLE END SPANER36*41... ✓ Found
[5144/14713] Searching: TAPARIA DOUBLE END SPANER 41*46... Error searching 'TAPARIA DOUBLE END SPANER 41*46': error sending request for url (https://duckduckgo.com/?q=TAPARIA+DOUBLE+END+SPANER+41*46) > operation timed out
✓ Not Found
[5145/14713] Searching: TAPARIA DOUBLE END  SPANER 6*7... ✓ Found
[5146/14713] Searching: TAPARIA SPANNER 8X9... Error searching 'TAPARIA SPANNER 8X9': error sending request for url (https://duckduckgo.com/?q=TAPARIA+SPANNER+8X9) > operation timed out
✓ Not Found
[5147/14713] Searching: TAPARIA SPANNER 8X9... Error searching 'TAPARIA SPANNER 8X9': error sending request for url (https://duckduckgo.com/?q=TAPARIA+SPANNER+8X9) > operation timed out
✓ Not Found
[5148/14713] Searching: DIAGER PRESSURE WASHER SOAP FOAM PRODUCER.... ✓ Found
[5149/14713] Searching: HAMMER 10 DFS... ✓ Found
[5150/14713] Searching: HAMMER 8DFS... ✓ Found
  [Progress: 5150/14713 products processed]
[5151/14713] Searching: DIAL GUAGE 4"... ✓ Found
[5152/14713] Searching: DIAGER HIGH PRESSURE CLEANER DGP12HP... ✓ Found
[5153/14713] Searching: bull dh0835 or ing 28.4*3.5... ✓ Found
[5154/14713] Searching: CONNECTING RODDH0835... ✓ Found
[5155/14713] Searching: BULL GOLD DH0835 HANDLE... ✓ Found
[5156/14713] Searching: BULL GOLD DH0835 HANDLE... ✓ Found
[5157/14713] Searching: BULL GOLD DH0835 O RING 5*2... ✓ Found
[5158/14713] Searching: BULL DH0835 ORING 26.3*4.3... Error searching 'BULL DH0835 ORING 26.3*4.3': error sending request for url (https://duckduckgo.com/?q=BULL+DH0835+ORING+26.3*4.3) > operation timed out
✓ Not Found
[5159/14713] Searching: BULL DH0835 ORING 26.3*4.3... ✓ Found
[5160/14713] Searching: BULL DH0835 O RING 40*2.5... ✓ Found
[5161/14713] Searching: BULL DH0835 O RING 40*2.5... ✓ Found
[5162/14713] Searching: BULL DH0835 PO RING 44*2... ✓ Found
[5163/14713] Searching: ORING DH0835... ✓ Found
[5164/14713] Searching: ORING DH0835... ✓ Found
[5165/14713] Searching: ORING DH0835... ✓ Found
[5166/14713] Searching: 0835 PISTON PINORING... ✓ Found
[5167/14713] Searching: BULL GOLD DH-0835 SWITCH... ✓ Found
[5168/14713] Searching: BULL GOLD DH-0835 SWITCH... ✓ Found
[5169/14713] Searching: BULL DH0835 TUP... ✓ Found
[5170/14713] Searching: DH0835 TOOL HOLDER... ✓ Found
[5171/14713] Searching: DH1078 WASHER... ✓ Found
[5172/14713] Searching: TUBE HOLDER 5KG IBELL... Error searching 'TUBE HOLDER 5KG IBELL': error sending request for url (https://duckduckgo.com/?q=TUBE+HOLDER+5KG+IBELL) > operation timed out
✓ Not Found
[5173/14713] Searching: DH11H HANDLE SET  BULL... ✓ Found
[5174/14713] Searching: BULL GOLD DH11H CIRCLIP... Error searching 'BULL GOLD DH11H CIRCLIP': error sending request for url (https://duckduckgo.com/?q=BULL+GOLD+DH11H+CIRCLIP) > operation timed out
✓ Not Found
[5175/14713] Searching: BULL GOLD DH-11H HANDLE SET... Error searching 'BULL GOLD DH-11H HANDLE SET': error sending request for url (https://duckduckgo.com/?q=BULL+GOLD+DH-11H+HANDLE+SET) > operation timed out
✓ Not Found
[5176/14713] Searching: DAYURI CHISEL 17*350 POINT 5KG... ✓ Found
[5177/14713] Searching: DH20 M*40 SCREW SET... ✓ Found
[5178/14713] Searching: DH20 SLIDING SLEEVE... ✓ Found
[5179/14713] Searching: DH20 SLIDING SLEEVE... ✓ Found
[5180/14713] Searching: DH20 ORING 27.5*4... ✓ Found
[5181/14713] Searching: DH20 ADJUSTABLE SLEEVE... ✓ Found
[5182/14713] Searching: DH20 BLOCKING  PLATE... ✓ Found
[5183/14713] Searching: DH20 CYLINDER CLIP RING... ✓ Found
[5184/14713] Searching: DH20 CYLINDERDRICAL PIN... ✓ Found
[5185/14713] Searching: DH20 CYLINDERDRICAL PIN... ✓ Found
[5186/14713] Searching: DH20 CYLINDERDRICAL PIN... ✓ Found
[5187/14713] Searching: DH20 CYLINDERDRICAL PIN... ✓ Found
[5188/14713] Searching: DH20 D27 CLIP RING... ✓ Found
[5189/14713] Searching: DH20 DUST PROOF CAP... ✓ Found
[5190/14713] Searching: DH20 DUST PROOF CAP... ✓ Found
[5191/14713] Searching: DH20FT... ✓ Found
[5192/14713] Searching: DH20 HANDLE... ✓ Found
[5193/14713] Searching: DH20 HANDLE... ✓ Found
[5194/14713] Searching: DH20 HANDLE... ✓ Found
[5195/14713] Searching: DH20 HANDLE COVER... ✓ Found
[5196/14713] Searching: DH20 HANDLE COVER... ✓ Found
[5197/14713] Searching: DH20 IMPACT SHAFT... ✓ Found
[5198/14713] Searching: DH20 LOCKING RING... ✓ Found
[5199/14713] Searching: DH20 LINK ROD... ✓ Found
[5200/14713] Searching: DH20 MIDDLE GEAR... ✓ Found
  [Progress: 5200/14713 products processed]
[5201/14713] Searching: DH20 NEEDLE BEARING NK1820... ✓ Found
[5202/14713] Searching: DH20 ORING... ✓ Found
[5203/14713] Searching: DH20 ORING... ✓ Found
[5204/14713] Searching: DH20 ORING... ✓ Found
[5205/14713] Searching: DH20 ORING... ✓ Found
[5206/14713] Searching: DH20 ORING... ✓ Found
[5207/14713] Searching: DH20 ORING 41*22... ✓ Found
[5208/14713] Searching: DH20 OIL ROPE... ✓ Found
[5209/14713] Searching: DH20 OIL ROPE... ✓ Found
[5210/14713] Searching: DH20 ORING... ✓ Found
[5211/14713] Searching: DH20 OIL SEAL... Error searching 'DH20 OIL SEAL': error sending request for url (https://duckduckgo.com/?q=DH20+OIL+SEAL) > operation timed out
✓ Not Found
[5212/14713] Searching: DH20 PISTON... ✓ Found
[5213/14713] Searching: DH20 PISTON... ✓ Found
[5214/14713] Searching: DH20 PISTON... ✓ Found
[5215/14713] Searching: DH20 PITON RING... Error searching 'DH20 PITON RING': error sending request for url (https://duckduckgo.com/?q=DH20+PITON+RING) > operation timed out
✓ Not Found
[5216/14713] Searching: DH20 PISTON RING... ✓ Found
[5217/14713] Searching: DH20 RECTANGLE CIRCLE... ✓ Found
[5218/14713] Searching: DH20RHS... ✓ Found
[5219/14713] Searching: DH20 ROTARY SLEEVE... ✓ Found
[5220/14713] Searching: DH20 ROTARY SLEEVE... ✓ Found
[5221/14713] Searching: DH20 SWITCH... ✓ Found
[5222/14713] Searching: DH20 SWITCH... ✓ Found
[5223/14713] Searching: DH20 SLIDING SLEEVE SPRING... ✓ Found
[5224/14713] Searching: DH20 WASHER... ✓ Found
[5225/14713] Searching: DH20 WASHER... ✓ Found
[5226/14713] Searching: DH20 WASHER... ✓ Found
[5227/14713] Searching: DH20 WASHER... ✓ Found
[5228/14713] Searching: DH30 GREECE CAP SET... ✓ Found
[5229/14713] Searching: DH20 WASHER... ✓ Found
[5230/14713] Searching: DH20 WASHER... ✓ Found
[5231/14713] Searching: SWITH FOR 11E IBLDH4566... ✓ Found
[5232/14713] Searching: DH45 CYLINDER CASE... ✓ Found
[5233/14713] Searching: OMR 0810 CRANK SHAFT DH5011... ✓ Found
[5234/14713] Searching: 0810 GEAR BOX ORING OMR... ✓ Found
[5235/14713] Searching: 0810 CONNECTING ROD ALUMINIUM... ✓ Found
[5236/14713] Searching: 0810 CUSHION WASHER OMR... Error searching '0810 CUSHION WASHER OMR': error sending request for url (https://duckduckgo.com/?q=0810+CUSHION+WASHER+OMR) > operation timed out
✓ Not Found
[5237/14713] Searching: BALL SET 0810 6 PC\S OMR... ✓ Found
[5238/14713] Searching: 0810 SWITCH HANDLE BOLT+NUT OMR... ✓ Found
[5239/14713] Searching: 0810 SWITCH HANDLE BOLT SMALL OMR... ✓ Found
[5240/14713] Searching: 0810 CUSHION WASHER BOLT OMR... ✓ Found
[5241/14713] Searching: 835 NECK OMR... ✓ Found
[5242/14713] Searching: OMR SPEED GOVERNOR 11E DH5403... ✓ Found
[5243/14713] Searching: 11E STRIKER PIN OMR... ✓ Found
[5244/14713] Searching: OMR SWITCH 11E DH5412... ✓ Found
[5245/14713] Searching: 11E GEAR BOX WITH OMR... ✓ Found
[5246/14713] Searching: 11E STOPPING DEVICE OMR... ✓ Found
[5247/14713] Searching: 11E BRUSH BRACKET OMR... ✓ Found
[5248/14713] Searching: INDEXING DISC 11E OMR... ✓ Found
[5249/14713] Searching: OMR INDEXING DISC 11E DH5436... ✓ Found
[5250/14713] Searching: 11E RETAINING SNAP OMR... ✓ Found
  [Progress: 5250/14713 products processed]
[5251/14713] Searching: 11E CONTROL BUSHING OMR... ✓ Found
[5252/14713] Searching: OMR 11E LOCK ORING... ✓ Found
[5253/14713] Searching: 11E RUBBER OIL SEAL OMR... ✓ Found
[5254/14713] Searching: 11E GEAR PLATE BOLT OMR... ✓ Found
[5255/14713] Searching: OMR ORING  BROWN PH65 16 KG... ✓ Found
[5256/14713] Searching: DH78  MOUTH SET(CLIP WASHER ,COVER ,LIMIT COVER ,R... ✓ Found
[5257/14713] Searching: DH78 WASHER 25*36-8*1... ✓ Found
[5258/14713] Searching: DH78 SCREW  ST 4-2*16... ✓ Found
[5259/14713] Searching: DH78 BIT CASE... ✓ Found
[5260/14713] Searching: DH78 BIT CASE... Error searching 'DH78 BIT CASE': error sending request for url (https://duckduckgo.com/?q=DH78+BIT+CASE) > operation timed out
✓ Not Found
[5261/14713] Searching: DH78 6201 BEARING COVER... ✓ Found
[5262/14713] Searching: DH78 FRONT COVER... ✓ Found
[5263/14713] Searching: DH78 FRONT COVER... Error searching 'DH78 FRONT COVER': error sending request for url (https://duckduckgo.com/?q=DH78+FRONT+COVER) > operation timed out
✓ Not Found
[5264/14713] Searching: DH78 FAN GUID... ✓ Found
[5265/14713] Searching: DH78 FLAT SPRING... ✓ Found
[5266/14713] Searching: DH78 KEY 4X4X12... ✓ Found
[5267/14713] Searching: DH78 KEY 4X4X12... Error searching 'DH78 KEY 4X4X12': error sending request for url (https://duckduckgo.com/?q=DH78+KEY+4X4X12) > operation timed out
✓ Not Found
[5268/14713] Searching: DH78 LOCK NUT... ✓ Found
[5269/14713] Searching: DH78 SCREW NUT M5X14... ✓ Found
[5270/14713] Searching: DH78 SCREW  ST4-2*16... Error searching 'DH78 SCREW  ST4-2*16': ConnectError: ConnectError('error sending request for url (https://duckduckgo.com/?q=DH78+SCREW++ST4-2*16) > client error (Connect) > dns error > DNS error: error response: Server Failure')
✓ Not Found
[5271/14713] Searching: DH78 SCREW NUT M5X14... Error searching 'DH78 SCREW NUT M5X14': ConnectError: ConnectError('error sending request for url (https://duckduckgo.com/?q=DH78+SCREW+NUT+M5X14) > client error (Connect) > dns error > DNS error: error response: Server Failure')
✓ Not Found
[5272/14713] Searching: DH78 MIDDLE COVER... Error searching 'DH78 MIDDLE COVER': ConnectError: ConnectError('error sending request for url (https://duckduckgo.com/?q=DH78+MIDDLE+COVER) > client error (Connect) > dns error > DNS error: error response: Server Failure')
✓ Not Found
[5273/14713] Searching: DH78 MOTOR HOUSING... Error searching 'DH78 MOTOR HOUSING': ConnectError: ConnectError('error sending request for url (https://duckduckgo.com/?q=DH78+MOTOR+HOUSING) > client error (Connect) > dns error > DNS error: error response: Server Failure')
✓ Not Found
[5274/14713] Searching: DH78 NUT... Error searching 'DH78 NUT': ConnectError: ConnectError('error sending request for url (https://www.bing.com/images/async?q=DH78+NUT&async=1&first=1&count=35) > client error (Connect) > dns error > DNS error: error response: Server Failure')
✓ Not Found
[5275/14713] Searching: DH78 O RING 31*2... Error searching 'DH78 O RING 31*2': ConnectError: ConnectError('error sending request for url (https://duckduckgo.com/?q=DH78+O+RING+31*2) > client error (Connect) > dns error > DNS error: error response: Server Failure')
✓ Not Found
[5276/14713] Searching: DH78 OIL SEAL... Error searching 'DH78 OIL SEAL': ConnectError: ConnectError('error sending request for url (https://duckduckgo.com/?q=DH78+OIL+SEAL) > client error (Connect) > dns error > DNS error: error response: Server Failure')
✓ Not Found
[5277/14713] Searching: DH78 OIL SEAL... Error searching 'DH78 OIL SEAL': ConnectError: ConnectError('error sending request for url (https://duckduckgo.com/?q=DH78+OIL+SEAL) > client error (Connect) > dns error > DNS error: error response: Server Failure')
✓ Not Found
[5278/14713] Searching: DH78 PISTON... Error searching 'DH78 PISTON': ConnectError: ConnectError('error sending request for url (https://www.bing.com/images/async?q=DH78+PISTON&async=1&first=1&count=35) > client error (Connect) > dns error > DNS error: error response: Server Failure')
✓ Not Found
[5279/14713] Searching: DH78 PISTON CYLINDER HEAD... Error searching 'DH78 PISTON CYLINDER HEAD': ConnectError: ConnectError('error sending request for url (https://duckduckgo.com/?q=DH78+PISTON+CYLINDER+HEAD) > client error (Connect) > dns error > DNS error: error response: Server Failure')
✓ Not Found
[5280/14713] Searching: DH78 PISTON PIN... Error searching 'DH78 PISTON PIN': ConnectError: ConnectError('error sending request for url (https://www.bing.com/images/async?q=DH78+PISTON+PIN&async=1&first=1&count=35) > client error (Connect) > dns error > DNS error: error response: Server Failure')
✓ Not Found
[5281/14713] Searching: DH78 SWITCH... Error searching 'DH78 SWITCH': ConnectError: ConnectError('error sending request for url (https://duckduckgo.com/?q=DH78+SWITCH) > client error (Connect) > dns error > DNS error: error response: Server Failure')
✓ Not Found
[5282/14713] Searching: DH78 SWITCH... Error searching 'DH78 SWITCH': ConnectError: ConnectError('error sending request for url (https://www.bing.com/images/async?q=DH78+SWITCH&async=1&first=1&count=35) > client error (Connect) > dns error > DNS error: error response: Server Failure')
✓ Not Found
[5283/14713] Searching: DH78 SWITCH... Error searching 'DH78 SWITCH': ConnectError: ConnectError('error sending request for url (https://www.bing.com/images/async?q=DH78+SWITCH&async=1&first=1&count=35) > client error (Connect) > dns error > DNS error: error response: Server Failure')
✓ Not Found
[5284/14713] Searching: DH78 SWITCH... Error searching 'DH78 SWITCH': ConnectError: ConnectError('error sending request for url (https://duckduckgo.com/?q=DH78+SWITCH) > client error (Connect) > dns error > DNS error: error response: Server Failure')
✓ Not Found
[5285/14713] Searching: DH78 SWITCH... Error searching 'DH78 SWITCH': ConnectError: ConnectError('error sending request for url (https://duckduckgo.com/?q=DH78+SWITCH) > client error (Connect) > dns error > DNS error: error response: Server Failure')
✓ Not Found
[5286/14713] Searching: DH78 SPACING BUSH... Error searching 'DH78 SPACING BUSH': ConnectError: ConnectError('error sending request for url (https://www.bing.com/images/async?q=DH78+SPACING+BUSH&async=1&first=1&count=35) > client error (Connect) > dns error > DNS error: error response: Server Failure')
✓ Not Found
[5287/14713] Searching: DH78 SEAL RING... Error searching 'DH78 SEAL RING': ConnectError: ConnectError('error sending request for url (https://duckduckgo.com/?q=DH78+SEAL+RING) > client error (Connect) > dns error > DNS error: error response: Server Failure')
✓ Not Found
[5288/14713] Searching: DH78 STRICK ROD... Error searching 'DH78 STRICK ROD': ConnectError: ConnectError('error sending request for url (https://www.bing.com/images/async?q=DH78+STRICK+ROD&async=1&first=1&count=35) > client error (Connect) > dns error > DNS error: error response: Server Failure')
✓ Not Found
[5289/14713] Searching: DH78 STRICK ROD... Error searching 'DH78 STRICK ROD': ConnectError: ConnectError('error sending request for url (https://duckduckgo.com/?q=DH78+STRICK+ROD) > client error (Connect) > dns error > DNS error: error response: Server Failure')
✓ Not Found
[5290/14713] Searching: DH78 TOP COVER... Error searching 'DH78 TOP COVER': ConnectError: ConnectError('error sending request for url (https://www.bing.com/images/async?q=DH78+TOP+COVER&async=1&first=1&count=35) > client error (Connect) > dns error > DNS error: error response: Server Failure')
✓ Not Found
[5291/14713] Searching: DH78 WASHER FOR STICK ROD... Error searching 'DH78 WASHER FOR STICK ROD': ConnectError: ConnectError('error sending request for url (https://duckduckgo.com/?q=DH78+WASHER+FOR+STICK+ROD) > client error (Connect) > dns error > DNS error: error response: Server Failure')
✓ Not Found
[5292/14713] Searching: DH78 WASHER FOR STICK ROD... Error searching 'DH78 WASHER FOR STICK ROD': ConnectError: ConnectError('error sending request for url (https://www.bing.com/images/async?q=DH78+WASHER+FOR+STICK+ROD&async=1&first=1&count=35) > client error (Connect) > dns error > DNS error: error response: Server Failure')
✓ Not Found
[5293/14713] Searching: dh78 washer... Error searching 'dh78 washer': ConnectError: ConnectError('error sending request for url (https://www.bing.com/images/async?q=dh78+washer&async=1&first=1&count=35) > client error (Connect) > dns error > DNS error: error response: Server Failure')
✓ Not Found
[5294/14713] Searching: dh78 washer... Error searching 'dh78 washer': ConnectError: ConnectError('error sending request for url (https://www.bing.com/images/async?q=dh78+washer&async=1&first=1&count=35) > client error (Connect) > dns error > DNS error: error response: Server Failure')
✓ Not Found
[5295/14713] Searching: DH78 WASHER 25*36... Error searching 'DH78 WASHER 25*36': ConnectError: ConnectError('error sending request for url (https://www.bing.com/images/async?q=DH78+WASHER+25*36&async=1&first=1&count=35) > client error (Connect) > dns error > DNS error: error response: Server Failure')
✓ Not Found
[5296/14713] Searching: CHECKMATE TOOL HOLDER -DH8... Error searching 'CHECKMATE TOOL HOLDER -DH8': ConnectError: ConnectError('error sending request for url (https://duckduckgo.com/?q=CHECKMATE+TOOL+HOLDER+-DH8) > client error (Connect) > dns error > DNS error: error response: Server Failure')
✓ Not Found
[5297/14713] Searching: D HOOK... Error searching 'D HOOK': ConnectError: ConnectError('error sending request for url (https://duckduckgo.com/?q=D+HOOK) > client error (Connect) > dns error > DNS error: error response: Server Failure')
✓ Not Found
[5298/14713] Searching: HAMMER DRIVER DRILL 18V DHP490F001... Error searching 'HAMMER DRIVER DRILL 18V DHP490F001': ConnectError: ConnectError('error sending request for url (https://www.bing.com/images/async?q=HAMMER+DRIVER+DRILL+18V+DHP490F001&async=1&first=1&count=35) > client error (Connect) > dns error > DNS error: error response: Server Failure')
✓ Not Found
[5299/14713] Searching: DIAMOND SHARPENING STONE 6*2 INCH... Error searching 'DIAMOND SHARPENING STONE 6*2 INCH': ConnectError: ConnectError('error sending request for url (https://www.bing.com/images/async?q=DIAMOND+SHARPENING+STONE+6*2+INCH&async=1&first=1&count=35) > client error (Connect) > dns error > DNS error: error response: Server Failure')
✓ Not Found
[5300/14713] Searching: BULLET DEMOLITION HAMMER DHX0815... Error searching 'BULLET DEMOLITION HAMMER DHX0815': ConnectError: ConnectError('error sending request for url (https://duckduckgo.com/?q=BULLET+DEMOLITION+HAMMER+DHX0815) > client error (Connect) > dns error > DNS error: error response: Server Failure')
✓ Not Found
  [Progress: 5300/14713 products processed]
[5301/14713] Searching: die grinder dongcheng... Error searching 'die grinder dongcheng': ConnectError: ConnectError('error sending request for url (https://duckduckgo.com/?q=die+grinder+dongcheng) > client error (Connect) > dns error > DNS error: error response: Server Failure')
✓ Not Found
[5302/14713] Searching: DIODE 25 U 20... Error searching 'DIODE 25 U 20': ConnectError: ConnectError('error sending request for url (https://www.bing.com/images/async?q=DIODE+25+U+20&async=1&first=1&count=35) > client error (Connect) > dns error > DNS error: error response: Server Failure')
✓ Not Found
[5303/14713] Searching: DISC 3.5*10... Error searching 'DISC 3.5*10': ConnectError: ConnectError('error sending request for url (https://duckduckgo.com/?q=DISC+3.5*10) > client error (Connect) > dns error > DNS error: error response: Server Failure')
✓ Not Found
[5304/14713] Searching: DISPLAY STAND HITECH... Error searching 'DISPLAY STAND HITECH': ConnectError: ConnectError('error sending request for url (https://www.bing.com/images/async?q=DISPLAY+STAND+HITECH&async=1&first=1&count=35) > client error (Connect) > dns error > DNS error: error response: Server Failure')
✓ Not Found
[5305/14713] Searching: DISPLAY STAND HITECH... Error searching 'DISPLAY STAND HITECH': ConnectError: ConnectError('error sending request for url (https://duckduckgo.com/?q=DISPLAY+STAND+HITECH) > client error (Connect) > dns error > DNS error: error response: Server Failure')
✓ Not Found
[5306/14713] Searching: DIVS VIBRATOR WITH SHAFT 1.5MTR... Error searching 'DIVS VIBRATOR WITH SHAFT 1.5MTR': ConnectError: ConnectError('error sending request for url (https://duckduckgo.com/?q=DIVS+VIBRATOR+WITH+SHAFT+1.5MTR) > client error (Connect) > dns error > DNS error: error response: Server Failure')
✓ Not Found
[5307/14713] Searching: DONGCHENG MAGNETIC  DRILL... Error searching 'DONGCHENG MAGNETIC  DRILL': ConnectError: ConnectError('error sending request for url (https://www.bing.com/images/async?q=DONGCHENG+MAGNETIC++DRILL&async=1&first=1&count=35) > client error (Connect) > dns error > DNS error: error response: Server Failure')
✓ Not Found
[5308/14713] Searching: CHUCK ADAPTER  DONGCHENG DRILL DJC30... Error searching 'CHUCK ADAPTER  DONGCHENG DRILL DJC30': ConnectError: ConnectError('error sending request for url (https://www.bing.com/images/async?q=CHUCK+ADAPTER++DONGCHENG+DRILL+DJC30&async=1&first=1&count=35) > client error (Connect) > dns error > DNS error: error response: Server Failure')
✓ Not Found
[5309/14713] Searching: DRYWALL JOINT TAPE 2''X70M... Error searching 'DRYWALL JOINT TAPE 2''X70M': ConnectError: ConnectError('error sending request for url (https://duckduckgo.com/?q=DRYWALL+JOINT+TAPE+2%27%27X70M) > client error (Connect) > dns error > DNS error: error response: Server Failure')
✓ Not Found
[5310/14713] Searching: TAPE... Error searching 'TAPE': ConnectError: ConnectError('error sending request for url (https://www.bing.com/images/async?q=TAPE&async=1&first=1&count=35) > client error (Connect) > dns error > DNS error: error response: Server Failure')
✓ Not Found
[5311/14713] Searching: DRILL DJZ02-6A(DONGCHENG )... Error searching 'DRILL DJZ02-6A(DONGCHENG )': ConnectError: ConnectError('error sending request for url (https://duckduckgo.com/?q=DRILL+DJZ02-6A%28DONGCHENG+%29) > client error (Connect) > dns error > DNS error: error response: Server Failure')
✓ Not Found
[5312/14713] Searching: DONGCHENG 10MM DRILL  DJZ10A... Error searching 'DONGCHENG 10MM DRILL  DJZ10A': ConnectError: ConnectError('error sending request for url (https://duckduckgo.com/?q=DONGCHENG+10MM+DRILL++DJZ10A) > client error (Connect) > dns error > DNS error: error response: Server Failure')
✓ Not Found
[5313/14713] Searching: BULLET KEYLESS DRILL CHUCK DKY1024 10MM... Error searching 'BULLET KEYLESS DRILL CHUCK DKY1024 10MM': ConnectError: ConnectError('error sending request for url (https://duckduckgo.com/?q=BULLET+KEYLESS+DRILL+CHUCK+DKY1024+10MM) > client error (Connect) > dns error > DNS error: error response: Server Failure')
✓ Not Found
[5314/14713] Searching: BULLET KEYLESS DRILL CHUCK 13MM DKY1320... Error searching 'BULLET KEYLESS DRILL CHUCK 13MM DKY1320': ConnectError: ConnectError('error sending request for url (https://www.bing.com/images/async?q=BULLET+KEYLESS+DRILL+CHUCK+13MM+DKY1320&async=1&first=1&count=35) > client error (Connect) > dns error > DNS error: error response: Server Failure')
✓ Not Found
[5315/14713] Searching: BULL CARWASH DL288/160BAR/2200W... Error searching 'BULL CARWASH DL288/160BAR/2200W': ConnectError: ConnectError('error sending request for url (https://www.bing.com/images/async?q=BULL+CARWASH+DL288%2F160BAR%2F2200W&async=1&first=1&count=35) > client error (Connect) > dns error > DNS error: error response: Server Failure')
✓ Not Found
[5316/14713] Searching: BULL CARWASH DL288/160BAR/2200W... Error searching 'BULL CARWASH DL288/160BAR/2200W': ConnectError: ConnectError('error sending request for url (https://duckduckgo.com/?q=BULL+CARWASH+DL288%2F160BAR%2F2200W) > client error (Connect) > dns error > DNS error: error response: Server Failure')
✓ Not Found
[5317/14713] Searching: DL-288 BASE LOAD... Error searching 'DL-288 BASE LOAD': ConnectError: ConnectError('error sending request for url (https://duckduckgo.com/?q=DL-288+BASE+LOAD) > client error (Connect) > dns error > DNS error: error response: Server Failure')
✓ Not Found
[5318/14713] Searching: DL288 ECCENTRIC WHEEL... Error searching 'DL288 ECCENTRIC WHEEL': ConnectError: ConnectError('error sending request for url (https://www.bing.com/images/async?q=DL288+ECCENTRIC+WHEEL&async=1&first=1&count=35) > client error (Connect) > dns error > DNS error: error response: Server Failure')
✓ Not Found
[5319/14713] Searching: DL288 HEAD FULL SET... Error searching 'DL288 HEAD FULL SET': ConnectError: ConnectError('error sending request for url (https://www.bing.com/images/async?q=DL288+HEAD+FULL+SET&async=1&first=1&count=35) > client error (Connect) > dns error > DNS error: error response: Server Failure')
✓ Not Found
[5320/14713] Searching: DL288 MICRO SWITCH... Error searching 'DL288 MICRO SWITCH': ConnectError: ConnectError('error sending request for url (https://duckduckgo.com/?q=DL288+MICRO+SWITCH) > client error (Connect) > dns error > DNS error: error response: Server Failure')
✓ Not Found
[5321/14713] Searching: OIL SEAL DL288... Error searching 'OIL SEAL DL288': ConnectError: ConnectError('error sending request for url (https://duckduckgo.com/?q=OIL+SEAL+DL288) > client error (Connect) > dns error > DNS error: error response: Server Failure')
✓ Not Found
[5322/14713] Searching: OIL SEAL DL288... Error searching 'OIL SEAL DL288': ConnectError: ConnectError('error sending request for url (https://duckduckgo.com/?q=OIL+SEAL+DL288) > client error (Connect) > dns error > DNS error: error response: Server Failure')
✓ Not Found
[5323/14713] Searching: PISTON DL288... Error searching 'PISTON DL288': ConnectError: ConnectError('error sending request for url (https://www.bing.com/images/async?q=PISTON+DL288&async=1&first=1&count=35) > client error (Connect) > dns error > DNS error: error response: Server Failure')
✓ Not Found
[5324/14713] Searching: PISTON DL288... Error searching 'PISTON DL288': ConnectError: ConnectError('error sending request for url (https://www.bing.com/images/async?q=PISTON+DL288&async=1&first=1&count=35) > client error (Connect) > dns error > DNS error: error response: Server Failure')
✓ Not Found
[5325/14713] Searching: PISTON DL288... Error searching 'PISTON DL288': ConnectError: ConnectError('error sending request for url (https://duckduckgo.com/?q=PISTON+DL288) > client error (Connect) > dns error > DNS error: error response: Server Failure')
✓ Not Found
[5326/14713] Searching: DL288 PRESSURE METER... Error searching 'DL288 PRESSURE METER': ConnectError: ConnectError('error sending request for url (https://www.bing.com/images/async?q=DL288+PRESSURE+METER&async=1&first=1&count=35) > client error (Connect) > dns error > DNS error: error response: Server Failure')
✓ Not Found
[5327/14713] Searching: SPRING DL288... Error searching 'SPRING DL288': ConnectError: ConnectError('error sending request for url (https://www.bing.com/images/async?q=SPRING+DL288&async=1&first=1&count=35) > client error (Connect) > dns error > DNS error: error response: Server Failure')
✓ Not Found
[5328/14713] Searching: SPRING DL288... Error searching 'SPRING DL288': ConnectError: ConnectError('error sending request for url (https://www.bing.com/images/async?q=SPRING+DL288&async=1&first=1&count=35) > client error (Connect) > dns error > DNS error: error response: Server Failure')
✓ Not Found
[5329/14713] Searching: SPRING DL288... Error searching 'SPRING DL288': ConnectError: ConnectError('error sending request for url (https://www.bing.com/images/async?q=SPRING+DL288&async=1&first=1&count=35) > client error (Connect) > dns error > DNS error: error response: Server Failure')
✓ Not Found
[5330/14713] Searching: DL288 MICRO SWITCH ASSY... Error searching 'DL288 MICRO SWITCH ASSY': ConnectError: ConnectError('error sending request for url (https://duckduckgo.com/?q=DL288+MICRO+SWITCH+ASSY) > client error (Connect) > dns error > DNS error: error response: Server Failure')
✓ Not Found
[5331/14713] Searching: DL288 TRUST BEARING... Error searching 'DL288 TRUST BEARING': ConnectError: ConnectError('error sending request for url (https://duckduckgo.com/?q=DL288+TRUST+BEARING) > client error (Connect) > dns error > DNS error: error response: Server Failure')
✓ Not Found
[5332/14713] Searching: VALVE DL288... Error searching 'VALVE DL288': ConnectError: ConnectError('error sending request for url (https://www.bing.com/images/async?q=VALVE+DL288&async=1&first=1&count=35) > client error (Connect) > dns error > DNS error: error response: Server Failure')
✓ Not Found
[5333/14713] Searching: VALVE DL288... Error searching 'VALVE DL288': ConnectError: ConnectError('error sending request for url (https://duckduckgo.com/?q=VALVE+DL288) > client error (Connect) > dns error > DNS error: error response: Server Failure')
✓ Not Found
[5334/14713] Searching: DL288 VALVE... Error searching 'DL288 VALVE': ConnectError: ConnectError('error sending request for url (https://duckduckgo.com/?q=DL288+VALVE) > client error (Connect) > dns error > DNS error: error response: Server Failure')
✓ Not Found
[5335/14713] Searching: 288 VALVE NUT... Error searching '288 VALVE NUT': ConnectError: ConnectError('error sending request for url (https://www.bing.com/images/async?q=288+VALVE+NUT&async=1&first=1&count=35) > client error (Connect) > dns error > DNS error: error response: Server Failure')
✓ Not Found
[5336/14713] Searching: WATER SEAL DL288... Error searching 'WATER SEAL DL288': ConnectError: ConnectError('error sending request for url (https://www.bing.com/images/async?q=WATER+SEAL+DL288&async=1&first=1&count=35) > client error (Connect) > dns error > DNS error: error response: Server Failure')
✓ Not Found
[5337/14713] Searching: WATER SEAL DL288... Error searching 'WATER SEAL DL288': ConnectError: ConnectError('error sending request for url (https://duckduckgo.com/?q=WATER+SEAL+DL288) > client error (Connect) > dns error > DNS error: error response: Server Failure')
✓ Not Found
[5338/14713] Searching: WATER SEAL DL288... Error searching 'WATER SEAL DL288': ConnectError: ConnectError('error sending request for url (https://duckduckgo.com/?q=WATER+SEAL+DL288) > client error (Connect) > dns error > DNS error: error response: Server Failure')
✓ Not Found
[5339/14713] Searching: DELI HEAD  LAMP DL5415 120LM... Error searching 'DELI HEAD  LAMP DL5415 120LM': ConnectError: ConnectError('error sending request for url (https://www.bing.com/images/async?q=DELI+HEAD++LAMP+DL5415+120LM&async=1&first=1&count=35) > client error (Connect) > dns error > DNS error: error response: Server Failure')
✓ Not Found
[5340/14713] Searching: BULL CARWASHER DLQ7 ORANGE 2000W... Error searching 'BULL CARWASHER DLQ7 ORANGE 2000W': ConnectError: ConnectError('error sending request for url (https://www.bing.com/images/async?q=BULL+CARWASHER+DLQ7+ORANGE+2000W&async=1&first=1&count=35) > client error (Connect) > dns error > DNS error: error response: Server Failure')
✓ Not Found
[5341/14713] Searching: DELI TIRE PRESSURE GAUGE DL886100... Error searching 'DELI TIRE PRESSURE GAUGE DL886100': ConnectError: ConnectError('error sending request for url (https://www.bing.com/images/async?q=DELI+TIRE+PRESSURE+GAUGE+DL886100&async=1&first=1&count=35) > client error (Connect) > dns error > DNS error: error response: Server Failure')
✓ Not Found
[5342/14713] Searching: DLQ7 BASE LOAD... Error searching 'DLQ7 BASE LOAD': ConnectError: ConnectError('error sending request for url (https://duckduckgo.com/?q=DLQ7+BASE+LOAD) > client error (Connect) > dns error > DNS error: error response: Server Failure')
✓ Not Found
[5343/14713] Searching: DLQ7 ORING... Error searching 'DLQ7 ORING': ConnectError: ConnectError('error sending request for url (https://duckduckgo.com/?q=DLQ7+ORING) > client error (Connect) > dns error > DNS error: error response: Server Failure')
✓ Not Found
[5344/14713] Searching: OIL SEAL DLQ7... Error searching 'OIL SEAL DLQ7': ConnectError: ConnectError('error sending request for url (https://www.bing.com/images/async?q=OIL+SEAL+DLQ7&async=1&first=1&count=35) > client error (Connect) > dns error > DNS error: error response: Server Failure')
✓ Not Found
[5345/14713] Searching: DLQ7 PISTON... Error searching 'DLQ7 PISTON': ConnectError: ConnectError('error sending request for url (https://duckduckgo.com/?q=DLQ7+PISTON) > client error (Connect) > dns error > DNS error: error response: Server Failure')
✓ Not Found
[5346/14713] Searching: DLQ7 PISTON SPRING... Error searching 'DLQ7 PISTON SPRING': ConnectError: ConnectError('error sending request for url (https://www.bing.com/images/async?q=DLQ7+PISTON+SPRING&async=1&first=1&count=35) > client error (Connect) > dns error > DNS error: error response: Server Failure')
✓ Not Found
[5347/14713] Searching: DLQ7 PELLET &SPRING... Error searching 'DLQ7 PELLET &SPRING': ConnectError: ConnectError('error sending request for url (https://www.bing.com/images/async?q=DLQ7+PELLET+%26SPRING&async=1&first=1&count=35) > client error (Connect) > dns error > DNS error: error response: Server Failure')
✓ Not Found
[5348/14713] Searching: DLQ7 VALVE... Error searching 'DLQ7 VALVE': ConnectError: ConnectError('error sending request for url (https://www.bing.com/images/async?q=DLQ7+VALVE&async=1&first=1&count=35) > client error (Connect) > dns error > DNS error: error response: Server Failure')
✓ Not Found
[5349/14713] Searching: WATER SEAL DLQ7... Error searching 'WATER SEAL DLQ7': ConnectError: ConnectError('error sending request for url (https://duckduckgo.com/?q=WATER+SEAL+DLQ7) > client error (Connect) > dns error > DNS error: error response: Server Failure')
✓ Not Found
[5350/14713] Searching: BATTERY... Error searching 'BATTERY': ConnectError: ConnectError('error sending request for url (https://www.bing.com/images/async?q=BATTERY&async=1&first=1&count=35) > client error (Connect) > dns error > DNS error: error response: Server Failure')
✓ Not Found
  [Progress: 5350/14713 products processed]
[5351/14713] Searching: BATTERY... Error searching 'BATTERY': ConnectError: ConnectError('error sending request for url (https://duckduckgo.com/?q=BATTERY) > client error (Connect) > dns error > DNS error: error response: Server Failure')
✓ Not Found
[5352/14713] Searching: BATTERY  CELL 9V... Error searching 'BATTERY  CELL 9V': ConnectError: ConnectError('error sending request for url (https://www.bing.com/images/async?q=BATTERY++CELL+9V&async=1&first=1&count=35) > client error (Connect) > dns error > DNS error: error response: Server Failure')
✓ Not Found
[5353/14713] Searching: K-DONGCHENG ELECTRIC PLANNER DMB82... Error searching 'K-DONGCHENG ELECTRIC PLANNER DMB82': ConnectError: ConnectError('error sending request for url (https://duckduckgo.com/?q=K-DONGCHENG+ELECTRIC+PLANNER+DMB82) > client error (Connect) > dns error > DNS error: error response: Server Failure')
✓ Not Found
[5354/14713] Searching: 45 DIGREE METAL CUTTING TOOL... Error searching '45 DIGREE METAL CUTTING TOOL': ConnectError: ConnectError('error sending request for url (https://duckduckgo.com/?q=45+DIGREE+METAL+CUTTING+TOOL) > client error (Connect) > dns error > DNS error: error response: Server Failure')
✓ Not Found
[5355/14713] Searching: DORSET MORTICE LOCK... Error searching 'DORSET MORTICE LOCK': ConnectError: ConnectError('error sending request for url (https://duckduckgo.com/?q=DORSET+MORTICE+LOCK) > client error (Connect) > dns error > DNS error: error response: Server Failure')
✓ Not Found
[5356/14713] Searching: METSO MULTIMETER DMM800... Error searching 'METSO MULTIMETER DMM800': ConnectError: ConnectError('error sending request for url (https://www.bing.com/images/async?q=METSO+MULTIMETER+DMM800&async=1&first=1&count=35) > client error (Connect) > dns error > DNS error: error response: Server Failure')
✓ Not Found
[5357/14713] Searching: METSO MULTIMETER OI -DMM830... Error searching 'METSO MULTIMETER OI -DMM830': ConnectError: ConnectError('error sending request for url (https://www.bing.com/images/async?q=METSO+MULTIMETER+OI+-DMM830&async=1&first=1&count=35) > client error (Connect) > dns error > DNS error: error response: Server Failure')
✓ Not Found
[5358/14713] Searching: TRIMMER MIP-FF02-6 DONG CHENG... Error searching 'TRIMMER MIP-FF02-6 DONG CHENG': ConnectError: ConnectError('error sending request for url (https://www.bing.com/images/async?q=TRIMMER+MIP-FF02-6+DONG+CHENG&async=1&first=1&count=35) > client error (Connect) > dns error > DNS error: error response: Server Failure')
✓ Not Found
[5359/14713] Searching: TRIMMER MIP-FF02-6 DONG CHENG... Error searching 'TRIMMER MIP-FF02-6 DONG CHENG': ConnectError: ConnectError('error sending request for url (https://duckduckgo.com/?q=TRIMMER+MIP-FF02-6+DONG+CHENG) > client error (Connect) > dns error > DNS error: error response: Server Failure')
✓ Not Found
[5360/14713] Searching: JIG SAW DMQ85... Error searching 'JIG SAW DMQ85': ConnectError: ConnectError('error sending request for url (https://www.bing.com/images/async?q=JIG+SAW+DMQ85&async=1&first=1&count=35) > client error (Connect) > dns error > DNS error: error response: Server Failure')
✓ Not Found
[5361/14713] Searching: WOOD ROUTER DMR8 - 900 W... Error searching 'WOOD ROUTER DMR8 - 900 W': ConnectError: ConnectError('error sending request for url (https://www.bing.com/images/async?q=WOOD+ROUTER+DMR8+-+900+W&async=1&first=1&count=35) > client error (Connect) > dns error > DNS error: error response: Server Failure')
✓ Not Found
[5362/14713] Searching: 1/4' DRIVER METRIC SOCKET SET 46PCS... Error searching '1/4' DRIVER METRIC SOCKET SET 46PCS': ConnectError: ConnectError('error sending request for url (https://duckduckgo.com/?q=1%2F4%27+DRIVER+METRIC+SOCKET+SET+46PCS) > client error (Connect) > dns error > DNS error: error response: Server Failure')
✓ Not Found
[5363/14713] Searching: DOOR GUARD... Error searching 'DOOR GUARD': ConnectError: ConnectError('error sending request for url (https://www.bing.com/images/async?q=DOOR+GUARD&async=1&first=1&count=35) > client error (Connect) > dns error > DNS error: error response: Server Failure')
✓ Not Found
[5364/14713] Searching: VELCRO PAPER 7''120 GR... Error searching 'VELCRO PAPER 7''120 GR': ConnectError: ConnectError('error sending request for url (https://duckduckgo.com/?q=VELCRO+PAPER+7%27%27120+GR) > client error (Connect) > dns error > DNS error: error response: Server Failure')
✓ Not Found
[5365/14713] Searching: DOSA PALTA... Error searching 'DOSA PALTA': ConnectError: ConnectError('error sending request for url (https://www.bing.com/images/async?q=DOSA+PALTA&async=1&first=1&count=35) > client error (Connect) > dns error > DNS error: error response: Server Failure')
✓ Not Found
[5366/14713] Searching: CORE CUTTER ADAPTOR SMALL 1 1/4*M22 F... Error searching 'CORE CUTTER ADAPTOR SMALL 1 1/4*M22 F': ConnectError: ConnectError('error sending request for url (https://duckduckgo.com/?q=CORE+CUTTER+ADAPTOR+SMALL+1+1%2F4*M22+F) > client error (Connect) > dns error > DNS error: error response: Server Failure')
✓ Not Found
[5367/14713] Searching: CORE CUTTER ADAPTER BIG 1-1/4F*M22... Error searching 'CORE CUTTER ADAPTER BIG 1-1/4F*M22': ConnectError: ConnectError('error sending request for url (https://duckduckgo.com/?q=CORE+CUTTER+ADAPTER+BIG+1-1%2F4F*M22) > client error (Connect) > dns error > DNS error: error response: Server Failure')
✓ Not Found
[5368/14713] Searching: CORE CUTTER EXTENTION ROD 12 INCH... Error searching 'CORE CUTTER EXTENTION ROD 12 INCH': ConnectError: ConnectError('error sending request for url (https://www.bing.com/images/async?q=CORE+CUTTER+EXTENTION+ROD+12+INCH&async=1&first=1&count=35) > client error (Connect) > dns error > DNS error: error response: Server Failure')
✓ Not Found
[5369/14713] Searching: CORE CUTTER EXTENTION ROD 9 INCH... Error searching 'CORE CUTTER EXTENTION ROD 9 INCH': ConnectError: ConnectError('error sending request for url (https://www.bing.com/images/async?q=CORE+CUTTER+EXTENTION+ROD+9+INCH&async=1&first=1&count=35) > client error (Connect) > dns error > DNS error: error response: Server Failure')
✓ Not Found
[5370/14713] Searching: CORE CUTTER EXTENTION ROD 6 INCH... Error searching 'CORE CUTTER EXTENTION ROD 6 INCH': ConnectError: ConnectError('error sending request for url (https://www.bing.com/images/async?q=CORE+CUTTER+EXTENTION+ROD+6+INCH&async=1&first=1&count=35) > client error (Connect) > dns error > DNS error: error response: Server Failure')
✓ Not Found
[5371/14713] Searching: ADAPTOR AG5 M14*M10... Error searching 'ADAPTOR AG5 M14*M10': ConnectError: ConnectError('error sending request for url (https://duckduckgo.com/?q=ADAPTOR+AG5+M14*M10) > client error (Connect) > dns error > DNS error: error response: Server Failure')
✓ Not Found
[5372/14713] Searching: ADAPTOR M10*M14 AG5... Error searching 'ADAPTOR M10*M14 AG5': ConnectError: ConnectError('error sending request for url (https://duckduckgo.com/?q=ADAPTOR+M10*M14+AG5) > client error (Connect) > dns error > DNS error: error response: Server Failure')
✓ Not Found
[5373/14713] Searching: ADAPTOR M10*M10 AG4 EXTENTION... Error searching 'ADAPTOR M10*M10 AG4 EXTENTION': ConnectError: ConnectError('error sending request for url (https://duckduckgo.com/?q=ADAPTOR+M10*M10+AG4+EXTENTION) > client error (Connect) > dns error > DNS error: error response: Server Failure')
✓ Not Found
[5374/14713] Searching: DOUBLE BALDE ADAPTOR 4 INCH... Error searching 'DOUBLE BALDE ADAPTOR 4 INCH': ConnectError: ConnectError('error sending request for url (https://duckduckgo.com/?q=DOUBLE+BALDE+ADAPTOR+4+INCH) > client error (Connect) > dns error > DNS error: error response: Server Failure')
✓ Not Found
[5375/14713] Searching: DOUBLE BLADE ADAPTER 5 INCH... Error searching 'DOUBLE BLADE ADAPTER 5 INCH': ConnectError: ConnectError('error sending request for url (https://duckduckgo.com/?q=DOUBLE+BLADE+ADAPTER+5+INCH) > client error (Connect) > dns error > DNS error: error response: Server Failure')
✓ Not Found
[5376/14713] Searching: ADAPTER M12*1/2 MIXER TO DRILL... Error searching 'ADAPTER M12*1/2 MIXER TO DRILL': ConnectError: ConnectError('error sending request for url (https://www.bing.com/images/async?q=ADAPTER+M12*1%2F2+MIXER+TO+DRILL&async=1&first=1&count=35) > client error (Connect) > dns error > DNS error: error response: Server Failure')
✓ Not Found
[5377/14713] Searching: ADAPTOR 1/2 UNF *M12 DRILL TO MIXER... Error searching 'ADAPTOR 1/2 UNF *M12 DRILL TO MIXER': ConnectError: ConnectError('error sending request for url (https://www.bing.com/images/async?q=ADAPTOR+1%2F2+UNF+*M12+DRILL+TO+MIXER&async=1&first=1&count=35) > client error (Connect) > dns error > DNS error: error response: Server Failure')
✓ Not Found
[5378/14713] Searching: ADAPTOR 1/2 UNF *M12 DRILL TO MIXER... Error searching 'ADAPTOR 1/2 UNF *M12 DRILL TO MIXER': ConnectError: ConnectError('error sending request for url (https://duckduckgo.com/?q=ADAPTOR+1%2F2+UNF+*M12+DRILL+TO+MIXER) > client error (Connect) > dns error > DNS error: error response: Server Failure')
✓ Not Found
[5379/14713] Searching: ADAPTOR M10*1/2UNF AG4 TO DRILL... Error searching 'ADAPTOR M10*1/2UNF AG4 TO DRILL': ConnectError: ConnectError('error sending request for url (https://www.bing.com/images/async?q=ADAPTOR+M10*1%2F2UNF+AG4+TO+DRILL&async=1&first=1&count=35) > client error (Connect) > dns error > DNS error: error response: Server Failure')
✓ Not Found
[5380/14713] Searching: ADAPTOR M10*1/2UNF AG4 TO DRILL... Error searching 'ADAPTOR M10*1/2UNF AG4 TO DRILL': ConnectError: ConnectError('error sending request for url (https://duckduckgo.com/?q=ADAPTOR+M10*1%2F2UNF+AG4+TO+DRILL) > client error (Connect) > dns error > DNS error: error response: Server Failure')
✓ Not Found
[5381/14713] Searching: CHUCK ADAPTOR 1/2 UNF DJC30... Error searching 'CHUCK ADAPTOR 1/2 UNF DJC30': ConnectError: ConnectError('error sending request for url (https://duckduckgo.com/?q=CHUCK+ADAPTOR+1%2F2+UNF+DJC30) > client error (Connect) > dns error > DNS error: error response: Server Failure')
✓ Not Found
[5382/14713] Searching: CHUCK ADAPTOR  5/8 UNF DJC30... Error searching 'CHUCK ADAPTOR  5/8 UNF DJC30': ConnectError: ConnectError('error sending request for url (https://www.bing.com/images/async?q=CHUCK+ADAPTOR++5%2F8+UNF+DJC30&async=1&first=1&count=35) > client error (Connect) > dns error > DNS error: error response: Server Failure')
✓ Not Found
[5383/14713] Searching: CORE BIT ADAPTER M10... Error searching 'CORE BIT ADAPTER M10': ConnectError: ConnectError('error sending request for url (https://www.bing.com/images/async?q=CORE+BIT+ADAPTER+M10&async=1&first=1&count=35) > client error (Connect) > dns error > DNS error: error response: Server Failure')
✓ Not Found
[5384/14713] Searching: BUFFING ADAPTER L5 INCH *M14... Error searching 'BUFFING ADAPTER L5 INCH *M14': ConnectError: ConnectError('error sending request for url (https://www.bing.com/images/async?q=BUFFING+ADAPTER+L5+INCH+*M14&async=1&first=1&count=35) > client error (Connect) > dns error > DNS error: error response: Server Failure')
✓ Not Found
[5385/14713] Searching: 0810 PISTON 5KG... Error searching '0810 PISTON 5KG': ConnectError: ConnectError('error sending request for url (https://duckduckgo.com/?q=0810+PISTON+5KG) > client error (Connect) > dns error > DNS error: error response: Server Failure')
✓ Not Found
[5386/14713] Searching: BLOWER VACCUM DQF25... Error searching 'BLOWER VACCUM DQF25': ConnectError: ConnectError('error sending request for url (https://www.bing.com/images/async?q=BLOWER+VACCUM+DQF25&async=1&first=1&count=35) > client error (Connect) > dns error > DNS error: error response: Server Failure')
✓ Not Found
[5387/14713] Searching: BLOWER VACCUM DQF25... Error searching 'BLOWER VACCUM DQF25': ConnectError: ConnectError('error sending request for url (https://duckduckgo.com/?q=BLOWER+VACCUM+DQF25) > client error (Connect) > dns error > DNS error: error response: Server Failure')
✓ Not Found
[5388/14713] Searching: ELE.MIXER WITH PADDLE DQU160... Error searching 'ELE.MIXER WITH PADDLE DQU160': ConnectError: ConnectError('error sending request for url (https://www.bing.com/images/async?q=ELE.MIXER+WITH+PADDLE+DQU160&async=1&first=1&count=35) > client error (Connect) > dns error > DNS error: error response: Server Failure')
✓ Not Found
[5389/14713] Searching: ELE.MIXER WITH PADDLE DQU160... Error searching 'ELE.MIXER WITH PADDLE DQU160': ConnectError: ConnectError('error sending request for url (https://www.bing.com/images/async?q=ELE.MIXER+WITH+PADDLE+DQU160&async=1&first=1&count=35) > client error (Connect) > dns error > DNS error: error response: Server Failure')
✓ Not Found
[5390/14713] Searching: RENTAL DRILL MACHINE... Error searching 'RENTAL DRILL MACHINE': ConnectError: ConnectError('error sending request for url (https://www.bing.com/images/async?q=RENTAL+DRILL+MACHINE&async=1&first=1&count=35) > client error (Connect) > dns error > DNS error: error response: Server Failure')
✓ Not Found
[5391/14713] Searching: OMR SWITCH  1630/MT60 1900B... Error searching 'OMR SWITCH  1630/MT60 1900B': ConnectError: ConnectError('error sending request for url (https://duckduckgo.com/?q=OMR+SWITCH++1630%2FMT60+1900B) > client error (Connect) > dns error > DNS error: error response: Server Failure')
✓ Not Found
[5392/14713] Searching: DESIGN ROLLER 7" YELLOW... Error searching 'DESIGN ROLLER 7" YELLOW': ConnectError: ConnectError('error sending request for url (https://duckduckgo.com/?q=DESIGN+ROLLER+7%22+YELLOW) > client error (Connect) > dns error > DNS error: error response: Server Failure')
✓ Not Found
[5393/14713] Searching: DESIGN ROLLER 9''... Error searching 'DESIGN ROLLER 9''': ConnectError: ConnectError('error sending request for url (https://www.bing.com/images/async?q=DESIGN+ROLLER+9%27%27&async=1&first=1&count=35) > client error (Connect) > dns error > DNS error: error response: Server Failure')
✓ Not Found
[5394/14713] Searching: DESIGN ROLLER 9 INCH ACLE... Error searching 'DESIGN ROLLER 9 INCH ACLE': ConnectError: ConnectError('error sending request for url (https://www.bing.com/images/async?q=DESIGN+ROLLER+9+INCH+ACLE&async=1&first=1&count=35) > client error (Connect) > dns error > DNS error: error response: Server Failure')
✓ Not Found
[5395/14713] Searching: SHELLAC... Error searching 'SHELLAC': ConnectError: ConnectError('error sending request for url (https://www.bing.com/images/async?q=SHELLAC&async=1&first=1&count=35) > client error (Connect) > dns error > DNS error: error response: Server Failure')
✓ Not Found
[5396/14713] Searching: DRONN  DRAINAGE BLOCK CLEANING POWDER... Error searching 'DRONN  DRAINAGE BLOCK CLEANING POWDER': ConnectError: ConnectError('error sending request for url (https://duckduckgo.com/?q=DRONN++DRAINAGE+BLOCK+CLEANING+POWDER) > client error (Connect) > dns error > DNS error: error response: Server Failure')
✓ Not Found
[5397/14713] Searching: DEEPS S-TYPE RING SPANNER 10X 11MMDTPL... Error searching 'DEEPS S-TYPE RING SPANNER 10X 11MMDTPL': ConnectError: ConnectError('error sending request for url (https://www.bing.com/images/async?q=DEEPS+S-TYPE+RING+SPANNER+10X+11MMDTPL&async=1&first=1&count=35) > client error (Connect) > dns error > DNS error: error response: Server Failure')
✓ Not Found
[5398/14713] Searching: DRUM PULLER  maruthi... Error searching 'DRUM PULLER  maruthi': ConnectError: ConnectError('error sending request for url (https://duckduckgo.com/?q=DRUM+PULLER++maruthi) > client error (Connect) > dns error > DNS error: error response: Server Failure')
✓ Not Found
[5399/14713] Searching: DESIGN ROLLER YELLOW LINE 9''... Error searching 'DESIGN ROLLER YELLOW LINE 9''': ConnectError: ConnectError('error sending request for url (https://www.bing.com/images/async?q=DESIGN+ROLLER+YELLOW+LINE+9%27%27&async=1&first=1&count=35) > client error (Connect) > dns error > DNS error: error response: Server Failure')
✓ Not Found
[5400/14713] Searching: DRY WALL BIT... Error searching 'DRY WALL BIT': ConnectError: ConnectError('error sending request for url (https://duckduckgo.com/?q=DRY+WALL+BIT) > client error (Connect) > dns error > DNS error: error response: Server Failure')
✓ Not Found
  [Progress: 5400/14713 products processed]
[5401/14713] Searching: DRAIN CLEANING NOZZLE DS06 ACE... Error searching 'DRAIN CLEANING NOZZLE DS06 ACE': ConnectError: ConnectError('error sending request for url (https://duckduckgo.com/?q=DRAIN+CLEANING+NOZZLE+DS06+ACE) > client error (Connect) > dns error > DNS error: error response: Server Failure')
✓ Not Found
[5402/14713] Searching: DRAIN CLEANING NOZZLE DS07 ACE... Error searching 'DRAIN CLEANING NOZZLE DS07 ACE': ConnectError: ConnectError('error sending request for url (https://www.bing.com/images/async?q=DRAIN+CLEANING+NOZZLE+DS07+ACE&async=1&first=1&count=35) > client error (Connect) > dns error > DNS error: error response: Server Failure')
✓ Not Found
[5403/14713] Searching: CARBON BRUSH HOLDER 7345... Error searching 'CARBON BRUSH HOLDER 7345': ConnectError: ConnectError('error sending request for url (https://www.bing.com/images/async?q=CARBON+BRUSH+HOLDER+7345&async=1&first=1&count=35) > client error (Connect) > dns error > DNS error: error response: Server Failure')
✓ Not Found
[5404/14713] Searching: D SHACKLE 1/4" 6MM GI... Error searching 'D SHACKLE 1/4" 6MM GI': ConnectError: ConnectError('error sending request for url (https://duckduckgo.com/?q=D+SHACKLE+1%2F4%22+6MM+GI) > client error (Connect) > dns error > DNS error: error response: Server Failure')
✓ Not Found
[5405/14713] Searching: TIP NOZZLE SET 4PCS  DS102  ACE... Error searching 'TIP NOZZLE SET 4PCS  DS102  ACE': ConnectError: ConnectError('error sending request for url (https://www.bing.com/images/async?q=TIP+NOZZLE+SET+4PCS++DS102++ACE&async=1&first=1&count=35) > client error (Connect) > dns error > DNS error: error response: Server Failure')
✓ Not Found
[5406/14713] Searching: TIP NOZZLE SET 4PCS  DS102  ACE... Error searching 'TIP NOZZLE SET 4PCS  DS102  ACE': ConnectError: ConnectError('error sending request for url (https://www.bing.com/images/async?q=TIP+NOZZLE+SET+4PCS++DS102++ACE&async=1&first=1&count=35) > client error (Connect) > dns error > DNS error: error response: Server Failure')
✓ Not Found
[5407/14713] Searching: TIP NOZZLE SET 4PCS  DS102  ACE... Error searching 'TIP NOZZLE SET 4PCS  DS102  ACE': ConnectError: ConnectError('error sending request for url (https://duckduckgo.com/?q=TIP+NOZZLE+SET+4PCS++DS102++ACE) > client error (Connect) > dns error > DNS error: error response: Server Failure')
✓ Not Found
[5408/14713] Searching: TIP NOZZLE SE T 6PCS ACE DS103... ✓ Found
[5409/14713] Searching: HIKOKI  CORDLESS DRILL 12V DS12DE... ✓ Found
[5410/14713] Searching: FIELD COIL P507345... ✓ Found
[5411/14713] Searching: DS25 CARBON BRUSH... ✓ Found
[5412/14713] Searching: DS25 DUST HOSE... ✓ Found
[5413/14713] Searching: DS25 DUST HOSE CONNECTER... ✓ Found
[5414/14713] Searching: DS25 LIGHT BELT... ✓ Found
[5415/14713] Searching: DS25 LEFT HANDLE... ✓ Found
[5416/14713] Searching: DS25 RIGHT HANDLE... ✓ Found
[5417/14713] Searching: DS25 SPRING... ✓ Found
[5418/14713] Searching: DS25 SPEED GOVERNER... ✓ Found
[5419/14713] Searching: DS25 SCREW... ✓ Found
[5420/14713] Searching: DS25 SCREW... ✓ Found
[5421/14713] Searching: DRY WALL SANDER 929 ACTIVE SHAFT... ✓ Found
[5422/14713] Searching: D SHACKLE 3/8 10MM GI IMT... ✓ Found
[5423/14713] Searching: DRY WALL SANDER  -33 BRUSH HOLDER... ✓ Found
[5424/14713] Searching: SPRAY NOZZLE  5 IN 1 DS356  ACE... ✓ Found
[5425/14713] Searching: BACKING VELCRO PAD 187345... ✓ Found
[5426/14713] Searching: D SHACKLE 5/16" 8MM GI... ✓ Found
[5427/14713] Searching: ADJUSTABLE NOZZLE DS50 BLACK... ✓ Found
[5428/14713] Searching: ADJUSTABLE NOZZLE DS50 BLACK... ✓ Found
[5429/14713] Searching: TUQO TIP NOZZLE GREEN 25 DS62... ✓ Found
[5430/14713] Searching: DS70 BEARING SLEEVE  F22... ✓ Found
[5431/14713] Searching: DS70 CARBON BRUSH... ✓ Found
[5432/14713] Searching: DS70 CARBON BRUSH... ✓ Found
[5433/14713] Searching: DS70 CARBON BRUSH  CAP... ✓ Found
[5434/14713] Searching: DS70 CARBON BRUSH HOLDER... ✓ Found
[5435/14713] Searching: DS70 F180 SANDING PAD... ✓ Found
[5436/14713] Searching: DS70 BIG GEAR... ✓ Found
[5437/14713] Searching: DS70 LED CONTROLLER... ✓ Found
[5438/14713] Searching: DS70 HEX SCREW M6*22... ✓ Found
[5439/14713] Searching: DS70 OUTPUT SHAFT... ✓ Found
[5440/14713] Searching: DS70 SWITCH... ✓ Found
[5441/14713] Searching: DS70 SWITCH... ✓ Found
[5442/14713] Searching: DS70 SPEED CONTROLLER... ✓ Found
[5443/14713] Searching: DS70 SPINDLE... ✓ Found
[5444/14713] Searching: DS70  TOWERTYPE SPRING... ✓ Found
[5445/14713] Searching: DS70 TOWERTYPE SPRING... ✓ Found
[5446/14713] Searching: DS70 TOWERTYPE SPRING... ✓ Found
[5447/14713] Searching: SWITCH... ✓ Found
[5448/14713] Searching: TIP NOZZLE RED 0 DS80 ACE... ✓ Found
[5449/14713] Searching: CV81 BRUSH  HOLDER... ✓ Found
[5450/14713] Searching: TIP NOZZLE YELLOW-15  DS81 ACE... ✓ Found
  [Progress: 5450/14713 products processed]
[5451/14713] Searching: TIP NOZZLE WHITE 40 DS83 ACE... ✓ Found
[5452/14713] Searching: DS90 CARBON BRUSH... ✓ Found
[5453/14713] Searching: DOUBLE SIDE TAPE  1 INCH... ✓ Found
[5454/14713] Searching: DOUBLE SIDE TAPE 1/2*10 3M... ✓ Found
[5455/14713] Searching: ORBITAL SANDER 93X185 (DONGCHENG )... ✓ Found
[5456/14713] Searching: ORBITAL SANDER 93X185 (DONGCHENG )... ✓ Found
[5457/14713] Searching: BASE ASSY  DSB185... ✓ Found
[5458/14713] Searching: CARBON BRUSH DSB185... ✓ Found
[5459/14713] Searching: DRILL SLEEVE 2-3 BENCH DRILL... ✓ Found
[5460/14713] Searching: DRYWALL SANDER DSF02... ✓ Found
[5461/14713] Searching: D/S 18MM FOAM TAPE DOUBLE SIDE... ✓ Found
[5462/14713] Searching: DOUBLE SIDE TAPE 1 INCH... ✓ Found
[5463/14713] Searching: DOUBLE SIDE TAPE 1 INCH... ✓ Found
[5464/14713] Searching: DOUBLE SIDE TAPE 1 INCH... ✓ Found
[5465/14713] Searching: DOUBLE SIDE TAPE 11/2 INCH... ✓ Found
[5466/14713] Searching: DOUBLE SIDE TAPE 2 INCH... ✓ Found
[5467/14713] Searching: DOUBLE SIDE TAPE 3/4 INCH... ✓ Found
[5468/14713] Searching: K DONGCHENG ANGLE GRINDER 4'' DSM03-100... ✓ Found
[5469/14713] Searching: ANGLE GRINDER DSM04-100A 560W... ✓ Found
[5470/14713] Searching: ANGLE GRINDER 4K-DONGCHENG --6-100 (S1M03-100A) 80... ✓ Found
[5471/14713] Searching: CARBON BRUSH 8-100... ✓ Found
[5472/14713] Searching: ANGLE GRINDER  DSM125A(DONGCHENG) 850W... ✓ Found
[5473/14713] Searching: ANGLE GRINDER  DSM125A(DONGCHENG) 850W... ✓ Found
[5474/14713] Searching: ANGLE GRINDER DSM180A 2200W... ✓ Found
[5475/14713] Searching: ANGLE GRINDER DSM180A 2200W... ✓ Found
[5476/14713] Searching: DONGCHENG ANGLE GRINDER DSM21 4 INCH... ✓ Found
[5477/14713] Searching: DONGCHENG ANGLE GRINDER 9-230A(KSM230A) 2200W... ✓ Found
[5478/14713] Searching: DONGCHENG ANGLE GRINDER 9-230A(KSM230A) 2200W... ✓ Found
[5479/14713] Searching: METSO DOUBLE SIDED TRIANGULAR SCALE DST12 12 INCH... ✓ Found
[5480/14713] Searching: DOOR STROPPER 12MM DOUBLE... ✓ Found
[5481/14713] Searching: DOOR STROPPER 12MM SINGLE... ✓ Found
[5482/14713] Searching: DAMIER VACCUM CLEANER 25 LTR MOTOR... ✓ Found
[5483/14713] Searching: DIGITAL CLAMP METER DT266... ✓ Found
[5484/14713] Searching: DEBURING TOOL 530... ✓ Found
[5485/14713] Searching: MULTI METER -DT9205A... ✓ Found
[5486/14713] Searching: MAKITA CORDLESS IMPACT DRIVER 18V... ✓ Found
[5487/14713] Searching: ENDICO HEAT GUN... ✓ Found
[5488/14713] Searching: MAKITA IMPACT WRENCH 18 V 1/2 MINCH... ✓ Found
[5489/14713] Searching: ARMATURE... ✓ Found
[5490/14713] Searching: VACCUM CLEANER DVC15 DONG CHENG... ✓ Found
[5491/14713] Searching: DEWALT LASER DISTANCE M,ETER 50M... ✓ Found
[5492/14713] Searching: DW055PL DEWALT LASER 16M... ✓ Found
[5493/14713] Searching: DW180 SC DWS 180 SPEED CONTROLLER... ✓ Found
[5494/14713] Searching: DW708-02 DRILL HOLDER... ✓ Found
[5495/14713] Searching: DW708-25 RAM... ✓ Found
[5496/14713] Searching: DW708-26 NEEDLE BEARING NK1820... ✓ Found
[5497/14713] Searching: DW708-26 NEEDLE BEARING NK1820... ✓ Found
[5498/14713] Searching: DW708-31 WOOD RUFF KEY... ✓ Found
[5499/14713] Searching: DW708-38 BIG GEAR WHEEL... ✓ Found
[5500/14713] Searching: DW708-60 RIGHT HANDLE... ✓ Found
  [Progress: 5500/14713 products processed]
[5501/14713] Searching: DW708-62 LEFT HANDLE... ✓ Found
[5502/14713] Searching: DW708-80 WICK... ✓ Found
[5503/14713] Searching: DEWALT METER SAW COMPOUND  DW714... ✓ Found
[5504/14713] Searching: DEWALT ANGLE GRINDER DW801 , 850W... ✓ Found
[5505/14713] Searching: DEWALT ANGLE GRINDER DW801 , 850W... ✓ Found
[5506/14713] Searching: DEWALT ANGLE GRINDER DW801 , 850W... ✓ Found
[5507/14713] Searching: CARBON BRUSH PAIR DW801... ✓ Found
[5508/14713] Searching: CARBON BRUSH PAIR DW801... ✓ Found
[5509/14713] Searching: CARBON BRUSH PAIR DW801... ✓ Found
[5510/14713] Searching: GEAR BOX GRINDER 801 MODEL... ✓ Found
[5511/14713] Searching: BEARING COVER DW801 ORG... ✓ Found
[5512/14713] Searching: DEWALT ANGLE GRINDER DW801 850W QUALITY... ✓ Found
[5513/14713] Searching: SWITCH 801... ✓ Found
[5514/14713] Searching: DEWALT TOGGER GRINDER 1000W DW803... ✓ Found
[5515/14713] Searching: DEWAL CUTTER DW862 1270W... ✓ Found
[5516/14713] Searching: DEWALT CUTTING WHEEL 14 INCH GREEN... ✓ Found
[5517/14713] Searching: DEWALT CUTTING WHEEL... ✓ Found
[5518/14713] Searching: DEWALT ANGLE GRINDER 125MM DWE4235... ✓ Found
[5519/14713] Searching: DEWALT GRINDER 5 INCH AB WASHER INNER... ✓ Found
[5520/14713] Searching: DEWALT GRINDER 5 INCH AB WASHER... ✓ Found
[5521/14713] Searching: DEWALT ANGLE GRINDER 180MM DWE493... ✓ Found
[5522/14713] Searching: DEWALT ANGLE GRINDER 750 W 4 INCH... ✓ Found
[5523/14713] Searching: DWS SOLID BOX SPANNER 14X 15MM... ✓ Found
[5524/14713] Searching: MAL DRY WALL SANDER 800W 7 INCH... ✓ Found
[5525/14713] Searching: MAL DRY WALL SANDER 800W 7 INCH... ✓ Found
[5526/14713] Searching: DWS18005-DWS 180 OUT SHAFT... ✓ Found
[5527/14713] Searching: DWS18023 BIG GEAR... ✓ Found
[5528/14713] Searching: DW801ARMATURE... ✓ Found
[5529/14713] Searching: DWS180 FIELD... ✓ Found
[5530/14713] Searching: DWS180 FIELD... ✓ Found
[5531/14713] Searching: DWS180 SWITCH... ✓ Found
[5532/14713] Searching: DWS 180 BRUSH CAP  DWS18041... ✓ Found
[5533/14713] Searching: CARBON BRUSH FOR MAL DRYWALL SANDER... ✓ Found
[5534/14713] Searching: CABLE SHEET FOR MAL DRYWALL SANDER DWS180... ✓ Found
[5535/14713] Searching: CABLE SHEATH FOR MAL DRYWALL SANDER DWS180... ✓ Found
[5536/14713] Searching: LED CONTROL PANEL FOR MAL DRYWALL SANDER DWS180... ✓ Found
[5537/14713] Searching: DWS 180 LED DOUBLE RAW LIGHTS DWS180LDRL... ✓ Found
[5538/14713] Searching: LEDSWITCH FOR MAL DRYWALL SANDER DWS180... ✓ Found
[5539/14713] Searching: LEFT SWITCH FOR MAL DRYWALL SANDER DWS180... ✓ Found
[5540/14713] Searching: SANDER PAD FOR MAL DRYWALL SANDER... ✓ Found
[5541/14713] Searching: RIGHT SWITCH BOX MAL DRYWALL SANDER DWS180... ✓ Found
[5542/14713] Searching: SWITCH FOR MAL DRYWALL SANDER DWS180... ✓ Found
[5543/14713] Searching: SPEED CONTROLLER FOR MAL DRYWALL SANDER... ✓ Found
[5544/14713] Searching: DONCHENG HAMMER DRILL 750W  DZC03-26B... ✓ Found
[5545/14713] Searching: CHUCK SLEEVE ASSY DZC03... ✓ Found
[5546/14713] Searching: CHUCK BODY ( TOOL HOLDER ) DZC03-26... ✓ Found
[5547/14713] Searching: KDONGCHENGMARBLCUTTER4'' CM4SB(DZE02-110... ✓ Found
[5548/14713] Searching: K-DONGCHENG MARBLE CUTTER4"-CM4SA... ✓ Found
[5549/14713] Searching: K-DONGCHENG MARBLE CUTTER4"-CM4SA... ✓ Found
[5550/14713] Searching: MARBLE CUTTER DZE125... ✓ Found
  [Progress: 5550/14713 products processed]
[5551/14713] Searching: DONGCHENG MARBLE CUTTER DZE03... ✓ Found
[5552/14713] Searching: K-DONGCHENG-PERCUSSION HAMMER PH65(DZG02 16KG... ✓ Found
[5553/14713] Searching: K-DONGCHENG-PERCUSSION HAMMER PH65(DZG02 16KG... ✓ Found
[5554/14713] Searching: PERCUSSION HAMMER  ZIG FF06  DONG CHENG 1400W... ✓ Found
[5555/14713] Searching: PERCUSSION HAMMER DONGCHENG DZG07... ✓ Found
[5556/14713] Searching: PERCUSSION HAMMER DONGCHENG DZG07... ✓ Found
[5557/14713] Searching: DONGCHENG PERCUSSION HAMMER 10KG... ✓ Found
[5558/14713] Searching: IMPACT DRILL DZJ02-13MM... ✓ Found
[5559/14713] Searching: DONGCHENG WALL GROOVE CUTTER... ✓ Found
[5560/14713] Searching: DONGCHENG CORE CUTTING MACHINE D130... ✓ Found
[5561/14713] Searching: ULI... ✓ Found
[5562/14713] Searching: ULI... ✓ Found
[5563/14713] Searching: ULI... ✓ Found
[5564/14713] Searching: MAG BOOST MAGNET MAKITA... ✓ Found
[5565/14713] Searching: 0810 GEAR EVEREST... ✓ Found
[5566/14713] Searching: EMTEX CHISEL 0810 POINT... ✓ Found
[5567/14713] Searching: MAKITA CUTT OFF WHEEL 14 INCH... ✓ Found
[5568/14713] Searching: KAMBI ULI   E11... ✓ Found
[5569/14713] Searching: KAMBI ULI   E11... ✓ Found
[5570/14713] Searching: KAMBI ULI   E11... ✓ Found
[5571/14713] Searching: KAMBI PARA... ✓ Found
[5572/14713] Searching: KOTTA MED... ✓ Found
[5573/14713] Searching: KOTTA MED... ✓ Found
[5574/14713] Searching: EASTMAN DOUBLE SPANNER 30*32 E2001... ✓ Found
[5575/14713] Searching: EASTMAN DEP SPANNER SET 12 PCS E2001-12... ✓ Found
[5576/14713] Searching: EASTMAN DOUBLE END SPANNER B24*27/E2001... ✓ Found
[5577/14713] Searching: EASTMAN DEP SPANNER SET 12 PCS E200112... ✓ Found
[5578/14713] Searching: EASTMAN COMBINATION SPANNER 13MM E2005... ✓ Found
[5579/14713] Searching: EASTMAN RING SPANNER DEEP30*32 E2006... ✓ Found
[5580/14713] Searching: EASTMAN COMBINATION PLIER 8 INCH E2020... ✓ Found
[5581/14713] Searching: EASTMAN WATER PUMP PLIER 10 INCH E2030A... ✓ Found
[5582/14713] Searching: EASTMAN ADJUSTABLE 300MM 12 INCH E2051P... ✓ Found
[5583/14713] Searching: RUBBER KOTTA SCR KARUNAGA... ✓ Found
[5584/14713] Searching: MS CHATTY... ✓ Found
[5585/14713] Searching: MS CHATTY... ✓ Found
[5586/14713] Searching: MS CHATTY... ✓ Found
[5587/14713] Searching: MS CHATTY... ✓ Found
[5588/14713] Searching: EASTMAN ROTARY BARREL PUMP  E2262... ✓ Found
[5589/14713] Searching: ULI... ✓ Found
[5590/14713] Searching: WEEDER 14SPL PIDIPPALLY... ✓ Found
[5591/14713] Searching: WEEDER 14SPL PIDIPPALLY... ✓ Found
[5592/14713] Searching: WEEDER 14SPL PIDIPPALLY... ✓ Found
[5593/14713] Searching: WEEDER 14SPL PIDIPPALLY... ✓ Found
[5594/14713] Searching: EASTMAN HAND RIVERTER 25MM E-3012... ✓ Found
[5595/14713] Searching: EASTMAN PVC CUTTER 42MM... ✓ Found
[5596/14713] Searching: WELDING WIRE GASLESS CORED WIRE .8MM 1KG... ✓ Found
[5597/14713] Searching: PIDI COAT TATA... ✓ Found
[5598/14713] Searching: PIDI COAT TATA... ✓ Found
[5599/14713] Searching: PIDI COAT TATA... ✓ Found
[5600/14713] Searching: PIDI COAT TATA... ✓ Found
  [Progress: 5600/14713 products processed]
[5601/14713] Searching: PIDI COAT TATA... ✓ Found
[5602/14713] Searching: PIDI COAT TATA... ✓ Found
[5603/14713] Searching: PIDI COAT 1.4 TATA RED... ✓ Found
[5604/14713] Searching: PIDI COAT 1.4 TATA RED... ✓ Found
[5605/14713] Searching: PIDI COAT 1.4 TATA RED... ✓ Found
[5606/14713] Searching: PIDI COAT 1.4 TATA RED... ✓ Found
[5607/14713] Searching: PIDI COAT 1.4 TATA RED... ✓ Found
[5608/14713] Searching: MATTAS... ✓ Found
[5609/14713] Searching: MATTAS... ✓ Found
[5610/14713] Searching: MATTAS... ✓ Found
[5611/14713] Searching: SHOWEL TATA... ✓ Found
[5612/14713] Searching: SHOWEL TATA... ✓ Found
[5613/14713] Searching: SHOWEL TATA... ✓ Found
[5614/14713] Searching: SHOWEL TATA... ✓ Found
[5615/14713] Searching: SHOWEL TATA... ✓ Found
[5616/14713] Searching: SQUARE SHOWEL PVC HANDLE... ✓ Found
[5617/14713] Searching: SHOWEL PVC HANDLE BLACK... ✓ Found
[5618/14713] Searching: SHOWEL PVC HANDLE BLACK... ✓ Found
[5619/14713] Searching: SHOVEL STEEL HANDLE... ✓ Found
[5620/14713] Searching: SHOVEL STEEL HANDLE... ✓ Found
[5621/14713] Searching: SHOVEL STEEL HANDLE... ✓ Found
[5622/14713] Searching: MASKING TAPE 24*20... ✓ Found
[5623/14713] Searching: MASKING TAPE 24*20... ✓ Found
[5624/14713] Searching: MASKING TAPE 24*20... ✓ Found
[5625/14713] Searching: MASKING TAPE 24*20... ✓ Found
[5626/14713] Searching: MASKING TAPE 24*40 1 INCH... ✓ Found
[5627/14713] Searching: MASKING TAPE 30 MTR  24MM... ✓ Found
[5628/14713] Searching: MASKING TAPE 24MM*50 MTR 1 INCH... ✓ Found
[5629/14713] Searching: MASKING TAPE 24MM*50 MTR 1 INCH... ✓ Found
[5630/14713] Searching: 120CM ALUMINIUM ARCH STEP LADDER A TYPE  4'... Error searching '120CM ALUMINIUM ARCH STEP LADDER A TYPE  4'': error sending request for url (https://duckduckgo.com/?q=120CM+ALUMINIUM+ARCH+STEP+LADDER+A+TYPE++4%27) > operation timed out
✓ Not Found
[5631/14713] Searching: WELDING WIRE MILD SS GASLESS CORED WIRE... ✓ Found
[5632/14713] Searching: WELDING WIRE MILD SS GASLESS CORED WIRE... ✓ Found
[5633/14713] Searching: WELDING WIRE MILD SS GASLESS CORED WIRE... ✓ Found
[5634/14713] Searching: EMTEX 58CC STARTER SPRING SET... ✓ Found
[5635/14713] Searching: 150CM DOUBLE SIDE HEAVY ALUMINIUM STEP LADDER 5'... ✓ Found
[5636/14713] Searching: 180C  BACK LIFT ALUMINIUM LADDER E... ✓ Found
[5637/14713] Searching: 180C  BACK LIFT ALUMINIUM LADDER E... Error searching '180C  BACK LIFT ALUMINIUM LADDER E': error sending request for url (https://duckduckgo.com/?q=180C++BACK+LIFT+ALUMINIUM+LADDER+E) > operation timed out
✓ Not Found
[5638/14713] Searching: 180CM DOUBLE SIDE HEAVY ALUMINIUM LADDER 6'... ✓ Found
[5639/14713] Searching: 210CM DOUBLE SIDE HEAVY ALUMINIUM LADDER 7'... ✓ Found
[5640/14713] Searching: 210CM DOUBLE SIDE HEAVY ALUMINIUM LADDER 7'... ✓ Found
[5641/14713] Searching: 240CM DOUBLE SIDE ALUMINIUM LADDER 8'... ✓ Found
[5642/14713] Searching: 240CM DOUBLE SIDE ALUMINIUM LADDER 8'... ✓ Found
[5643/14713] Searching: 210CM BACK LIFT ALUMINIUM LADDER E7'... ✓ Found
[5644/14713] Searching: 210CM BACK LIFT ALUMINIUM LADDER E7'... Error searching '210CM BACK LIFT ALUMINIUM LADDER E7'': error sending request for url (https://duckduckgo.com/?q=210CM+BACK+LIFT+ALUMINIUM+LADDER+E7%27) > operation timed out
✓ Not Found
[5645/14713] Searching: 210CM BACK LIFT ALUMINIUM LADDER E7'... Error searching '210CM BACK LIFT ALUMINIUM LADDER E7'': error sending request for url (https://duckduckgo.com/?q=210CM+BACK+LIFT+ALUMINIUM+LADDER+E7%27) > operation timed out
✓ Not Found
[5646/14713] Searching: 240CM BACKLIFT ALIMINIUM LADDER8'... ✓ Found
[5647/14713] Searching: 240CM BACKLIFT ALIMINIUM LADDER8'... ✓ Found
[5648/14713] Searching: EARTH AUGER BIT 150MM... ✓ Found
[5649/14713] Searching: 180CM ALUMINIUM HEAVY ARCH STEP LADDER... ✓ Found
[5650/14713] Searching: EARTH AUGER BIT BITWORLD 100MM 4 INCH... Error searching 'EARTH AUGER BIT BITWORLD 100MM 4 INCH': error sending request for url (https://duckduckgo.com/?q=EARTH+AUGER+BIT+BITWORLD+100MM+4+INCH) > operation timed out
✓ Not Found
  [Progress: 5650/14713 products processed]
[5651/14713] Searching: EARTH AUGER BIT 12INCH DOUBLE LAYER 18... ✓ Found
[5652/14713] Searching: EARTH AUGER BIT 12INCH SINGLE LAYER 18... ✓ Found
[5653/14713] Searching: EARTH AUGER BIT 150MM 6 INCH... ✓ Found
[5654/14713] Searching: EARTH AUGER BIT 150MM 6 INCH... ✓ Found
[5655/14713] Searching: EARTH AUGER BIT 20MM 8 INCH... ✓ Found
[5656/14713] Searching: EARTH AUGER BIT 4 INCH 800*100MM DAMIER... Error searching 'EARTH AUGER BIT 4 INCH 800*100MM DAMIER': error sending request for url (https://duckduckgo.com/?q=EARTH+AUGER+BIT+4+INCH+800*100MM+DAMIER) > operation timed out
✓ Not Found
[5657/14713] Searching: EARTH AUGER BIT 6 INCH 18 DOUBLE LAYER... ✓ Found
[5658/14713] Searching: EARTH AUGER EXTENTION -3FEET... ✓ Found
[5659/14713] Searching: ALLENKEY SET STAR BALL POINT  9PCS EAK2406... ✓ Found
[5660/14713] Searching: ALLENKEY SET STAR BALL POINT  9PCS EAK2406... ✓ Found
[5661/14713] Searching: ALLENKEY SET STAR 7PCS EAK2407... ✓ Found
[5662/14713] Searching: EMTEX SDS HAMMER DRILL BIT 14*260... ✓ Found
[5663/14713] Searching: MAH-GUIDE BAR 18"... ✓ Found
[5664/14713] Searching: EB69 BRUSH COVER... ✓ Found
[5665/14713] Searching: EB69 BRUSH HOLDER... ✓ Found
[5666/14713] Searching: EB69 PCB... ✓ Found
[5667/14713] Searching: EB69 SWITCH... ✓ Found
[5668/14713] Searching: EB69 WIND PIPE RING... ✓ Found
[5669/14713] Searching: ERATEK BREAK ASSEMBLY FOR CHAINSAW... ✓ Found
[5670/14713] Searching: BLOWER FIELD SPRING EBC40... ✓ Found
[5671/14713] Searching: 150CM BACKLIFT ALUMINIUM LADDER... ✓ Found
[5672/14713] Searching: ELECTRIC DUST CLEANER EBM680E... ✓ Found
[5673/14713] Searching: EYE BOLT SET 1/2 *88MM... ✓ Found
[5674/14713] Searching: BUMPER SPIKE  58CC... ✓ Found
[5675/14713] Searching: BLOWER EBV260... ✓ Found
[5676/14713] Searching: EMTEX CHAIN 18 INCH 21LPX... ✓ Found
[5677/14713] Searching: EC18 CHAIN BOARD... ✓ Found
[5678/14713] Searching: EC18 CHAIN... ✓ Found
[5679/14713] Searching: EC18 CHAIN BOARD... ✓ Found
[5680/14713] Searching: EC18 CHAIN WHEEL... Error searching 'EC18 CHAIN WHEEL': error sending request for url (https://duckduckgo.com/?q=EC18+CHAIN+WHEEL) > operation timed out
✓ Not Found
[5681/14713] Searching: EC18 LED SCREW... Error searching 'EC18 LED SCREW': error sending request for url (https://duckduckgo.com/?q=EC18+LED+SCREW) > operation timed out
✓ Not Found
[5682/14713] Searching: EC18 M8 NUT... ✓ Found
[5683/14713] Searching: EC18 OIL PUMP... ✓ Found
[5684/14713] Searching: EC18 SWITCH... Error searching 'EC18 SWITCH': error sending request for url (https://duckduckgo.com/?q=EC18+SWITCH) > operation timed out
✓ Not Found
[5685/14713] Searching: EC18 FEED SCREW NUT... ✓ Found
[5686/14713] Searching: EC18 TOOTH ALLOY GEAR... ✓ Found
[5687/14713] Searching: EC18 WASHER 1.6... ✓ Found
[5688/14713] Searching: EC4 BASE PLATE... ✓ Found
[5689/14713] Searching: EC4 GEAR SET  CM4SA... ✓ Found
[5690/14713] Searching: CLUTCH DRUM... ✓ Found
[5691/14713] Searching: SOCKET SET 1/2INCH 12 PCS  ACE... ✓ Found
[5692/14713] Searching: SOCKET SET 1/2INCH 12 PCS  ACE... ✓ Found
[5693/14713] Searching: SOCKET SET 1/2INCH 12 PCS   EVEREST... ✓ Found
[5694/14713] Searching: CONTINUITY TESTER... ✓ Found
[5695/14713] Searching: CARBON HOLDER ED 10 BULL... ✓ Found
[5696/14713] Searching: GEAR ED10 BULL... ✓ Found
[5697/14713] Searching: SWITCH ED10 BULL... ✓ Found
[5698/14713] Searching: IBLED1030  SWITCH... ✓ Found
[5699/14713] Searching: ED60 NEW SWITCH... Error searching 'ED60 NEW SWITCH': error sending request for url (https://duckduckgo.com/?q=ED60+NEW+SWITCH) > operation timed out
✓ Not Found
[5700/14713] Searching: ED60 NEW SWITCH... ✓ Found
  [Progress: 5700/14713 products processed]
[5701/14713] Searching: ARMATURE... ✓ Found
[5702/14713] Searching: ED6H GEAR ( 6MM DRILL GEAR )... ✓ Found
[5703/14713] Searching: ED6H GEAR... ✓ Found
[5704/14713] Searching: SWITCH ED6... ✓ Found
[5705/14713] Searching: SWITCH ED6... ✓ Found
[5706/14713] Searching: SWITCH ED6... ✓ Found
[5707/14713] Searching: ED60 SPINDLE... Error searching 'ED60 SPINDLE': error sending request for url (https://duckduckgo.com/?q=ED60+SPINDLE) > operation timed out
✓ Not Found
[5708/14713] Searching: EASTMAN DIGITAL CLAMP METER EDCM266... ✓ Found
[5709/14713] Searching: ELECTRONIC DIGITAL DIPMETER... ✓ Found
[5710/14713] Searching: EASTMAN DIGITAL MULTI METER EDM81... ✓ Found
[5711/14713] Searching: EUROFINE BRUSH CUTTER 43CC... ✓ Found
[5712/14713] Searching: EUROFINE BRUSH CUTTER 43CC... ✓ Found
[5713/14713] Searching: FLOOD LIGHT LED 50W ZEVA THIN... Error searching 'FLOOD LIGHT LED 50W ZEVA THIN': error sending request for url (https://duckduckgo.com/?q=FLOOD+LIGHT+LED+50W+ZEVA+THIN) > operation timed out
✓ Not Found
[5714/14713] Searching: ERATEK HAMMER GREASE 125ML... ✓ Found
[5715/14713] Searching: E-GAOCHENG CHAIN 16'' ELECTRIC... ✓ Found
[5716/14713] Searching: ERATEK HAMMER GREASE 500GM... Error searching 'ERATEK HAMMER GREASE 500GM': error sending request for url (https://duckduckgo.com/?q=ERATEK+HAMMER+GREASE+500GM) > operation timed out
✓ Not Found
[5717/14713] Searching: ECOGRINZ GASOLINE CHAINSAW... ✓ Found
[5718/14713] Searching: CHATTY GOLD... ✓ Found
[5719/14713] Searching: CHATTY GOLD... ✓ Found
[5720/14713] Searching: CHATTY GOLD... ✓ Found
[5721/14713] Searching: CHATTY GOLD... ✓ Found
[5722/14713] Searching: CHATTY GOLD... ✓ Found
[5723/14713] Searching: CHATTY GOLD... ✓ Found
[5724/14713] Searching: GOLDEN CHATTY... ✓ Found
[5725/14713] Searching: GOLDEN CHATTY... ✓ Found
[5726/14713] Searching: EASTMAN CHISEL BIT 5KG 17*280... ✓ Found
[5727/14713] Searching: EASTMAN CHISELBIT  5KG POINT... ✓ Found
[5728/14713] Searching: ULTRA TOUCH WELDING HOLDER 235MM EH500... ✓ Found
[5729/14713] Searching: ULTRA TOUCH WELDING HOLDER 250MM EH550... ✓ Found
[5730/14713] Searching: ULTRA TOUCH WELDING HOLDER 250MM EH550... ✓ Found
[5731/14713] Searching: ULTRA TOUCH WELDING HOLDER EH600... ✓ Found
[5732/14713] Searching: AUTO DARKENING HELMET ROYAL   EH661... ✓ Found
[5733/14713] Searching: ETERNITY 3 PCS HOLE SAW-93... ✓ Found
[5734/14713] Searching: IGNITION COIL 58CC... ✓ Found
[5735/14713] Searching: EASTMAN IMPACT DRILL 13MM EID13... ✓ Found
[5736/14713] Searching: ELAKATHY BIG... ✓ Found
[5737/14713] Searching: EASTMAN L TYPE SPANNER 21MM... ✓ Found
[5738/14713] Searching: EM PD GREEN GRIT... ✓ Found
[5739/14713] Searching: EASTMAN NOSEPLIER 6 INCH 150M... ✓ Found
[5740/14713] Searching: MARBLE BLADE 10" SEG... ✓ Found
[5741/14713] Searching: ELECTRIC MULTI COOKER... ✓ Found
[5742/14713] Searching: EMTEX CHAIN 18'... ✓ Found
[5743/14713] Searching: EMCO355... ✓ Found
[5744/14713] Searching: EMCO355D... ✓ Found
[5745/14713] Searching: EMDB25*450... ✓ Found
[5746/14713] Searching: EMDB6*110... Error searching 'EMDB6*110': error sending request for url (https://duckduckgo.com/?q=EMDB6*110) > operation timed out
✓ Not Found
[5747/14713] Searching: EMDB6.5*110... Error searching 'EMDB6.5*110': error sending request for url (https://duckduckgo.com/?q=EMDB6.5*110) > operation timed out
✓ Not Found
[5748/14713] Searching: DEMOLITION HAMMER 5KG  EM-DH-0810 EMBARO... ✓ Found
[5749/14713] Searching: EMDHPH65... ✓ Found
[5750/14713] Searching: EAR MUFLER RAJ... ✓ Found
  [Progress: 5750/14713 products processed]
[5751/14713] Searching: EMTEX SPARE MIXER ROD... ✓ Found
[5752/14713] Searching: DAMIER MITERSAW 10 INCH (ELITE SERIES SLIDING )811... ✓ Found
[5753/14713] Searching: DAMIER MITERSAW 10 INCH (ELITE SERIES SLIDING )... Error searching 'DAMIER MITERSAW 10 INCH (ELITE SERIES SLIDING )': error sending request for url (https://duckduckgo.com/?q=DAMIER+MITERSAW+10+INCH+%28ELITE+SERIES+SLIDING+%29) > operation timed out
✓ Not Found
[5754/14713] Searching: EMTEX BAR18"-21LPX... ✓ Found
[5755/14713] Searching: EMTEX BAR18"-21LPX... ✓ Found
[5756/14713] Searching: EMTEX YURI GUIDE BAR 18 INCH GREEN... ✓ Found
[5757/14713] Searching: EMERGY MOP WHEEL40X25... ✓ Found
[5758/14713] Searching: EMERGY MOP WHEEL 50X25... ✓ Found
[5759/14713] Searching: PENCIL APSARA... ✓ Found
[5760/14713] Searching: PENCIL APSARA... ✓ Found
[5761/14713] Searching: PENCIL APSARA... Error searching 'PENCIL APSARA': error sending request for url (https://duckduckgo.com/?q=PENCIL+APSARA) > operation timed out
✓ Not Found
[5762/14713] Searching: PENCIL APSARA... ✓ Found
[5763/14713] Searching: END OF LIST .... ✓ Found
[5764/14713] Searching: ENDICO SPARES PARA8 END COVER... ✓ Found
[5765/14713] Searching: E-ENDICO SPARES PARA8 SWITCH... ✓ Found
[5766/14713] Searching: PARA 8 BACKLIGHT PLATE... ✓ Found
[5767/14713] Searching: ENDICO SPARES PARA8 COLLET... ✓ Found
[5768/14713] Searching: ENDICO SPARES PARA8 COLLET... ✓ Found
[5769/14713] Searching: ENDICO SPARES PARA8 COLLET... ✓ Found
[5770/14713] Searching: ENDICO SPARES PARA8 FIELD GUARD... Error searching 'ENDICO SPARES PARA8 FIELD GUARD': error sending request for url (https://duckduckgo.com/?q=ENDICO+SPARES+PARA8+FIELD+GUARD) > operation timed out
✓ Not Found
[5771/14713] Searching: ENDICO SPARE PARA8 LOCK KNOB... ✓ Found
[5772/14713] Searching: PARA8 KNOB... ✓ Found
[5773/14713] Searching: ENDICO SPARES PARA8 SPRING... ✓ Found
[5774/14713] Searching: K-ENDICO ROUTER MACHINE 12MM PARA12TP... ✓ Found
[5775/14713] Searching: K-ENDICO ROUTER MACHINE 12MM PARA12TP... ✓ Found
[5776/14713] Searching: ENDICO SPARES PARA12 SLEEVE... ✓ Found
[5777/14713] Searching: ENDICO SPARES PARA12 SLEEVE... ✓ Found
[5778/14713] Searching: CARRY HANDLE... ✓ Found
[5779/14713] Searching: BACK A LITE PLATE... Error searching 'BACK A LITE PLATE': error sending request for url (https://duckduckgo.com/?q=BACK+A+LITE+PLATE) > operation timed out
✓ Not Found
[5780/14713] Searching: PARA12 ADAPTER... ✓ Found
[5781/14713] Searching: ENDICO SPARES PARA8 LOCK COVER... ✓ Found
[5782/14713] Searching: ENDICO SPARES T-30 STRAIGHT GUIDE... ✓ Found
[5783/14713] Searching: BACKITE PLATE FOR PARA8 &PARA12... ✓ Found
[5784/14713] Searching: K-ENDICO SPARES -PARA12 COLLET ASSEMBLY... ✓ Found
[5785/14713] Searching: ENDICO CARPER... ✓ Found
[5786/14713] Searching: ENDICO- ROUTER MACHINE 8MM-PARA8... ✓ Found
[5787/14713] Searching: GUARD... ✓ Found
[5788/14713] Searching: MARBLE CUTTER MACHINE INDICO... ✓ Found
[5789/14713] Searching: EMTEX SDS HAMMER DRILL BIT 10*160... ✓ Found
[5790/14713] Searching: PALAKA... ✓ Found
[5791/14713] Searching: BULL GOLD EP-180 ELECTRIC POLISHER... ✓ Found
[5792/14713] Searching: EP58 CARBORN BRUSH... ✓ Found
[5793/14713] Searching: EP58 BELT... ✓ Found
[5794/14713] Searching: CAINSAW CARBON... Error searching 'CAINSAW CARBON': error sending request for url (https://duckduckgo.com/?q=CAINSAW+CARBON) > operation timed out
✓ Not Found
[5795/14713] Searching: EXTENTION PIPE 6"... ✓ Found
[5796/14713] Searching: E-POWERTUF-SPARES RS3 EXTENTION PIPE... ✓ Found
[5797/14713] Searching: EXTENTION ROD 15"... ✓ Found
[5798/14713] Searching: ETERNITY PRUNNING JAB SAW -150MM... ✓ Found
[5799/14713] Searching: ETERNITY PRUNNING JAB SAW -150MM... ✓ Found
[5800/14713] Searching: EPOXY 1LR 3710007 GREY... Error searching 'EPOXY 1LR 3710007 GREY': error sending request for url (https://www.bing.com/images/async?q=EPOXY+1LR+3710007+GREY&async=1&first=1&count=35) > operation timed out
✓ Not Found
  [Progress: 5800/14713 products processed]
[5801/14713] Searching: EPOXY 500ML 3710015 GREY... ✓ Found
[5802/14713] Searching: EASTMAN PAINT SPRAY GUN EPSG3140... ✓ Found
[5803/14713] Searching: EASTMAN SPRAY GUN... ✓ Found
[5804/14713] Searching: EXTENTION ROLLER WITH 1.5 CABLE 3CRE 50MTR... ✓ Found
[5805/14713] Searching: EXTENTION ROD  12 INCH GALEXY... Error searching 'EXTENTION ROD  12 INCH GALEXY': error sending request for url (https://duckduckgo.com/?q=EXTENTION+ROD++12+INCH+GALEXY) > operation timed out
✓ Not Found
[5806/14713] Searching: ENAMEL REFIL 4''... ✓ Found
[5807/14713] Searching: ENAMEL ROLLER 6''... ✓ Found
[5808/14713] Searching: MIG SOLD WIRE 5 KG ER70S  MS... ✓ Found
[5809/14713] Searching: EADTMAN DEMOLITION HAMMER 5KG ERB05 1100W... Error searching 'EADTMAN DEMOLITION HAMMER 5KG ERB05 1100W': ConnectError: ConnectError('error sending request for url (https://duckduckgo.com/?q=EADTMAN+DEMOLITION+HAMMER+5KG+ERB05+1100W) > client error (Connect) > dns error > DNS error: error response: Server Failure')
✓ Not Found
[5810/14713] Searching: CL BODY ASSEMBLY... Error searching 'CL BODY ASSEMBLY': ConnectError: ConnectError('error sending request for url (https://www.bing.com/images/async?q=CL+BODY+ASSEMBLY&async=1&first=1&count=35) > client error (Connect) > dns error > DNS error: error response: Server Failure')
✓ Not Found
[5811/14713] Searching: ROYAL KITCHEN SCISSORS ERK1300... Error searching 'ROYAL KITCHEN SCISSORS ERK1300': ConnectError: ConnectError('error sending request for url (https://duckduckgo.com/?q=ROYAL+KITCHEN+SCISSORS+ERK1300) > client error (Connect) > dns error > DNS error: error response: Server Failure')
✓ Not Found
[5812/14713] Searching: ENAMEL ROLLER SET 6''... Error searching 'ENAMEL ROLLER SET 6''': ConnectError: ConnectError('error sending request for url (https://www.bing.com/images/async?q=ENAMEL+ROLLER+SET+6%27%27&async=1&first=1&count=35) > client error (Connect) > dns error > DNS error: error response: Server Failure')
✓ Not Found
[5813/14713] Searching: ERATEK RETAINING VALVE SET... Error searching 'ERATEK RETAINING VALVE SET': ConnectError: ConnectError('error sending request for url (https://www.bing.com/images/async?q=ERATEK+RETAINING+VALVE+SET&async=1&first=1&count=35) > client error (Connect) > dns error > DNS error: error response: Server Failure')
✓ Not Found
[5814/14713] Searching: EASTMAN SOCKET ES101... Error searching 'EASTMAN SOCKET ES101': ConnectError: ConnectError('error sending request for url (https://www.bing.com/images/async?q=EASTMAN+SOCKET+ES101&async=1&first=1&count=35) > client error (Connect) > dns error > DNS error: error response: Server Failure')
✓ Not Found
[5815/14713] Searching: CHAIN 18 INCH E&S  (ECONOMY)... Error searching 'CHAIN 18 INCH E&S  (ECONOMY)': ConnectError: ConnectError('error sending request for url (https://www.bing.com/images/async?q=CHAIN+18+INCH+E%26S++%28ECONOMY%29&async=1&first=1&count=35) > client error (Connect) > dns error > DNS error: error response: Server Failure')
✓ Not Found
[5816/14713] Searching: CHAIN 18 INCH E&S  (ECONOMY)... Error searching 'CHAIN 18 INCH E&S  (ECONOMY)': ConnectError: ConnectError('error sending request for url (https://duckduckgo.com/?q=CHAIN+18+INCH+E%26S++%28ECONOMY%29) > client error (Connect) > dns error > DNS error: error response: Server Failure')
✓ Not Found
[5817/14713] Searching: CHAIN 18 INCH E&S  (ECONOMY)... Error searching 'CHAIN 18 INCH E&S  (ECONOMY)': ConnectError: ConnectError('error sending request for url (https://www.bing.com/images/async?q=CHAIN+18+INCH+E%26S++%28ECONOMY%29&async=1&first=1&count=35) > client error (Connect) > dns error > DNS error: error response: Server Failure')
✓ Not Found
[5818/14713] Searching: CHAIN 18 INCH E&S  (ECONOMY)... Error searching 'CHAIN 18 INCH E&S  (ECONOMY)': ConnectError: ConnectError('error sending request for url (https://duckduckgo.com/?q=CHAIN+18+INCH+E%26S++%28ECONOMY%29) > client error (Connect) > dns error > DNS error: error response: Server Failure')
✓ Not Found
[5819/14713] Searching: RUBBER BASKET... Error searching 'RUBBER BASKET': ConnectError: ConnectError('error sending request for url (https://duckduckgo.com/?q=RUBBER+BASKET) > client error (Connect) > dns error > DNS error: error response: Server Failure')
✓ Not Found
[5820/14713] Searching: RUBBER BASKET... Error searching 'RUBBER BASKET': ConnectError: ConnectError('error sending request for url (https://www.bing.com/images/async?q=RUBBER+BASKET&async=1&first=1&count=35) > client error (Connect) > dns error > DNS error: error response: Server Failure')
✓ Not Found
[5821/14713] Searching: RUBBER BASKET... Error searching 'RUBBER BASKET': ConnectError: ConnectError('error sending request for url (https://www.bing.com/images/async?q=RUBBER+BASKET&async=1&first=1&count=35) > client error (Connect) > dns error > DNS error: error response: Server Failure')
✓ Not Found
[5822/14713] Searching: RUBBER BASKET... Error searching 'RUBBER BASKET': ConnectError: ConnectError('error sending request for url (https://duckduckgo.com/?q=RUBBER+BASKET) > client error (Connect) > dns error > DNS error: error response: Server Failure')
✓ Not Found
[5823/14713] Searching: RUBBER BASKET... Error searching 'RUBBER BASKET': ConnectError: ConnectError('error sending request for url (https://duckduckgo.com/?q=RUBBER+BASKET) > client error (Connect) > dns error > DNS error: error response: Server Failure')
✓ Not Found
[5824/14713] Searching: RUBBER BASKET... Error searching 'RUBBER BASKET': ConnectError: ConnectError('error sending request for url (https://duckduckgo.com/?q=RUBBER+BASKET) > client error (Connect) > dns error > DNS error: error response: Server Failure')
✓ Not Found
[5825/14713] Searching: RUBBER BASKET... Error searching 'RUBBER BASKET': ConnectError: ConnectError('error sending request for url (https://duckduckgo.com/?q=RUBBER+BASKET) > client error (Connect) > dns error > DNS error: error response: Server Failure')
✓ Not Found
[5826/14713] Searching: RUBBER BASKET... Error searching 'RUBBER BASKET': ConnectError: ConnectError('error sending request for url (https://www.bing.com/images/async?q=RUBBER+BASKET&async=1&first=1&count=35) > client error (Connect) > dns error > DNS error: error response: Server Failure')
✓ Not Found
[5827/14713] Searching: RUBBER BASKET... 