No,Item Code,Item Name,Image URL,Status
1,------,------,,Not Found
2,20234,LIVER TYPE GREASE GUN 20234,https://chetaktoolsindia.com/wp-content/uploads/2022/04/WhatsApp-Image-2022-06-20-at-12.16.18-PM-1.jpeg,Found
3,2214752,SPIRAL  BEVEL GEAR 10 FOR M9506B 2214752,https://www.zhygear.com/wp-content/uploads/2023/08/spiral-bevel-gear.jpg,Found
4,2214760,SPIRAL BEVEL GEAR 37 FOR M9509B 2214760,https://backoffice.itoolmart.com/assets/images/uploads/product/lg/lg_product_1759981877.jpg,Found
5,374091,ARMATURE H41SST 374091,https://down-my.img.susercontent.com/file/my-11134207-7rasa-m31rg7veqjs22b,Found
6,374095,STATOR 374095,https://blog.electronenergy.com/hs-fs/hubfs/eec-stator.jpg?width=900&height=639&name=eec-stator.jpg,Found
7,698VVC2,BALL BEAREING  698VVC2,https://image.made-in-china.com/2f0j00TmZhSzwdGWpN/Smoothly-Rolling-Low-Noise-Smooth-698-Deep-Groove-Ball-Bearing-for-Lifting-Machine.jpg,Found
8,698VVC2,BALL BEAREING  698VVC2,https://image.made-in-china.com/2f0j00TmZhSzwdGWpN/Smoothly-Rolling-Low-Noise-Smooth-698-Deep-Groove-Ball-Bearing-for-Lifting-Machine.jpg,Found
9,AG45B,A BLADE FOR AG45,https://www.notcutts.co.uk/media/catalog/product/cache/708c8744ef16531d9175d00beef86676/1/0/10074128.jpg,Found
10,BULL GOLD TCT7*60T,TCT BLADE 7*60T,https://i.pinimg.com/736x/9b/5b/29/9b5b29d1e63c43ee90291d04bb91e882.jpg,Found
11,BULL GOLD TCT8*40,8*40 TCT BLADE BULLET,https://5.imimg.com/data5/SELLER/Default/2025/5/514592088/CU/ZN/XO/246511543/tct-saw-blade-1000x1000.png,Found
12,CE1305,SNAP-OFF KNIFE 18MM CE1305,https://diamond.jp/mwimgs/2/6/-/img_2602281f4f7285061d128516d802a02f401143.jpg,Found
13,CSD12CHR,CSD 12V CHARGER CSD12CHR,https://c8.alamy.com/comp/S02BHA/mgc-classic-mg-car-badge-S02BHA.jpg,Found
14,D03981,SDS PLUS BIT 16X160 D03981,https://www.verkter.com/media/catalog/product/cache/dd185c1e0b1e232d03ce7dc3f027f0cb/8/7/87658_p1.jpg,Found
15,D16265,SDS PLUS BIT 20X350 D16265,https://m.media-amazon.com/images/I/81mCra1o7vL.jpg,Found
16,DWSCB,MAL DWS180 CARBON BRUSH DWSCB,https://i.pinimg.com/originals/8f/b4/b1/8fb4b114e42b85e9283274f4782f3bcc.jpg,Found
17,ET1050,"ERATEK ANGLE GRINDER  ET1050, 1050W",https://flux-tools.com/3309-large_default/angle-grinder-1050w-ninja-flux.jpg,Found
18,F15,NAIL F15,https://down-sg.img.susercontent.com/file/a5a0b0798940710eaf8d68a58a531c33,Found
19,FK35,METSO FLEXIBLE SHAFT SCREW DRIVER OI -FK35,https://m.media-amazon.com/images/I/51yGXV644jL._SL1001_.jpg,Found
20,HAWK,"YURI CHAINSAW 18""-BLACK HAWK",https://5.imimg.com/data5/ANDROID/Default/2022/12/IY/DX/OO/41781549/product-jpeg-1000x1000.jpg,Found
21,HIL02C,NYLON TRIMMER SQUARE LINE 2.65X15MM HIL02C,https://my-test-11.slatic.net/p/a999731133500c60bd48e860d8894d36.jpg,Found
22,JY005,HOUSE HOLD LADDER 5 STEPS JY005,https://moonasons.pk/wp-content/uploads/2025/03/5ste-removebg-preview.png,Found
23,KIC5SBW,MARBLE CUTTER 5INCH 1800W KHAITHAN KIC5SBW,https://5.imimg.com/data5/SELLER/Default/2025/12/566166457/YA/MH/VM/123987018/whatsapp-image-2025-11-22-at-11-58-24-4e2e6c1c-1000x1000.jpg,Found
24,LMP906,"FLAT HANDLE FILE6"" LMP906",https://tychegulf.com/wp-content/uploads/2025/10/LMP906.jpg,Found
25,MCF32BG,MCF32 MCF 1250W BIG GEAR,https://www.camperizaunafurgo.com/wp-content/uploads/2021/05/Medida-interior-y-exterior-de-la-Mobicool-mcf32-768x461.png,Found
26,MDB13U,DRILL CHUCK AND KEY1.5 13MM MDB13U,https://m.media-amazon.com/images/I/71y+ih+kS5L._AC_.jpg,Found
27,MK50CUN,GLOBAL AIR COMPRESSOR 50 LTR MK50,https://5.imimg.com/data5/SELLER/PDFImage/2026/3/590933234/ZV/EW/LS/22118169/global-power-1-5-hp-v-twin-belt-driven-air-compressor-50l-tank-2-cylinder-mk50-3-1000x1000.png,Found
28,MK50CUN,GLOBAL AIR COMPRESSOR 50 LTR MK50,https://5.imimg.com/data5/SELLER/PDFImage/2026/3/590933234/ZV/EW/LS/22118169/global-power-1-5-hp-v-twin-belt-driven-air-compressor-50l-tank-2-cylinder-mk50-3-1000x1000.png,Found
29,PRADO,"YURI  PROF CHAINSAW 18"" PRADO -18",https://5.imimg.com/data5/SELLER/Default/2023/1/PZ/YB/VD/89550082/chainsaw-1000x1000.jpg,Found
30,PTC009,"RATCHET ROD CAULK GUN 9"" PTC009",https://img.drz.lazcdn.com/static/pk/p/8c7072be649615dba6975925d0b5b746.jpg_720x720q80.jpg,Found
31,REA006,"LIGHT DUTY RIVERTER 10"" REA006",https://img.drz.lazcdn.com/static/pk/p/cba582722e71d074af1dc2564fac0b00.jpg_720x720q80.jpg,Found
32,RTSPPG11KB01A,SPRAY GUN RTSPPG11KB01A,https://m.media-amazon.com/images/I/71I9Yn5EKyL.jpg,Found
33,RU070,TURBO NOZZLE RU070,https://cdn-klbpf.nitrocdn.com/MEHFYfZEbSElFgmIehjTnhftcGEiUsoH/assets/images/optimized/rev-27d918d/aspel.com.au/wp-content/uploads/2022/04/Turbo-nozle-070-side_1.png,Found
34,TCT10*100T,BLADE TCT10*100T,https://prd.storage.lit.link/images/creators/c65594fb-885b-461a-82ec-b7b3da605088/profile_links/single_images/765893ce-e39e-498e-a794-9d7f154faa05.png,Found
35,THT6166,TOTAL BENCH VICE THT6166,https://totalmalaysia.my/wp-content/uploads/2023/07/THT6166.jpg,Found
36,VBTN030,BRASS TURBO NOZZLE 30,"https://m.media-amazon.com/images/S/aplus-media-library-service-media/e67b1657-975d-47e6-8629-030ca8160115.__CR0,0,970,600_PT0_SX970_V1___.jpg",Found
37,***,5KG FLAT CISEL 17*400 POINT,https://m.media-amazon.com/images/I/51-Nj4WCb0L._SX300_SY300_QL70_ML2_.jpg,Found
38,.782,CONCRETE NAIL 2*10 CORBRA,https://5.imimg.com/data5/SELLER/Default/2024/1/373719969/EB/CN/HT/16511994/concrete-nails-king-cobra-1000x1000.jpg,Found
39,001,K-EMTEX-ROUTER BIT -001,https://image.chintai-ex.jp/filter/?quality=80&url=https://chintai-ex.jp/assets/chintai/cashback/20250625/banner_cp960_01-cf5d1040f1d4291aa0413f15c32c0370.png&format=webp,Found
40,002,K-EMTEX-ROUTERBIT-002,http://infinitytools.com/cdn/shop/articles/bl_randb_1_c2b442cd-def7-48fb-abc1-f2219514c693.webp?crop=center&height=1200&v=1758210032&width=1200,Found
41,003,K-EMTEX-ROUTER BIT -003,https://m.media-amazon.com/images/I/610gnj83yML._SL1500_.jpg,Found
42,0050,BC CLUTCH SCREW SET,https://www.agriplexindia.com/cdn/shop/files/SAM-BC-Screw.png?v=1702892826,Found
43,0058,BC CARBURATOR HQ 43CC,https://gplawnmowers.co.za/cdn/shop/files/ACARMITTL43.jpg?v=1763649710&width=1100,Found
44,0082,CS AIR FILTER  BIG M23,https://imgv2-2-f.scribdassets.com/img/document/820765115/original/f6dc9dbab7/1?v=1,Found
45,0082,CS AIR FILTER  BIG M23,https://imgv2-2-f.scribdassets.com/img/document/820765115/original/f6dc9dbab7/1?v=1,Found
46,0096,CS BUSH SET  M23,https://csessentials.in/cdn/shop/files/68e53f63-4de5-4ef8-ae1c-14dfd9a67cb9.__CR0_0_970_600_PT0_SX970_V1_900x.jpg?v=1746119474,Found
47,0096,CS BUSH SET  M23,"https://images-wixmp-ed30a86b8c4ca887773594c2.wixmp.com/f/1a26d462-de3a-46a1-a9f4-0fa1a23f6594/dfzqvq0-3d5bdcc0-b3bc-46e0-b9c3-828feef6f0ac.png/v1/fill/w_1154,h_692,q_70,strp/cs_watercolor_marker_brush_set_2023__abr___png__by_enterthedwelling_dfzqvq0-pre.jpg?token=eyJ0eXAiOiJKV1QiLCJhbGciOiJIUzI1NiJ9.eyJzdWIiOiJ1cm46YXBwOjdlMGQxODg5ODIyNjQzNzNhNWYwZDQxNWVhMGQyNmUwIiwiaXNzIjoidXJuOmFwcDo3ZTBkMTg4OTgyMjY0MzczYTVmMGQ0MTVlYTBkMjZlMCIsIm9iaiI6W1t7ImhlaWdodCI6Ijw9NzY4IiwicGF0aCI6IlwvZlwvMWEyNmQ0NjItZGUzYS00NmExLWE5ZjQtMGZhMWEyM2Y2NTk0XC9kZnpxdnEwLTNkNWJkY2MwLWIzYmMtNDZlMC1iOWMzLTgyOGZlZWY2ZjBhYy5wbmciLCJ3aWR0aCI6Ijw9MTI4MCJ9XV0sImF1ZCI6WyJ1cm46c2VydmljZTppbWFnZS5vcGVyYXRpb25zIl19.qXFxoyuitjkeNzj5fNc1FrHcpBQ6m52nSpX0Bz8exys",Found
48,0096,CS BUSH SET  M23,"https://images-wixmp-ed30a86b8c4ca887773594c2.wixmp.com/f/1a26d462-de3a-46a1-a9f4-0fa1a23f6594/dfzqvq0-3d5bdcc0-b3bc-46e0-b9c3-828feef6f0ac.png/v1/fill/w_1154,h_692,q_70,strp/cs_watercolor_marker_brush_set_2023__abr___png__by_enterthedwelling_dfzqvq0-pre.jpg?token=eyJ0eXAiOiJKV1QiLCJhbGciOiJIUzI1NiJ9.eyJzdWIiOiJ1cm46YXBwOjdlMGQxODg5ODIyNjQzNzNhNWYwZDQxNWVhMGQyNmUwIiwiaXNzIjoidXJuOmFwcDo3ZTBkMTg4OTgyMjY0MzczYTVmMGQ0MTVlYTBkMjZlMCIsIm9iaiI6W1t7ImhlaWdodCI6Ijw9NzY4IiwicGF0aCI6IlwvZlwvMWEyNmQ0NjItZGUzYS00NmExLWE5ZjQtMGZhMWEyM2Y2NTk0XC9kZnpxdnEwLTNkNWJkY2MwLWIzYmMtNDZlMC1iOWMzLTgyOGZlZWY2ZjBhYy5wbmciLCJ3aWR0aCI6Ijw9MTI4MCJ9XV0sImF1ZCI6WyJ1cm46c2VydmljZTppbWFnZS5vcGVyYXRpb25zIl19.qXFxoyuitjkeNzj5fNc1FrHcpBQ6m52nSpX0Bz8exys",Found
49,0126,CS SPROCKET M23,https://cdn11.bigcommerce.com/s-wu67d7pm1q/images/stencil/1280x1280/products/1724/2505/e47c-67a4f3e6d7342__33983.1758054576.png?c=1,Found
50,0126,CS SPROCKET M23,https://cdn11.bigcommerce.com/s-wu67d7pm1q/images/stencil/1280x1280/products/1900/2674/c579-67a4e749ca647__64518.1758054673.png?c=1,Found
51,0163,BC FUEL PIPE SET,https://forums.frontier.co.uk/attachments/krait_mkiilrpo_azure_stars_1920-jpg.189637/,Found
52,0186,TANK GROMMET,https://m.media-amazon.com/images/I/81JRM0OpVKL._AC_SL1500_.jpg,Found
53,0229,BC RIGHT SWITCH HANDLE,https://sanemotionmoto.com/wp-content/uploads/2024/03/IMG_8661.jpg,Found
54,0275,GEAR 2-20,https://kitsguru.com/cdn/shop/files/Bossgear2moldule20teethspurgear_2048x2048.jpg?v=1720697607,Found
55,0313,28MM PIPE BUSH BEARING,http://www.freeimageslive.co.uk/files/images006/colored_balloons.jpg,Found
56,0810.,HM0810T ORING 5KG,https://http2.mlstatic.com/D_NQ_NP_874141-MLA71781599019_092023-O.webp,Found
57,0810CR,CONECTING RAD,https://www.boostlineproducts.com/wp-content/uploads/2023/08/BL-ConnectingRod-625-38-FRO_2000x2000-138.jpeg,Found
58,0810CRP,0810 CONNECTING ROD WITH BEARING ALUMINIUM,https://ak1.ostkcdn.com/images/products/is/images/direct/7c2cc52b8dd8fa23db14e6893b77278aa98cddf9/Power-Tool-Fitting-Aluminum-Connecting-Rod-for-Makita-0810-Electric-Pick.jpg?impolicy=medium,Found
59,0810CRP,0810 CONNECTING ROD WITH BEARING ALUMINIUM,https://ak1.ostkcdn.com/images/products/is/images/direct/7c2cc52b8dd8fa23db14e6893b77278aa98cddf9/Power-Tool-Fitting-Aluminum-Connecting-Rod-for-Makita-0810-Electric-Pick.jpg?impolicy=medium,Found
60,0810FSP,FIELD SPRING FOR 0810  5 KG,https://i.pinimg.com/originals/f9/7f/9e/f97f9e42b265dae189958b6b5f5085a1.png,Found
61,0810G,APPU 0810TGEAR,https://lookaside.fbsbx.com/lookaside/crawler/media/?media_id=3268501213462746,Found
62,0810GB,0810 GAER BOX   0810GB,https://cliftools.com/wp-content/uploads/2024/08/0810-IG-PLATE-GEAR-BOX-1024x1022.jpg,Found
63,0810GB/A,GEAR BOX 0810,https://cliftools.com/wp-content/uploads/2024/08/0810-IG-PLATE-GEAR-BOX-1024x1022.jpg,Found
64,0810GCK,0810 T GREASE CAP KING,https://sparepartwala.in/wp-content/uploads/2024/02/20240213_170630_copy_700x800.jpg,Found
65,0810OR,0810 ORING QUALITY,https://images.tokopedia.net/img/cache/700/VqbcmM/2022/8/24/de439569-9c59-4aeb-9417-d20e55b95277.jpg,Found
66,0810P,PISTON 0810   MALDH5KP,https://unboxtools.com/wp-content/uploads/2024/04/Akari-0810-Demolition-Hammer-5Kg-Piston-With-Pin.jpg,Found
67,0810PN,0810 PISTON PIN,https://unboxtools.com/wp-content/uploads/2024/04/Akari-0810-Demolition-Hammer-5Kg-Piston-With-Pin.jpg,Found
68,0810SH,XTRAPOWER SPARE 0810T SWITCH,https://www.industrialcart.in/cdn/shop/files/167273547134741022863b3eaef4cf65_0da3b91b-cddc-4fd6-9877-27f2acf4c1ae_600x600.webp?v=1711690349,Found
69,0810SR,0810 STRIKER,https://5.imimg.com/data5/ANDROID/Default/2024/7/436060391/YR/RG/EA/137577994/product-jpeg-1000x1000.jpg,Found
70,0810T,O RING 0810,https://i.ytimg.com/vi/t7p9pBdAZ7g/maxresdefault.jpg?sqp=-oaymwEmCIAKENAF8quKqQMa8AEB-AH-CYAC0AWKAgwIABABGGUgWShLMA8=&rs=AOn4CLCEECacrN3wmKba-XOkjNwv6aAa9w,Found
71,0810T/1,E-SPARES -HM0810TORING,https://www.e-spares.jp/cdn/shop/files/yY79U8Tu37XBx3LqzEGokrzs5kLiQ7aZwaLriJfU.jpg?v=1722409779&width=600,Found
72,0810T/2,SPARE 0810T TOOL HOLDER,https://5.imimg.com/data5/IOS/Default/2024/8/441387451/WD/WB/UO/219231941/product-jpeg-1000x1000.png,Found
73,0810TGB,K-YURI SPARES-0810T GEARBOX,https://i.ytimg.com/vi/BPNViSfoNFs/hqdefault.jpg?sqp=-oaymwEoCOADEOgC8quKqQMcGADwAQH4Ac4FgAKACooCDAgAEAEYciBWKEAwDw==&rs=AOn4CLCzCICCB_RX6vWIqeMYpdz2N3Q1VQ,Found
74,0810TH,SPARES -0810T ADAPTOR  COMPLETE,https://hydraflex.co.uk/wp-content/uploads/2025/02/IFT-M328-23452W.webp,Found
75,0810TH/1,0810 TOOL HOLDER,https://5.imimg.com/data5/SELLER/Default/2024/4/413889040/RM/HT/WC/14683314/0810-tool-holder-1000x1000.jpg,Found
76,0810TH/K,0810 TOOL HOLDER COMPLETE EVEREST,https://cliftools.com/wp-content/uploads/2024/09/0810-TOOL-HODER-1024x1022.jpg,Found
77,0810TH/K,0810 TOOL HOLDER COMPLETE EVEREST,https://www.azutelier.jp/wp-content/uploads/2019/02/M4720135-1024x682.jpg,Found
78,0810TH/K,0810 TOOL HOLDER COMPLETE EVEREST,https://cliftools.com/wp-content/uploads/2024/09/0810-TOOL-HODER-1024x1022.jpg,Found
79,0810TH/S,TOOL HOLDER 0810T SMALL EVEREST,https://meccha-japan.com/844033-large_default/capsule-toy-figure-color-white-pokemon.jpg,Found
80,0810TT,LASERTECH -SPARE -0810T SIDE HANDLE,https://cdn.shopify.com/s/files/1/0281/5878/7632/files/WSH03_Bk.jpg?v=1685472196,Found
81,0810XR,0810 OIL SEAL,https://5.imimg.com/data5/IOS/Default/2022/6/LY/GD/AW/13429151/product-jpeg-500x500.png,Found
82,0835TH,SPARE 0835 TOOL HOLDER,https://batastores.com/wp-content/uploads/nc/catalog/0835.jpg,Found
83,0981,END CAP 18 INCH  BRASS,https://westore24.s3.amazonaws.com/wp-content/uploads/2023/04/12200724/1-8-1-4-3-8-1-2-BSP-Male-Thread-Brass-Pipe-External-Hex-Head-3.jpg,Found
84,0982.,END CAP 1/4 INCH BRASS,https://m.media-amazon.com/images/I/71BdwophBGL.jpg,Found
85,0983.,END CAP 3/8 INCH BRASS,https://image.made-in-china.com/2f0j00qaZktObRVGgE/Brass-3-8-Inch-Bsp-Hex-Plug-End-Cap-Female-Thread-Pipe-Stop-Compression-Fitting-Copper-and-Brass-Blanking-Plug-Brass-End-Cap-for-Plumbing.jpg,Found
86,1.5*2C FLEXIBLE,1.5*2C FLEXIBLE,https://armaforces.github.io/aan-world-news/articles/chernarus/2021/03/strike-in-chernogorsk-factory/strike-at-chernogorks-stink-factory.jpg,Found
87,1.5LB,SLEDGE HAMMER 1.5LB,https://www.toolusa.com/cdn/shop/files/PH281F-15-M1.jpg?v=1709668087&width=1445,Found
88,1.5LB,SLEDGE HAMMER 1.5LB,https://5.imimg.com/data5/SELLER/Default/2022/3/SS/LN/NE/138785653/1-5-lb-sledge-hammer-1000x1000.jpg,Found
89,1.5LBH,SLEDGE HAMMER 1.5LB,https://www.toolusa.com/cdn/shop/files/PH281F-20-F8_1ea7b01d-c37a-4cda-b32e-5aa7657f94c4.jpg?v=1709668087&width=1445,Found
90,1.5LBH,SLEDGE HAMMER 1.5LB,https://www.toolusa.com/cdn/shop/files/PH281F-15-M1.jpg?v=1709668087&width=1445,Found
91,1.5LBH/1,SLEDGE HAMMER WITH PIDI 1.5 LB,https://media.istockphoto.com/photos/headset-picture-id1302933090?k=20&m=1302933090&s=612x612&w=0&h=Jvqz9dw8zv0kamkAB3LAB-A_EsXm6Ku3fR_PV694OXs=,Found
92,1.5LBH/1,SLEDGE HAMMER WITH PIDI 1.5 LB,https://img.youtube.com/vi/KGAubZ71fXY/hqdefault.jpg,Found
93,1.5SQ,PIONEER CORD WIRE PVC  90MTR,http://rukmini1.flixcart.com/image/300/300/xif0q/electrical-wire/6/q/x/fabgold1-2-5-white-300-16-2-5-fab-gold-0-9-original-imahdgbyupgz4qkz.jpeg,Found
94,1/2-3/4 V,1/2-3/4 V,https://media-rockstargames-com.akamaized.net/tina-uploads/posts/akk98a4o755825/5e6f14bf3b02e6f5342632d1dc08e5a7b4406c8c.jpg,Found
95,1/2NUT,NUT MS 1/2,https://img.oppaisan.com/img/entry_images/img/20210316_2.gif,Found
96,100.,FREEMANS 20 MTR TAPE,https://5.imimg.com/data5/SELLER/PDFImage/2023/5/307119683/HL/RV/NH/11183446/freemans-tape-20-mtr-13mm-1000x1000.png,Found
97,1000,PLANER BLADE -BOSCH,https://wallpaperaccess.com/full/5821206.jpg,Found
98,10000.,10000 TOLSEN COMBINATION PLIERS 6'',https://theplumbersdepottt.com/wp-content/uploads/2022/05/t10.jpg,Found
99,10001.,10001 TOLSEN COMBINATION PLIERS 7 INCH,https://img.drz.lazcdn.com/static/bd/p/3cca39e5ce8d3cf256a24109c87eee8f.jpg_720x720q80.jpg,Found
100,10002.,TOLSEN COMBINATION PLIER 8 INCH,https://dhaka-mokam.com/1333-large_default/tolsen-combination-pliers-8-inch-code-13042.jpg,Found
101,10006.,TOLSEN LONG NOSE PLIER 6 INCH 10006,https://down-vn.img.susercontent.com/file/11e9b3c1ec32ca78dd93c5bb32c19a7a,Found
102,10014.,TOLSEN MONKEY PLIER 10 INCH 10014,https://img.lazcdn.com/g/p/414c536f9ae064554c5f6af2b1084880.jpg_720x720q80.jpg,Found
103,10041,TOLSEN TOWER PINCER 10 INCH 10041,https://digishi.net/122180-layout3_home_default/tolsen-tower-pincer-250mm-10-inch.jpg,Found
104,10042.,TOLSEN TOWER PINCER 11 INCH 10042,https://vohsuppliers.co.ke/wp-content/uploads/2024/03/yQYBaKS36Gzxe-xxlarge.webp,Found
105,10043.,"TOLSEN END WIRECUTTER 6""",https://digishi.net/176921-large_default/tolsen-cable-cutter-6-inch.jpg,Found
106,10044.,TOLSEN END CUTTING PINCER 7 INCH 10044,https://blade.ph/cdn/shop/products/TOLSEN10044ENDCUTTINGPINCER-6-2_800x.jpg?v=1663654899,Found
107,100451206,CARBON BRUSH,https://www.azquotes.com/vangogh-image-quotes/156/86/Quotation-Barack-Obama-If-somebody-is-different-from-you-that-s-not-something-156-86-67.jpg,Found
108,10051.,TOLSEN  LOCKING PLIERS,https://st.hzcdn.com/fimgs/pictures/kids-bedrooms/hampstead-unisex-playroom-nesting-properties-img~992174e1091b181e_8441-1-da3e235-w320-h320-b1-p10.jpg,Found
109,1007.,MSeal  WHITE  50GM,https://rukminim1.flixcart.com/image/416/416/xif0q/adhesive/w/z/h/264-sanitary-white-epoxy-putty-for-bathroom-kitchen-50gm-m-seal-original-imagjbhphyfda7nd.jpeg?q=70,Found
110,1007.,MSeal  WHITE  50GM,https://rukminim1.flixcart.com/image/416/416/xif0q/adhesive/w/z/h/264-sanitary-white-epoxy-putty-for-bathroom-kitchen-50gm-m-seal-original-imagjbhphyfda7nd.jpeg?q=70,Found
111,10072.,TOLSEN PIPE WRENCH 24 INCH,https://ds.rokomari.store/rokomari110/ProductNew20190903/260X372/Tolsen_Pipe_Wrench_24_Inch_600_mm-Tolsen_Tools_and_More-bfd25-339511.jpg,Found
112,10072.,TOLSEN PIPE WRENCH 24 INCH,https://ds.rokomari.store/rokomari110/ProductNew20190903/260X372/Tolsen_Pipe_Wrench_24_Inch_600_mm-Tolsen_Tools_and_More-bfd25-339511.jpg,Found
113,1008.,MSEAL 40GM,https://5.imimg.com/data5/SELLER/Default/2026/1/578325173/MY/WM/CJ/53731878/pidilite-m-seal-regular-epoxy-compound-40gm-1000x1000.jpg,Found
114,1008.,MSEAL 40GM,https://5.imimg.com/data5/SELLER/Default/2026/1/578325173/MY/WM/CJ/53731878/pidilite-m-seal-regular-epoxy-compound-40gm-1000x1000.jpg,Found
115,1008.,MSEAL 40GM,https://5.imimg.com/data5/SELLER/Default/2026/1/578325173/MY/WM/CJ/53731878/pidilite-m-seal-regular-epoxy-compound-40gm-1000x1000.jpg,Found
116,1008/B,M SEAL 40G BULL,https://abassa.co.za/wp-content/uploads/2022/06/4073-M-SEAL-EPOXY-COMPOND-40G-1024x682.jpg,Found
117,1008/B,M SEAL 40G BULL,https://abassa.co.za/wp-content/uploads/2022/06/4073-M-SEAL-EPOXY-COMPOND-40G-1024x682.jpg,Found
118,1009,Mseal Sanitary White 50gm,https://rukminim1.flixcart.com/image/416/416/xif0q/adhesive/w/z/h/264-sanitary-white-epoxy-putty-for-bathroom-kitchen-50gm-m-seal-original-imagjbhphyfda7nd.jpeg?q=70,Found
119,101.,FREEMANS 30 MTR TAPE,https://5.imimg.com/data5/SELLER/Default/2023/3/294468352/VJ/YK/HF/23604581/30-mtr-steel-1000x1000.jpg,Found
120,1010.,SR 100ML,https://onthegohardware.com/wp-content/uploads/2024/04/sr.png,Found
121,1010.,SR 100ML,https://www.perfumecia.com.br/wp-content/uploads/2022/02/sr-n.jpg,Found
122,10107.,TOLSEN BENCH VICE MINI 50MM 2 INCH 10107,https://faebertools.com/wp-content/uploads/2024/08/10107.1.png,Found
123,1011.,SR 200ML,https://www.gettingsmart.com/wp-content/uploads/2016/01/ken-robinson-Creative-Schools-964x670-1.jpg,Found
124,1011.,SR 200ML,https://a-static.mlcdn.com.br/800x560/glucerna-sr-sabor-baunilha-200ml/drogariaaraujosa/766313/2e398394c6ed0b50f9e41e8e0f95f3c6.jpeg,Found
125,1011.,SR 200ML,https://product-data.raiadrogasil.io/images/4360059.webp,Found
126,1011.,SR 200ML,https://images.tcdn.com.br/img/img_prod/1223987/glucerna_sr_sabor_baunilha_200ml_com_4_unidades_217_1_ce228296c4264e88a8734095ac510be4.jpg,Found
127,1011.,SR 200ML,https://product-data.raiadrogasil.io/images/4360059.webp,Found
128,1011/1KG,FEVICOL SR 998(1 LTR),https://www.racknsell.com/public/thumbs/products/31667/1_500_500.jpg,Found
129,10112.,TOLSEN G CLAMP 3 INCH,https://img-mdpr.freetls.fastly.net/article/Kl_S/nm/Kl_S-O7UaFSb6d54TJgNpaztx-uKhRnCscHk2p8_8GQ.jpg?width=700&disable=upscale&auto=webp&quality=80,Found
130,10113.,TOLSEN G CLAMP C 4 INCH 10113,https://www.nationalwelding.com.au/assets/full/10113.jpg?20220402201350,Found
131,10113.,TOLSEN G CLAMP C 4 INCH 10113,https://www.nationalwelding.com.au/assets/full/10113.jpg?20220402201350,Found
132,10114.,TOLSEN G CLAMP C 6 INCH,https://ds.rokomari.store/rokomari110/ProductNew20190903/260X372/Tolsen_G_Clamp__C_Clamp_150mm_or_6_inch_-Tolsen_Tools_and_More-0a789-340769.jpg,Found
133,10115,TOLSEN G CLAMP  C CLAMP 8 INCH,https://m.media-amazon.com/images/I/71kbX3YVV8L._SL1500_.jpg,Found
134,1011A,SR 500ML,https://imgv2-1-f.scribdassets.com/img/document/746145556/original/545c813552/1719815803?v=1,Found
135,1011A,SR 500ML,https://down-br.img.susercontent.com/file/sg-11134201-7rdwr-mdmbivm7gytm88,Found
136,1011A,SR 500ML,https://www.mmintercom.com/upload/catalog/product/88967/crc+pci31+sr+semiper.jpg,Found
137,1011A,SR 500ML,https://www.mmintercom.com/upload/catalog/product/88967/crc+pci31+sr+semiper.jpg,Found
138,1012.,SPEED MC BLADE SPEED 5 INCH,https://5.imimg.com/data5/SELLER/Default/2024/3/396880690/BE/SG/MC/3146111/ultrafast-5-inch-marble-cutting-blade-80-m-s-max-speed-uf-mcb-125mm-1000x1000.webp,Found
139,1012.,SPEED MC BLADE SPEED 5 INCH,https://5.imimg.com/data5/SELLER/Default/2024/3/396880690/BE/SG/MC/3146111/ultrafast-5-inch-marble-cutting-blade-80-m-s-max-speed-uf-mcb-125mm-1000x1000.webp,Found
140,1012/4,SPEED  BLADE SPEED 4 INCH,https://d91ztqmtx7u1k.cloudfront.net/ClientContent/Images/Catalogue/4-inch-cumi-speed-marble-cutting-blade20230905102909.jpg,Found
141,1012/4,SPEED  BLADE SPEED 4 INCH,https://i.pinimg.com/originals/90/58/b8/9058b8dd42f516bc2ac8529eaf609a3e.jpg,Found
142,10123 .,10123 TOLSEN  F CLAMP 50*150,https://blade.ph/cdn/shop/products/TOLSEN10123F-CLAMP-4-2_800x.jpg?v=1663656604,Found
143,10123 .,10123 TOLSEN  F CLAMP 50*150,https://cdn.prod.website-files.com/5b7f24cc900973de13d7beb4/65fdc78a91d4b954330cb2ea_72f7ee96-6cf3-4876-a071-e1dbceb44a54.jpeg,Found
144,10125 .,10125 TOLSEN  F CLAMP 50*250,https://vamjo.com/wp-content/uploads/2025/07/F-Clamp-50x250-Tolsen101251-Photoroom.jpg,Found
145,1014.,GLASS CUTTER BULLET 4'',https://5.imimg.com/data5/SELLER/Default/2022/4/PQ/VG/FP/86915491/glass-cutter-golden-bullet-1000x1000.jpeg,Found
146,10151,10151 F CLAMP  120*300,https://m.media-amazon.com/images/I/51vuT9wDkKL._AC_SY300_SX300_QL70_ML2_.jpg,Found
147,10153,10153 F CLAMP 120*500,https://vohsuppliers.co.ke/wp-content/uploads/2024/03/TOLSEN-10153-3-2000x1500-1.jpg,Found
148,102.,SCREW BIT DOUBLE SIDE STAR BUL,https://rukminim1.flixcart.com/image/832/832/jt8yxe80/screwdriver-bit-set/y/m/y/ph2-star-bit-tightanium-original-imafe4eggehmfwac.jpeg?q=70,Found
149,1021.,NUT RUNNER 10X65,https://phsalarygrade.com/wp-content/uploads/2025/10/philippines-teacher-salary-grade.webp,Found
150,1021/12,ADAPTER 12MM EVEREST,https://m.media-amazon.com/images/I/61jOC+0QweL._AC_SL1500_.jpg,Found
151,1021/6,NUT RUNNER 6X65MM,https://ic-ph-nss.xhcdn.com/a/MWI1OTMwNjg3ZTEwMWZkYzNkODVlMzU1OWU2ZmYxMGU/webp/000/514/969/764_1000.jpg,Found
152,1021/8,NUT RUNNER 8X50MM E-ULTRAFAST,https://www.milwaukeetool.ca/--/web-images/sc/b86319549d25407f80425c643b5289da?hash=d75858507ff6bb6f1cdfcb3085399470&lang=en,Found
153,1021/8,NUT RUNNER 8X50MM E-ULTRAFAST,https://shop.r10s.jp/auc-topgakuseifuku/cabinet/racoon_41/ey8970_01.jpg,Found
154,1021/8,NUT RUNNER 8X50MM E-ULTRAFAST,https://cdn.sanity.io/images/c1chvb1i/production/11b81a485fe33290e6c26e87856e12c9afc7fa73-700x468.jpg/NEW-BALANCE-997-BLUE-1.jpg,Found
155,1021/8H,HYPER MAGNETIC NUT DRIVER BIT 8*45MM,https://feeljapan.net/okinawa/wp-content/uploads/sites/2/nangusukukouen16.jpg,Found
156,1022,Claw Hammer Nagori 1LB,https://doujin-assets.dmm.co.jp/digital/cg/d_337255/d_337255jp-001.jpg,Found
157,1023,Claw Hammer GI(PH),https://shop.goldpeaktools.com.ph/cdn/shop/files/claw-hammer.gif?v=1755568328,Found
158,10231.,TOLSEN PIPE WRENCH  8 INCH 10231,https://blade.ph/cdn/shop/products/TOLSEN10231PIPEWRENCH-4-2_1600x.jpg?v=1663657464,Found
159,10234,TOLSEN PIPE WRENCH 14 INCH,https://ds.rokomari.store/rokomari110/ProductNew20190903/260X372/Tolsen_Pipe_Wrench_14_Inch_350_mm-Tolsen_Tools_and_More-c6dac-339506.jpg,Found
160,1024,Claw Hammer Nagori3/4LB,https://i5.walmartimages.com/seo/Brown-Bear-Kitchen-Towels-Set-1-Forest-Pine-Tree-Rustic-Wild-Animal-Vintage-Absorbent-Dish-Towels-Kitchen-Microfiber-Hand-Towel-Quick-Drying-Tea-Towe_b0bd85a1-cb87-4fc6-8570-3f29da97b874.307875de622c2fd94185fdbff4039a80.jpeg?odnHeight=573&odnWidth=573&odnBg=FFFFFF,Found
161,10244.,TOLSEN BRC CUTTER 24 INCH 10244,https://pos.nvncdn.com/1d5ace-32990/ps/20210717_ZxZ0myI09LX9qfGj798KtKqG.jpg,Found
162,10244B,TOLSEN SPARE BLADE BRC CUTTER 24 INCH 10244B,https://rokbucket.rokomari.io/ProductNew20190903/260X372/Tolsen_Bolt_Cutter_24_inch-Tolsen_Tools_and_More-df0ec-339281.png,Found
163,10247.,10247 TOLSEN BOLT CUTTER 42',https://down-ph.img.susercontent.com/file/8a508bfda3f85f81885d657acea8862e,Found
164,10247B,TOLSEN SPARE BLADE 10247B,https://vancouversupplies.com/image/cache/cache/1-1000/532/main/255f-Tolsen+Tile+Cutter+Replacement+Wheel+Blade+for+Porcelain+Ceramic+Tiles+(1)-0-1-1024x768.jpg,Found
165,1025,Claw Hammer Nagori 1Lg,https://upload.wikimedia.org/wikipedia/commons/8/84/Claw-hammer.jpg,Found
166,1028/1,HAMMER,https://cdn.pixabay.com/photo/2015/03/20/19/38/hammer-682767_1280.jpg,Found
167,10280,TOLSEN LONG NOSE PLIER 8 INCH,https://img.drz.lazcdn.com/static/bd/p/63d399bdf364b62f1e9adb33c18026b6.jpg_720x720q80.jpg,Found
168,103.,SCREW BIT STAR&MINUS,https://m.media-amazon.com/images/I/41ymGmxUKdL._SX300_SY300_QL70_ML2_.jpg,Found
169,1030/1,CHISEL 12 INCH   TIGER,https://cdn11.bigcommerce.com/s-ha2ot4etu4/images/stencil/500x659/products/11796/34316/63f00e41-41e5-47c0-9d14-929cd7c33fbf__69903.1680013433.jpg?c=2,Found
170,1030/1,CHISEL 12 INCH   TIGER,https://cdn11.bigcommerce.com/s-ha2ot4etu4/images/stencil/500x659/products/11796/34316/63f00e41-41e5-47c0-9d14-929cd7c33fbf__69903.1680013433.jpg?c=2,Found
171,1030/1,CHISEL 12 INCH   TIGER,https://cdn11.bigcommerce.com/s-f4083/images/stencil/1280x1280/products/180797/274412/51YeMSjejrL__68987.1667926870.jpg?c=2,Found
172,1033,Mason Trowel Square,https://www.victoriaregalia.com/image/cache/catalog/products_2019/trowel__20_-800x600.jpg,Found
173,10345,10345 TOLSEN END CUTTING PLIER 8INCH,https://down-id.img.susercontent.com/file/id-11134207-7rasg-m1fdj5od1yavec,Found
174,104.,PUTTY BLADE 2',https://services.ibo.com/media/v1/products/images/14b4dd5d-1e8f-41c8-823f-6b5d60773f11/star-putty-blade-2-in-knife-1.webp?c_type=C3,Found
175,1043/1,SAFTY BELT  MUMBAI,https://5.imimg.com/data5/SELLER/Default/2022/6/TC/BK/ES/22721341/karam-green-safety-belt-1000x1000.jpg,Found
176,1043B,SAFETY BELT GREEN BULL,https://5.imimg.com/data5/SELLER/Default/2022/6/TC/BK/ES/22721341/karam-green-safety-belt-1000x1000.jpg,Found
177,1047,Cable Tye 100mm,https://5.imimg.com/data5/AL/ZR/RO/SELLER-25935209/cable-tie-100-mm-1000x1000.jpg,Found
178,105.,Putty Blade 3 Inch,https://5.imimg.com/data5/ANDROID/Default/2023/4/300333897/IZ/SN/XX/79986490/product-jpeg-500x500.jpg,Found
179,1050,BOLT 11/4*3/4,https://mechforged.com/wp-content/uploads/Metric-Bolt-Size-Chart-A-Complete-Guide.jpg,Found
180,1052/1,NUT SS 1/4 JOM,https://cdn11.bigcommerce.com/s-scmrv6kkrz/images/stencil/1280x1280/products/201036/174974/1-4-hex-nut-stainless-steel-50g__51962.1568390680.jpg?c=2,Found
181,1053,Nut Ss 1/4,https://m.media-amazon.com/images/I/71SvUQ9jKWL.jpg,Found
182,1055,Screw Cycle 1/8*3/4,https://www.siddhagirimetals.com/img/screw-measurement-chart.jpg,Found
183,1056.,Screw Cycle 1/8*1,https://shuntool.com/images/resources/what-screw-size-is-1-8-in-diameter_20241005015435.webp,Found
184,106.,Putty Blade 4 Inch,https://5.imimg.com/data5/SELLER/Default/2022/5/QG/SS/KR/28620961/4inch-stainless-steel-putty-blade-500x500.jpeg,Found
185,106.,Putty Blade 4 Inch,https://5.imimg.com/data5/SELLER/Default/2022/5/QG/SS/KR/28620961/4inch-stainless-steel-putty-blade-500x500.jpeg,Found
186,1063,Welding Helmet Sunshine,https://i5.walmartimages.com/seo/SunshineFace-Welding-Helmet-True-Color-Auto-Darkening-Welding-Helmet-2-Arc-Sensor-Wide-Shade-Large-Viewing-Screen-Welding-Helmets-Men-Welding-Helmet_95ac2007-5557-4754-8f9b-4f35dbf1904d.b5af388c330201e966164d9195b9dd9b.jpeg,Found
187,1065.,TCT BLADE 5X40 JK,https://5.imimg.com/data5/ANDROID/Default/2025/6/516916834/GR/IN/GS/3692912/product-jpeg-500x500.jpg,Found
188,1068.,Hammer 2.5dfs,https://cdnnew.toolsvilla.com/products-dfs25lbs1135kgdoublesledgehammer/1768912655189/1768912692713-watmrkA.webp/md,Found
189,107.,PUTTY BLADE 6 INCH,https://5.imimg.com/data5/SELLER/Default/2025/5/509570668/LY/MA/IM/112186905/6-inch-guru-ji-putty-blade-1000x1000.jpg,Found
190,107.,PUTTY BLADE 6 INCH,https://5.imimg.com/data5/SELLER/Default/2025/5/509570668/LY/MA/IM/112186905/6-inch-guru-ji-putty-blade-1000x1000.jpg,Found
191,1077,Hammer Rubber,https://i5.walmartimages.com/seo/Large-Rubber-Mallet-32oz-900g-Hammer-Fiberglass-Rubberized-Handle-Grip_7e69d409-4621-46d5-844e-97779f43003d.af3f750cb8448a8ba54a5066e02a35ec.jpeg,Found
192,1078/S,SWITCH  40A,https://img.mweb.com.tw/thumb/526/1000x1000/Products/Rotary-Cam-Switch/Rotary-Cam-Switch-40A/40a-on-off-power-switch-_90-deg-switching_.jpg,Found
193,1078/S,SWITCH  40A,https://img.mweb.com.tw/thumb/526/1000x1000/Products/Rotary-Cam-Switch/Rotary-Cam-Switch-40A/40a-on-off-power-switch-_90-deg-switching_.jpg,Found
194,1079,SWITCH 30A,"https://ih1.redbubble.net/image.3056880147.6555/st,small,507x507-pad,600x600,f8f8f8.jpg",Found
195,1079,SWITCH 30A,https://media.rs-online.com/R8139507-01.jpg,Found
196,10804.,BENCH VISE H/D 4INCH  10804,http://meymislist.com/wp-content/uploads/2025/01/filipino-breakfast-5-683x1024.jpg,Found
197,10806.,TOLSEN BENCH VISE 6,https://static-01.daraz.com.bd/p/4b254946f93ace0d1842b53b92edd5da.jpg,Found
198,10808,TOLSEN BENCH VISE 8 INCH 10808,http://tolsen.com.ph/cdn/shop/products/10808.jpg?v=1680251631,Found
199,1083.,FAN DC 24V 38MM,https://down-id.img.susercontent.com/file/id-11134201-7ras8-m0y06y3dmvcmbe,Found
200,1085.,FAN AC 220V 38MM,https://images.indianexpress.com/2019/05/sundarbans-women-folk-dancers-759.jpg?resize=150,Found
201,1085.,FAN AC 220V 38MM,https://m.media-amazon.com/images/I/61NX95OTP-L._AC_SL1000_.jpg,Found
202,1088,"Combination Plier 8""",https://www.majju.pk/assets/uploads/2018/06/PRIDE-COMBINATION-PLIER-8-INCH-2000x1306.jpg,Found
203,10AK,ALLENKEY 10MM,https://jexploreinc.com/wp-content/uploads/2024/03/allenkey5_1.jpg,Found
204,10LB,SLEDGE HAMMER  10LB,https://www.stanleytools.com/NA/product/images/3000x3000x96/FMHT56019/FMHT56019_1.jpg,Found
205,10LB/1,SLEDGE HAMMER 10,https://www.stanleytools.com/NA/product/images/3000x3000x96/FMHT56019/FMHT56019_1.jpg,Found
206,10LB/1,SLEDGE HAMMER 10,https://www.stanleytools.com/NA/product/images/3000x3000x96/FMHT56019/FMHT56019_1.jpg,Found
207,10mm Nut.,Nut Ms 3/8,https://image.made-in-china.com/2f0j00CzOqyYrPbukL/Nylon-Insert-Lock-Nuts-3-8-Inch-16-Grade-18-8-Stainless-Steel-Customization.jpg,Found
208,10S3S,SHOVEL SPADE 3 AS,https://p.turbosquid.com/ts-thumb/gr/z4Axn0/keFYn72n/spadeshovelcomp04/jpg/1395017940/1920x1080/fit_q87/ca47f8aef4f110ac54f84a685c1ffe82a6aadda8/spadeshovelcomp04.jpg,Found
209,10X100AC,TC BLADE 10X100 BULLET,https://m.media-amazon.com/images/I/91mse0R44LL._AC_SL1500_.jpg,Found
210,11/2FV,FOOT VALVE 11/2',https://m.media-amazon.com/images/I/61XEqJdPKWL._AC_SL1000_.jpg,Found
211,11/2FV,FOOT VALVE 11/2',http://hyogo-sumoto.bioweather.net/img/sumoto_map.png,Found
212,11/4FV,1 1/4 SUB BEND FOOT VALVE,https://www.megateksa.com/media/catalog/product/cache/f479fffe34b916c2b3283e2d283a0c1e/4/6/46614_1.jpg,Found
213,1107,30MM CAPASITER,https://img1.daumcdn.net/thumb/R1280x0/?scode=mtistory2&fname=https://blog.kakaocdn.net/dn/bhhiyq/btsGbANgrUa/kPjoWZ14FFpeHnCzK1hvh0/img.png,Found
214,111,HACKSAW BLADE 12*1/2WOOD MASTER,https://cdn11.bigcommerce.com/s-frk94b8pga/products/337/images/1625/hacksawblade__08196.1528971077.500.750.jpg?c=2,Found
215,1115.,FAN,https://m.media-amazon.com/images/I/81UAfobwUrL._AC_SL1500_.jpg,Found
216,1115.,FAN,https://m.media-amazon.com/images/I/81oPIwXf7BL.jpg,Found
217,1118.,25MM CAPASITOR,https://m.media-amazon.com/images/I/61AD2JRuwfL._SL1500_.jpg,Found
218,116/1,LEVEL HOSE 6MM (30MTR),https://5.imimg.com/data5/SELLER/Default/2023/12/372005485/QT/KF/AH/3551030/6mm-pvc-level-tube-500x500.jpg,Found
219,116/1,LEVEL HOSE 6MM (30MTR),https://5.imimg.com/data5/SELLER/Default/2023/12/372005485/QT/KF/AH/3551030/6mm-pvc-level-tube-500x500.jpg,Found
220,116/8,LEVEL HOSE 8MM,https://blog-imgs-101.fc2.com/a/b/a/abab777/pgJrB4ZVpoEX6I-3YmFGAujimVY.jpg,Found
221,116/8,LEVEL HOSE 8MM,https://www.beorol.ae/files/thumbs/files/images/slike_proizvoda/thumbs_600/GVC8_600_600px.jpg,Found
222,116/8,LEVEL HOSE 8MM,https://www.beorol.ae/files/thumbs/files/images/slike_proizvoda/thumbs_600/GVC8_600_600px.jpg,Found
223,117,SPIRIT LEVEL BLUE 12'' FREEMANS,https://5.imimg.com/data5/SELLER/Default/2023/5/304696801/GB/BZ/HO/4602119/spirit-level-1000x1000.jpg,Found
224,117/1,"SPIRIT LEVEL 12"" FREEMANS RED",http://makerbazar.in/cdn/shop/products/51rBpDM7MEL._SL1000.jpg?v=1625378039,Found
225,117/1,"SPIRIT LEVEL 12"" FREEMANS RED",http://makerbazar.in/cdn/shop/products/51rBpDM7MEL._SL1000.jpg?v=1625378039,Found
226,117/1,"SPIRIT LEVEL 12"" FREEMANS RED",https://i5.walmartimages.com/seo/40Pcs-Mini-Bubble-Spirit-Level-10X10X29mm-Square-Levels-for-Wall-Frames-Art-Displays-Picture-Hanging-RV-Tripod-Measuring_25c540bd-b849-4ba6-b251-95d777f803ea.bb30e38131cada8467e20e7bb3cd2c5e.jpeg?odnHeight=576&odnWidth=576&odnBg=FFFFFF,Found
227,117/1,"SPIRIT LEVEL 12"" FREEMANS RED",https://i5.walmartimages.com/seo/40Pcs-Mini-Bubble-Spirit-Level-10X10X29mm-Square-Levels-for-Wall-Frames-Art-Displays-Picture-Hanging-RV-Tripod-Measuring_25c540bd-b849-4ba6-b251-95d777f803ea.bb30e38131cada8467e20e7bb3cd2c5e.jpeg?odnHeight=576&odnWidth=576&odnBg=FFFFFF,Found
228,117/B,FREEMANS SPIRIT LEVEL BLUE,https://5.imimg.com/data5/SELLER/Default/2021/12/CI/UV/LZ/89480189/freemans-basik-bsl30-spirit-level-30cm-3--1000x1000.jpg,Found
229,117/Y,FREEMANS SPIRIT LEVEL YELLOW 1 FEET,https://5.imimg.com/data5/KT/WC/LM/SELLER-3014840/spirit-level-500x500.jpg,Found
230,11E864,11E NEEDLE BEARING,https://i.ytimg.com/vi/FZlRJLRpGjM/maxresdefault.jpg,Found
231,11E864,11E NEEDLE BEARING,https://samnantools.in/wp-content/uploads/2021/07/212001-8.jpeg,Found
232,11ECB,11E CARBON BRUSH,https://5.imimg.com/data5/SELLER/Default/2024/2/383151785/KG/YX/JG/37387167/11e-carbon-brush-500x500.jpg,Found
233,11ECP,11E CLAMP DHARA,https://img.rawpixel.com/s3fs-private/rawpixel_images/website_content/dwproject7-ning-06_2.jpg?w=2000&dpr=1&fit=default&crop=default&auto=format&fm=pjpg&q=75&vib=3&con=3&usm=15&bg=F4F4F3&ixlib=js-2.2.1&s=bbd83b7ae57d1fef3d9a4f7e47b1411c,Found
234,11ECRD,EMTEX SPARES 11E CONNECTING ROD,https://sparepartwala.in/wp-content/uploads/2024/02/20240212_141138_copy_700x800.jpg,Found
235,11EFCS,SPARE 11E FRONT CAP SET 5 PCS  SET,http://pokemon-times.com/wp-content/uploads/2022/06/220601_04.png,Found
236,11EFCS,SPARE 11E FRONT CAP SET 5 PCS  SET,https://5.imimg.com/data5/SELLER/Default/2024/8/440464456/JA/IH/DK/219231941/front-cap-set-11e-500x500.jpeg,Found
237,11EFH,11E FRONT HANDLE,https://images.carid.com/dorman/items/15849-2.jpg,Found
238,11EG,GOVERNER 11E AKARI SPARE,https://sparepartwala.in/wp-content/uploads/2024/02/20240217_150926_copy_700x800.jpg,Found
239,11EGC,11E GREASE CAP  EVEREST,https://5.imimg.com/data5/SELLER/Default/2023/1/MT/KT/WE/22792957/11-e-greece-cap-1000x1000.jpg,Found
240,11EGL,GEAR FOR 11E LASERTECH,https://sparepartwala.in/wp-content/uploads/2024/02/20240212_140252_copy_700x800.jpg,Found
241,11EHANDLE,YURI SPARE 11E SIDE HANDLE,https://i5.walmartimages.com/seo/YIGSECU-Black-Handle-Attachment-for-Demolition-Hammer-11E-Gbh10DC-Gbh11DE-Hammer-Side-Handle-Replacement-Spare-Part_432e7693-0238-4359-9d3a-81440ac3cda3.401bc3ea3a90ec6f3e3221d6a6a92179.jpeg,Found
242,11EORING,ORING 11E,https://5.imimg.com/data5/SELLER/Default/2021/2/DZ/BR/MJ/44304451/51bbxfxofal-sl1100--500x500.jpg,Found
243,11EORP,11E ORING,https://i.ytimg.com/vi/ABtYV6Z0Uds/maxresdefault.jpg,Found
244,11ES,LASERTECH SPARES 11E SWITCH,https://cliftools.com/wp-content/uploads/2024/09/11E-SWITCH.jpg,Found
245,11ESCRL,LASERTECH SPARES 11E GOVERNOR,https://sparepartwala.in/wp-content/uploads/2024/02/20240217_150926_copy_700x800.jpg,Found
246,11ESD,YURI SPARES 11E STOPPING DEVISE,https://sparepartwala.in/wp-content/uploads/2025/07/20250729_141219_copy_700x800.jpg,Found
247,11ETH,TOOL HOLDER 11E YURI,https://sparepartwala.in/wp-content/uploads/2024/02/20240212_141013_copy_700x800.jpg,Found
248,11S4S,SHOVEL 4AS SPADE,https://gardentherapy.ca/wp-content/uploads/2017/09/Shovel-and-Spade-Guide-7.jpg,Found
249,12,4' WOOD CUTTER(XTRA POWER),https://www.jamiat.org.in/media/fullpage/20221020171919.png,Found
250,1221,SCREW WASHER,https://thumbs.dreamstime.com/z/pink-flowers-lagerstroemia-258055213.jpg,Found
251,123.,SELF SCREW PATTA 8*32,https://m.media-amazon.com/images/I/21gpBfGKmwL.jpg,Found
252,123.,SELF SCREW PATTA 8*32,https://m.media-amazon.com/images/I/21gpBfGKmwL.jpg,Found
253,123/2,SELF SCREW 2 INCH,https://auctions.c.yimg.jp/images.auctions.yahoo.co.jp/image/dr000/auc0312/users/b19d1d7e82af3b05c52623e8fa144bfd179b6a22/i-img900x1200-1672151154kbkxhj274875.jpg,Found
254,123/H,SELF SCREW MODI HEAD 1 1/4INCH,https://www.gifcen.com/wp-content/uploads/2021/06/meme-gif-12.gif,Found
255,123/H,SELF SCREW MODI HEAD 1 1/4INCH,https://m.media-amazon.com/images/I/61gZOMBb5ML._SL1000_.jpg,Found
256,124.,PATTA DRY WALL 1/2'(13*6),https://fiaz.com.pk/wp-content/uploads/2025/10/d893b649-a877-4d5d-96e0-9bbf6a77d4a0.jpg,Found
257,1257.,FAN,https://m.media-amazon.com/images/I/81oPIwXf7BL.jpg,Found
258,1257.,FAN,https://m.media-amazon.com/images/I/81oPIwXf7BL.jpg,Found
259,129.,WATER PAPER BULLET 60,https://5.imimg.com/data5/NF/MD/MY-1414703/bullet-lion-riken-rmc-brand-water-proof-abrasive-paper-500x500.jpg,Found
260,12ADG,ROTARY TOOL ACCESSORIES KIT OI-12ADG 12PCS,https://workprotools.com/bocupload/2023/01/05/16728977544789jfnlh.jpg,Found
261,12HSS,HOLESAW SET ASG 12 PCS,,Not Found
262,12WMB,12W LumenexPrimeMosqbulb/colorwhite,https://sellmore4less.com/wp-content/uploads/2022/12/led-white-color-12w-light-bulb.jpg,Found
263,12WP,17299 LED LAMPS 12W OSRAM,https://www.metallite.shop/cdn/shop/products/1020x1020OsramCLA12Wimg_bd50a8b2-287f-414f-a635-162b688890a1.jpg?v=1614512795,Found
264,12WP,17299 LED LAMPS 12W OSRAM,,Not Found
265,130.,WATER PAPER BULLET 80,https://aksdonline.in/wp-content/uploads/2024/01/water-emery-product.jpg,Found
266,130.,WATER PAPER BULLET 80,https://aksdonline.in/wp-content/uploads/2024/01/water-emery-product.jpg,Found
267,13001,LIVON 6 AMP 3 PIN TOP 13001,https://5.imimg.com/data5/SELLER/Default/2024/3/399537733/YS/BX/QH/20029575/6-amp-3-pin-plug-top-500x500.jpg,Found
268,13002,LIVON 16 AMP 3 PIN TOP 13002,https://5.imimg.com/data5/SELLER/Default/2023/4/297134825/GY/MA/KA/39654877/16-amp-3-pin-top-500x500.jpg,Found
269,13002,LIVON 16 AMP 3 PIN TOP 13002,https://5.imimg.com/data5/SELLER/Default/2023/4/297134825/GY/MA/KA/39654877/16-amp-3-pin-top-500x500.jpg,Found
270,13003.,LIVON 6AMP MULTY PLUG 13003,https://5.imimg.com/data5/SELLER/Default/2024/6/430111294/WB/RN/ZF/219955610/6-amp-multi-plug-anchor-1000x1000.jpg,Found
271,13006.,LIVON  FLEX BOX 2 PIN 4 MTR EB3/4 LIVON,https://5.imimg.com/data5/ANDROID/Default/2022/8/FF/PD/VZ/121418388/product-jpeg-1000x1000.jpg,Found
272,13010,LIVON 2 PIN 1 TOP 13010,"https://m.media-amazon.com/images/S/al-eu-726f4d26-7fdb/0101e905-e08a-403d-9ae1-9da2cf9ac877._SL5000_CR0,0,5000,2500_.jpg",Found
273,13011.,LIVON MALE AND FEMALE 13011,https://media.gettyimages.com/id/534980440/photo/male-and-female-lion.jpg?s=1024x1024&w=gi&k=20&c=8hzW1PRLOvl_aOySaWORazEnvORtwRDx0ZwHo_azL-A=,Found
274,13017.,LIVON 13017 20AMP 1 WAY SWITCH,https://tiimg.tistatic.com/fp/1/002/258/20-amp-1-way-switch-with-indicator-912.jpg,Found
275,131.,WATER PAPER BULLET 100,,Not Found
276,131.,WATER PAPER BULLET 100,https://5.imimg.com/data5/SELLER/Default/2023/11/363933513/TZ/AS/TR/39667866/golden-bullet-water-proof-paper-1000x1000.jpg,Found
277,132.,WATER PAPER BULLET 120,https://5.imimg.com/data5/SELLER/Default/2025/8/539357374/HT/QW/NC/270666/golden-bullet-water-proof-paper-500x500.jpg,Found
278,132.,WATER PAPER BULLET 120,https://5.imimg.com/data5/SELLER/Default/2025/8/539357374/HT/QW/NC/270666/golden-bullet-water-proof-paper-500x500.jpg,Found
279,132.,WATER PAPER BULLET 120,https://5.imimg.com/data5/SELLER/Default/2025/8/539357374/HT/QW/NC/270666/golden-bullet-water-proof-paper-500x500.jpg,Found
280,1322,IGBT 40T60 BT,https://cdn.othoba.com/images/thumbs/1073035_bt40t60-transistor-40t60-to-3p-40a-600v-power-transistor-40t60-mosfet-3-pin-leads-bt40t60-igbt-trans.jpeg,Found
281,133,WATER PAPER BULLET 150,https://5.imimg.com/data5/SELLER/Default/2025/1/479168142/ZN/QY/FH/13091218/golden-bullet-water-proof-paper-1000x1000.jpg,Found
282,133,WATER PAPER BULLET 150,https://5.imimg.com/data5/SELLER/Default/2025/1/479168142/ZN/QY/FH/13091218/golden-bullet-water-proof-paper-1000x1000.jpg,Found
283,134,WATER PAPER BULLET 180,https://cdnwpseller.gramedia.net/wp-content/uploads/2021/04/03135651/surat-lamaran-kerja-di-pt-1152x1491.jpg,Found
284,135,WATER PAPER BULLET 220,https://5.imimg.com/data5/ANDROID/Default/2022/2/GD/OU/WU/147218207/prod-20220208-1934004569708746895302545-jpg-500x500.jpg,Found
285,135,WATER PAPER BULLET 220,http://www.ledgerpaints.co.zw/wp-content/uploads/2021/06/Water-Paper-1024x1024.jpg,Found
286,1350,CABLE LUG 50*110MM,https://www.electricpoint.com/media/catalog/product/cache/2744a43aec172f111f8d70aa521a60e0/s/w/swa-50-10tq-swa-cable-lugs-50mm-to-m10-hole-each.jpg,Found
287,13529.,SHIFT PLATE +BALL BEARING +SWTCH,https://images.squarespace-cdn.com/content/v1/5e5af256556661723b861bd1/7ec8d73b-466b-472d-a13b-bc81d99481fc/stem.JPG?format=2500w,Found
288,13550,COLUMN PIPE ADAPTER 11/4,https://community.sap.com/legacyfs/online/storage/blog_attachments/2021/06/SmartTable_enableAutoColumnWidth.png,Found
289,13551,COLUMIN PIPE 32MM 15 KG,https://5.imimg.com/data5/SELLER/Default/2023/5/310676075/YD/CQ/IS/9556797/upvc-column-pipe-1000x1000.jpg,Found
290,136.,WATER PAPER BULLET 400,https://5.imimg.com/data5/NF/MD/MY-1414703/bullet-lion-riken-rmc-brand-water-proof-abrasive-paper-500x500.jpg,Found
291,136.,WATER PAPER BULLET 400,,Not Found
292,136.,WATER PAPER BULLET 400,https://5.imimg.com/data5/NF/MD/MY-1414703/bullet-lion-riken-rmc-brand-water-proof-abrasive-paper-500x500.jpg,Found
293,137,WATER PAPER BULLET 320,https://fixit.com.bd/wp-content/uploads/2023/10/0020-4.jpg,Found
294,138.,FEVISEAL ACETOXY 280ML CLEAR,https://5.imimg.com/data5/SELLER/Default/2022/10/CB/TZ/EZ/55850641/dr-fixit-feviseal-acetoxy-silicone-sealant-280ml-each-clear-silicone-sealant-1000x1000.jpg,Found
295,138.,FEVISEAL ACETOXY 280ML CLEAR,https://cdn11.bigcommerce.com/s-z1j8jc5ejl/images/stencil/1280x1280/products/522591/445379/drfixit_501_clr_280ml_01__16292.1685680238.jpg?c=1?imbypass=on,Found
296,138.,FEVISEAL ACETOXY 280ML CLEAR,https://5.imimg.com/data5/SELLER/Default/2022/10/CB/TZ/EZ/55850641/dr-fixit-feviseal-acetoxy-silicone-sealant-280ml-each-clear-silicone-sealant-1000x1000.jpg,Found
297,138/1,SILICON CLEAR RTV GR100(260ML),https://static.dxengineering.com/global/images/prod/xlarge/umi-80050_sn_xl.jpg,Found
298,138/3,EXTENSION WIRE 3MTR,https://i5.walmartimages.com/seo/Men-s-Fanatics-Branded-Black-Cardinal-Arizona-Cardinals-Second-Wind-Raglan-V-Neck-T-Shirt_b9343fb1-61ab-4245-92bb-b1730a96cd0c.28f9bc9223d652a7dd684d81789c357d.jpeg?odnHeight=640&odnWidth=640&odnBg=FFFFFF,Found
299,13MM ELECTRIC PLANNER DRILL ATTACHMENT,13MM ELECTRIC PLANNER DRILL ATTACHMENT,http://thebetterhome.com/cdn/shop/files/51PgidTRJtL.jpg?v=1738865158,Found
300,13SSS,SMALL SQUARE SHOVEL,https://m.media-amazon.com/images/I/61Y1TeM5lQL._AC_.jpg,Found
301,140.,FEVISEAL ACETOXY 280ML BLACK,,Not Found
302,140.,FEVISEAL ACETOXY 280ML BLACK,https://m.media-amazon.com/images/I/41PGdpSz5NS._AC_SS450_.jpg,Found
303,1407,SCREW,https://images-na.ssl-images-amazon.com/images/I/71WmLo1y-DL._SL1500_.jpg,Found
304,14081,HAVELLS FAN CABIN 300MM HAVELLS  14081,https://5.imimg.com/data5/SELLER/Default/2025/9/546589662/JF/TF/SV/44470231/300mm-havells-ciera-high-speed-cabin-fan-1000x1000.webp,Found
305,141.,SILICON  WHITE  RTV GP100(260ML),https://5.imimg.com/data5/SELLER/Default/2023/3/292672273/DM/AC/HS/7929604/silicone-adhesive-1000x1000.jpg,Found
306,141.,SILICON  WHITE  RTV GP100(260ML),https://5.imimg.com/data5/SELLER/Default/2023/3/292672273/DM/AC/HS/7929604/silicone-adhesive-1000x1000.jpg,Found
307,141.,SILICON  WHITE  RTV GP100(260ML),https://5.imimg.com/data5/SELLER/Default/2023/3/292672273/DM/AC/HS/7929604/silicone-adhesive-1000x1000.jpg,Found
308,141.,SILICON  WHITE  RTV GP100(260ML),https://5.imimg.com/data5/SELLER/Default/2023/3/292672211/SF/FB/WP/7929604/silicone-adhesive-1000x1000.jpg,Found
309,141.,SILICON  WHITE  RTV GP100(260ML),https://5.imimg.com/data5/SELLER/Default/2023/3/292672273/DM/AC/HS/7929604/silicone-adhesive-1000x1000.jpg,Found
310,141.,SILICON  WHITE  RTV GP100(260ML),https://kodomonurie.com/images/imgcolor/pichupokemon-mandara.jpg,Found
311,141.,SILICON  WHITE  RTV GP100(260ML),https://5.imimg.com/data5/SELLER/Default/2023/3/292672273/DM/AC/HS/7929604/silicone-adhesive-1000x1000.jpg,Found
312,141.,SILICON  WHITE  RTV GP100(260ML),https://5.imimg.com/data5/SELLER/Default/2023/3/292672273/DM/AC/HS/7929604/silicone-adhesive-1000x1000.jpg,Found
313,141/1,SILICON WHITE RTV GP100(260ML),,Not Found
314,14134,WALL FAN HAVELLS 14134,https://i.ytimg.com/vi/uzZwBYx0dSM/maxresdefault.jpg,Found
315,1416,BOLT,http://rotoscopers.com/wp-content/uploads/2015/02/Bolt_Poster.jpg,Found
316,1417,SCREW,"https://www.tsfasteners.com/uploads/self+tapping+screw.jpg?auto=compress,format&fit=min&fm=jpg&q=80&rect=0,50,1600,900",Found
317,142.,ANCHOR BOLT 6MM,"https://res.cloudinary.com/rsc/image/upload/b_rgb:FFFFFF,c_pad,dpr_1.0,f_auto,q_auto,w_700/c_pad,w_700/F9086949-01",Found
318,142.,ANCHOR BOLT 6MM,,Not Found
319,14264,14264 EX FAN 12INCH  ALMONARD,https://5.imimg.com/data5/SELLER/Default/2024/3/399561486/GO/FS/LM/12921967/300mm-almonard-freshair-m-d-ex-fan-1000x1000.jpg,Found
320,14270,14270  EX/FAN 15INCH  ALMONARD,http://technocart.com/cdn/shop/files/AlmonardHeavyDutyExhaustFan-00_8a83bf8d-65a8-4cb1-9d93-97f82d6a7a9e.png?v=1700643559,Found
321,14285,14285 EX.FAN HD 1400 RPM -ALMONARD,,Not Found
322,14293,ALMONARD EX/FAN 14293,https://5.imimg.com/data5/SELLER/Default/2024/3/399561486/GO/FS/LM/12921967/300mm-almonard-freshair-m-d-ex-fan-1000x1000.jpg,Found
323,142F,ANCHOR HOOK TYPE 6MM,https://m.media-amazon.com/images/I/61CsN-+yeIL._SL1200_.jpg,Found
324,143.,ANCHOR BOLT 8MM(BG),https://res.cloudinary.com/rsc/image/upload/w_1024/F9086959-01,Found
325,143.,ANCHOR BOLT 8MM(BG),https://res.cloudinary.com/rsc/image/upload/w_1024/F9086959-01,Found
326,143.,ANCHOR BOLT 8MM(BG),https://res.cloudinary.com/rsc/image/upload/w_1024/F9086959-01,Found
327,143.,ANCHOR BOLT 8MM(BG),https://res.cloudinary.com/rsc/image/upload/w_1024/F9086959-01,Found
328,143.,ANCHOR BOLT 8MM(BG),https://wallpaperaccess.com/full/5697933.jpg,Found
329,143/F,ANCHOR BOLT 8MM FERRY,https://5.imimg.com/data5/SELLER/Default/2022/8/LI/JL/GH/49173328/ferry-anchor-bolt-8mm-500x500.png,Found
330,1432,WIRE SLEEVE,https://m.media-amazon.com/images/I/8121hrPmEXL._AC_SL1500_.jpg,Found
331,1432,WIRE SLEEVE,https://m.media-amazon.com/images/I/8121hrPmEXL._AC_SL1500_.jpg,Found
332,1432,WIRE SLEEVE,,Not Found
333,1433.,WIRE SLEEV,https://p4.wallpaperbetter.com/wallpaper/75/858/424/the-lord-of-the-rings-lord-of-the-rings-sauron-hd-wallpaper-preview.jpg,Found
334,1433.,WIRE SLEEV,"https://m.media-amazon.com/images/S/aplus-media-library-service-media/2d207e91-6f3a-451c-b65d-d7152df54d4c.__CR0,0,970,600_PT0_SX970_V1___.jpg",Found
335,1433.,WIRE SLEEV,"https://m.media-amazon.com/images/S/aplus-media-library-service-media/2d207e91-6f3a-451c-b65d-d7152df54d4c.__CR0,0,970,600_PT0_SX970_V1___.jpg",Found
336,1433.,WIRE SLEEV,"https://m.media-amazon.com/images/S/aplus-media-library-service-media/2d207e91-6f3a-451c-b65d-d7152df54d4c.__CR0,0,970,600_PT0_SX970_V1___.jpg",Found
337,1434,WIRE SLEEVE,https://m.media-amazon.com/images/I/8121hrPmEXL._AC_SL1500_.jpg,Found
338,1434,WIRE SLEEVE,https://www.coorgwildernessresort.in/images/banners/porch-to-lobby.jpg,Found
339,14349.,VEBSTAR MALE AND FE MALE 14349,https://5.imimg.com/data5/SELLER/Default/2025/9/542898578/DQ/HT/OF/62181715/13a-vebstar-male-female-connector-1000x1000.jpeg,Found
340,144,ANCHOR BOLT 10MM BEB,https://5.imimg.com/data5/SELLER/Default/2024/6/425618470/BA/KS/QG/42281519/anchor-bolts-1000x1000.png,Found
341,145,ANCHOR BOLT 12 MM(CANGO),"https://res.cloudinary.com/rsc/image/upload/b_rgb:FFFFFF,c_pad,dpr_1.0,f_auto,q_auto,w_700/c_pad,w_700/F9086980-01",Found
342,145/1,ANCHOR BOLT 12MM HOOK,https://5.imimg.com/data5/XW/QH/MY-36955378/12mm-closed-hook-anchor-bolt-1000x1000.png,Found
343,145/1,ANCHOR BOLT 12MM HOOK,https://5.imimg.com/data5/XW/QH/MY-36955378/12mm-closed-hook-anchor-bolt-1000x1000.png,Found
344,147,ANCHER BOLT 10MM  HOOK,https://5.imimg.com/data5/SELLER/Default/2020/10/IL/UJ/SG/29588198/10mm-rawal-hook-anchor-bolt-1000x1000.jpg,Found
345,147,ANCHER BOLT 10MM  HOOK,https://as1.ftcdn.net/v2/jpg/05/71/19/10/1000_F_571191066_eqENR0eJkJbsUSztaaT8iwWG52areqzF.jpg,Found
346,147,ANCHER BOLT 10MM  HOOK,https://5.imimg.com/data5/SELLER/Default/2020/10/IL/UJ/SG/29588198/10mm-rawal-hook-anchor-bolt-1000x1000.jpg,Found
347,147/1,ANCHOR BOLT HOOK TYPE 8MM,,Not Found
348,147/1,ANCHOR BOLT HOOK TYPE 8MM,https://image.made-in-china.com/2f0j00AFrosUYtnmbR/8mm-Heavy-Duty-Closed-Hook-Eye-Bolt-Rawl-Shield-Wall-Anchor-Expansion-Bolts.jpg,Found
349,14LB,A145AM SLEDGE HAMMER 14LB,https://titanproducts.co.za/wp-content/uploads/2023/05/Titan-14LB-Sledge-Hammer.jpg,Found
350,14SSLB,SHOVEL SMALL SQUARE WITH L BLEND,https://images.thdstatic.com/productImages/50777fdc-d6d2-4564-82b6-b969ab360c95/svn/ashman-online-shovels-squareshovellh2pk-64_600.jpg,Found
351,15002,TOLSEN 15002 ADJUSTABLE SPANNER 8INCH,https://www.tolsentoolsusa.com/wp-content/uploads/2020/06/15002.png,Found
352,15003,TOLSEN 15003 AD.SPANNER  10INCH,https://cdn.hoasenhome.vn/catalog/product/c/c/ccdc4th4.jpg,Found
353,1505,OIL SEAL  CW 12-20,https://i.pinimg.com/originals/91/e1/cb/91e1cb53e2e1425027620e9c4e79c6f9.png,Found
354,1506,OIL SEAL CW 14-22,https://www.motorcycledoctor.com/wp-content/uploads/2024/07/Oil-seal-14x22x5-scaled.jpg,Found
355,1507,WATER SEAL,https://m.media-amazon.com/images/I/81Dvy4zAsLL.jpg,Found
356,1508,WATER SEAL  CW 14-22,https://accesstruckparts.com/wp-content/uploads/2017/07/116-S14022_Rope-Packing_1200x1200-sRGB.png,Found
357,1511.,PLUNGER ROD 1511,https://www.industrialinnovations.com/assets/images/content/plunger_rods.png,Found
358,1511.,PLUNGER ROD 1511,,Not Found
359,15118,TOLSEN RATCHET SPANNER 1/4,http://tolsen.com.ph/cdn/shop/products/15150.jpg?v=1550560244,Found
360,1512.,SPRING PLUNGER  1512,https://monroeengineering.com/assets/guide-images/monroe-spring-plungers.fw.png,Found
361,1512.,SPRING PLUNGER  1512,https://monroeengineering.com/assets/guide-images/monroe-spring-plungers.fw.png,Found
362,15120,REVERSIBLE RATCHET SPANNER 1/2,,Not Found
363,1516,SWITCH  CARWASH,https://www.nintendo.com/eu/media/images/assets/nintendo_switch_games/carwashtycoonbusinesssimulator_1/2x1_CarWashTycoonBusinessSimulator_image1600w.jpg,Found
364,1519,SWITCH,,Not Found
365,152,JIGSAW BLADE MAC BULLET,https://cdn11.bigcommerce.com/s-ft0ub2irt4/images/stencil/1920w/products/1023/7380/Jigsaw_2__39671.1623967466.1280.1280__30251.1657390327.jpg?c=1,Found
366,1520,CARWASHERV SWITCH,https://images.kleen-ritecorp.com/images/product/large/3979.jpg,Found
367,1522,FAN COVER,https://cdn.shopify.com/s/files/1/2447/5025/files/small-charkha-indian-spinning-wheel-04_1024x1024_2x_de5eb761-57df-4eec-8079-42f7094e1319_1024x1024.jpg?v=1551134373,Found
368,1528,OVERLOAD SWITCH 10A 1528,https://i5.walmartimages.com/seo/Circuit-Breaker-Overload-Switches-With-Cover-Fuse-10A-Overload-Protection-Button_55119fd0-6d92-4a36-aadb-44635e3ce015.dbd531ec9bbd23a88fe5457bccd873d0.jpeg,Found
369,15282,UNIVERSAL WRENCH 2 PCS SET  9,,Not Found
370,15309,ADJ. SPANNER  15309 TOLSEN,https://alhadefh.com/wp-content/uploads/2024/11/15309.png,Found
371,15309,ADJ. SPANNER  15309 TOLSEN,https://alhadefh.com/wp-content/uploads/2024/11/15309.png,Found
372,15310,TOLSEN ADJ. SPANNER 15310,,Not Found
373,15311,ADJ .SPANNER 15311 TOLSEN,https://www.toptools.com.au/assets/full/15311.jpg?20231023004825,Found
374,1532890,1532890   CHANGE LEVER  HR2020,https://i.ytimg.com/vi/nFk_73AfErY/maxresdefault.jpg,Found
375,1534,WATER SEAL,https://m.media-amazon.com/images/I/81Dvy4zAsLL.jpg,Found
376,15390,TOLSEN RATCHET SET 13 PCS 1/4 INCH 15390,https://ph-test-11.slatic.net/p/ac304315c83b84f9acb5933c85dc8cd4.jpg,Found
377,154,PANNER BLADE 82MM POWEREX,,Not Found
378,1541,THRUST BEARING -51106 1541,https://cdn11.bigcommerce.com/s-03842/images/stencil/1280x1280/products/48824/375839/PR16089BI16052_51106_skf_51106_SKF_Single_Direction_Thrust_Bearing_30x47x11mm_SZ4__33692.1728653885.jpg?c=2,Found
379,1544,QRC CARWASHER 1/4,https://cdn.tower.jp/za/o/4W/zaP2_G7081224W.JPG,Found
380,1554.,THRUST BEARING -51107 S2 1554,https://images-na.ssl-images-amazon.com/images/I/71hhyZT3EdL._SL1500_.jpg,Found
381,1555.,ADPATER M3/8XF22,https://www.greddy.com/cdn/shop/files/120051xx3oilAN_7d417d8c-1bdd-4db4-b7b8-d77d6ded51cc.jpg?v=1712120876&width=1800,Found
382,1556,ADAPTER M22*F22,https://marketnet.gr/1798-large_default/drop-saver-thread-adaptor-f22-to-m22-adapter-for-tap-aerators-f22x1-female.jpg,Found
383,1557,ADAPTER M22XF3/8,https://m.media-amazon.com/images/I/71VtxnaR-8L._AC_.jpg,Found
384,1559.,ADPATOR M22*M22,https://i5.walmartimages.com/asr/b21851de-ba37-4529-9d7c-961ec6fceb4b_1.78327ff65f042d5e1c0dc839bae15dfa.jpeg,Found
385,156,PATTA HEAD SCREA 3/4 INCH,,Not Found
386,156,PATTA HEAD SCREA 3/4 INCH,https://jawad-alsaffar.com/shop/55464-large_default/patta-hex-washer-head-self-drilling-screw-34-x-14.jpg,Found
387,156,PATTA HEAD SCREA 3/4 INCH,https://jawad-alsaffar.com/shop/55464-large_default/patta-hex-washer-head-self-drilling-screw-34-x-14.jpg,Found
388,156/1,SELF DRILLING  SCREW 8*25 TRUSS HEAD,http://rivetscrews.com/Uploads/Product/5c48230da7483.png,Found
389,156/1,SELF DRILLING  SCREW 8*25 TRUSS HEAD,http://rivetscrews.com/Uploads/Product/5c48230da7483.png,Found
390,156/1,SELF DRILLING  SCREW 8*25 TRUSS HEAD,,Not Found
391,156/1,SELF DRILLING  SCREW 8*25 TRUSS HEAD,http://rivetscrews.com/Uploads/Product/5c48230da7483.png,Found
392,156/1,SELF DRILLING  SCREW 8*25 TRUSS HEAD,http://rivetscrews.com/Uploads/Product/5c48230da7483.png,Found
393,156/1 1/2,SELF HEAD SCREW 11/2 MODIHEAD,https://5.imimg.com/data5/SELLER/Default/2024/8/442311075/IK/HI/FT/144694612/self-drilling-modi-truss-head-screw-500x500.jpg,Found
394,156/1/2,SELF SCREW 1/2 MODI HEAD,https://image.made-in-china.com/2f0j00oUtbFGrnvEzW/Button-Modified-Truss-Head-Screws-8-X-1-2-Wafer-Head-Self-Drilling-Screw.jpg,Found
395,156/1/2,SELF SCREW 1/2 MODI HEAD,https://image.made-in-china.com/2f0j00oUtbFGrnvEzW/Button-Modified-Truss-Head-Screws-8-X-1-2-Wafer-Head-Self-Drilling-Screw.jpg,Found
396,156/2,SELF HEAD SCREW 2 INCH  MODI HEAD,,Not Found
397,1562.,PLUNCHER ROD 56*10 S3,https://5.imimg.com/data5/SELLER/Default/2025/5/515325503/SE/QG/BP/116727081/6-inch-brass-plunger-rod-1000x1000.jpeg,Found
398,158,CUP BRUSH TWISTED,,Not Found
399,158/1,"5""CUPBRUSH",,Not Found
400,15886,TOLSEN SPANNER SET 5 PCS 8-19 15886,https://faebertools.com/wp-content/uploads/2024/01/TLSN-15886.jpg,Found
401,15887,TOLSEN SPANNER SET 8 PCS 8 TO 18,https://www.japanla.com/cdn/shop/files/sanriotokimekisweetpartyplush.jpg?v=1713815762&width=650,Found
402,158X,TWISTED WIRE BRUSH  OMEGA,https://www.shopbuildmate.com/cdn/shop/products/dd6a99ac54728f3dac01ab20b5b25e87_700x700.jpg?v=1640219869,Found
403,15MSS,SHOVEL MEDIUM SMALL SHOVEL,https://images-na.ssl-images-amazon.com/images/I/61-u59oh9aL._SL1500_.jpg,Found
404,15WP,15W LED LAMP ORSAM/LUMENEX,https://lw-cdn.com/images/CCC73A15A348/k_e50e1d46e501b28d107c8c367efabdea;w_1600;h_1600;q_100/10037377.jpg,Found
405,162,PATTA DRY WALL 1 1/4(32*6),https://dukaan.b-cdn.net/700x700/webp/product-bulk-upload/102111322/ce9009a1-0397-4f5d-b219-b8546998d4bf.jpeg,Found
406,1622459,CHANGE LEVER 162245-9,https://i.ebayimg.com/images/g/sLEAAOSw-0xYd~2y/s-l1600.jpg,Found
407,16290,16290 6A MULTY PLUG KOMEX,https://5.imimg.com/data5/SELLER/Default/2025/12/571753366/JU/LN/GT/130725352/imtemp1755771935-1000x1000.jpeg,Found
408,165,HSS DRILL BIT 2MM,https://clipart-library.com/images/8iGEyndgT.png,Found
409,1653234,BASE MT410 165323,https://www.eletronservice.com.br/media/catalog/product/cache/1/image/800x/9df78eab33525d08d6e5fb8d27136e95/1/6/165323-4-2.jpg,Found
410,1653234,BASE MT410 165323,https://www.eletronservice.com.br/media/catalog/product/cache/1/image/800x/9df78eab33525d08d6e5fb8d27136e95/1/6/165323-4-2.jpg,Found
411,166/1,LEVEL HOSE 6MM,https://www.beorol.ae/files/images/slike_proizvoda/GVC6_3.jpg,Found
412,167/1,DRILL BIT 4MM IMP,https://lookaside.fbsbx.com/lookaside/crawler/media/?media_id=100063580119901,Found
413,1671,LENZ,https://c8.alamy.com/comp/2NWG0BB/emil-lenz-heinrich-friedrich-emil-lenz-1804-1865-emil-lenz-or-heinrich-lenz-russian-physicist-2NWG0BB.jpg,Found
414,16ISSS,SHOVEL SQUARE  STEEL HANDLE,https://www.ewarehouse.my/image/cache/data/all_product_images/product-3485/cn-ss-sth-500x500.jpg,Found
415,1718,SOLDER WIRE 15G,https://www.extac.com.au/assets/full/ES1000.jpg?20250403163127,Found
416,17211,TUBE  T/SET LED 20W LEDVANCE,https://www.kvelektro.cz/api/products/2075957/images/O/led-trubice-zarivka-ledvance-led-tube-ultra-output-value-t8-em-120cm-20w-36w-4000k__p_2075957.jpg,Found
417,17211,TUBE  T/SET LED 20W LEDVANCE,https://www.metacritic.com/a/img/resize/06db2701f60c81297a510c2a05b602444d4cfd10/catalog/provider/2/13/2-b7936aad98fe85291c9fc6b22944d5e8.jpg?auto=webp&fit=crop&height=675&width=1200,Found
418,17211,TUBE  T/SET LED 20W LEDVANCE,https://www.kvelektro.cz/api/products/2075957/images/O/led-trubice-zarivka-ledvance-led-tube-ultra-output-value-t8-em-120cm-20w-36w-4000k__p_2075957.jpg,Found
419,17226,17226 LED LAMP 40W,https://m.media-amazon.com/images/I/71QXQ3RVwJL._SL1500_.jpg,Found
420,17228,17228 LED TUBE 24W,https://masterled.es/11588-large_zoom/led-tube-t8-24w-150cm-aluminium.jpg,Found
421,17233,17233 3W SLEEK JB LED,https://images.pexels.com/photos/1680207/pexels-photo-1680207.jpeg?cs=srgb&dl=high-angle-photography-of-beach-1680207.jpg&fm=jpg,Found
422,17276,17276 LED TUBE 36W OSRAM,https://www.pngmart.com/files/24/iPhone-17-PNG-Isolated-File.png,Found
423,17276,17276 LED TUBE 36W OSRAM,https://cdn1.npcdn.net/images/1675648976d5d11dd7bd258b5a4cd157f763d71b8b.png?md5id=d0866fb7fef7340334755089f89bdfeb&new_width=1000&new_height=1000&w=1727837030,Found
424,17276,17276 LED TUBE 36W OSRAM,https://cdn1.npcdn.net/images/1675648976d5d11dd7bd258b5a4cd157f763d71b8b.png?md5id=d0866fb7fef7340334755089f89bdfeb&new_width=1000&new_height=1000&w=1727837030,Found
425,173,CHAINSAW FILE 4 MM,https://m.media-amazon.com/images/I/61qGruo135L._AC_SL1500_.jpg,Found
426,17ISRS,SHOVEL ROUND STEEL HANDLE,https://m.media-amazon.com/images/I/51kLZdlQxkL._AC_SL1500_.jpg,Found
427,1808,MIG SWAN NECK,https://weldingtorchapes.com/wp-content/uploads/2021/12/15AK-FE-03.jpg,Found
428,1817,MIG TIP HOLDER 15AK,https://img.drz.lazcdn.com/static/lk/p/24a3cdb05d915b836b7f84a8c79d80cc.jpg_720x720q80.jpg,Found
429,1818,MIG TIP M6*25*0.8+MM,https://www.sip-group.com/images/ocw/09077-900-extra-large.jpg,Found
430,18212,TOLSEN IMPACT SOCKET 1/2 INCH 12MM,https://www.freeimageslive.co.uk/files/images009/celebration_background.jpg,Found
431,18216,TOLSEN IMPACT WRENCH 1/2 INCH 16MM,https://marshaltools.co.za/wp-content/uploads/2022/06/TOL73382.jpg,Found
432,18218.,TOLSEN IMPACT SOCKET 1/2 INCH 18MM,https://www.marshalonline.co.za/userfiles-marshaltools/images/products/600x600/f0262b2b7fcaaebdc9a361c10bad3007.jpg,Found
433,18220.,TOLSEN IMPACT SOCKET 1/2 INCH 20MM,https://tolsen.com.ph/cdn/shop/products/18208-18224.jpg?v=1615541177&width=1946,Found
434,18222,TOLSEN IMPACT SOCKET 1/2 INCH 22 MM,http://blade.ph/cdn/shop/products/Tolsen1822212_22mmImpactSocket-1_1024x.jpg?v=1656063780,Found
435,1861,MIG NOZZLE 15AK,,Not Found
436,1871,NITROGEN REGULATOR,https://image.made-in-china.com/2f0j00NiKkcLOgGFoM/Nitrogen-Gas-Pressure-Regulator-Nitrogen-Regulator-Nitrogen-Pressure-Regulator.jpg,Found
437,1872,ARGON  REGULATOR,https://i.pinimg.com/originals/9c/e7/61/9ce76116aa8b2893cabd7842a2b44cd7.jpg,Found
438,18PDS,18INCH PED. SWITCH,https://a.allegroimg.com/s512/118f0f/1d5269b74e918ff2805d31c1b63f/PowerA-Pad-przewodowy-Advantage-Czarny-do-Nintendo-SWITCH-2-SWITCH2,Found
439,18WP,17218 LED LAMP 18W OSRAM,,Not Found
440,1906,SWITCH,https://pisces.bbystatic.com/image2/BestBuy_US/images/products/6522/6522225_sd.jpg,Found
441,1911,TIG TORCH SWITCH,https://m.media-amazon.com/images/I/6168rX0NO2L._AC_SL1500_.jpg,Found
442,1916,TIG TORCH 26V 4M PREMIUM,https://willfast.com/wp-content/uploads/2023/12/1-20.png,Found
443,1923,TIG TORCH CAP,https://www.longevity-inc.com/media/catalog/product/cache/b0d7e8fbd459c213fa74b20c48f034db/w/p/wp-17-18-26-long-tig-torch-cap.jpg,Found
444,1932.,CERAMIC NOZZLE NO -5 T42,https://5.imimg.com/data5/PC/HV/MY-3195633/ceramic-nozzle-5-250x250.jpg,Found
445,1938,COLLET TIG TORCH 2.4MM,https://mrtig.co.za/wp-content/uploads/2022/10/TIG-Collet-body.png,Found
446,1952,FLOW METER,https://www.cxflowmeter.com/uploads/allimg/221010/1-221010141012140.jpg,Found
447,1952,FLOW METER,https://www.asmiktech.com/wp-content/uploads/2021/12/LUGB-A-vortex-flowmeter.jpg,Found
448,1954,GAS OXYGEN REGULATER  1954,https://www.airtechmedical.com/wp-content/uploads/2024/04/steel-seamless-medical-gas-cylinder-2.jpg,Found
449,1955,ARGON REGULATOR WITH FLOW METER,https://www.xcelarc.nz/wp-content/uploads/2019/11/ARGON-FLOW-METER-REGULATOR.jpg,Found
450,19567,PREETHI MIXER GRINDER CROWN 500W 3 JAR,,Not Found
451,1972.,ANTI SPATTER TIP SPRAY,,Not Found
452,1973,CYLINDER KEY OXYGEN 1973,https://static-01.daraz.pk/p/443b7f3d496b7a23769e58c69c06d2fa.jpg,Found
453,1974,SPANNER CO2,https://atlantic.org.uk/cdn/shop/products/00ah5mwsif5x1m14ny0vk2cg.png?v=1679056727&width=1946,Found
454,1974,SPANNER CO2,,Not Found
455,1982,TUNGSTEN ROD 2.4MM,https://www.yunchtitanium.com/uploads/20208194/tungsten-electrode-2-4mm-175mm-oem-tig34277622898.jpg,Found
456,199,Tile master,https://cdn.nichesites.pikoya.com/gamesparkles_com/images/games/24708/gallery/65553.jpg,Found
457,1990,MRS CONNECTOR SET -2PIN,https://5.imimg.com/data5/ANDROID/Default/2023/12/369444550/ZR/VI/UV/188172799/product-jpeg-500x500.jpg,Found
458,1991,MRS CONNECTER SET -3PIN,https://4.bp.blogspot.com/-hzb_PuPT86Q/Ty6nDULQB7I/AAAAAAAAABo/pFMzv_TclY0/s1600/Rani+Lakshmi+Bai+At+Battle.jpg,Found
459,1992,MRS CONNECTER SET -4PIN,http://5.imimg.com/data5/SELLER/Default/2024/4/406535373/PN/FQ/HB/12314910/gx16-4pin-round-shell-connector-1000x1000.jpg,Found
460,1BSS,BIG SQUARE SHOVEL,,Not Found
461,1FV,"FOOT VALVE 1""",,Not Found
462,1HP/100PUMP,1HP PUMP100,https://cdn.bdstall.com/product-image/giant_263680.jpg,Found
463,1HPPB,1HP PANEL  BOARD,,Not Found
464,1LB,HAMMER 1LB TATA,https://5.imimg.com/data5/SELLER/Default/2020/9/EX/II/VT/3138716/tata-hammer-dfs-1lb-1000x1000.png,Found
465,1X03,CORDLESS DRILL DRIVER IXO3,https://cdn.shopify.com/s/files/1/0518/3592/8728/products/BOSCH-IXO-3-CORDLESS-SCREW-DRIVER_8ba98c23-79dc-4486-b5e0-bea86bb30855_1024x.jpg?v=1613370668,Found
466,2 CORE WIRE,2 CORE WIRE,https://preview.redd.it/the-aftermath-of-eating-midnight-snacks-shiroko-terror-v0-jdemxx7tt5cc1.jpg?width=1080&crop=smart&auto=webp&s=0d941cec8e9e868c7fae0d904d7192682311b6ac,Found
467,2.5LB,SLEDGE HAMMER 2.5 LB,https://i5.walmartimages.com/seo/Hyper-Tough-2-5-lb-Sledge-Hammer-Fiberglass-Handle_05ccd5f5-3a51-486c-8a78-2acd6f9981ec.a3fa96418192078c944559038700a5aa.jpeg,Found
468,2+2/5,POWER CABLE,https://m.media-amazon.com/images/I/5183fpj+saL._AC_SL1200_.jpg,Found
469,2+2/5,POWER CABLE,https://www.env.go.jp/policy/sustainable_fashion/assets/img/img_fashion01.png,Found
470,2+2/5C,2+2 5MTR CODE,,Not Found
471,20,5' TILE CUTTER(FAST CUT),https://m.media-amazon.com/images/I/61jdhKr-pnL._SL1001_.jpg,Found
472,20/242 PARELLEL WIRE,20/242 PARELLEL WIRE,https://cdn11.bigcommerce.com/s-clng77kigt/images/stencil/1280x1280/products/898/12975/20_gauge_parallel_silicone_wire_F250C2_3__67180.1626678278.jpg?c=2,Found
473,200,CLIF NONMOVEN FINISH WHEEL,http://images.iconfigurators.app/images/wheels/xlarge/Cliff-1000.jpg,Found
474,20001,TROLLY WHEEL2IN.37.5*23.5 P.NYLON INSERTWITH BLACK RUBBER LOCK,,Not Found
475,20002,TROLLY WHEEL 2IN.37.5*23.5 NYLON INSERT WITH BLACK RUBBER,https://5.imimg.com/data5/SELLER/Default/2023/2/TQ/ZT/LJ/2457743/rubber-trolley-wheels-1000x1000.jpg,Found
476,20002/T,TOLSEN SCREW DRIVER 100MM SLOTTED,https://qdsdirect.co.uk/wp-content/uploads/2024/06/H01133.jpg,Found
477,20004,TOLSEN SCREW DRIVER 150MM SLOTTED,https://down-ph.img.susercontent.com/file/ca115cc1b1bc73e4e59001ca707ea6db,Found
478,20007,TOLSEN SCREW DRIVER 100MM PH1,,Not Found
479,20008,TOLSEN SCREW DRIVER 150MM PH2,https://nimzpowertools.co.ke/wp-content/uploads/2024/08/TOLSEN-20008-2000x1500-1.jpg,Found
480,2001.,ADAPTOR BSP1/4*1/4,https://benichem.co.uk/wp-content/uploads/2022/11/289.jpg,Found
481,20014,GREASE 100,https://nijifan.net/wp-content/uploads/2025/05/mwsfxfr6-768x1679.jpg,Found
482,2002,ADAPTOR BSP3/8*3/8,https://cdn11.bigcommerce.com/s-1cuwpoekqt/images/stencil/1280x1280/products/201/602/626-08-08__64181.1550677586.jpg?c=2,Found
483,2003,ADAPTOR BSP1/2*1/2,https://22df4504011deb964a17-39bee0485bf754a0e77a8d4deb668d89.ssl.cf4.rackcdn.com/imagelibrary_lrg/35103_pic2.jpg,Found
484,20035,TOLSEN RATCHET DRILL AND SOCKET SET 38 PCS,"https://slideplayer.com/slide/14098383/86/images/64/Heating+Curve+A+graph+of+the+temperature+of+1+kg+of+water,+originally+ice+at+-50°+C,+as+heat+is+added+to+it..jpg",Found
485,20037,20037 P/HOLDER  SKERT ESSENZ,https://www.ugurlar.com/cdn/shop/files/tolga-saracoglu-kadin-etek-25kts20037-199026.jpg?v=1768645228,Found
486,20042,TOLSEN 2 IN 1 SCREW DRIVER SET,https://static-01.daraz.com.bd/p/2c2b662b3e3b36cd12a09572a21aca06.jpg,Found
487,20043,TOLSEN 6 IN 1 SCREW DRIVER,https://www.tolsentoolsusa.com/wp-content/uploads/20043bz.jpg,Found
488,20050,20050 CUB 6A 3PIN TOP GOLDMEDEL,https://5.imimg.com/data5/SELLER/Default/2022/9/OK/VX/QQ/136606770/6-amp-top-3-pin-1000x1000.jpeg,Found
489,20051,TOLSEN 10PCS  HEX ALLENKEY SET 20051,https://image5.slideserve.com/9683549/s1-q3-t3-pattern-l.jpg,Found
490,20053,TOLSEN ALLENKEY SET 9 PCS 20053,https://down-ph.img.susercontent.com/file/ph-11134207-7r98v-lrp8671p2eidb2,Found
491,20053,TOLSEN ALLENKEY SET 9 PCS 20053,https://down-ph.img.susercontent.com/file/ph-11134207-7r98v-lrp8671p2eidb2,Found
492,20056,TOLSEN ALLENKEY SET STAR TYPE 20056,https://cdn.shopify.com/s/files/1/0059/5119/3177/products/ssph.zone-1654669363-TOLSEN_20056_9PCS_TORX_LONG_ARM_HEX_KEYT_SET-4_1600x.jpg?v=1654669709,Found
493,20056,TOLSEN ALLENKEY SET STAR TYPE 20056,https://cdn.shopify.com/s/files/1/0059/5119/3177/products/ssph.zone-1654669363-TOLSEN_20056_9PCS_TORX_LONG_ARM_HEX_KEYT_SET-4_1600x.jpg?v=1654669709,Found
494,20057,TOLSEN  ALLENKEY SET LONG 9PCS 20057,https://tolsen.com.ph/cdn/shop/products/20057.jpg?v=1694772679&width=1946,Found
495,20090,TOLSEN 13 PCS BALL POINT LONG HEX KEY,,Not Found
496,20094,TOLSEN INCH AND METRIC HEX KEY SET 36 PCS 20094,https://thumb.ac-illust.com/fc/fc30fca9c9b49dc137871a9d623f46c1_t.jpeg,Found
497,20094,TOLSEN INCH AND METRIC HEX KEY SET 36 PCS 20094,https://down-ph.img.susercontent.com/file/0786dae6ac27aaf0eb28c33af79fdd28,Found
498,20097,TROLLY WHEEL 2 IN.37.5*23.5 PLATE 60*60 BLACK NO DUST COVER,https://5.imimg.com/data5/SELLER/Default/2024/5/419230951/JG/YT/RV/98055028/trolley-wheels-1000x1000.jpg,Found
499,20097,TROLLY WHEEL 2 IN.37.5*23.5 PLATE 60*60 BLACK NO DUST COVER,https://thumbs.dreamstime.com/b/png-grilled-chicken-yellow-rice-salad-plate-transparent-background-378549939.jpg?w=768,Found
500,20098,TROLLY WHEEL 2IN.37.5*23.5 BLACK NO DUST,,Not Found
501,20098,TROLLY WHEEL 2IN.37.5*23.5 BLACK NO DUST,https://5.imimg.com/data5/SELLER/Default/2023/2/TQ/ZT/LJ/2457743/rubber-trolley-wheels-1000x1000.jpg,Found
502,201/1,VICE GRIP PLIER TOOL WORTH,https://m.media-amazon.com/images/I/71aCIc4vsGL._AC_.jpg,Found
503,20115,TOLSEN SCREW DRIVER PH 2*150 20115,https://cdn.shopify.com/s/files/1/0020/1926/2510/products/875-1_1024x1024@2x.jpg?v=1551504120,Found
504,20124,TOLSEN SCREW DRIVER GO THROUGH PH2*100,https://vmsc.lt/img/570494.jpg,Found
505,20125,TOLSEN SCREW DRIVER PH2*150 20125,https://www.onlinemashini.bg/media/cache/product_full/media/products/57167/7d2b1fd224f862b8d3f6cfee6cc504c6.jpeg,Found
506,20127,TOLSEN SCREW DRIVER PH3*150 20127,https://digishi.net/59493-large_default/tolsen-screwdriver-ph3150-mm.jpg,Found
507,20129,TOLSEN SCREW DRIVER  PH3*150 20129,http://c.files.bbci.co.uk/EFB2/production/_86726316_cutepanda2.jpg,Found
508,20129,TOLSEN SCREW DRIVER  PH3*150 20129,https://down-vn.img.susercontent.com/file/vn-11134207-7ra0g-mah9amg4d787ab,Found
509,20132,TOLSEN SCREW DRIVER PH2 20132,https://lzd-img-global.slatic.net/g/p/8355b33e7dfb3969c56759301eae79b8.jpg_720x720q80.jpg,Found
510,20134,TOLSEN SCREW DRIVER PH2 20134,,Not Found
511,202,CLOTH POLISH,https://www.ladycarat.com/wp-content/uploads/2024/06/3-1-2.jpg,Found
512,2020,ADAPTOR BSP 1/4*3/8,https://www.fourfasteners.co.uk/productimages/bx750x500/male-female-adaptor-1-4-bsp-male-x-3-8-bsp-female_330311.jpg,Found
513,202022,20035 2PIN TOP6A 3052 GM,https://5.imimg.com/data5/SELLER/Default/2025/7/530374755/DC/UC/AE/69362418/whatsapp-image-2025-07-07-at-18-32-40-1000x1000.jpeg,Found
514,202028,20030 3 PIN TOP 6A FUSION GM,https://cdn.grofers.com/da/cms-assets/cms/product/5021d57a-6b93-4565-a8fe-48e6950e6030.jpg?ts=1736249652,Found
515,202037,20037 HOLDER SKERT  GOLD MEDEL,,Not Found
516,202042,20058 3 PIN MULTI ADAPTER,https://m.media-amazon.com/images/I/61D2s0s1pgL._SL1500_.jpg,Found
517,20205,20205 1W SWITCH 10A ESSENZA -GM,https://marriedceleb.com/uploads/biography/2020/11/27/vaba-1606472026547.JPG,Found
518,20210,202102 2 IN 1 SOCK 10A ESSENZA -GM,https://5.imimg.com/data5/SELLER/Default/2022/7/ZO/GQ/WV/60973686/goldmedal-white-240v-essenza-2-x-1-socket-1000x1000.jpg,Found
519,20211,20211 SOCKET 6A INTER,https://5.imimg.com/data5/SELLER/Default/2022/9/AJ/LL/LX/160174529/6a-electrical-socket-1000x1000.jpg,Found
520,20-211,LEVER TYPE GREASE GUN 20211,https://5.imimg.com/data5/SN/DO/AN/SELLER-1054583/lever-grease-gun-500x500.jpg,Found
521,20221,LEVET TYPE GREASE GUN 20221,,Not Found
522,20226,20226 1W SWITCH 20AMP,https://i5.walmartimages.com/seo/EverStart-Plus-10886W-Universal-Plastic-Toggle-Switch-20-Amp-Black_c172316a-0c1b-4ee3-91d4-03a47afab5f2.ad26d24795cd672a7783bdd377a772cc.jpeg,Found
523,20231,16 AMP SOCKET,https://5.imimg.com/data5/SELLER/Default/2023/3/FO/TB/CP/144088131/16-amp-electric-socket-1000x1000.jpg,Found
524,20-231,LEVER TYPE GREASE GUN 20-231,http://www.liontoolsmart.com/cdn/shop/products/SERVOLEVERTYPEGRASEGUN20-231_1024x1024.jpg?v=1660389482,Found
525,20233,20233 BED SWITCH 10A -GM,https://down-my.img.susercontent.com/file/sg-11134201-22120-edbgdkhes7kv6c,Found
526,20233,20233 BED SWITCH 10A -GM,,Not Found
527,20237,20237 HOLDER,https://www.airhistory.net/photos/0757674.jpg?m=1733995416,Found
528,2024,E2024 WIRE STRIPPER,https://i5.walmartimages.com/seo/Fankiway-2024-New-Multifunctional-Wire-Stripper-Crimper-Cable-Cutter-Pliers-Professional-Electrical-Wire-Stripping-Tool-Self-Adjusting-Wire-Stripper_928ba92b-1db3-4274-b6a9-ffd874721bcb.144c76dbfc57f2e673d27b1e31c9f450.jpeg,Found
529,2025,ADAPTOR BSP 1/8*1/4,https://i5.walmartimages.com/seo/Brass-BSP-NPT-Adapter-1-8-Male-BSPT-to-1-4-Female-NPT-Brass-Pipe-Fitting-Tool_9c0d8a2e-b372-4b1b-b95a-1210dd494336.6245980244aad0606b2dc91cb8243823.jpeg,Found
530,20276,TOLSEN SCREW BIT 5 PCS 20*25 MM 20276,https://tolsen.com.ph/cdn/shop/products/8f9a0b7259a5a656399116e16a3071c2.jpg?v=1740798629&width=1445,Found
531,203.,IDL HACKSAW BLADE 1(D-SIDE),https://implemental.in/wp-content/uploads/2022/12/HACKSAW-BLADE-D-2.jpg,Found
532,20337,TROLLY WHEEL 2IN.37.5*23.5 NYLON INSERT WITH SLEEVE,https://5.imimg.com/data5/SELLER/Default/2023/3/293684830/MP/FY/LW/35159195/nylon-trolley-wheel-1000x1000.jpeg,Found
533,20338,TROLLY WHEEL 2IN.37.5*23.5 PLATE NYLON INSERT GREY,https://img.weyesimg.com/collection/dfed688aabc02bd73f4f1f365b2d26f5/fcead6f15652359a9eb8070623cae834.jpg?imageView2/2/w/1920/q/75/format/webp,Found
534,2050,TEE BSP 1/4,https://3.bp.blogspot.com/_PDNAlPRv96A/TEReE6HpBcI/AAAAAAAAA0o/RN9ns4kEC2g/s1600/bunting+free+doll+pattern.jpg,Found
535,2091,REDUCER MS M1/4*F3/8   2091,https://www.bricoutensili.com/5312-thickbox_default/reducer-adaptor-f3-8-m1-4.jpg,Found
536,20910,OSRAM IRON BOX CREASE MASTER ECO 600W,https://www.lightupmylife.com.au/wp-content/uploads/2025/08/Osram_ClassicEco30W_1000x1000_2.png,Found
537,20911,OSRAM IRON BOX CREASE MASTER NEO 1000W,https://m.media-amazon.com/images/I/71avn-N9dRL._AC_.jpg,Found
538,20916.,HAVELLS ECOSTAR POWER CABLE 4+1 2MTR 20916,https://fabgizmoz.com/cdn/shop/files/71639qSBs6L.jpg?v=1729244558&width=1946,Found
539,2092,REDUCER M3/8*1/4,https://www.ontariobeerkegs.com/assets/images/reducer-bushing-3-8-x-1-4-bsp-2.jpg,Found
540,2093,REDUCER M1/4*F1/4,https://electronicspanga.com/wp-content/uploads/2023/10/ALPHA-GETRIEBEBAU-GMBH-41-Ratio-SPF110-M1-4-Reducer-Gearbox-G572-1.jpg,Found
541,20932,20932 FLOOD LIGHT 50W LEDVANCE  (OSRAM ),,Not Found
542,20935,FLOOD LIGHT 20W 20935 OSRAM,https://emmafujinka-nagoya.jp/assets/img/miscarriage/miscarriage_img2.png,Found
543,20935,FLOOD LIGHT 20W 20935 OSRAM,https://www.igan-iluminacion.com/12174-thickbox_default/osram-ledvance-floodlight-led-20w-black.jpg,Found
544,2094,REDUCER M3/8*F3/8,https://www.colliermiller.com.au/images/ProductImages/RS661412.jpg,Found
545,2095,REDUCER M1/4*F1/8,https://i.ebayimg.com/images/g/~sUAAOxyZw5Rah3~/s-l960.jpg,Found
546,2096,REDUCER M1/8*F1/4,https://m.media-amazon.com/images/I/41mj21z-FVL._AC_SX300_SY300_QL70_ML2_.jpg,Found
547,20SRS4,SHOVEL SMALL ROUND 4 STEEL HANDLE,,Not Found
548,2105,E-2105 SCREW DRIVER WITH NEON BULB,,Not Found
549,2109,CLAW HAMMER TUBULAR HANDLE,https://c8.alamy.com/comp/2EA18GR/claw-hammer-with-tubular-handle-on-white-background-woodworking-hand-tools-for-driving-nails-2EA18GR.jpg,Found
550,2111,ADAPTOR 5V- 2111,https://lzd-img-global.slatic.net/g/p/f396484bc8c2a84c8fb8fa94c6c3f15f.jpg_720x720q80.jpg_.webp,Found
551,212,DOUBLE OPEN END SPANNER 16*17,https://www.marchesironmongery.co.uk/media/catalog/product/cache/1/image/650x/d31b8c71f0228d03a16670789f118a0a/T/E/TEN620607_5.JPG,Found
552,2130736,213073-6 O RING,https://down-my.img.susercontent.com/file/my-11134207-7qul0-lhpziag617ml01,Found
553,2130736,213073-6 O RING,https://down-my.img.susercontent.com/file/my-11134207-7qul0-lhpziag617ml01,Found
554,2131287,213128-7 O RING,https://i.ebayimg.com/images/g/P5gAAOSwuxFY1Vhw/s-l1600.jpg,Found
555,2132275,213227-5 O RING,https://media.karousell.com/media/photos/products/2023/3/21/share_0_original_makita_o_ring_1679365140_2358f6b0,Found
556,2132275,213227-5 O RING,,Not Found
557,2132275,213227-5 O RING,https://static3.tcdn.com.br/img/img_prod/484956/anel_o_ring_16p_makita_6514_1_20170602170551.jpg,Found
558,2132275,213227-5 O RING,https://static3.tcdn.com.br/img/img_prod/484956/anel_o_ring_16p_makita_6514_1_20170602170551.jpg,Found
559,2132322,213232-2 O RING,https://static.felap.com.br/public/felap/imagens/produtos/caixa-do-anel-o-ring-15-213232-2-makita-67a25c2153c01.jpg,Found
560,2132788,213278-8 O RING,https://static.felap.com.br/public/felap/imagens/produtos/anel-o-ring-17-para-martelete-hr2470-makita-641323b939b59.jpg,Found
561,2133459,DUST STEAL HR2230 2133459,https://hitachikenki.scene7.com/is/image/hitachikenki/4324194,Found
562,213380,213380-7 ORING  24 FOR  HR2020,https://www.werkzeugwelt24.de/media/image/product/15859/lg/makita-o-ring-24-6805bv-hr2020-2450f-213380-7.jpg,Found
563,213508,213508-7 ORING 38 FOR HM0810,https://static.reposicaoonline.com.br/public/reposicaoonline/imagens/produtos/c7177e17db1aa8a624848239e70961eb.jpg,Found
564,213654,O RING HM0810T 213654-6,https://cdn0-production-images-kly.akamaized.net/_xf4UuwuDu2WD95vujw4tiGyb0E=/640x360/smart/filters:quality(75):strip_icc():format(webp)/kly-media-production/medias/5542907/original/003138900_1774993958-Timnas_Italia_vs_Bosnia.jpg,Found
565,2137788,2137788 O RING HR2020,"https://static.wixstatic.com/media/66056e_acc2a4e19f4a4e23a793d8bd27674043~mv2.jpg/v1/fill/w_378,h_211,al_c,q_80,usm_0.66_1.00_0.01,enc_auto/サムブラウン.jpg",Found
566,2137877,213787-7 ORING,https://static.reposicaoonline.com.br/public/reposicaoonline/imagens/produtos/anel-o-ring-22-213787-7-makita-6333363968429.jpg,Found
567,213960,213960-9 O RING 5 FOR GA4032,https://cdn11.bigcommerce.com/s-y8zmpv9/products/13511/images/49424/Makita213960-9-ORING5-NWM__13297.1677507990.386.513.jpg?c=2,Found
568,2155,GAS WELDING TORCH SMALL,https://ae01.alicdn.com/kf/HTB1aTn1XMvD8KJjy0Flq6ygBFXay/Mini-Gas-Welding-Torch-Oxygen-Acetylene-for-Air-Condition-Refrigerator-Welding-Copper-Pipe-Brazing-Soldering-Heating.jpg,Found
569,21688,TROLLY WHEEL 2IN.31*22.6 PLATE ON TOP,,Not Found
570,220,BULLET HACK SAW FRAME PIPE TYPE,https://c8.alamy.com/comp/RPX3RW/waterfall-in-a-ciletuh-palabuhanratu-geopark-west-java-indonesia-RPX3RW.jpg,Found
571,220,BULLET HACK SAW FRAME PIPE TYPE,https://www.lancyland.com/wp-content/uploads/2024/03/613426-6.jpg,Found
572,220BODY,LASERTECH SPARES 2-20 BODY,https://i.ebayimg.com/images/g/l-8AAOSwkfFhbNHB/s-l400.jpg,Found
573,220BODY,LASERTECH SPARES 2-20 BODY,https://d91ztqmtx7u1k.cloudfront.net/ClientContent/Images/Catalogue/2-phase-and-3-phase-custom-tra-20260130114929486.webp,Found
574,220BODY,LASERTECH SPARES 2-20 BODY,https://i.ebayimg.com/images/g/l-8AAOSwkfFhbNHB/s-l400.jpg,Found
575,220FRS,W/O SPARES 2-20 CHUCK SET,https://media.diy.com/is/image/KingfisherDigital/spares2go-keyed-chuck-sds-plus-adaptor-kit-1-5mm-13mm-drill-bit-1-2-x-20-unf-shaft-set~5057817741416_01c_MP?$MOB_PREV$&$width=1200&$height=1200,Found
576,2-20FS,YURI SPARES 2-20 CYLINDER,https://www.yurigroup.com/cdn/shop/files/Yuri_Gear.png?v=1753270383&width=1066,Found
577,2-20G,LASERTECH SPARE 2-20 GEAR,https://lookaside.fbsbx.com/lookaside/crawler/media/?media_id=100002531261899,Found
578,220GB,LASERTECH SPARES 2-20 GEAR BOX WITH NEEDLE,https://cdn.neugart.com/fileadmin/user_upload/Images/Products/planetary-gear-reducer-parts.png,Found
579,2-20OB,2-20 ORING BROWN,,Not Found
580,220P,PISTON FOR 2-20,,Not Found
581,220P,PISTON FOR 2-20,https://enginecomponents.com/cdn/shop/products/engine-piston-set-1999-2002-chevrolet-oldsmobile-pontiac-alero-cavalier-grand-am-l4-2-4l-p334-20_1200x967.jpg?v=1631530508,Found
582,220P,PISTON FOR 2-20,https://enginecomponents.com/cdn/shop/products/engine-piston-set-1999-2002-chevrolet-oldsmobile-pontiac-alero-cavalier-grand-am-l4-2-4l-p334-20_1200x967.jpg?v=1631530508,Found
583,220P,PISTON FOR 2-20,,Not Found
584,220SB,SWASH BEARING PENDULAM 2-20,https://samnantools.in/wp-content/uploads/2021/07/41XGAk2Ij2L.jpg,Found
585,220SB,SWASH BEARING PENDULAM 2-20,https://samnantools.in/wp-content/uploads/2021/07/41XGAk2Ij2L.jpg,Found
586,2-20STR,SPARES 2-20 STRICKER,https://5.imimg.com/data5/SELLER/Default/2024/2/392163207/NR/BU/VM/3230273/pro27-500x500.jpg,Found
587,223,SCREW KIT 5 IN 1,https://5.imimg.com/data5/SELLER/Default/2025/9/548148685/MS/JL/PX/26869397/5in1-multi-bit-screwdriver-kit-1000x1000.webp,Found
588,224314,224314-5 INNER FLANGE (9553 AB WASHER ),https://wallpaperaccess.com/full/11888195.jpg,Found
589,2245595,224559-5 LOCK NUT 10-30 FOR,,Not Found
590,226BHS,BRUSH HOLDER SET FOR 2-26,,Not Found
591,226BHS,BRUSH HOLDER SET FOR 2-26,https://www.kompernass.com/media/34/3e/26/1730276089/64748_ZU01_Kohleb-rstenhalterung_2er_Set_f-r_Bandschleifer.jpg,Found
592,226C,CARBON BRUSH 2-26,,Not Found
593,226CAP,LASERTECH SPARES 2-26 FRONT CAP SET,https://imgv2-1-f.scribdassets.com/img/document/795687852/original/23ba0ddf6a/1?v=1,Found
594,226CAPS,YURI 2-26 FRONT CAP SET,https://i.pinimg.com/736x/ca/da/be/cadabe43dda366c979b19c6ed2d0f91a.jpg,Found
595,226CY,CYLINDER FOR 2-26,https://i5.walmartimages.com/seo/2x26-Hydraulic-Cylinder-2-Bore-26-Stroke-Double-Acting-Clevis-End-Hydraulic-Cylinder-3500-PSI_046dae40-1145-46a5-b5e6-c814b3b63d43.17e6ee0bf0e01bbee4566ff8dad61ff9.jpeg,Found
596,2-26DBS,2-26 DUMPING SET 2-26 DBS,,Not Found
597,226FH,YURI FRONT HANDLE 2-26 EVEREST,https://images.carexpert.com.au/resize/960/-/cms/v1/media/2025-07-2025-ford-everest-ambiente-hero-3x2-1.jpg,Found
598,226GB,YURISPARES 2-26 GEAR BOX,https://www.decantercentrifugespares.com/assets/images/gearbox-spares-4.png,Found
599,226GB,YURISPARES 2-26 GEAR BOX,https://cdn.wallpapersafari.com/95/96/T4HgvV.jpg,Found
600,2-26GBC,LASERTECH SPARES 2-26 CYLINDER,https://www.ababilmarine.com/product-img/DAIHATSU-PS26D-SPARES-CYLINDER-1731842326.jpg,Found
601,226KB,2-26 KNOB POWERTUFF,https://image.made-in-china.com/2f0j00CjDlqfeyAHrW/Speed-Switch-Variable-Electric-Tool-Parts-2-26re-Switch-Knob.jpg,Found
602,226OR,2-26 ORING,,Not Found
603,226P,PISTON FOR 2-26,https://static.semrush.com/contentshake/articles/ai-images/c48f7df7-2f0e-46cf-8c66-b07422b26af7/79acc4d8-37e6-465c-a755-810567b6c2b6,Found
604,226SB,YURI SPARE SWASH BEARING BEARING 2-26,https://5.imimg.com/data5/SELLER/Default/2022/4/XA/PD/OJ/13429151/h6f954b01d632462c92e01a2673631dc6r-500x500.png,Found
605,226SB,YURI SPARE SWASH BEARING BEARING 2-26,https://5.imimg.com/data5/SELLER/Default/2022/4/XA/PD/OJ/13429151/h6f954b01d632462c92e01a2673631dc6r-500x500.png,Found
606,226SB,YURI SPARE SWASH BEARING BEARING 2-26,https://images.tokopedia.net/img/cache/500-square/VqbcmM/2023/4/24/5e5d4b3c-af0c-405d-919e-8988db3da6ff.jpg,Found
607,226TS,2-26TS 2-26 TOOTHED SHAFT,https://down-id.img.susercontent.com/file/id-11134207-7ra0n-mdsgc0ace5xoe4,Found
608,2274718,227471-8 SPIRAL BEVEL GEAR 11 FOR 9553NB,,Not Found
609,227506,2275065 SPIRAL BEVEL GEAR 36 FOR 9556NB,https://i5.walmartimages.com/seo/Spiral-Bevel-Gear-Set-for-Angle-Sander-Grinder-Replacement-Part-9556NB_fbcceaf6-e2e2-4a37-84f6-e0762b32c449.57321d7f2439f3ec1a4ee8695df80843.jpeg,Found
610,2277384,227738- HELICAL GEAR 17 FOR MT412,https://c8.alamy.com/comp/2WJ8NRJ/hong-kong-international-airport-aerial-view-airport-chek-lap-kok-passengers-terminal-seen-from-above-hub-of-cathay-pacific-airport-terminal-at-hkg-2WJ8NRJ.jpg,Found
611,2277384,227738- HELICAL GEAR 17 FOR MT412,https://www.chamolgear.com/wp-content/uploads/2025/10/helicalgear1-1024x697.webp,Found
612,2277392,227739-2 HELICAL GEAR 44 FOR MT412,https://5.imimg.com/data5/SELLER/Default/2023/2/KS/WK/OA/112546045/sanata-helical-speed-gear-1000x1000.jpg,Found
613,2277392,227739-2 HELICAL GEAR 44 FOR MT412,,Not Found
614,2277627,227762-7 HELICAL GEAR 14 FOR MT40,https://static1.industrybuying.com/products/power-tools/power-tool-accessories/spares-and-accessories/POW.SPA.826774237_1720613599755.webp,Found
615,2277635,227763-5 HELICAL GEAR 32 FOR MT40,https://static.odani.com.br/public/odaniferramentas/imagens/produtos/engrenagem-helicoidal-32mm-227763-5-makita-odani-676dacf5c08fe.jpg,Found
616,228,METAL TOOL BOX BAUM,http://baumboxtoolboxes.com/wp-content/uploads/2015/12/004.jpg,Found
617,23/13H,KANGRO STAPLIERS 23/23-H,"https://images-wixmp-ed30a86b8c4ca887773594c2.wixmp.com/f/0a174c22-d602-4d73-ac92-5f4fba525a65/d4dhwp3-fb2f9c5b-2aba-4c40-bd7d-a785f73f8f3c.jpg/v1/fill/w_568,h_415,q_75,strp/singing_jigglypuff_by_davenevanxaviour_d4dhwp3-fullview.jpg?token=eyJ0eXAiOiJKV1QiLCJhbGciOiJIUzI1NiJ9.eyJzdWIiOiJ1cm46YXBwOjdlMGQxODg5ODIyNjQzNzNhNWYwZDQxNWVhMGQyNmUwIiwiaXNzIjoidXJuOmFwcDo3ZTBkMTg4OTgyMjY0MzczYTVmMGQ0MTVlYTBkMjZlMCIsIm9iaiI6W1t7ImhlaWdodCI6Ijw9NDE1IiwicGF0aCI6IlwvZlwvMGExNzRjMjItZDYwMi00ZDczLWFjOTItNWY0ZmJhNTI1YTY1XC9kNGRod3AzLWZiMmY5YzViLTJhYmEtNGM0MC1iZDdkLWE3ODVmNzNmOGYzYy5qcGciLCJ3aWR0aCI6Ijw9NTY4In1dXSwiYXVkIjpbInVybjpzZXJ2aWNlOmltYWdlLm9wZXJhdGlvbnMiXX0.Fva8HEAsw5ouqZQSljEZN-3M93iWYTQ4QxtiNmdLHbg",Found
618,23/8H,K  MILES 23/8 PIN NWE,https://5.imimg.com/data5/SELLER/Default/2022/7/IJ/SK/VR/66485913/miles-stapler-pin-23-8-h-1000x1000.jpg,Found
619,230,MASONARY DRILL BIT 4MM,https://i5.walmartimages.com/seo/Unique-Bargains-5pack-Titanium-Masonry-Drill-Bit-4mm-Concrete-Drill-Bits-Triangle-Drill-Bit-with-1-4-Hex-Shank_47482b76-722b-4423-a0d5-c3fdebd1ae83.be9cc58a7114c18c8c202c69985553d5.jpeg,Found
620,230,MASONARY DRILL BIT 4MM,,Not Found
621,230/10H,23/10-H 10MM STAPLIER,,Not Found
622,2303,MULTI METER -830,https://akinfotools.com/assets/upload/products/mas830l-31.png,Found
623,2306,MULTI METER,https://c8.alamy.com/comp/J0CB81/electronic-multimeter-J0CB81.jpg,Found
624,2309,MULTY METER TEST LEAD,https://res.cloudinary.com/rsc/image/upload/w_1024/F7263624-01,Found
625,231,8 MM ADDISSON ORIGINAL,https://m.media-amazon.com/images/I/41+bsWeeoRL._SX466_.jpg,Found
626,2310,DIGITAL CLAMP METER -DT266,https://media.cablematic.com/__sized__/images_1000/tm00100-01-thumbnail-1080x1080-70.jpg,Found
627,2311,MULTIMETER LED 130722,,Not Found
628,2312,MULTI METER UNITY -DT9205A,https://i.pinimg.com/736x/af/a5/b6/afa5b6195a4d72b0aa922da5a990959d.jpg,Found
629,2312,MULTI METER UNITY -DT9205A,https://m.media-amazon.com/images/I/81Xv0-D5BcL._SL1500_.jpg,Found
630,2314576,COMPRESSION SPRING FOR LS1040 231457,https://www.lsengineers.co.uk/media/catalog/product/cache/2183975d50b12d1ff8f0f4c988893bcd/2/3/231457-6.jpg,Found
631,231593,TORSION SPRING LS1040 231593-8,https://cdn11.bigcommerce.com/s-qo6zk/images/stencil/1280x1280/products/18024/26537/images__80635.1585182680.jpg?c=2,Found
632,232,MASONARY DRILL BIT 5MM,https://www.hdcarwallpapers.com/download/bmw_m4_4k_3-2560x1440.jpg,Found
633,2320,CONTINUTY TESTER,https://www.kleintools.com/sites/default/files/product-assets/catalog-imagery/original/klein/et200.jpg,Found
634,2323,CONTINUTY TESTER,https://5.imimg.com/data5/SELLER/Default/2024/3/401472781/WL/PR/RZ/1407454/ax-204-electronic-continuity-tester-1000x1000.jpg,Found
635,2324,TESTER,https://thumbs.dreamstime.com/z/electrical-tester-electric-measure-device-close-up-140675759.jpg,Found
636,2325,TESTER AC VOLTAGE DETECTOR,https://i5.walmartimages.com/seo/Mr-Pen-Non-Contact-Voltage-Tester-Lightweight-AAA-Battery_f9e274db-5d07-4f2b-b6fe-1c3201feea7d.5159845f9e549a139a8eb488cc307d0f.jpeg,Found
637,2325,TESTER AC VOLTAGE DETECTOR,https://i5.walmartimages.com/seo/Mr-Pen-Non-Contact-Voltage-Tester-Lightweight-AAA-Battery_f9e274db-5d07-4f2b-b6fe-1c3201feea7d.5159845f9e549a139a8eb488cc307d0f.jpeg,Found
638,233,MASONARY DRILL BIT 6MM,,Not Found
639,233,MASONARY DRILL BIT 6MM,https://bax.tools/photos/big/TAC210601.jpg,Found
640,233,MASONARY DRILL BIT 6MM,https://i.pinimg.com/originals/58/57/cf/5857cffc28a800b7c9714514d3fe89f2.jpg,Found
641,2332.,CONTINUTY TEESTER 2332,,Not Found
642,233376,233376.2 COMPRESSION SPRING  FOR MT950,https://www.fix.com/assets/partimages/10143551_2_L.jpg,Found
643,2334598,COMPRESSION SPRING  2334598,https://5.imimg.com/data5/SELLER/Default/2024/11/466782431/FK/JL/JM/34049913/helical-compression-spring-1000x1000.jpg,Found
644,2339297,RING SPRING HR2450 233929-7,https://www.lsengineers.co.uk/media/catalog/product/cache/7901d8c19ee5046a3beec7c19ef26631/2/3/233929-7.jpg,Found
645,234,MASONARY DRILL BIT 8MM,https://m.media-amazon.com/images/I/613FUi+p4RL._AC_.jpg,Found
646,234,MASONARY DRILL BIT 8MM,,Not Found
647,2344,SOLDER WIRE 100G 2344,https://s.alicdn.com/@sc04/kf/A9511ec224b0f486b959efd6a23bf2aceq.jpeg_720x720q50.jpg,Found
648,2345,SOLDER WIRE 50G 2345,https://img.ltwebstatic.com/images3_spmp/2024/02/26/96/17089155862df60bd0459bf743e0296b26ee264bbe.jpg,Found
649,2347,OPENING TOOL,https://m.media-amazon.com/images/I/71+RUt2ejuL.jpg,Found
650,235,MASONARY DRILL BIT 10MM,https://lecolkenya.com/wp-content/uploads/2021/04/Drill-Bit-10mm.jpg,Found
651,235,MASONARY DRILL BIT 10MM,,Not Found
652,235/16,MASONARY DRILL BIT 12MM,https://static-content.cromwell.co.uk/images/854_854/g/jeeps/057/ken0572820k.jpg,Found
653,2352,SOLDERING BIT,https://5.imimg.com/data5/SELLER/Default/2021/11/JT/OB/SI/24902872/hakko-200-k-soldering-bit-1000x1000.jpg,Found
654,2357,SOLDERING IRON 15W 2357,https://cdn11.bigcommerce.com/s-8hb9g2i/product_images/uploaded_images/master-appliance-ultratorch-ut-100si-soldering-iron-on-circuit-board-v2.jpg,Found
655,2358,SOLDERING IRON 25W 2358,https://yihua-soldering.com/upload/2181/o/5-1-anti-static-thermostatic-soldering-iron_04.jpg,Found
656,2359,SOLDERING IRON  35W,,Not Found
657,236,WELDING GLASS BLACK 11DIN ATHERMEL,https://5.imimg.com/data5/NR/XJ/LW/SELLER-3273919/welding-black-glass-500x500.jpg,Found
658,236,WELDING GLASS BLACK 11DIN ATHERMEL,https://5.imimg.com/data5/NR/XJ/LW/SELLER-3273919/welding-black-glass-1000x1000.jpg,Found
659,236/1,WELDING GLASS BLACK 9DIN,https://mobileimages.lowes.com/productimages/f6e76f80-7307-48f4-9529-9b05e27dee42/76687193.jpeg?size=mthb,Found
660,236/1,WELDING GLASS BLACK 9DIN,,Not Found
661,236/2,WELDING GLASS BLACK 10DIN ATHERMAL,https://5.imimg.com/data5/SELLER/Default/2025/5/514630670/NT/YQ/IF/100838883/welding-black-glass-10-11-12-13-14-din-1000x1000.jpeg,Found
662,236/2,WELDING GLASS BLACK 10DIN ATHERMAL,https://5.imimg.com/data5/SELLER/Default/2025/5/514630670/NT/YQ/IF/100838883/welding-black-glass-10-11-12-13-14-din-1000x1000.jpeg,Found
663,236/E,SQUARE GLASS BLACK,https://playworksheet.com/file/preview/shapes-2d-square.jpg,Found
664,2360,SOLDERING IRON 60W,https://m.media-amazon.com/images/I/71V4Ld8XzCL._AC_.jpg,Found
665,238,FLEX KWIK 20G,https://image.cdn2.seaart.ai/2024-05-27/cp9ur1te878c73b6875g/9520bdbfb713c3aee0f42475e2fa5fb4e8a76f6a_high.webp,Found
666,238,FLEX KWIK 20G,https://5.imimg.com/data5/SELLER/Default/2023/3/LY/JP/GD/77816694/pidilite-flex-kwik-1000x1000.jpg,Found
667,238,FLEX KWIK 20G,https://5.imimg.com/data5/SELLER/Default/2023/3/LY/JP/GD/77816694/pidilite-flex-kwik-1000x1000.jpg,Found
668,238,FLEX KWIK 20G,,Not Found
669,238,FLEX KWIK 20G,https://5.imimg.com/data5/SELLER/Default/2023/3/LY/JP/GD/77816694/pidilite-flex-kwik-1000x1000.jpg,Found
670,238/50GM,FLEXKWIK 50GM,,Not Found
671,238/50GM,FLEXKWIK 50GM,,Not Found
672,238/50GM,FLEXKWIK 50GM,https://5.imimg.com/data5/SELLER/Default/2022/7/EQ/YQ/OF/102008273/pidilite-flex-kwik-instant-adhesives-1000x1000.jpg,Found
673,239,ANABOND 20 GM,,Not Found
674,241,PAD NUT,https://media.takealot.com/covers_tsins/55926884/55926884-1-zoom.jpeg,Found
675,243,SPANNER KEY 801,https://i5.walmartimages.com/seo/Triangle-Spanner-Key-Triangular-Lock-Keys-Socket-Universal-Utility-Keys-for-Elevator-Emergency-Lift-Door-Triangle-Panel-Lock_ba4dd007-14ec-47fd-af70-47e75dea46f1.1e55ef596fdd92fc4152ba319c1f0b40.jpeg,Found
676,243,SPANNER KEY 801,,Not Found
677,243/5,SPANNER KEY 5 INCH  G15SA2,https://crown.edu.mm/wp-content/uploads/2021/06/Macquarie-University-Logo_.jpg,Found
678,2450,CUTTING TORCH -NM250 2450,https://i.ebayimg.com/images/g/fMgAAeSw1blpNXbm/s-l960.jpg,Found
679,2450,CUTTING TORCH -NM250 2450,https://i.ebayimg.com/images/g/fMgAAeSw1blpNXbm/s-l960.jpg,Found
680,2452,GAC CUTTING NOZZLE 3/64 ANME,https://lzd-img-global.slatic.net/g/p/29c8e7f64c6076bb7400eb3ae6abadd5.jpg_720x720q80.jpg,Found
681,2462,GAS CUTTING NOZZLE 3/64 PNME,https://www.weldingandwelder.com/wp-content/uploads/2023/03/0004352_pnme-nozzle-364-480x480.jpeg,Found
682,2481,GAS  WELDING NOZZLE,https://m.media-amazon.com/images/I/61+HYAKy3TL._SL1080_.jpg,Found
683,2494,GAS CUTTING NOZZLE,https://i5.walmartimages.com/seo/Lightweight-Oxy-Acetylene-Gas-Cutting-Nozzle-Tip-1-32-3-6mm-Oxygen-AFNM_eb7721ef-b13f-450d-b7ef-a0a04fa58897.6c7d42c2b578f7be3510ef715370e9b8.jpeg,Found
684,2494,GAS CUTTING NOZZLE,,Not Found
685,250/18,CALTEX AUTO CLOSE BIT 18MM,https://i.pinimg.com/474x/c8/42/28/c8422845886198d60af8d1385048e3a6.jpg?nii=t,Found
686,250/20,CALTEX  HINGESBIT 20MM,https://i5.walmartimages.com/seo/Hinge-Boring-Bit-20mm-25-32-Inch-Diameter-X-5-16-Inch-Parallel-Shank_21dd4375-f422-49d4-af51-8fbf09efb2c0.7c7928ab4140ad4c191523b423bd20ac.jpeg,Found
687,250/20,CALTEX  HINGESBIT 20MM,https://i5.walmartimages.com/seo/Hinge-Boring-Bit-20mm-25-32-Inch-Diameter-X-5-16-Inch-Parallel-Shank_21dd4375-f422-49d4-af51-8fbf09efb2c0.7c7928ab4140ad4c191523b423bd20ac.jpeg,Found
688,250/25,CALTEX  HINGESBIT 25MM,,Not Found
689,250/25,CALTEX  HINGESBIT 25MM,https://www.findbuytool.com/cdn/shop/products/Carbide-Forstner-Bit-25mm-Dia-Left-Hand-Detail1.jpg?v=1635925106,Found
690,250/32,K EMTEX  HINGES BIT 32MM,"https://res.cloudinary.com/emtek/image/fetch/e_trim:1/w_825,c_pad,ar_1:1/f_auto,q_auto,w_1100,c_lpad,b_rgb:ffffff,d_product-placeholder.jpg,ar_1:1,dpr_auto/https://www.emtek.com/media/salsify/images/db/dbk4pnapef-2024-02-28T144117Z-9621410B_EM_KO.jpg",Found
691,250/32,K EMTEX  HINGES BIT 32MM,"https://res.cloudinary.com/emtek/image/fetch/e_trim:1/w_825,c_pad,ar_1:1/f_auto,q_auto,w_1100,c_lpad,b_rgb:ffffff,d_product-placeholder.jpg,ar_1:1,dpr_auto/https://www.emtek.com/media/salsify/images/nc/nc1fk0xomc-2024-02-28T144117Z-9103310B_EM_KO.jpg",Found
692,250/35,AUTO CLOSE BIT 35MM B,https://5.imimg.com/data5/SELLER/Default/2022/1/HH/ZV/JV/14129423/auto-hinges-bit-35mm1-1000x1000.jpg,Found
693,250/35,AUTO CLOSE BIT 35MM B,https://5.imimg.com/data5/SELLER/Default/2022/1/HH/ZV/JV/14129423/auto-hinges-bit-35mm1-1000x1000.jpg,Found
694,25027,TOLSEN CLAW HAMMER STUBBY 25027,https://tolsentoolsusa.com/wp-content/uploads/25027-800x800.jpg,Found
695,25028,TOLSEN CLAW HAMMER,https://www.tolsentools.com/wp-content/uploads/2015/07/CLAW-HAMMER-1.jpg,Found
696,25030,25030  TOLSEN CLAW HAMMER 16,,Not Found
697,25030,25030  TOLSEN CLAW HAMMER 16,https://c8.alamy.com/comp/T4R8C9/number-17-gold-glitter-celebration-with-a-red-scroll-banner-3d-render-T4R8C9.jpg,Found
698,25030,25030  TOLSEN CLAW HAMMER 16,,Not Found
699,25033,TOLSEN RUBBER HAMMER BLACK 8,https://www.eurofit.com.au/contents/product/product_image/3757/Tolsen_Rubber_Harmmer-C.jpg,Found
700,25035,TOLSEN RUBBER HAMMER BLACK 16,,Not Found
701,25037,TOLSEN RUBBER HAMMER BLACK 24,https://www.eurofit.com.au/contents/product/product_image/3757/Tolsen_Rubber_Harmmer-C.jpg,Found
702,25043,TOLSEN SLEDGE HAMMER 2 LB,https://cdn.shopify.com/s/files/1/0016/5032/7651/products/25043_1024x1024.jpg?v=1550628289,Found
703,25044,TOLSEN SLEDGE HAMMER 4 LB,,Not Found
704,25053,TOLSEN AXE FIBER HANDLE 600GRM 25053,https://toolshop.pk/wp-content/uploads/2021/12/TOLSEN-AXE.jpg,Found
705,25082,TOLSEN CHISEL POINTED 10 INCH 25082,https://fixit.com.bd/wp-content/uploads/2023/09/dffecb240ac7de0d905316a3694eafd158e60fbe-1.webp,Found
706,25083,TOLSEN CHISEL POINTED 10 INCH 25083,https://tolsen.com.ph/cdn/shop/files/25083.jpg?v=1682759080&width=1946,Found
707,25084.,TOLSEN COLD CHISEL 4*18*300,,Not Found
708,25087,25087 COLD CHISEL 22*16*250MM,https://cdn.ecommercedns.uk/files/0/232740/1/42726631/tn25087.jpg,Found
709,25087,25087 COLD CHISEL 22*16*250MM,https://d1mv2b9v99cq0i.cloudfront.net/eyJidWNrZXQiOiJ3ZWItbmluamEtaW1hZ2VzIiwia2V5IjoiZWxlY3Rhc2VydlwvaW1hZ2VzXC9wcm9kaW1nXC80MjE4XzEuanBnIiwiZWRpdHMiOnsicmVzaXplIjp7IndpZHRoIjo0ODAsImhlaWdodCI6NDgwLCJmaXQiOiJpbnNpZGUiLCJ3aXRob3V0RW5sYXJnZW1lbnQiOnRydWV9fSwidmVyc2lvbiI6IjEzMmY1MDYwZGI1YTVjNTZkYjAxZWMwY2ZjNDg4OTEwMWU1ZTNkYzQifQ==,Found
710,25088,25088 TOLSEN CHISEL FLAT  12INCH,,Not Found
711,25109,CROWBAR  BARI 24 INCH 25109,https://i.etsystatic.com/52975418/r/il/17f618/6998836184/il_1080xN.6998836184_s3d7.jpg,Found
712,25111,CROWBAR BARI 30INCH 25111,https://m.media-amazon.com/images/I/41YCcsICRtL._AC_UL640_QL65_.jpg,Found
713,25118,CROWBAR BARI 24 INCH 25118,https://static-01.daraz.pk/p/ecfe1c13075d71e2f01635ff299b3832.jpg,Found
714,25119,CROWBAR  BARI36 INCH 25119,https://i5.walmartimages.com/seo/Crowbar-and-Wrecking-Bar-Double-Sided-Pry-and-Chisel-Design-36-INCH_8e854b46-ee5a-4008-8dce-95800cbe5eb1.8e5c97d00f3310adb3c9d5573caf1ac1.jpeg,Found
715,25120,CROWBAR  BARI 48 INCH 25120,https://faebertools.com/wp-content/uploads/2024/01/TLSN-25120-1.jpg,Found
716,25156,TOLSEN  RIP HAMMER 25156,https://www.tolsentoolsusa.com/wp-content/uploads/25156.jpg,Found
717,25156,TOLSEN  RIP HAMMER 25156,https://www.tolsentoolsusa.com/wp-content/uploads/25156.jpg,Found
718,2521753,HEX NUT MT410 2521753,https://lzd-img-global.slatic.net/g/p/d132f32c573b6385b327c0f034c1fc34.jpg_720x720q80.jpg,Found
719,25253,TOLSEN AXE WITH HANDLE 600 GRM  25253,https://image.tensorartassets.com/cdn-cgi/image/w=600/workflow_template_showcase/793924464418223525/c94ecbb7-9155-e10a-e868-66d995fb2660.png,Found
720,254,PVC PAD 5'INCH BULLET,https://5.imimg.com/data5/SELLER/Default/2024/12/477110754/OB/CP/RY/199793/golden-bullet-green-plastic-backing-pad-500x500.jpeg,Found
721,254,PVC PAD 5'INCH BULLET,https://5.imimg.com/data5/SELLER/Default/2024/12/477110754/OB/CP/RY/199793/golden-bullet-green-plastic-backing-pad-500x500.jpeg,Found
722,254,PVC PAD 5'INCH BULLET,https://5.imimg.com/data5/SELLER/Default/2024/12/477110754/OB/CP/RY/199793/golden-bullet-green-plastic-backing-pad-500x500.jpeg,Found
723,254/1,PVC PAD 5 INCH POLAR POWER,https://5.imimg.com/data5/ANDROID/Default/2023/6/318031212/VW/VZ/ZP/21249022/product-jpeg-1000x1000.jpg,Found
724,255,FRONTLINE SAFETY GLASS,https://www.websafety.com.au/wp-content/uploads/2023/10/6512.jpg,Found
725,2550,OXYGEN REGULATOR OR16,https://5.imimg.com/data5/SELLER/Default/2022/4/LU/QZ/MD/3614059/yamato-or16-oxygen-regulator-1000x1000.jpg,Found
726,256,CORE BIT 1' NORTON,https://www.constructioncomplete.com/media/catalog/product/cache/1/image/1200x1200/9df78eab33525d08d6e5fb8d27136e95/7/0/70184682778-b.jpg,Found
727,256486,256486-8 SHOULDER PIN FOR  9553NB,https://m.media-amazon.com/images/I/31mK+g-nwZL._AC_SY300_SX300_.jpg,Found
728,257,CORE BIT 1-1/2 NORTON,https://assetcloud.roccommerce.net/w1500-h1500-cpad/_kljack/8/4/9/ndcb-small.jpg,Found
729,2571732,257173-2 RING FOR 5806B DRILL BOX,https://bizweb.dktcdn.net/thumb/grande/100/343/385/products/inkedcasquillo-12-original-makita-257173-2-li.jpg?v=1759903718553,Found
730,258,HOLESAW WOODEN 2',https://m.media-amazon.com/images/I/71isPXaaFBL._AC_.jpg,Found
731,25995,HAND RIVERTER 10 INCH IDEAL,https://mafpro.in/wp-content/uploads/2025/01/10inch-Hand-Riveter.webp,Found
732,25LEG,COPPER LEG 25 SQ MM,https://5.imimg.com/data5/SELLER/Default/2024/1/377754599/SK/JU/NM/23237792/25-sq-mm-pin-type-copper-lug-1000x1000.jpg,Found
733,25LEG,COPPER LEG 25 SQ MM,https://5.imimg.com/data5/SELLER/Default/2024/1/377754599/SK/JU/NM/23237792/25-sq-mm-pin-type-copper-lug-1000x1000.jpg,Found
734,25LUG,COPPER LUG25MM,https://5.imimg.com/data5/SH/RI/OK/SELLER-5036933/copper-lugs-25mm-500x500.jpg,Found
735,26102,SWITCH 2W 6AMP .LIVON 26102,,Not Found
736,26202,SWITCH 2W 6AMP LIVON  26202,https://m.media-amazon.com/images/I/51vdGNhXbwL.jpg,Found
737,26213,SWITCH 16AMP 2W 26213,https://5.imimg.com/data5/IOS/Default/2025/12/566036703/AW/HI/WU/13523605/product-jpeg-500x500.jpeg,Found
738,263,RUBBER HAMMER  BULLET 50 MM,https://www.ctm.co.ke/media/catalog/product/r/u/rubber_hammer_black_50mm_american_style_s.jpg,Found
739,2650562,PAN HEAD SCREW  FOR CC300D 2650562,https://lowcostwire.com.au/wp-content/uploads/2024/06/Pan-Head-Assortment.jpg,Found
740,2657548,THUMP SCREW MT580 2657548,https://media.istockphoto.com/id/1302493793/ja/ストックフォト/木の上の熟した梅の上に茶色の腐敗真菌病のカビ梅.jpg?s=612x612&w=is&k=20&c=Ze7fUkhNyu2gflFnC2qN687dEKB1IHqLV8RvbwwL6Zs=,Found
741,266,COMBINATION STONE 8' BULLET,https://5.imimg.com/data5/UB/PY/GLADMIN-1717624/high-quality-8-silicon-carbide-combination-stone-for-sharpening-stainless-steel-carbon-steel-etc-500x500.png,Found
742,266,COMBINATION STONE 8' BULLET,https://decodeco.jp/wp-content/uploads/2014/04/73c7278295f80d2bfcadf0fdfca02b0b.jpg,Found
743,267,GLASS CUTTER BULLET,https://5.imimg.com/data5/SELLER/Default/2022/4/PQ/VG/FP/86915491/glass-cutter-golden-bullet-1000x1000.jpeg,Found
744,267,GLASS CUTTER BULLET,https://5.imimg.com/data5/TO/FR/XX/SELLER-64023267/premium-glass-cutting-tool-diamond-glass-cutter-antislip-metal-handle-steel-blade-oil-filled-bottle-1000x1000.jpg,Found
745,268,FRONT CUTTING PLIER,https://aferriggi.com/cdn/shop/files/Q705_9b328e33-0b80-4c1a-9e87-22a9d09111a5.jpg?v=1712838773&width=1445,Found
746,268228,268228-8 SHOULDER PIN 5 FOR MT960,,Not Found
747,270,ADDISSON  DRILL BIT 12MM,,Not Found
748,272,AB WASHER  801,,Not Found
749,280,STAR HEAD SCREW 3/4 (19*8),https://5.imimg.com/data5/SELLER/Default/2024/10/458795097/IW/XT/CR/3628721/stainless-steel-star-head-screws-1000x1000.jpg,Found
750,284,TRUSS HEAD 1',,Not Found
751,28410,CHALK LINE DHOORI SET 28410 PUMPKIN,,Not Found
752,285,TRUSS HEAD 8*32(1-1/4),https://cdn11.bigcommerce.com/s-scmrv6kkrz/images/stencil/1280x1280/products/203823/176579/no-8-32-x-1-1-4-truss-head-non-structural-machine-screw-stainless-steel-an526c832r20__16743.1568390733.jpg?c=2,Found
753,2858522,BEARING RETAINER 19-33 FOR MT412 285852,https://www.partshopdirect.co.uk/images-part/big/124333.jpg,Found
754,2858522,BEARING RETAINER 19-33 FOR MT412 285852,https://i.ytimg.com/vi/9aWcWg3AJrg/maxresdefault.jpg,Found
755,286,METAL HOLESAW 1-1/4 BULLET 32M,https://i5.walmartimages.com/seo/Morse-Ta20-Real-Mccoy-Arbored-Bi-Metal-Hole-Saw-1-1-4-Inch-32Mm_37602bfd-84bd-4d95-83fb-64dfb741d144.bb590364478f03bc389a1354878c185c.webp,Found
756,287,GLASS CUTTER,https://i5.walmartimages.com/asr/17ede777-939e-4677-9a7d-a5de7742ecba.c8313413078bce2214b91b6d12f890cb.jpeg,Found
757,288,HACKSAW FRAME,http://thetoolsstore.com.pk/cdn/shop/files/HackSawFrame_Chrome_ee5bb40f-d8af-45d2-8755-3ac5ac9031d2.png?v=1725954002,Found
758,2880,WIRE LEY FEMAIL,https://de9znd9hicg5y.cloudfront.net/wp-content/uploads/2025/05/19161147/250513-LEY-OPP-LEADER.jpg,Found
759,2881,HS SLEEVE 6MM -1M,http://www.gen3industrial.com/cdn/shop/files/582d6de8-8d86-4337-ba55-90851801dfb2.jpg?v=1760464808,Found
760,288WH,HACKSAW FRAME (MINI POLAND) 5MM,https://www.amc-tools.com/image/cache/catalog/Hand-Tools/Saw/Garden-saws/AM-11034-550x550.jpg,Found
761,290,BUFFING WHEEL RED 6*1/2',https://5.imimg.com/data5/ANDROID/Default/2022/1/BR/KI/GF/5547147/product-jpeg-1000x1000.jpg,Found
762,290551,DOOR LOCK LAXMI BULLET,https://m.media-amazon.com/images/I/61OYvjNgiRL._SL1399_.jpg,Found
763,291,CLOTH WHEEL 6*1,https://images-stag.jazelc.com/uploads/theautopian-m2en/2023-royal-enfield-hunter-350-fi-7.jpg,Found
764,29108,29108 FLOOD LIGHT LED 50W,,Not Found
765,2919,SWITCH CARWASH,https://www.switchscores.com/img/switch-scores-banner-v2.jpg,Found
766,292,CLOTH WHEEL 4*1,https://down-ph.img.susercontent.com/file/ph-11134207-7r991-lmtou9azhle754,Found
767,294,MASKING TAPE 2 INCH 48*20,https://down-id.img.susercontent.com/file/id-11134207-7r98r-llahkhba9a8i89,Found
768,294,MASKING TAPE 2 INCH 48*20,https://down-id.img.susercontent.com/file/id-11134207-7r98r-llahkhba9a8i89,Found
769,294,MASKING TAPE 2 INCH 48*20,https://down-id.img.susercontent.com/file/id-11134207-7r98r-llahkhba9a8i89,Found
770,294/30,MASKING TAPE 36*20,https://www.sbgroup.com.my/wp-content/uploads/2023/08/Masking-Tape-36mm-x-20Y.jpg,Found
771,294/30,MASKING TAPE 36*20,https://www.sbgroup.com.my/wp-content/uploads/2023/08/Masking-Tape-36mm-x-20Y.jpg,Found
772,294/50,MASKING TAPE 48MM *50 MTR  2INCH,https://www.elbon.co.uk/wp-content/uploads/2018/08/2-Masking-Tape-1024x1024-520x574.jpg,Found
773,294/50,MASKING TAPE 48MM *50 MTR  2INCH,https://www.elbon.co.uk/wp-content/uploads/2018/08/2-Masking-Tape-1024x1024-520x574.jpg,Found
774,2941,DVR CAMERA CHARGER,https://m.media-amazon.com/images/I/711D4m-r5SS._AC_.jpg,Found
775,2995,SWITCH,https://pisces.bbystatic.com/image2/BestBuy_US/images/products/6522/6522225_sd.jpg,Found
776,29Y,CUTTING WHEEL 4*1 EASYCUT GREEN,https://d2gfz7wkiigkmv.cloudfront.net/pickin/2/7/5/WkXeV_vNR2KeutI3ZgYxkw,Found
777,2LB,SLEDGE HAMMER 2LB TATA,https://www.tatagrp.com/cdn/shop/15208/product/20240131/Sledge_hammer_head_1706684104634_0.jpg,Found
778,2LB..,SLEDGE HAMMER 2LB TATA,https://www.tatagrp.com/cdn/shop/15208/product/20240131/Sledge_hammer_head_1706684104634_0.jpg,Found
779,2LB/1..,SLEDGE HAMMER  2,https://gfx.videobuster.de/archive/v/cgnCCKL_D2IWsQdGQDbiRoQcz0lMkawMDglMkYwMyUyRmltYZklMkZqcGVnJTJGZTVhpjdmYWRmZjRmMNMyZWbd2mM2ZNtjwjkuanBnJnI9aKYwMA/sledge-hammer-staffel-2-cover.jpg,Found
780,2LBH,SLEDGE HAMMER  2LB (F.H CNC),,Not Found
781,2LBH,SLEDGE HAMMER  2LB (F.H CNC),https://www.toolusa.com/cdn/shop/files/PH281F-20-M1.jpg?v=1709667541&width=1445,Found
782,2LCH,ALCO CHAIR LADDER 2 STEP,https://s.alicdn.com/@sc04/kf/H01d5e47bbe8242609884ff5f06c88e28Q.jpg_720x720q50.jpg,Found
783,2PS,2 PIN SOC ZOOM,https://images.nexusapp.co/assets/18/94/54/309432306.jpg,Found
784,2T14*2.5,2T BLADE 14 INCH 2.5MM,https://cdnnew.toolsvilla.com/products-CarbonSteel2teethBladeForBrushCutter/1739854379615/1739854905364-watmrkA.webp/md,Found
785,2T14*2.5,2T BLADE 14 INCH 2.5MM,https://cdnnew.toolsvilla.com/products-CarbonSteel2teethBladeForBrushCutter/1739854379615/1739854905364-watmrkA.webp/md,Found
786,2T14*2.5,2T BLADE 14 INCH 2.5MM,,Not Found
787,2T14*2.5,2T BLADE 14 INCH 2.5MM,https://cdnnew.toolsvilla.com/products-CarbonSteel2teethBladeForBrushCutter/1739854379615/1739854905364-watmrkA.webp/md,Found
788,2T14*2.5M,2T BLADE 2.5 MM TWO TEETH BLADE,https://cdnnew.toolsvilla.com/products-CarbonSteel2teethBladeForBrushCutter/1739854379615/1739854905364-watmrkA.webp/md,Found
789,2T14*2M,2T BLADE 14 INCH 2MM,https://cdnnew.toolsvilla.com/products-steelbladeforpetrolbrushcutters/1739794568268/1739795011906-watmrkA.webp/md,Found
790,2TBLADE,2T BLADE SS,,Not Found
791,2TBLADE,2T BLADE SS,https://5.imimg.com/data5/SELLER/Default/2024/11/468128703/FF/RE/PJ/184712126/12-2t-brush-cutter-blade-1000x1000.jpg,Found
792,2TBLADE/1,2T BLADE SS,https://5.imimg.com/data5/SELLER/Default/2024/11/468128703/FF/RE/PJ/184712126/12-2t-brush-cutter-blade-1000x1000.jpg,Found
793,2TOIL,2T OIL 1 LTR BRUSH CUTTER,https://down-my.img.susercontent.com/file/my-11134207-7rask-m2htdiy3mfj31a,Found
794,2TOIL,2T OIL 1 LTR BRUSH CUTTER,https://down-my.img.susercontent.com/file/my-11134207-7rask-m2htdiy3mfj31a,Found
795,2TOIL,2T OIL 1 LTR BRUSH CUTTER,https://down-my.img.susercontent.com/file/9b727ef3bfc4ce38e31ead730eaba75e,Found
796,"3""RMCB",E-RAINBOW -CUP BLADE 3'' SEG,http://5.imimg.com/data5/SELLER/Default/2023/11/359739363/XT/PF/VQ/3146111/miller-cup-blade-seg-3-5-1000x1000.jpeg,Found
797,3/4LCLAMP,ANGLE BRACKET,https://tgsupplies.co.uk/wp-content/uploads/2022/04/KLR1-tech-heavy-duty-galvanised-135-degrees-angle-bracket-corner-brace-connector-pergola-connector.jpg,Found
798,3+3/5,3+3 5 MTR CODE WIRE,https://autoctrls.com/wp-content/img/3_phase_motor_wiring_color_code_hen.jpg,Found
799,3+3/5,3+3 5 MTR CODE WIRE,https://i.ytimg.com/vi/nM5ygB3Qy30/maxresdefault.jpg?sqp=-oaymwEmCIAKENAF8quKqQMa8AEB-AH-CYAC0AWKAgwIABABGGUgWShMMA8=&rs=AOn4CLB214sxkCCZiGm9piz3dCay_imyoA,Found
800,3+3/5,3+3 5 MTR CODE WIRE,https://autoctrls.com/wp-content/img/3_phase_motor_wiring_color_code_hen.jpg,Found
801,30.,BULLET CUTTING WHEEL 4 INCH GREEN &BLACK,https://5.imimg.com/data5/SELLER/Default/2022/7/GZ/HJ/TB/3402771/green-golden-bullet-cutting-wheel-1000x1000.jpg,Found
802,30.,BULLET CUTTING WHEEL 4 INCH GREEN &BLACK,https://illustimage.com/photo/5650.png,Found
803,30.,BULLET CUTTING WHEEL 4 INCH GREEN &BLACK,https://png.pngtree.com/png-clipart/20240222/original/pngtree-two-hundred-liter-oil-barrels-blue-color-energy-photo-png-image_14386557.png,Found
804,30.,BULLET CUTTING WHEEL 4 INCH GREEN &BLACK,https://5.imimg.com/data5/SELLER/Default/2022/7/GZ/HJ/TB/3402771/green-golden-bullet-cutting-wheel-1000x1000.jpg,Found
805,30.,BULLET CUTTING WHEEL 4 INCH GREEN &BLACK,https://5.imimg.com/data5/SELLER/Default/2022/7/GZ/HJ/TB/3402771/green-golden-bullet-cutting-wheel-1000x1000.jpg,Found
806,3000001.,TROLLY WHEEL 3 INCH HOLDER 63*36 PLATE ON TOP BLACK RUBBER,https://5.imimg.com/data5/SELLER/Default/2023/2/TQ/ZT/LJ/2457743/rubber-trolley-wheels-1000x1000.jpg,Found
807,3000002.,TROLLY WHEEL 3 INCH63*36 PLATE ON TOP 100*85 RIVERT WITH,https://www.sweclockers.com/galleri/13241/og-image,Found
808,3000219,TROLLY WHEEL 3 IN .63*36 F.H 100*85 BREAK NYLON WHEEL,https://5.imimg.com/data5/SELLER/Default/2022/9/YB/MU/KT/159951343/6-inch-nylon-trolley-wheel-with-break-1000x1000.jpg,Found
809,30004,TOLSEN CARPET CUTTER KNIFE PVC 9MM 30004,https://images.tokopedia.net/img/cache/500-square/VqbcmM/2023/6/17/d34ca4c6-e913-4dde-b5f6-279476d09be0.jpg,Found
810,30005,TOLSEN CARPET CUTTER KNIFE SS 9MM 30005,https://img.lazcdn.com/g/p/14b8293454260096be08dde6c5021dbf.jpg_720x720q80.jpg,Found
811,3001327,TROLLY WHEEL 3 INCH 63*36 ON TOP 100*85 BLACL NYLONE WITH GREY,https://down-id.img.susercontent.com/file/id-11134207-7r98r-lu7g5makaefo48,Found
812,3001328,TROLLY WHEEL 3 INCH 63*36 BRAKE BLACK NYLON WITH GREY DOUBLE,,Not Found
813,3001341,TROLLY WHEEL 3 IN .63*36 BLA.NYLON WITH GREY D.BEARING,https://5.imimg.com/data5/SELLER/Default/2024/5/419230951/JG/YT/RV/98055028/trolley-wheels-1000x1000.jpg,Found
814,30022,TOLSEN AVINIATION CUTTER 10 INCH,https://ds.rokomari.store/rokomari110/ProductNew20190903/260X372/Tolsen_Aviation_Snips_10_Inch_Right_Patt-Tolsen_Tools_and_More-8fa86-345049.png,Found
815,30022,TOLSEN AVINIATION CUTTER 10 INCH,https://db-excel.com/wp-content/uploads/2019/09/education-kills-creativity-sir-ken-robinson-ted-talk-728x1030.jpg,Found
816,30030,TOLSEN TINMAN SNIP 10 INCH 30030,https://wongshardware.b-cdn.net/wp-content/uploads/2023/08/30030.jpeg,Found
817,3003228,TROLLY WHEEL 3IN.63*36 F100*85 SINGLE MOULDING,https://img.securities.miraeasset.com/mw/mw_sns.png,Found
818,3004081,TROLLY WHEEL 3IN. 63*36 PLATE ON TOP  BREAK COATING,https://i.ytimg.com/vi/O_0ElRYNaig/maxresdefault.jpg,Found
819,30044,TOLSEN  TOLSEN HOUSE HOLD SCISSOR 8 INCH,https://blade.ph/cdn/shop/products/TOLSEN30044HOUSEHOLDSCISSORS-4_800x.jpg?v=1665112564,Found
820,30045,TOLSEN  KITCHEN SCISSOR  8INCH,https://lzd-img-global.slatic.net/g/p/679c8c3e4ff78fdeaa6b686d4424a377.jpg_720x720q80.jpg,Found
821,30045,TOLSEN  KITCHEN SCISSOR  8INCH,https://lzd-img-global.slatic.net/g/p/679c8c3e4ff78fdeaa6b686d4424a377.jpg_720x720q80.jpg,Found
822,30049,TOLSEN KITCHEN SCISSOR MULTY PURPOSE 30049,,Not Found
823,30052,TOLSEN  HACK SAW FRAME SQUARE TUBE 12 INCH,https://down-sg.img.susercontent.com/file/41103beb4ccfabf481e4b333f78d8435,Found
824,30061,TOLSEN HACK SAW BLADE 10 PCS,https://marshaltools.co.za/wp-content/uploads/2022/05/TOL30060-1-scaled.jpg,Found
825,30081,TOLSEN KNIFE 18MM,https://www.tolsentools.com/wp-content/uploads/2025/02/18MM-SNAP-OFF-BLADE-KNIFE.jpg,Found
826,30081,TOLSEN KNIFE 18MM,,Not Found
827,301679,WASHER -DH24/22VB,http://c.shld.net/rpx/i/s/i/spin/10031951/prod_12126208312??hei=64&wid=64&qlt=50,Found
828,301942,SPRING PDA100M,,Not Found
829,301943,LOCK PIN PDA100D,https://cliftools.com/wp-content/uploads/2022/10/PDA100D.jpg,Found
830,301944,PUSHING BUTTON  PDA100D,https://down-my.img.susercontent.com/file/705862b7aace73c0fb82268f5019570e,Found
831,302,GSH 5 DEMOLITION HAMMER,https://soonhuatpudu.com/wp-content/uploads/2018/10/GSH-5-MAX.png,Found
832,302047,WOOD RUFF KEY -PDA100M,,Not Found
833,306,SCREW DRIVER T306 STAR,https://emojigraph.org/media/social/woman-gesturing-ok-light-skin-tone_1f646-1f3fb-200d-2640-fe0f.png,Found
834,307127,MACHINE SCREWM4*12,https://www.chestermachinetools.com/wp-content/uploads/2020/09/Vertical-Horizontal-Bed-Type-CNC-Milling-Machine-•-Chester-•-GM1500VS.png,Found
835,307127,MACHINE SCREWM4*12,https://uk.farnell.com/productimages/large/en_GB/2770754-500.jpg,Found
836,3083400,O RING 3083400,https://www.fiyo.co.uk/media/catalog/product/cache/19/image/9df78eab33525d08d6e5fb8d27136e95/6/3/63230bddc8d32.jpg,Found
837,309929,RUBBER BUSHING PDA100M G10SR2(309929),https://image.news1.kr/system/photos/2024/4/5/6580672/high.jpg/dims/optimize,Found
838,309929,RUBBER BUSHING PDA100M G10SR2(309929),https://www.iqsdirectory.com/articles/rubber-extrusion/rubber-bushings/hole-rubber-bushings.jpg,Found
839,309929,RUBBER BUSHING PDA100M G10SR2(309929),https://www.iqsdirectory.com/articles/rubber-extrusion/rubber-bushings/rubber-bushings.jpg,Found
840,30B,BULL GOLD CUTTING WHEEL 4 INCH,,Not Found
841,30B,BULL GOLD CUTTING WHEEL 4 INCH,https://cut-off-wheel.com/wp-content/uploads/2025/06/4-inch-cutting-disc-1.jpg,Found
842,30B,BULL GOLD CUTTING WHEEL 4 INCH,https://cut-off-wheel.com/wp-content/uploads/2025/06/4-inch-cutting-disc-1.jpg,Found
843,30SS,CUTTING WHEEL 4 INCH SSG/B BULLET,https://industrialproducts4u.com/cdn/shop/files/ply-cutting-wheel-1000x1000_6e760097-6b46-4fa6-93af-e3a9b4140f9a.jpg?v=1749013049,Found
844,31/2X2,V PULLY,https://i.ebayimg.com/images/g/j7EAAOSwGMhkNPXU/s-l1200.jpg,Found
845,310,SCREW DRIVER T608 DOUBLE SIDE,https://jksuperdrive.com/wp-content/uploads/2024/11/Double-ended-Screwdriver-1.jpg,Found
846,3100GP,AIR REMOVER NUT,https://econosuperstore.com/wp-content/uploads/imported/4/1-Dr-Air-Impact-Wrench-Gun-1900FT-LBS-Long-Shank-Truck-Wheels-Nut-Removal-Gun-202584098494-2.JPG,Found
847,31014,TOLSEN FOLDABLE SAW 180 180 7 inch,https://down-ph.img.susercontent.com/file/ph-11134207-7r98t-lphlhyjsjglc40,Found
848,31021,TOLSEN BYPASS PRUNNING SHEAR 8 INCH,https://digishi.net/154918-large_default/tolsen-bypass-pattern-pruning-shear-8-inch.jpg,Found
849,31046,TOLSEN PRUNNING SAW 14 INCH,https://www.tolsentools.com/wp-content/uploads/2022/12/14-INCH-PRUNING-SAW-1.jpg,Found
850,31046,TOLSEN PRUNNING SAW 14 INCH,https://www.tolsentools.com/wp-content/uploads/2022/12/14-INCH-PRUNING-SAW-1.jpg,Found
851,31070,31070 TOLSEN HAND SAW 16',,Not Found
852,31071,31071 TOLSEN HAND SAW 18 INCH,https://ds.rokomari.store/rokomari110/ProductNew20190903/260X372/Tolsen_Hand_Saw_18_Inch_450mm_TPR_Handle-Tolsen_Tools_and_More-b5ac4-345201.jpeg,Found
853,31202,HAND RIVERTER GUN  31202,https://images.squarespace-cdn.com/content/v1/648b57ba52501c18df3cab79/c9d25687-7a5f-4be7-b0ca-ef4eb46027ff/Granite-Countertops.jpg,Found
854,31202,HAND RIVERTER GUN  31202,https://ae01.alicdn.com/kf/S3a0bfd36e92449a094e98bda830fed0b2/Heavy-Duty-Hand-Riveter-Rivet-Gun-Includes-100pcs-Rivets-Durable-And-Suitable-For-Metal-Plastic-And.jpg,Found
855,31206,ALLEN KEY SET MINI,https://labeartools.com/storage/2023/06/600056-036__5.jpg,Found
856,313,SCREW DRIVER T809,https://i5.walmartimages.com/seo/Homesteed-T8-Torx-Security-Screwdriver-TR8-Tamper-Proof-Screwdriver-for-Xbox-One-Xbox-360-Controller-Macbook-Repair-Small-Screwdriver-Tool_816bbeaf-04aa-4be5-aa6a-cb298f77a682.747ba48e54394c642f63cb3811a316d8.jpeg?odnHeight=448&odnWidth=448&odnBg=FFFFFF,Found
857,313777,"BRUSH HOLDER -G10SR2 PDA100M,G10SS",https://5.imimg.com/data5/SELLER/Default/2023/1/SO/IG/NR/22792957/g10-ss-brush-holder-500x500.jpg,Found
858,316484,GEAR COVER -G13SDPDA100M,https://ae01.alicdn.com/kf/HTB1mpXiaorrK1RkSne1q6ArVVXa0/Car-Gear-Cover-PU-Leather-For-Nissan-Livina-2010-Qashqai-2008-Gear-Shift-Knob-Cover-Gear.jpg,Found
859,316489,"PACKING GLAND PDA100M, G13SD, G13SR3, G1",https://image.shutterstock.com/shutterstock/photos/2006819921/display_1500/stock-photo-centrifugal-pump-and-gland-packing-2006819921.jpg,Found
860,3178193,317819-3 BEARING BOX FOR9553NB,,Not Found
861,3178216,317821-6 GEAR HOUSING COVER FOR 9556NB,https://www.toomanytools.com/18901-thickbox_default/makita-317821-6-couvercle-de-meuleuse-d-angle-.jpg,Found
862,317822,SPINDLE PDA100M,https://down-my.img.susercontent.com/file/1ae7ef3babb3cc8edd2885ecca5c8077,Found
863,317822,SPINDLE PDA100M,https://5.imimg.com/data5/SELLER/Default/2026/3/589690443/BK/ZE/WU/33864676/whatsapp-image-2026-03-09-at-12-26-52-pm-1000x1000.jpeg,Found
864,317822.,SPINDLE SHAFT PDA100M 317822,https://5.imimg.com/data5/SELLER/Default/2024/10/461067153/HM/TM/FD/200409096/spindle-shaft-1000x1000.png,Found
865,3186827,BEARING BOX MT412 3186827,,Not Found
866,3188.,RING TERNIVAL LUG2.5*4MM,,Not Found
867,3189.,RING TERNIMAL LUG 2.5*6MM,https://is1-ssl.mzstatic.com/image/thumb/Purple116/v4/0b/60/1b/0b601b5f-6a5e-b0f8-7e82-d93b49bc89e8/AppIcon-1x_U007epad-85-220.jpeg/1200x630wa.png,Found
868,3190.,RING TERMINAL LUG 4*6MM,http://hegazy-group.com/cdn/shop/files/RingTerminalLug4-6mm_-Yellow.jpg?v=1730071885,Found
869,3191.,RING TERNIVAL LUG 10*5MM,https://prismaelectrical.com/wp-content/uploads/2025/01/LUGS-RING-INSULATED-pdf.jpg,Found
870,3192.,RING TERMINAL LUG 10*5MM,"https://us1.yofishseo.com/file/225/copper-ring-terminal-connector.jpg?x-oss-process=image/auto-orient,1/interlace,1/resize,m_lfit,w_2560,limit_0/quality,Q_75/format,webp",Found
871,3193.,RING TERMINAL LUG 15*5MM,https://cdn1.katadata.co.id/media/images/temp/2024/08/29/Pasangan_Aksara_Jawa-2024_08_29-13_54_16_cd5a0a5ae92ea64fecfb580fcd3c1ae1.jpeg,Found
872,319898,FAN GUIDE PDA100M,"https://www.techadvisor.com/wp-content/uploads/2022/06/amazon-logo.jpg?resize=1240,697&quality=50&strip=all",Found
873,319898,FAN GUIDE PDA100M,https://i.ytimg.com/vi/RzFSDo8z42M/maxresdefault.jpg,Found
874,32001,TOLSEN STEEL FILE 8 INCH FLAT,,Not Found
875,320234,SPINDLE G18SH2 320234,https://5.imimg.com/data5/SELLER/Default/2020/9/SK/VS/ES/113566983/img-8059-1000x1000.jpg,Found
876,320497,"WHEEL WASHER G10SS,G10SR2,320497",https://down-my.img.susercontent.com/file/my-11134207-7r98v-lzfud3snxy09bd,Found
877,320523,TAPPING SCREW D5X25 320523,https://image.made-in-china.com/2f0j00jGbclZKdwogS/Stainless-Steel-Roofing-Screw-SUS304-316-DIN7504K-Tapping-Screws-Hexagonal-Washer-Head-Self-Drilling-Screws.jpg,Found
878,32062,32062 TOLSEN WIRE BRUSH W/H 4 LINES,https://www.vinodpatel.tl/wp-content/uploads/2023/01/10918003.jpg,Found
879,32062,32062 TOLSEN WIRE BRUSH W/H 4 LINES,https://www.vinodpatel.tl/wp-content/uploads/2023/01/10918003.jpg,Found
880,32062,32062 TOLSEN WIRE BRUSH W/H 4 LINES,,Not Found
881,321,CHISSEL 5 KG FLAT,https://s1.cdn.autoevolution.com/images/news/gallery/indian-motorcycle-updates-all-models-for-2018-adds-three-new-variants_2.jpg,Found
882,321451,GEAR -PDA100M,"https://cdn.thomasnet.com/insights-images/embedded-images/99f2f999-0133-4767-9694-9ce8a8af4147/c0322aaf-472e-4ebb-8773-a820008b95ae/FullHD/Spur,-helical,-and-bevel-gears.jpg",Found
883,321452,PINION -PDA100M,https://pinion.eu/wp-content/uploads/2021/05/Zahnraeder-2.png,Found
884,321452,PINION -PDA100M,https://pinion.eu/wp-content/uploads/2021/05/Zahnraeder-2.png,Found
885,322,CHISSEL 5 KG POINT A,https://m.media-amazon.com/images/I/51-Nj4WCb0L._SX300_SY300_QL70_ML2_.jpg,Found
886,322002,"FAN GUIDE -C7SF,C7SS",,Not Found
887,3221.,CIRCLIP HEX 6MM,https://omrook.com/images/detailed/9/4mm-external-circlips-500x500_1_z7s2-ng.jpg,Found
888,3222.,CIRCLIP HEX 9MM,https://5.imimg.com/data5/SH/VU/MY-1814441/ehv-svl-link-box-500x500.png,Found
889,3223.,CIRCLIP HEX 9MM,,Not Found
890,3228.,CIRCLIP HEX 15MM,https://omrook.com/images/detailed/11/ss_external_circlip_7o63-wc.jpeg,Found
891,322805,DAMPER A-DH24PB2,https://imgv2-1-f.scribdassets.com/img/document/671304861/original/a6564ac071/1?v=1,Found
892,3230.,CIRCLIP HEX 17MM,https://www.brtmotorsport.co.uk/cdn/shop/products/M10Circlip_1200x778.jpg?v=1759224309,Found
893,3233.,CIRCLIP HEX 20MM,https://mitaco.com.au/images/stories/virtuemart/product/External+Circlip+20mm.jpg,Found
894,3237.,CIRCLIP HEX 24MM,https://omrook.com/images/thumbnails/624/460/detailed/11/ss_external_circlip_h689-ac.jpeg.webp,Found
895,3238.,CIRCLIP HEX 75MM,,Not Found
896,3243.,CIRCLIP HEX 30MM,https://media.rs-online.com/Y2836704-01.jpg,Found
897,3244.,CIRCLIP HEX 31MM,https://www.mcgillmotorsport.com/img/shp/EXT-CIRC-31mm-QTY-50-_S.jpg,Found
898,3244883,324488-3 SPINDLE FOR MT958,https://down-vn.img.susercontent.com/file/vn-11134207-7qukw-lfdrat75qrud13,Found
899,3245.,CIRCLIP HEX 32MM,https://www.fusionfixings.co.uk/cdn/shop/files/External_20Circlip_20A2_6fc0cac3-0336-4cda-a3e5-9adbe8da2392_631x631.png?v=1697857939,Found
900,3246699,IMPACT BOLT  HR2810 324669-9,,Not Found
901,3248.,CIRCLIP HEX 30MM,https://media.rs-online.com/Y2836704-01.jpg,Found
902,3249.,CIRCLIP HEX 36MM,,Not Found
903,325,PH 65 FLAT (30*410),https://images.tokopedia.net/img/cache/700/VqbcmM/2021/3/12/f2b00589-13e3-40d2-8b11-7e3c887a7328.jpg,Found
904,3251.,CIRCLIP EXIT 8MM,https://www.autoportee-discount.fr/62558-large_default/circlip-8mm-universel-47108.jpg,Found
905,325140,HOUSING PDA100M,,Not Found
906,325140,HOUSING PDA100M,https://cdn1.npcdn.net/images/e792df8137bdb8cd433ba6291bcef9ab_1764318041.jpeg?md5id=863ae4a798069192865306197bff9428&new_width=1000&new_height=1000&w=-62170008925&type=9,Found
907,325141,TAIL COVER PDA100M,http://iconicmotomarket.com/cdn/shop/files/Aprilia_RSV4_Top_Tail_Cover_1.jpg?v=1724525249,Found
908,3252.,CIRCLIP EXIT 9MM,https://www.keysandpins.com/images/stories/virtuemart/product/circlips.jpg,Found
909,3253.,CIRCLIP EXT 10MM,https://precisionaeroproducts.com.au/media/com_hikashop/upload/external-circlip-10mm-01.jpg,Found
910,3254.,CIRCLIP EXT 11MM,https://www.hondacengkareng.com/wp-content/uploads/2022/05/CIRCLIP-EXTERNAL-11MM-9451011000-1.jpg,Found
911,3255.,CIRCLIP EXIT 12MM,https://omrook.com/images/detailed/11/ss_external_circlip_0fu2-9h.jpeg,Found
912,3259.,CIRCLIP EXIT 15MM,,Not Found
913,326,16KG FLAT BIT  YURI PH65,https://m.media-amazon.com/images/I/31xnIZsEA0L._SY300_SX300_QL70_ML2_.jpg,Found
914,326,16KG FLAT BIT  YURI PH65,https://m.media-amazon.com/images/I/31xnIZsEA0L._SY300_SX300_QL70_ML2_.jpg,Found
915,3261.,CIRCLIP EXIT 15MM,https://5.imimg.com/data5/SELLER/Default/2023/7/324593468/MI/VH/QO/126034384/15mm-external-circlip-1000x1000.png,Found
916,3262772,3262277-2 SPINDLE FOR MT410,https://www.parkflyers.com/cdn/shop/files/xxx.png?v=1738123174,Found
917,3263.,CIRCLIP EXIT 20MM,"https://res.cloudinary.com/rsc/image/upload/b_rgb:FFFFFF,c_pad,dpr_1.0,f_auto,q_auto,w_700/c_pad,w_700/F2096693-01",Found
918,3268.,CIRCLIP  EXIT 25MM,https://mitaco.com.au/images/stories/virtuemart/product/External+Circlip+25mm.jpg,Found
919,3268281,326828-1 SPINDLE FOR 9506 A,https://dungcugiatot.vn/wp-content/uploads/2024/06/cot-326828-1.jpg,Found
920,3269.,CIRCLIP EXIT 25MM,https://mitaco.com.au/images/stories/virtuemart/product/External+Circlip+25mm.jpg,Found
921,3270.,CIRCLIP EXIT 27MM,,Not Found
922,3271.,CIRCLIP EXT 28MM,https://www.mcgillmotorsport.com/img/shp/EXT-CIRC-28mm-QTY-50-_S.jpg,Found
923,3273.,CIRCLIP EXIT 30MM,https://media.rs-online.com/Y2836704-01.jpg,Found
924,3275.,CIRCLIP EXIT 32MM,https://www.fusionfixings.co.uk/cdn/shop/files/External_20Circlip_20A2_6fc0cac3-0336-4cda-a3e5-9adbe8da2392_631x631.png?v=1697857939,Found
925,3278.,CIRCLIP EXT 35MM,https://springfasteners.co.uk/wp-content/uploads/2020/02/External-Circlip-Stainless-Steel-DIN-471-D1400-e1582720176742-700x578.png,Found
926,3279.,CIRCLIP EXT 36MM,https://www.fusionfixings.co.uk/cdn/shop/files/External_20Circlip_20A2_07fa6275-29de-4143-8d42-bcd46f2d1b73_1200x1200.png?v=1697857963,Found
927,3280,SOCKET 16 A 3 PIN BLUE NIRWAN,https://ae01.alicdn.com/kf/S25ffee8a6a5a4241a24dd08d88076361n.jpg,Found
928,3281,SWITCH  16 A 3 PIN BLUE NIRWAN,https://www.socoje.com/image/cache/catalog/product/low-voltage-distribution/switches/automotive-switches/automotive-rocker-switches/3-pin-blue-utv-led-automotive-rocker-switches-1000x1000h.jpg,Found
929,328174M,SPINDLE  G10SS2,https://down-id.img.susercontent.com/file/id-11134207-7ra0r-mb7ufe5hn76s7a,Found
930,328178,GEAR & PENION -G10SS/G10SS2,https://wallpapers.com/images/hd/retro-ifa-f9-ard1fu705pfjr9ln.jpg,Found
931,328182,PACKING GLAND (BEARING FLANGE G10SS),https://down-id.img.susercontent.com/file/id-11134207-7r98u-lmplfxascw4rc8,Found
932,3282.,CYLINDER KEY CO2,https://5.imimg.com/data5/SELLER/Default/2022/2/WH/KE/WW/42025121/co2-cylinder-valve-key-500x500.jpg,Found
933,329,PUTTY BLADE 3',https://5.imimg.com/data5/ANDROID/Default/2023/4/300333897/IZ/SN/XX/79986490/product-jpeg-500x500.jpg,Found
934,330,PUTTY BLADE 4',,Not Found
935,33001,TOLSEN PVC PPR CUTTER 3-42 MM 33001,https://premiumfasteners.com.au/wp-content/uploads/2024/06/PVC-PIPE-CUTTER-2.jpg,Found
936,33002,TOLSEN  PVC PIPE CUTTER  33002,https://lzd-img-global.slatic.net/g/p/0903249478f643568a46d6d3dc8ee583.jpg_720x720q80.jpg,Found
937,33002B,TOLSEN PIPE CUTTER BLADE 33002-B,https://lzd-img-global.slatic.net/g/p/0903249478f643568a46d6d3dc8ee583.jpg_720x720q80.jpg,Found
938,331,PUTTY BLADE 6' HANDLE,https://www.racknsell.com/public/thumbs/products/111771/22bc5228-3d8e-4883-81ca-4be185ca3034_500_500.jpg,Found
939,33100,33100 TOLSEN PVC PPR CUTTER 3,https://cdn.shopify.com/s/files/1/0016/5032/7651/products/47253ac83579318882e730f934f5494f.jpg?v=1682413082,Found
940,33100,33100 TOLSEN PVC PPR CUTTER 3,https://cdn.shopify.com/s/files/1/0016/5032/7651/products/47253ac83579318882e730f934f5494f.jpg?v=1682413082,Found
941,33100,33100 TOLSEN PVC PPR CUTTER 3,,Not Found
942,33100B,TOLSEN PVC PIPE CUTTER BLADE 33100-B,https://cdn.shopify.com/s/files/1/0016/5032/7651/products/47253ac83579318882e730f934f5494f.jpg?v=1682413082,Found
943,334,PUTTY BLADE 12' HANDLE,https://5.imimg.com/data5/ANDROID/Default/2023/5/311300042/VU/JY/FO/79986490/prod-20230526-2345524222201279409891304-jpg-1000x1000.jpg,Found
944,335,PUTTY BLADE 16' HANDLE,https://5.imimg.com/data5/SELLER/Default/2023/2/QI/SM/QM/142813773/heybit-16-inch-putty-blade-1000x1000.png,Found
945,335247,"O RING DH24PG ,DH24PH ,DH28PC",https://www.bricoutensili.com/46823-large_default/o-ring-s-18-per-martelli-tassellatori-hitachi-dh24pc3-pd3.jpg,Found
946,335268,"HAMMER HOLDER  DH24PH ,28PB ,28PCY",https://static-data2.manualslib.com/product-images/65f/983339/hitachi-dh24ph-rotary-hammer.jpg,Found
947,335795,SLEEVE DH28PCY DH24PG,https://khmtools.com.ph/cdn/shop/products/Hitachi-DH28PCY_93ab52b7-0b52-48ec-a0cb-1bfad24f8164.jpg?v=1711034486,Found
948,338,30 MM MIDAS,https://centrobud.pl/30661-large_default/midas-listwa-myck-30-mm-pvc-orzech-9e-d-1m.jpg,Found
949,338849,PACKING GLAND G10SS2 338849,https://ae01.alicdn.com/kf/H08a9a46f61ed457c9f6f2e759e7ef4eeH/PACKING-GLAND-for-HITACHI-G10SR4-G10SS2-G10SN2-G13SN2-G12SS2-G13SS2-G13SR4-338849-Power-Tool-Accessories.jpg_.webp,Found
950,338851,HIKOKI HOUSING G10SS20,https://down-th.img.susercontent.com/file/0474bc782aa12c480c85ac9cc5e882af,Found
951,338853,FAN GUIDE -G10SS2,https://i.pinimg.com/originals/80/b2/6e/80b26e05d2f4ff6742ac57d52b14dec4.jpg,Found
952,338854,SLIDE KNOB-G10SS2(338854),https://s3.us-central-1.wasabisys.com/partswarehouse/photos/HIT-338854-2.jpg,Found
953,338855,SLIDE BAR G10SS2 (338855),https://i.ebayimg.com/images/g/WQMAAOSwCQZZA6fD/s-l1600.jpg,Found
954,339,35 MM MIDAS,https://pap-promet.hr/wp-content/uploads/2025/01/1-00400-01-2.jpg,Found
955,339149,SWITCH -G10SS2,https://c8.alamy.com/comp/2R585D5/nintendo-switch-game-console-2R585D5.jpg,Found
956,340,PAD LOCK 40MM SINGH,https://singhvarieties.in/wp-content/uploads/2024/09/40mm-round-padlock-6-levers-steel-finish-with-3-key-1.webp,Found
957,340649G,"STATOR PDA100M ,125",https://5.imimg.com/data5/SELLER/Default/2024/8/446758628/AQ/CH/YI/3062576/pda100m-coil-powerbilt-p1505-1000x1000.png,Found
958,340L,PAD LOCK 40MM SINGH,https://singhvarieties.in/wp-content/uploads/2024/09/40mm-round-padlock-6-levers-steel-finish-with-3-key-1.webp,Found
959,341,padlock 30mm,https://hardwareheaven.ie/wp/wp-content/uploads/2017/01/30mm-padlock.jpg,Found
960,341862,341862-0 INNER RING 36 FOR HM1201,https://down-id.img.susercontent.com/file/id-11134207-7rbkb-m67u46tkyfcw70,Found
961,343639,CENTRE PLATE LS1040 343639-9,https://thumbs.dreamstime.com/b/emu-series-electric-multiple-unit-train-taiwan-railway-kaohsiung-station-feb-308926110.jpg,Found
962,3439,40 MM MIDAS,https://athlonoptics.com/storage/2016/05/706005-Athlon-Midas-CF40-Tripod-04.jpg,Found
963,344380,CENTER COVER LS1040 344380-7,https://www.lsengineers.co.uk/media/catalog/product/cache/7901d8c19ee5046a3beec7c19ef26631/3/4/344380-7.jpg,Found
964,3451,SWITCH 16 A  BLUE  NIRWAN,https://m.media-amazon.com/images/I/71pcMtyi1VS.jpg,Found
965,3452,SOCKET 16 A BLUE NIRWAN,https://ae01.alicdn.com/kf/S25ffee8a6a5a4241a24dd08d88076361n.jpg,Found
966,3453,SWITCH  32A 5PIN RED NIRWAN,https://solartradesupply.com/cdn/shop/files/WebCat-00060004000a_626af181-6a6a-43e6-89fc-10caeeb16583.jpg?v=1688389435&width=1946,Found
967,3454,SOCKET 32A  5 PIN RED NIRWAN,https://lzd-img-global.slatic.net/g/p/5dfe23865b2ff0b71295dd240691f6c6.jpg_720x720q80.jpg_.webp,Found
968,3466746,BASE MT40 3466746,,Not Found
969,3502,CYLINDER,https://curvebreakerstestprep.com/wp-content/uploads/2021/03/Cylinder-with-Measurements.png,Found
970,3503,CONNECTING  ROD 12*78*20,https://www.picclickimg.com/~tgAAOSwWLhmH31y/8��12��78mm-Fitting-Needle-Roller-Bearings-Connecting-Rod-for.webp,Found
971,3504,RING SET STD 42MM 3504,https://www.noordeman.com.au/wp-content/uploads/2023/11/ABF837A6-3741-4BD3-AD58-3BFB848B2D3E-scaled.jpeg,Found
972,35043,RIGHT ANGLE  TRY SQUARE 16*24 INCH,https://ftaelectronics.com/image/cache/catalog/Tools/Measuring+Tools/24x16in+Stainless+Steel+Large+Carpenter+Angle+Square+Ruler+Metric+and+Inch+Scale+(4)-1024x768_0.jpg,Found
973,3505,RING SET (PISTON RING ),https://i5.walmartimages.com/seo/Hastings-Pistons-Ring-set-compatible-with-1994-2004-Ford-7-3-7-3L-Turbo-Diesel-Piston-Ring-Set-8-Rings-4-130-Bore-Diameter_4f103358-d569-4047-a623-57cf20dbd728.76c03acece0c8be0b0919895f52e56c4.jpeg,Found
974,3505,RING SET (PISTON RING ),https://i5.walmartimages.com/seo/Hastings-Pistons-Ring-set-compatible-with-1994-2004-Ford-7-3-7-3L-Turbo-Diesel-Piston-Ring-Set-8-Rings-4-130-Bore-Diameter_4f103358-d569-4047-a623-57cf20dbd728.76c03acece0c8be0b0919895f52e56c4.jpeg,Found
975,3507,PISTON 47MM,,Not Found
976,3508,TONGUE U TYPE,https://patch.com/img/cdn/users/1475404/2012/06/raw/c460cf728deec8a61bebc07007d0a6e6.jpg,Found
977,3508,TONGUE U TYPE,https://www.c-k-jpopnews.fr/wp-content/uploads/Heize-Teaser-That-Star-6.jpg,Found
978,3508,TONGUE U TYPE,https://patch.com/img/cdn/users/1475404/2012/06/raw/c460cf728deec8a61bebc07007d0a6e6.jpg,Found
979,35080,TOLSEN TRY SQUARE 10 INCH,https://ds.rokomari.store/rokomari110/ProductNew20190903/260X372/Tolsen_Carpentry_Angle_Tri_Square_10_Inc-Tolsen_Tools_and_More-27a48-345507.png,Found
980,35080,TOLSEN TRY SQUARE 10 INCH,https://ds.rokomari.store/rokomari110/ProductNew20190903/260X372/Tolsen_Carpentry_Angle_Tri_Square_10_Inc-Tolsen_Tools_and_More-27a48-345507.png,Found
981,35081,35081 TOLSEN TRY SQUARE 12 INCH,http://blade.ph/cdn/shop/products/ssph.zone-1655348545-Tolsen_35081_Angle_Square_300mm_12_-3_1024x.jpg?v=1655348795,Found
982,3508TU,TONGUE U TYPE,https://patch.com/img/cdn/users/1475404/2012/06/raw/c460cf728deec8a61bebc07007d0a6e6.jpg,Found
983,3509,SWITCH,https://pisces.bbystatic.com/image2/BestBuy_US/images/products/6522/6522225_sd.jpg,Found
984,35099,WINDING ROPE,https://www.windingropes.com/cdn/shop/products/ropeflowblueoceanwindingropes2.png?v=1662466260,Found
985,3509TN,TONGUE NAIL TYPE,https://img.joomcdn.net/efb0bf16e3b678777facfa0cb001d34815e2a826_original.jpeg,Found
986,3509TN,TONGUE NAIL TYPE,https://img.joomcdn.net/efb0bf16e3b678777facfa0cb001d34815e2a826_original.jpeg,Found
987,3510,AIR COMPRESSOR BLADE3510,,Not Found
988,3510T,TONGUE BLADE TYPE 3510,https://phonemantra.com/wp-content/uploads/2023/09/Tongue-Blade.webp,Found
989,3511,PACKING SET  60 AIR,https://5.imimg.com/data5/SELLER/Default/2023/10/355796098/RW/KV/EF/198874465/air-compressor-packing-set-1000x1000.jpg,Found
990,3511,PACKING SET  60 AIR,https://m.media-amazon.com/images/I/61-TAud7HoL._SL1024_.jpg,Found
991,3511,PACKING SET  60 AIR,https://5.imimg.com/data5/SELLER/Default/2023/10/355796098/RW/KV/EF/198874465/air-compressor-packing-set-1000x1000.jpg,Found
992,35111,TOLSEN  SPIRIT LEVEL MAGNETIC,,Not Found
993,35111,TOLSEN  SPIRIT LEVEL MAGNETIC,https://www.tolsentools.com/wp-content/uploads/2016/10/SPIRIT-LEVEL-WITH-MAGNETIC-600x600.jpg,Found
994,3512,ELBOW AIR 3/8+3/8 3512,,Not Found
995,3515,CRANK 42MM AIR COMPRESSOR,https://workshopmanuals.org/wp-content/uploads/2023/10/Jeep-Compass-2007-2016-Wiring-Diagrams-jpg.webp,Found
996,3517,AIR PIPE,https://www.dakotafluidpower.com/media/Products/ProductImages/AIRpipe-Aluminum-Air-Piping-2.jpg,Found
997,3517,AIR PIPE,https://www.dakotafluidpower.com/media/Products/ProductImages/AIRpipe-Aluminum-Air-Piping-2.jpg,Found
998,3519,COMPRESSOR BODY,https://fixitfrequency.com/wp-content/images/cthy_Parts_Of_An_Air_Compressor_Diagram.jpg,Found
999,3519,COMPRESSOR BODY,https://fixitfrequency.com/wp-content/images/cthy_Parts_Of_An_Air_Compressor_Diagram.jpg,Found
1000,352,CLOTH WHEEL 4',https://down-ph.img.susercontent.com/file/sg-11134201-7rd4h-lvcm1860r9ig11,Found
1001,3521,AUTO CUT KB1 AIR (SWITCH COMPRESSOR),https://implemental.in/wp-content/uploads/2023/01/image-1-compressed-17.jpg,Found
1002,35210,TOLSEN MINI SPIRIT LEVEL 9 INCH,https://www.tolsentools.com/wp-content/uploads/2015/07/MINI-SPIRIT-LEVEL.jpg,Found
1003,3522.,AUTO CUT KB 4 AIR (SWITCH COMPRESSOR ),,Not Found
1004,35221,TOLSEN SPIRIT LEVEL  16 INCH,http://www.toolmarket.com.au/cdn/shop/products/tolsen-400mm16inch-spirit-level-with-magnetic-35111-294245.jpg?v=1635918158,Found
1005,35223,TOLSEN SPIRIT LEVEL 60CM 24INCH,https://digishi.net/31919-large_default/tolsen-spirit-level-60cm24.jpg,Found
1006,35223,TOLSEN SPIRIT LEVEL 60CM 24INCH,https://digishi.net/31919-large_default/tolsen-spirit-level-60cm24.jpg,Found
1007,3526,GATE VALVE 1/4*1/4,https://tblg.k-img.com/restaurant/images/Rvw/184332/640x640_rect_587abf5000dae99f746108a91f6a6e34.jpg,Found
1008,3527,VALVE,"https://images.fastcompany.com/image/upload/f_webp,c_fit,w_3840,q_auto/wp-cms/uploads/2023/03/p-1-90849954-mic-valve.jpg",Found
1009,3527,VALVE,https://c8.alamy.com/comp/2NH0DCE/gate-valve-parts-2NH0DCE.jpg,Found
1010,3527,VALVE,,Not Found
1011,3531.,CIRCLIP HEX 18MM,https://5.imimg.com/data5/SELLER/Default/2022/9/CP/YT/XZ/12751923/circlip-a-1000x1000.jpg,Found
1012,3535,"PRESSURE GAUGE 1/8""",https://www.controlair.com/wp-content/uploads/1-8-inch-gauge-2048x2037.jpg,Found
1013,3536,"PRESSURE GAUGE 1/4""",https://i5.walmartimages.com/seo/160-PSI-11-BAR-Pressure-Gauge-1-4-Inch-Male-NPT-Center-Back-Mount-W-2-Inch-Face_2761807a-8134-467d-8c31-5333872c08fc.d26da14eb017064fa36b3416db2198f2.jpeg,Found
1014,3539,VRV VALVE,https://www.generant.com/wp-content/uploads/2017/03/vrv1_400x400-1.jpg,Found
1015,354,OILCAN 1/2 PINT,,Not Found
1016,354,OILCAN 1/2 PINT,http://www.liontoolsmart.com/cdn/shop/products/tata-oil-can-1-2-pint_1024x1024.jpg?v=1573974209,Found
1017,354,OILCAN 1/2 PINT,http://www.liontoolsmart.com/cdn/shop/products/tata-oil-can-1-2-pint_1024x1024.jpg?v=1573974209,Found
1018,354,OILCAN 1/2 PINT,http://www.liontoolsmart.com/cdn/shop/products/tata-oil-can-1-2-pint_1024x1024.jpg?v=1573974209,Found
1019,354,OILCAN 1/2 PINT,,Not Found
1020,3542,FAN FOR COMPRESSOR,,Not Found
1021,3542,FAN FOR COMPRESSOR,https://5.imimg.com/data5/SELLER/Default/2022/9/NT/HH/AT/2217813/atlas-copco-air-compressor-fan-1000x1000.jpeg,Found
1022,3542,FAN FOR COMPRESSOR,https://5.imimg.com/data5/SELLER/Default/2022/9/NT/HH/AT/2217813/atlas-copco-air-compressor-fan-1000x1000.jpeg,Found
1023,3543,AIR FILTER 1/2 inch,https://d3d71ba2asa5oz.cloudfront.net/12031745/images/fs14050-main-cs.jpg,Found
1024,3543,AIR FILTER 1/2 inch,https://d3d71ba2asa5oz.cloudfront.net/12031745/images/fs14050-main-cs.jpg,Found
1025,3544.,AIR FILTER,https://images.thdstatic.com/productImages/ac66dd52-d40b-4b2b-ab25-6134e083d77c/svn/hdx-air-filters-hdxcp5-012025-64_1000.jpg,Found
1026,3544.,AIR FILTER,https://m.media-amazon.com/images/I/81JIksXZa8L._AC_SL1500_.jpg,Found
1027,3544.,AIR FILTER,https://m.media-amazon.com/images/I/71Cq1m2rC3L._AC_SL1500_.jpg,Found
1028,3546,UNLOADING PIPE,https://blogger.googleusercontent.com/img/b/R29vZ2xl/AVvXsEiG6uTokZw-ZlQ1SKZ5BgXW2tWWee_dpIwkZL1iXlNrotS_qduEYom_ycwypYb42bcn-rtICJXIxERXRlvjwzeoHeB9o1XZ7BZ_sxvw3VhI6f2U88VdjOswUaTLKmOz8XYUIVzACG7OGrVSeB4jZHZxVCNPqNwpztikX6h7NnVmmF5U_wRqktp2tzzfBQ/s2335/Revlon+Lip+Glow+Oil+Review+(8).JPG,Found
1029,3546,UNLOADING PIPE,https://i.ytimg.com/vi/NEt6aCLwYHw/maxresdefault.jpg,Found
1030,3549,PACKING SET 2051 AIR,https://contentinfo.autozone.com/znetcs/additional-prod-images/en/US/bwp/042-2051/4/image/10/,Found
1031,3549,PACKING SET 2051 AIR,https://contentinfo.autozone.com/znetcs/additional-prod-images/en/US/bwp/042-2051/4/image/10/,Found
1032,3553,CONNECTING ROD 12*76  COMPRESSER,https://5.imimg.com/data5/SELLER/Default/2024/12/476213914/FQ/RF/PF/133091661/connecting-rods-of-air-compressor-1000x1000.png,Found
1033,3554,REGULATER CROSS VALVE AIR,https://www.researchgate.net/publication/267494009/figure/fig1/AS:295707723485198@1447513626374/SCHEMATIC-SKETCH-OF-REGULATOR-AND-ITS-SAFETY-VALVE.png,Found
1034,3557,CYLINDER HEAD,https://livedoor.blogimg.jp/chekidol/imgs/0/7/076bb4e7.jpg,Found
1035,3557,CYLINDER HEAD,https://www.cylinder-heads.com/wp-content/uploads/isxsohc_edited-1024x967.jpg,Found
1036,3560,REAR COVER AIR,https://www.yeslak.com/cdn/shop/files/Carbon-Fiber-Rear-Air-Vent-Cover-for-Tesla-Model-S-X.jpg?v=1689241616,Found
1037,3561,REGULATOR VALVE  AIR,https://m.media-amazon.com/images/I/51gErx87nIL._AC_SL1500_.jpg,Found
1038,3562,REGULATOR WITH WATER FILTER AIR COMPRESSOR,https://alexnld.com/wp-content/uploads/2016/04/29412b5a-8b98-d8d1-74f9-2ca3f27bf490.jpg,Found
1039,3563,CYLINDER HEAD 25L,http://www.car-brand-names.com/wp-content/uploads/2015/05/Mercedes-symbol.jpg,Found
1040,3572,AIR FILTER ELG AIR 3/4,https://dukaan.b-cdn.net/1000x1000/webp/media/2c224451-98d5-402e-afe1-e3edada4dd24.png,Found
1041,3573,GAUGE COMPRESSOR  AR2000,https://images.nexusapp.co/assets/eb/26/ff/716505941.jpeg,Found
1042,3574,PISTON 48MM 3574,https://mogcentral.com.au/wp-content/uploads/2022/06/IMG_0753-1-1.jpg,Found
1043,3575,WHEEL BOLT AIR,https://images.ca.khaos-cdn.net/111601139CL.jpg?h=783,Found
1044,3576,WHEEL,https://c8.alamy.com/comp/H2AD2N/bicycle-wheel-close-up-H2AD2N.jpg,Found
1045,358,OILCAN SMALL 1/4PINT,https://lookaside.instagram.com/seo/google_widget/crawler/?media_id=3518560891178610384,Found
1046,358,OILCAN SMALL 1/4PINT,https://i5.walmartimages.com/seo/Master-Elite-Small-1-4-Pint-Unlined-Empty-Metal-Paint-Can-Bucket-Lids-Pack-32-Triple-Tight-Lid-Seal-4-fl-oz-Steel-Coating-Storage-Container-Tin-Store_e84aa483-a28e-4f0f-b5f5-ee87fe29fae2.ff83f3ee8a3636276b61291522e93a6b.jpeg,Found
1047,358,OILCAN SMALL 1/4PINT,https://i5.walmartimages.com/seo/Master-Elite-Small-1-4-Pint-Unlined-Empty-Metal-Paint-Can-Bucket-Lids-Pack-32-Triple-Tight-Lid-Seal-4-fl-oz-Steel-Coating-Storage-Container-Tin-Store_e84aa483-a28e-4f0f-b5f5-ee87fe29fae2.ff83f3ee8a3636276b61291522e93a6b.jpeg,Found
1048,3582,RING SET 48MM AIR 3582,https://m.media-amazon.com/images/I/51PD5vpYqBL._AC_SY300_SX300_QL70_ML2_.jpg,Found
1049,3583,PACKING SET 2065 AIR,https://www.miscair.com/wp-content/uploads/2025/11/1762603785/sataminijet-packing-set.webp,Found
1050,3584,PACKING SET,https://blog.tmlirp.org/hubfs/6666-ranch-cowboys.jpg#keepProtocol,Found
1051,3588,REDUCER NIPPLE,https://i.pinimg.com/originals/77/70/32/777032ee11e950ff877dd44cfc25f69c.jpg,Found
1052,359,OILCAN 3/4,https://img2.cgtrader.com/items/2829363/d4f4175c4b/oilcan-3d-model-obj-fbx-c4d.jpg,Found
1053,359,OILCAN 3/4,https://img-new.cgtrader.com/items/2829363/831fca1d6d/oilcan-3d-model-obj-fbx-c4d.jpg,Found
1054,3594,SWITCH,,Not Found
1055,3594T,TONGUE  BLADE TYPE,https://www.researchgate.net/profile/Karoon-Agrawal/publication/7619225/figure/fig1/AS:394435155251214@1471052077310/A-line-diagram-of-the-lingual-surface-of-the-modified-tongue-blade.png,Found
1056,3602,L BOW,https://lbow.com/cdn/shop/products/lbow-infant-mitts-carly-jo-monster-green_1024x.gif?v=1632331388,Found
1057,36025,36025 ARIY ABRIZ BROWN FAN,https://tansoindia.com/cdn/shop/files/LUSTREBROWN_757b9b66-10c7-4ec4-b477-fe0fd58362fc.png?v=1700722395&width=1946,Found
1058,3603,PNEUMATIC BUSH,http://image.made-in-china.com/2f0j00WCbQTkagsJri/Single-Seat-bush-type-Pneumatic-Diaphragm-Control-Valve-Pneumatic-Pressure-Control-Valve.jpg,Found
1059,3605,NRV PIPE,https://voyeurpapa.com/wp-content/uploads/2024/06/Les-Indes-Galantes-1.mp4-1024x582.jpg,Found
1060,3607,SWITCH,https://c8.alamy.com/comp/2R585D5/nintendo-switch-game-console-2R585D5.jpg,Found
1061,3607TN,TONGUE 550W/750W,https://http2.mlstatic.com/D_NQ_NP_815382-MLB51116965431_082022-O.webp,Found
1062,361.,RAINBOW 12' CUTTING WHEEL,https://www.liontoolsmart.com/cdn/shop/products/Rainbow-4-inch-wall-cutting-wheel.jpg?v=1573974220,Found
1063,361/1,"MC BLADE 12"" RAIN BOW RED","https://kumospace.mo.cloudinary.net/https://content.kumospace.com/hubfs/Finding+the+Best+Free+Video+Call+App+in+2023/whatsapp-video-calling.webp?tx=c_scale,w_1965,h_1032",Found
1064,3612,AIR FILTER 1/4 OIL FREE,https://down-my.img.susercontent.com/file/c7f19fa0b4b30e82b91d5a60ca0bd6b4,Found
1065,3618,WHITE FAN,,Not Found
1066,362,13MM CHUCK KEY,https://www.topmaq.co.nz/content/products/13mm-drill-chuck-key-poac7060-poac7060c.jpg?width=516,Found
1067,362,13MM CHUCK KEY,,Not Found
1068,362/10,YURI CHUCK KEY 3/8,https://media.diy.com/is/image/KingfisherDigital/10mm-drill-chuck-key-3-8-x-24-unf-thread-cordless-power-tool-key~5056524272978_01c_MP?$MOB_PREV$&$width=1200&$height=1200,Found
1069,3621,TONGUE OIL FREE 11*31,https://down-ph.img.susercontent.com/file/th-11134207-7ra0t-md2muymb3bwgb0,Found
1070,3628,OIL CAP PUSH TYPE 18MM,https://gtair.co.uk/1514-large_default/oil-vent-cap-plastic-push-fit-type.jpg,Found
1071,3629.,AUTOCUT SWITCH COVER FOR COMPRESSOR,http://hindustantools.in/wp-content/uploads/2022/06/ACS.jpg,Found
1072,363,6MM DRILL CHULK KEY,,Not Found
1073,363,6MM DRILL CHULK KEY,https://universaltrading.lk/wp-content/uploads/2025/02/6MM-CHUCK-2.jpg,Found
1074,363/10,DRILL CHUCK KEY 10MM,https://img.drz.lazcdn.com/collect/my/p/3/2pcs-drill-chuck-keys-10mm-3-8-and-13mm-1-2-black-replacement-chuck-key-tool-4017-8312398-0df9d8d5d7ba6364632df0ce3c128764.jpg_720x720q80.jpg,Found
1075,363/10,DRILL CHUCK KEY 10MM,https://img.drz.lazcdn.com/collect/my/p/3/2pcs-drill-chuck-keys-10mm-3-8-and-13mm-1-2-black-replacement-chuck-key-tool-4017-8312398-0df9d8d5d7ba6364632df0ce3c128764.jpg_720x720q80.jpg,Found
1076,36314,CROMPTON WALL FAN,https://img-prd-pim.poorvika.com/product/crompton-high-speed-torpedo-400-mm-wall-fan-black-red-front-side-view.png,Found
1077,3632,WHITE FAN,https://m.media-amazon.com/images/I/615bQD-Dx7L._AC_SL1500_.jpg,Found
1078,364,EMTEX 9096 ROUTER BIT,https://5.imimg.com/data5/ANDROID/Default/2025/6/518801806/SB/GE/WX/98167859/product-jpeg-500x500.jpg,Found
1079,3641,FEMALE PLUG -PF20 3641,https://thumbs.dreamstime.com/z/informational-road-signs-bangladesh-collection-62766897.jpg,Found
1080,3641,FEMALE PLUG -PF20 3641,https://m.media-amazon.com/images/I/81fBxlngMwL.jpg,Found
1081,3643,QRC FEMALE PLUG 3643,,Not Found
1082,3646,HOSE JOINT TEE 08MM MS,https://image.made-in-china.com/202f0j00RGNqemsIfVog/8-11mm-Lock-Nut-Hose-Tee-Joint-Agriculture-Irrigation-Hose-Connector-Greenhouse-Water-Adapter-Drip-Irrigation-Fitting.webp,Found
1083,3649,QRC HOSE PLUG 6MM  3649,,Not Found
1084,3651,HOSE JOINT 08MM MS,https://www.rubber-pvc-hose.com/wp-content/uploads/2022/08/metal-hose-joint-2-768x576.jpg,Found
1085,3651,HOSE JOINT 08MM MS,https://www.rubber-pvc-hose.com/wp-content/uploads/2022/08/metal-hose-joint-2-768x576.jpg,Found
1086,3659,CYLINDER HEAD 50L,https://pixnio.com/free-images/2017/09/26/2017-09-26-10-05-52.jpg,Found
1087,3672,QRC PLUG 8MM 3672,https://perfectqrc.com/wp-content/uploads/2025/06/Plug-for-PU-Tube-QRC-scaled.jpg,Found
1088,3672,QRC PLUG 8MM 3672,https://perfectqrc.com/wp-content/uploads/2025/06/Plug-for-PU-Tube-QRC-scaled.jpg,Found
1089,3673,AIR FILTER SILVER 3/4,https://pisces.bbystatic.com/image2/BestBuy_US/images/products/c34d5bbf-a9c4-4846-be38-3fc928b79025.jpg;maxHeight=1920;maxWidth=900?format=webp,Found
1090,3678,CIRCLIP 13MM,https://files.ekmcdn.com/afsonline/images/13mm-internal-circlip-din-472-spring-steel-(3)-12853-p.jpg?v=24BA5A35-2466-41F3-B4D7-E442884F3585,Found
1091,3681,ADAPTER (HOSE PLUG 8MM ),,Not Found
1092,3681,ADAPTER (HOSE PLUG 8MM ),https://lzd-img-global.slatic.net/g/p/488f577931e2bbc7b6d5ea063e2c2c72.jpg_720x720q80.jpg,Found
1093,3682.,ADAPTER (8MM PLUG ),,Not Found
1094,3683,ADAPTER,https://m.media-amazon.com/images/I/61pXb6lZVzL._AC_SL1500_.jpg,Found
1095,3684,QRC 1/4 INCH THREAD 3684,https://5.imimg.com/data5/SELLER/Default/2022/12/XG/DC/TC/44659084/qrc-1000x1000.jpg,Found
1096,3685,ADAPTER,https://m.media-amazon.com/images/I/61pXb6lZVzL._AC_SL1500_.jpg,Found
1097,3686,QRC PLUG 6MM,https://cdn.pimber.ly/public/asset/raw/5ee8a13150af727432f87049/66742e09/6103df75ec8379001a0439d1/IFT-M323-22794W-large1425.png,Found
1098,3686,QRC PLUG 6MM,,Not Found
1099,3686,QRC PLUG 6MM,https://cdn.pimber.ly/public/asset/raw/5ee8a13150af727432f87049/66742e09/6103df75ec8379001a0439d1/IFT-M323-22794W-large1425.png,Found
1100,3687.,QRC MALE PLUG PM-20 NIRWAN 3687,https://5.imimg.com/data5/SELLER/Default/2023/3/295413136/ZV/UL/NO/18482364/20-pma-male-plug-1-4-qrc-500x500.png,Found
1101,3687/20,ADPATER (MALE PLUG PM-20),http://store.elegrp.com/cdn/shop/files/Twist-Lock-Adapter-Male-Plug-Connector-L5-20P-L5-20R.jpg?v=1697162245,Found
1102,3688,QRC HOSE PLUG 8MM,https://perfectqrc.com/wp-content/uploads/2025/06/Plug-for-PU-Tube-QRC-scaled.jpg,Found
1103,3688,QRC HOSE PLUG 8MM,https://perfectqrc.com/wp-content/uploads/2025/06/Plug-for-PU-Tube-QRC-scaled.jpg,Found
1104,3690,CONNECTIN ROD 12*67 COMPRESSOR,https://i5.walmartimages.com/seo/1Pc-Air-Compressor-Connecting-Rod-Silver-Tone-Aluminum-Alloy-For-Air-compressor-12-67-23mm_2cca84dc-200c-4a5d-86da-686bb682bf9b.5d73ad3ec5cc587ca92e0dd895024103.jpeg,Found
1105,3692,NIPPLE AND NUT,https://m.media-amazon.com/images/I/81Devpb6ZhL._AC_SL1500_.jpg,Found
1106,3693,WING OUT NIPPLE,https://fs.tour.ne.jp/files/review/ogp/list/1/3/ogp_6533.jpg,Found
1107,3693,WING OUT NIPPLE,https://zawadibabyshop.co.ke/wp-content/uploads/2024/07/Wing-shape-Nipple-Shield.jpg,Found
1108,3694.,HOSE NIPPLE 12*10MM,https://jawad-alsaffar.com/shop/12043-large_default/brass-hose-nipple-fm-12-10-mm.jpg,Found
1109,3695.,"3/4"" HOSE CONNECTER",,Not Found
1110,3696.,HOSE NIPPLE 1/4*8MM,https://res.cloudinary.com/rsc/image/upload/w_1024/F4993732-01,Found
1111,3697,CONNECTOR,https://m.media-amazon.com/images/I/61yAWZI2n6L._SL1000_.jpg,Found
1112,3698.,VALVE 3698,https://3.bp.blogspot.com/-LtzWPV9ZyEs/Vzap-sRkEfI/AAAAAAAAAOw/UtXMgktEfnwOSGkWBBN7nC0v42DgfK--wCK4B/s1600/Pentencostes.bmp,Found
1113,3698.,VALVE 3698,https://stockimages.j316gallery.com/J316+stock+library/3000-3999/3698/3698-1.jpg,Found
1114,37002,CROMTON FAN BROWN 37002,https://www.crompton.co.in/cdn/shop/files/HSHighspeed_Brown__1angle_1.png?v=1701933850&width=940,Found
1115,37039,37039 HIGH SPEED FAN 900MM CROMTON,https://ii1.pepperfry.com/media/catalog/product/c/r/1600x1760/crompton-greaves-high-speed-3-blade-900mm-brown-ceiling-fan-crompton-greaves-high-speed-3-blade-900m-frik4j.jpg,Found
1116,3704,SAFTY VALVE,https://wogscontrol.com/wp-content/uploads/media_uploads/Safety-Pressure-Relief-Valve-Brass-1400x1400.png,Found
1117,3708,RING SET 51MM 3708,https://www.promo-jetski.com/124427-thickbox_default/ring-set-piston.jpg,Found
1118,3712,PISTON 51MM,https://i.ebayimg.com/images/g/mNYAAeSwsGFpXGj3/s-l960.jpg,Found
1119,3721,"AIR DISCHARGE HOSE D-22/1/2""","https://i0.wp.com/chineseflex.com/wp-content/uploads/2023/08/2-discharge-hose-yongtu.jpg?fit=1024,1024&ssl=1",Found
1120,3722,"AIR DISCHARGE HOSE D-24*1/2""",https://puui.qpic.cn/vpic_cover/p3530iosfdf/p3530iosfdf_1701420498_hz.jpg/496,Found
1121,3726,AIR FILTER  ELG AIR 3/8,https://5.imimg.com/data5/SELLER/Default/2023/9/341656233/GU/RQ/PN/17921428/elgi-screw-compressor-filters-1000x1000.jpg,Found
1122,3728,PACKING SET 42MM *3501,https://4.imimg.com/data4/TG/VB/MY-3079814/packing-set-500x500.jpg,Found
1123,3734.,HOSE CLIP BUTTER FLY 1 INCH,https://www.rockclamp.com/Uploads/products/2025-06-10/en-butterfly-hose-clamp-3.jpg,Found
1124,3734.,HOSE CLIP BUTTER FLY 1 INCH,https://www.rockclamp.com/Uploads/products/2025-06-10/en-butterfly-hose-clamp-3.jpg,Found
1125,3735.,HOSE CLAMP BUTTER FLY 1 INCH,https://5.imimg.com/data5/SELLER/Default/2025/1/479098970/RK/YH/WG/192419943/stainless-steel-butterfly-pipe-500x500.jpg,Found
1126,3737.,FAN BLOWER,https://m.media-amazon.com/images/I/719SZRQCRVL.jpg,Found
1127,373779,WHEEL NUT M14,https://www.ti64.com/v/vspfiles/photos/497-2.jpg,Found
1128,374074,PISTON 374074,https://cdn1.npcdn.net/images/077ba9e4780b0410c780b56342d8827e_1769763034.webp?md5id=863ae4a798069192865306197bff9428&new_width=1000&new_height=1000&size=max&w=-62170008925&from=jpeg&type=9,Found
1129,374093,AIR GUIDER 374093,https://fordanddoonansouthwest.com.au/wp-content/uploads/2020/02/air-guider.png,Found
1130,374854,PLASTIC KNOB BUTTON BLOCK,https://5.imimg.com/data5/SELLER/Default/2023/4/304443543/EH/EL/EB/104659287/plastic-knobs-1000x1000.png,Found
1131,374855,PLASTIC KNOWB BUTTON,https://i5.walmartimages.com/seo/SWETRACE-3Pcs-Switch-Knob-Button-Round-Shape-Plastic-Material-For-Interior-Enhancement_71ac86ee-b6bb-4760-ad58-e50dd28de601.3bfc4009149a7970e6a137928cfa6f51.jpeg,Found
1132,374867,ORING FOR ANVIL DH22PBS,https://img.drz.lazcdn.com/static/np/p/567638a020072388041d509eab085d55.png_720x720q80.png,Found
1133,374875,STRICKER ORING,http://tippmannparts.com/cdn/shop/files/striker-oring-kingman-part-19ar13328-926758.jpg?v=1740685825,Found
1134,374876,CYLINDER -DH22PBS,https://www.math-only-math.com/images/parts-of-a-cylinder.jpg,Found
1135,374883,HAMMER MODE PLATE -DH22PBS,https://www.researchgate.net/publication/241541148/figure/fig20/AS:327512816144413@1455096548820/Comparison-of-the-first-and-fourth-mode-shapes-from-hammer-and-OMA-Plate-test.png,Found
1136,374897,MIDDLE COVER,https://www.dvdsreleasedates.com/covers/the-middle-the-complete-second-season-dvd-cover-60.jpg,Found
1137,374908,CARBON BRUSH  DH22PBS374908,https://jinsuncarbon.com/wp-content/uploads/2025/02/carbon-brush-types.jpg,Found
1138,374911,SWITCH -DH22PBS,https://c8.alamy.com/comp/2R585D5/nintendo-switch-game-console-2R585D5.jpg,Found
1139,375753,BRUSH CAP M6ST PDA100M 375753,https://down-my.img.susercontent.com/file/ba6c765dfe0c9d7ccf0ac4f99b928004,Found
1140,375770,ADJUSTMENT KNOB M6ST 375770,https://contents.mediadecathlon.com/p2746985/k$dc709126c157a63ba24f0274a116bbde/adjustment-knob-eb-520b.jpg?format=auto&quality=40&f=800x800,Found
1141,3761.,VALVE PLATE ASSY SMALL,https://image.made-in-china.com/2f0j00qlaoVFSdrHkp/Valve-Plate-Assy-Bz-4tcs-60mm-Pn-304063-04-with-Four-Holes.jpg,Found
1142,3770,PISTON 42MM,https://vedson.in/storefiles/productfiles/BMP-S1711156/Cylinder-Piston-Kit-746/Cylinder-Piston-Kit-746.jpg,Found
1143,3775.,AIR FILTER MS 1/2,,Not Found
1144,3780.,GATE VALVE 1/4*8M,https://www.stainless-steelballvalve.com/photo/pl16551448-1_4_to_4_stainless_steel_gate_valve_cf8m_npt_thread_pn16_astm_standard.jpg,Found
1145,3785.,ELBOW AIR 3/8 +3/8 BRASS 3785,,Not Found
1146,378511,CARBON BRUSH FOR 11E HMH60A 378511,,Not Found
1147,3789.,HOSE NIPPLE 1/2 INCH 10MM,https://mymodernmet.com/wp/wp-content/uploads/2021/05/paulus-architect-blue-ballpoint-pen-drawings-18.jpg,Found
1148,3794.,HOSE NIPPLE 1/2*10MM,https://jawad-alsaffar.com/shop/41706-large_default/brass-hose-nipple-m-12-10-mm.jpg,Found
1149,3795.,HOSE NIPPLE 3/8*10MM,https://images.tokopedia.net/img/cache/500-square/product-1/2020/2/29/2600922/2600922_36cc6233-e2e2-4352-bf43-16d81674714a_1512_1512.jpg,Found
1150,3796,GATE VALVE 1/4*10M,https://image.made-in-china.com/2f0j00pEifzBuZgocO/4-1-16-10000psi-FC-Gate-Valve.webp,Found
1151,38*6FT,SS SCREW OMNI 38*6 FT,https://5.imimg.com/data5/SELLER/Default/2025/7/527753252/MB/KJ/NN/2404782/ss-screw-omini-1000x1000.jpeg,Found
1152,38.,CONCRETE41/2 BULLET BLACK 108MM,https://tanbonoikimono.web.fc2.com/img/inemizuzomushi03.jpg,Found
1153,38.,CONCRETE41/2 BULLET BLACK 108MM,https://res.cloudinary.com/dk0ndttcl/image/upload/v1/stw/pjyvh6abo9knxir6744x,Found
1154,38.,CONCRETE41/2 BULLET BLACK 108MM,https://5.imimg.com/data5/ANDROID/Default/2022/2/DX/MA/PT/127820594/product-jpeg-1000x1000.jpg,Found
1155,38.,CONCRETE41/2 BULLET BLACK 108MM,,Not Found
1156,38.,CONCRETE41/2 BULLET BLACK 108MM,https://5.imimg.com/data5/ANDROID/Default/2022/2/DX/MA/PT/127820594/product-jpeg-1000x1000.jpg,Found
1157,38050,TOLSEN ADJ.WIRE STRIPPER,http://tolsen.com.ph/cdn/shop/products/38050.jpg?v=1695364370,Found
1158,38054,TOLSEN CRIMPING PLIER RATCHET,https://oto365.net/uploads/news/2023/12/22/9923/3934cb1ca87367d8a004fb9907d38b8eb.jpg,Found
1159,380826,DRILL BIT SET 1 TO 13MM A,,Not Found
1160,38114,TOLSEN  VOLTAGE TESTER SMALL 38114,https://faebertools.com/wp-content/uploads/2024/01/TLSN-38114-1.jpg,Found
1161,38115,TOLSEN VOLTAGE TESTER BIG  38115,https://img.drz.lazcdn.com/static/bd/p/b98deaf399c21f41f5400d9f43f62aec.jpg_720x720q80.jpg,Found
1162,3835.,GATE VALVE  1/4 INCH NEW,https://cdn11.bigcommerce.com/s-2ntrfk2o/images/stencil/1280x1280/products/1765/56757/HGV050_45__03234.1682972732.jpg?c=2,Found
1163,3840.,NIPPLE GA CONNECTER 38401/2*1/2,https://pds.exblog.jp/pds/1/201604/02/25/d0099825_15413156.jpg,Found
1164,3848,NIPPLE AND NUT 10MM BRASS 3848,https://5.imimg.com/data5/SELLER/Default/2026/2/580524771/NN/QR/PB/3803988/10mm-npl-cpl-500x500.png,Found
1165,3849,NIPPLE AND NUT 1/2 10MM BRASS,https://cdn.3d4medical.com/complete_anatomy-userdata/video-sticky/b1/dcfcb86d30.webp?w=1200&q=75,Found
1166,3850,NIPPLE AND NUT 8MM BRASS,,Not Found
1167,3851,NIPPLE &NUT-3/8 8MM BRASS,https://www.eyretrading.com.au/wp-content/uploads/2023/02/NIP0606-600x391.png,Found
1168,3858.,NRV VALVE 10-18-20MM  NIRWAN,https://www.divapor.com/spares/images/OV20/20mm-Non-Return-Valve-NRV-Check-Valve-OV20.jpg,Found
1169,3870.,NIPPLE 1/4*3/8 BRASS 3870,https://cdn.3d4medical.com/complete_anatomy-userdata/video-sticky/b1/dcfcb86d30.webp?w=1200&q=75,Found
1170,3871.,REDUCER BUSH 1/4*1/8 INCH BRASS,https://championfasteners.com.au/wp-content/uploads/2021/02/HC43.jpg,Found
1171,3872.,REDUCER BUSH 3/8 TO 1/4 BRASS,https://backendprocessv1.fepy.com/media/catalog/product/2/9/2945-brass_reducer_bush_1_x_12_1__8.png,Found
1172,3873.,REDUCER BUSH 1/2 TO 1/8 BRASS,https://www.rgbltd.co.uk/media/catalog/product/cache/0b564274458662f677fcfc1e0b0e80f6/e/m/embr1101.jpg,Found
1173,3874.,REDUCER BUSH 1/2 *1/4 INCH BRASS,https://www.ontariobeerkegs.com/assets/images/brass-bushing-1-2-x-1-4-2.jpg,Found
1174,3875.,REDUCER BUSH 1/2*3/8 INCH BRASS,https://www.ontariobeerkegs.com/assets/images/brass-reducer-3-8-2.jpg,Found
1175,3876.,REDUCER BUSH 3/4*1/4 BRASS,,Not Found
1176,3877.,REDUCER BUSH 3/4 TO 3/8 BRASS,https://m.media-amazon.com/images/I/71pQGvNcZiL._AC_SL1500_.jpg,Found
1177,3878.,REDUCER BUSH 3/4 INCH TO 1/2 BRASS,https://m.media-amazon.com/images/I/61vbvgepc9L._SL1050_.jpg,Found
1178,3880.,HOSE NIPPLE 1/4 INCH *10MM,https://res.cloudinary.com/rsc/image/upload/w_1024/F4993732-01,Found
1179,3881.,HOSE NIPPLE 3/8 INCH  8MM,https://hpcontrol.eu/media/catalog/product/cache/3/thumbnail/1200x1200/9df78eab33525d08d6e5fb8d27136e95/r/p/rpcs_1_1_6.jpg,Found
1180,3882.,HOSE NIPPLE 1/4 INCH 10MM,https://res.cloudinary.com/rsc/image/upload/w_1024/F4993732-01,Found
1181,3883.,HOSE NIPPLE 3/8*8MM,https://vanmeenen.simpla.be/uploads/companies/1333/products/638460165235657135_SP_slangnippel_3_8_gasslang_8mm-sm.jpg,Found
1182,3884.,HOSE NIPPLE 3/8*10MM,https://images.tokopedia.net/img/cache/500-square/product-1/2020/2/29/2600922/2600922_36cc6233-e2e2-4352-bf43-16d81674714a_1512_1512.jpg,Found
1183,3885.,STRAIGHT JOINT 5/16 BRASS -8,https://5.imimg.com/data5/SELLER/Default/2023/7/328090285/DA/WG/PH/7399535/straight-joint-6-8-1000x1000.jpeg,Found
1184,3886.,STRAIGHT JOINT 3/16 BRASS,https://5.imimg.com/data5/SELLER/Default/2025/9/549479814/NU/XY/VW/183709464/3-16-inch-elephant-straight-joint-nipple-500x500.jpg,Found
1185,3887.,STRAIGHT JOINT 3/8 INCH BRASS,,Not Found
1186,3888.,STRAIGHT JOINT 1/4 BRASS,https://res.cloudinary.com/rsc/image/upload/w_1024/F5067216-01,Found
1187,3889.,STRAIGHT JOINT 1/2 INCH BRASS,https://alexnld.com/wp-content/uploads/2018/09/717be4a7-7605-49f2-a263-de990f37d8f9.jpg,Found
1188,388L,DIE GRIDER IDEL 388L,,Not Found
1189,389.,SILICON SEALANT GREY,,Not Found
1190,3890.,T JOINT 1/4 INCH BRASS,https://5.imimg.com/data5/WS/YR/ZS/SELLER-12121805/brass-t-hose-pipe-joint-1000x1000.jpg,Found
1191,3891.,T JOINT 3/16 BRASS,https://5.imimg.com/data5/MC/OX/BN/SELLER-7804408/brass-t-joint-500x500-125x125.jpg,Found
1192,3892.,T JOINT 5/16 INCH BRASS,https://cdn11.bigcommerce.com/s-ynu3weex1g/images/stencil/1280x1280/products/8092/10115/HC10__00860.1704256924.jpg?c=2,Found
1193,3893.,T JOINT 3/8 INCH BRASS,https://somuberry.me/newimg/posters/poster-3.jpg,Found
1194,3894.,CROSS JOINT 1/4 INCH BRASS,https://implemental.in/wp-content/uploads/2022/11/Brass-4-Way-Cross-Joint-2-1-1024x1024.jpg,Found
1195,3895.,CROSS JOINT 5/16 INCH BRASS,https://implemental.in/wp-content/uploads/2022/11/Brass-4-Way-Cross-Joint-2-1-1024x1024.jpg,Found
1196,3896.,CROSS JOINT 3/8 INCH  BRASS,https://cdn.shoplightspeed.com/shops/647540/files/33360945/800x1024x2/parker-brass-3-8-cross.jpg,Found
1197,3897.,NIPPLE 3/8*1/2 BRASS,https://cdn.3d4medical.com/complete_anatomy-userdata/video-sticky/b1/dcfcb86d30.webp?w=1200&q=75,Found
1198,3898.,NIPPLE BRASS GA CONNECTER 38981/4*1/2,https://m.media-amazon.com/images/I/71g26VfAeIL._AC_SL1500_.jpg,Found
1199,39.,CONCRETE CUTTER 5 INCH  BULLET BLACK,,Not Found
1200,39/1,CONCRETE CUTTER 5 INCH  BULLET BLACK,https://5.imimg.com/data5/SELLER/Default/2023/7/326302129/WI/PK/NE/9741099/125mm-golden-bullet-concrete-cutter-1000x1000.jpg,Found
1201,3905.,VACCUM CLEANER DUST BAG 28*25 CM,https://m.media-amazon.com/images/I/81XwpeGYeXL._AC_.jpg,Found
1202,3906.,V CLEANER DUST BAG 30*25CM,https://m.media-amazon.com/images/I/81XwpeGYeXL._AC_.jpg,Found
1203,3907.,VACCUM CLEANER DUST BAG,https://thumbs.dreamstime.com/z/vacuum-cleaner-dust-bag-yellow-vacuum-cleaner-dust-bag-home-room-blue-carpet-124073996.jpg,Found
1204,3923.,vaccum cleaner nozzle 44 mm,https://ae01.alicdn.com/kf/Sb4f827ba93f34096ab034e43ff2904457/1pcs-Universal-44mm-Vacuum-Cleaner-Nozzle-Flat-Seam-Nozzle-Head-Suction-Home-Sweeper-Carpet-Bed-Sofa.jpeg,Found
1205,3924.,VACCUM CLEANER NOZZLE 35 MM,,Not Found
1206,3924.,VACCUM CLEANER NOZZLE 35 MM,,Not Found
1207,3925.,VACCUM CLEANER BRUSH HEAD 44MM,"https://m.media-amazon.com/images/I/71q+6b2IVGL._AC_UF894,1000_QL80_.jpg",Found
1208,3926.,VACCUM CLEANER BRUSH HEAD 35 MM,https://i.ebayimg.com/images/g/V9YAAOSwEmBkZvLX/s-l1600.jpg,Found
1209,3935.,VACCUM CLEANER WATER BRUSH,https://canary.contestimg.wish.com/api/webimage/5feae79be02695787a587ca1-large.jpg?cache_buster=bcea40bc686ed2ee7c09173a8fa99487,Found
1210,3936.,VACCUM CLEANER AIR FILTER 120*115*70,https://m.media-amazon.com/images/I/81kQlYwtSfL._AC_.jpg,Found
1211,399044,CARBON BRUSH-44,https://wallup.net/wp-content/uploads/2019/09/952492-forest-trees-nature-landscape-tree.jpg,Found
1212,3BRS,BIG ROUND SHOVEL,https://i.pinimg.com/originals/e6/66/2c/e6662c55f5c7b95f2e62e581f91eb554.jpg,Found
1213,3FV,FOOT VALVE PVC 3 INCH,https://m.media-amazon.com/images/I/41XrwYi1sAL.jpg,Found
1214,3HL,HOSE CLIP,https://www.homemart.com.cy/wp-content/uploads/2022/02/0XSS-Jubilee-Clip-304-Stainless-Steel-819x1024-1.png,Found
1215,3JAW,GREASE GUN ADAPTER MEDIUM,https://i5.walmartimages.com/seo/Grease-Nozzle-Adapter-Grease-Gun-Accessory-90-Degree-Grease-Coupler-Adapter_279365a4-912f-45b1-8b1a-4ec6c4b9dc66.d1fb2ac9b5450869aecbd2e18df0ba92.jpeg,Found
1216,3LB,SLEDGE HAMMER 3LB (W.H.H.F),https://i5.walmartimages.com/seo/YIYITOOLS-3lb-Brass-Sledge-Hammer-with-Octagonal-Head-Non-Sparking-Non-Magnetic-Corrosion-Resistant-Fiberglass-Handle-with-Comfort-Grip_37616009-f327-492e-b715-167944050ad7.22b25a564b9938294f800e9b478d9cd3.jpeg,Found
1217,3LB,SLEDGE HAMMER 3LB (W.H.H.F),,Not Found
1218,3LB/1..,SLEDGE HAMMER  3LB,https://www.landscapedepot.ie/wp-content/uploads/2024/08/Truper-3lb-sledge-hammer.jpg,Found
1219,3LCH,ALCO CHAIR LADDER 3STEP,https://m.media-amazon.com/images/I/714q8Pnk-xL._SL1500_.jpg,Found
1220,3LSS,A TYPE LADDER 3STEP,https://cdn.swadeshonline.com/v2/patient-paper-41f385/swad-p/wrkr/company/17/applications/65f437fae78851028707daee/application/pictures/free-logo/original/W_dKekhjD-Urban-Ladder.png,Found
1221,3MK,3MULLU KAIMANTHI (WEEDING FORK ),https://csagrolk.com/wp-content/uploads/2024/05/Mulluwa.webp,Found
1222,3PINTG,20083 CUB 16A 3 PIN TOP,,Not Found
1223,3PL16,16AMP SOCKET,https://5.imimg.com/data5/SELLER/Default/2023/3/FO/TB/CP/144088131/16-amp-electric-socket-1000x1000.jpg,Found
1224,3PL16,16AMP SOCKET,,Not Found
1225,3PL16,16AMP SOCKET,https://cherryblossom-books.com/wp-content/uploads/2021/08/bookish.jpg,Found
1226,3RD,"MS SHEET CUTTING (DUMMY PLATE 3"")",https://5.imimg.com/data5/SELLER/Default/2023/8/339569439/JV/CZ/IB/40622905/dummy-plate-png-1000x1000.jpeg,Found
1227,3RMSB,E-RAINBOW-CUP BLADE 3INCH  SEG,https://d91ztqmtx7u1k.cloudfront.net/ClientContent/Images/Catalogue/rainbow-genuine-3inch-cup-segm-20250530102543767.png,Found
1228,3WP,3WLumenexLedPrimeLedBulb/ColorWhite,https://m.media-amazon.com/images/I/71doYFJFQKL._AC_SL1500_.jpg,Found
1229,3X2A,3X2A V PULLY,https://down-ph.img.susercontent.com/file/acecc9b9815c62cf7966619acd9f2415,Found
1230,3X2B,V PULLY,https://i.ebayimg.com/images/g/j7EAAOSwGMhkNPXU/s-l1200.jpg,Found
1231,4+4/5M,POWER CABLE,https://shibalism.com/wp-content/uploads/2024/12/902.jpg,Found
1232,40.,CONCRETE BLADE SEGMENT 4 INCH GREEN,https://5.imimg.com/data5/SELLER/Default/2024/1/381952539/PX/VP/JX/52008876/4-inch-green-concrete-cutting-wheel-1000x1000.jpeg,Found
1233,4000219,TROLLY WHEEL 63*46 F.HOLDER VIRGIN NYLON WHEEL WITHOUT DUST COVER,,Not Found
1234,4000219,TROLLY WHEEL 63*46 F.HOLDER VIRGIN NYLON WHEEL WITHOUT DUST COVER,https://iglele.com/wp-content/uploads/2024/07/Full-Set-Nylon-Wheel-2.png,Found
1235,4001.,ORING3*2MM,"https://static.wixstatic.com/media/e8551e_d7f31b6e32244f809c07e537cb6ff185~mv2.png/v1/fit/w_500,h_500,q_90/file.png",Found
1236,4001443,TROLLY WHEEL 4IN. 63*46 F.HOLDER BLACK WHEEL WITHOUT DUST COVER,https://kbanltd.com/storage/products/0202-63-4-in-fixed-trolley-wheel-0.jpg,Found
1237,40016,TOLSEN WALL SCAPPER 4 INCH,https://bhtpaint.co.za/cdn/shop/files/image_62905ab0-9bd9-4209-a47b-cdcd2298b8a3.jpg?v=1730801210&width=1445,Found
1238,40016,TOLSEN WALL SCAPPER 4 INCH,https://bhtpaint.co.za/cdn/shop/files/image_62905ab0-9bd9-4209-a47b-cdcd2298b8a3.jpg?v=1730801210&width=1445,Found
1239,4002,ORING4*2MM,https://down-id.img.susercontent.com/file/id-11134207-7rasm-m4o1t60jn2pae2,Found
1240,4003.,ORING5*2MM,"https://static.wixstatic.com/media/e8551e_d7f31b6e32244f809c07e537cb6ff185~mv2.png/v1/fit/w_500,h_500,q_90/file.png",Found
1241,4004.,ORING6*2MM,https://m.media-amazon.com/images/I/51jRjoh6QxL._SL1100_.jpg,Found
1242,4005.,ORING7*2MM,https://www.rooader.pl/files/fotob/product-23013.jpg,Found
1243,4005917,TROLLY WHEEL 4IN. 63*46 PLATE ON TOP WITHOUT DUST COVER,https://img.weyesimg.com/collection/dfed688aabc02bd73f4f1f365b2d26f5/6f332445fb26f05017edf2dea39dbc60.jpg?imageView2/2/w/1920/q/75/format/webp,Found
1244,4006.,ORING8*2MM,,Not Found
1245,4006.,ORING8*2MM,https://otagal.jp/wp/wp-content/uploads/2025/12/mv_slide01-1.jpg,Found
1246,4007.,ORING10*2MM,https://roboticsdna.in/wp-content/uploads/2024/10/O-ring-12x2-NBR-Silicon-red-01.jpg,Found
1247,4007.,ORING10*2MM,https://roboticsdna.in/wp-content/uploads/2024/10/O-ring-12x2-NBR-Silicon-red-01.jpg,Found
1248,4008.,ORING10*2.5MM,https://beedspeed.com/cdn/shop/products/DSCF9053_18f65fdb-0fa7-4161-a1e7-383b1ebc69fc_1800x.JPG?v=1562782166,Found
1249,4009.,ORING11*2.5MM,,Not Found
1250,4010.,ORING 4010,,Not Found
1251,401006,SDS HAMMER DRILL BIT 6*110,https://paulimot-sw6.b-cdn.net/media/f2/28/8c/1679483991/000001133701paulimot_4932307068_Milwaukee_Hammerbohrer_M2_SDS_Plus__6_x_110_mm_1_2.jpg?ts=1679483992,Found
1252,401007,SDS HAMMER DRIL BIT HIKOKI 401007,,Not Found
1253,401030,BULL POINT HEX.280MM 401030,https://down-my.img.susercontent.com/file/9ae8248d4fe81429e5ba7069a02c2b5b,Found
1254,401031,BULL POINT  HEX 450MM H41SST,https://cf.shopee.com.my/file/4719655225ca454078affe1fa66961f5,Found
1255,401037,COLD CHISEL HEXX280MM H41SST,https://m.media-amazon.com/images/I/51A5Ll4oyVL._AC_SL1500_.jpg,Found
1256,401037,COLD CHISEL HEXX280MM H41SST,https://m.media-amazon.com/images/I/51A5Ll4oyVL._AC_SL1500_.jpg,Found
1257,401039,COLD CHISEL HEX 450MM H41SST,"https://res.cloudinary.com/internachi/image/fetch/f_auto,q_auto:best/https://s3.amazonaws.com/uploads-east-1.nachi.org/gallery-images/general/internachi-commercial-kitchen-ventilation-system.png",Found
1258,4011.,ORING12*2.5MM,,Not Found
1259,4011286,TROLLT WHEEL 4 IN. 63*46 BREAK BLACK NYLON INSERT WITH GREY,https://www.ustarwheel.in/uploads/ustarwheel/product/images/original/U125L-HeavyDuty100mmNylonCasterWheelSwivelWithBreak(packOf1SetOf4Piece)-4_1760115690.png,Found
1260,4012.,ORING14*2.5MM,https://cdn11.bigcommerce.com/s-b5trsar/images/stencil/1280x1280/products/20210/72222/fkm-90-o-ring-14-x-2.5mm-minimum-5-pcs__71699.1690956373.jpg?c=2,Found
1261,4013.,ORING,https://a.allegroimg.com/original/116b8a/1a3b09bd4574af1fcbdeaabe3d88/Oring-12x2-NBR70-gumowy-olejoodporny-10-szt,Found
1262,401346,BULL POINT  SDS MAX 400MM,https://www.makita.ae/product/bull-point-sds-max-400-mm-d-34182/D-34182_C2C0.jpg,Found
1263,401346,BULL POINT  SDS MAX 400MM,https://www.makita.ae/product/bull-point-sds-max-400-mm-d-34182/D-34182_C2C0.jpg,Found
1264,401346,BULL POINT  SDS MAX 400MM,https://www.makita.ae/product/bull-point-sds-max-400-mm-d-34182/D-34182_C2C0.jpg,Found
1265,401349,COLD CHISEL 400MM SDS MAX,https://makita.ae/wp-content/uploads/D-34213_C1C0.jpg,Found
1266,401349,COLD CHISEL 400MM SDS MAX,https://makita.ae/wp-content/uploads/D-34213_C1C0.jpg,Found
1267,401349,COLD CHISEL 400MM SDS MAX,https://makita.ae/wp-content/uploads/D-34213_C1C0.jpg,Found
1268,401349,COLD CHISEL 400MM SDS MAX,https://media.baamboozle.com/uploads/images/1447918/ac3f7eca-6fc2-435f-8cbb-c6347e0a8af4-thumbnail.jpeg,Found
1269,4014.,ORING N,https://doujin-assets.dmm.co.jp/digital/cg/d_324913/d_324913jp-003.jpg,Found
1270,4015.,ORING,https://images4.alphacoders.com/122/1226118.jpg,Found
1271,4016.,ORING,,Not Found
1272,4027.,ORING,https://static2.hp-sc.pl/pol_pl_Oring-15x3-70NBR-Uszczelka-O-ring-15x3-75szt-59985_1.png,Found
1273,402770Z,SCREW DRIVER BIT PH2 65MM,https://down-ph.img.susercontent.com/file/ph-11134201-23030-sctqbej11dov00,Found
1274,4028,ORING,https://i0.ui-123.com/data/07pn/2005/8e5b59.png,Found
1275,4029.,ORING,https://static2.hp-sc.pl/pol_pl_Oring-15x3-70NBR-Uszczelka-O-ring-15x3-75szt-59985_1.png,Found
1276,4030,ARMATURE GRINDER,https://5.imimg.com/data5/SELLER/Default/2021/4/HP/YK/ID/74208762/black-decker-g650-angle-grinder-armature-1000x1000.jpg,Found
1277,403042,HIKOKI FLAP DISK 80 403042Z,https://5.imimg.com/data5/SELLER/Default/2025/10/556299176/KE/XM/SN/124975459/flap-disc-d100x16-120-403043z-500x500.jpeg,Found
1278,403043,HIKOKI FLAP DISK 120 403043,https://suumo.jp/journal/wp/wp-content/uploads/2021/02/178227_sub14.jpg,Found
1279,403043,HIKOKI FLAP DISK 120 403043,https://5.imimg.com/data5/SELLER/Default/2025/10/556299176/KE/XM/SN/124975459/flap-disc-d100x16-120-403043z-500x500.jpeg,Found
1280,4031.,COMMON RING,https://www.researchgate.net/publication/366354558/figure/fig2/AS:11431281108127549@1671312002495/DPPH-antioxidant-mechanism.png,Found
1281,4032.,ORING9*2MM,"https://static.wixstatic.com/media/e8551e_d7f31b6e32244f809c07e537cb6ff185~mv2.png/v1/fit/w_500,h_500,q_90/file.png",Found
1282,4040,ORING2X1MM,https://images.amainhobbies.com/images/large/nve/nve1602008.jpg,Found
1283,4041,ORING3X1MM,https://i5.walmartimages.com/seo/Captain-O-Ring-3x1mm-BN90-O-Ring-3mm-ID-x-1mm-CS-x-5mm-OD-Buna-Nitrile-90-Durometer-10-Pack_f759de5d-fe60-4c66-a41c-ab6fe5d525fa.3a00577178f3e6824241e45cbb32a3af.jpeg,Found
1284,4042,ORING4X1MM,https://i.ytimg.com/vi/oD_ji6F6ZHo/hqdefault.jpg,Found
1285,4043.,ORING5X1MM,https://images.amainhobbies.com/images/large/ara/ara716008.jpg,Found
1286,4044,ORING6*1MM,http://bizweb.dktcdn.net/thumb/grande/100/354/871/products/oring-6-8-1mm.jpg?v=1560141905567,Found
1287,4050103003,STANLEY STHM5KH IN ORING,https://cdn.shopify.com/s/files/1/0083/3450/8068/products/sthm5k1.jpg?v=1573974146,Found
1288,4050106005,BRUSH PAIR STHM10K,https://down-th.img.susercontent.com/file/7cfaee30d5bb80ebeb7c0a3679935be8,Found
1289,40503017,O RING STHM,https://i5.walmartimages.com/seo/Valve-Stem-O-Ring_3c2c8737-6cc8-4f05-af82-a8a0f9cfbff4.a6e16b3104297bc7bd43b8303a34ba96.jpeg,Found
1290,4050306001,CARBON BRUSH,https://cdn.shopify.com/s/files/1/0067/8582/6887/products/Bosch-2604321904-Carbon-Brushes-B310-CSB-400-2-CSB-420-E-CSB-420-to-fit_a12cd565-6fd7-479f-94a9-0434b847637e_1024x1024@2x.jpg?v=1587116212,Found
1291,4050307001,BRUSH HOLDER STHM5KH-IN,https://www.helwigcarbon.com/wp-content/uploads/2025/03/Carbon-Brush-Holders.jpg,Found
1292,4070.,O RING 1.5 MM,https://media.istockphoto.com/photos/amazing-view-of-sand-dunes-in-the-sahara-desert-location-sahara-picture-id1414099428?k=20&m=1414099428&s=170667a&w=0&h=Rfu6EQ6Qz0hf7pzKBJ6cdFILeCBxq4byWRw5qz7bx7M=,Found
1293,41.,CONCRETE CUTTER 4'' BULLET RED,https://5.imimg.com/data5/SELLER/Default/2024/4/409465647/QG/UT/BL/4240876/4-x8mm-red-concrete-cutter-blade-1000x1000.png,Found
1294,41.,CONCRETE CUTTER 4'' BULLET RED,https://ei-ph.t8cdn.com/videos/202303/27/428257601/original/(m=eaSaaTbWx)(mh=AnInHCHtdL6YX8Jg)6.jpg,Found
1295,41012,TOLSEN  STEEL GURMALA  PLAIN (PATHRA),https://talebkasimy.com/wp-content/uploads/2024/03/Gurmala-Steel-Plain-WU.webp,Found
1296,41012,TOLSEN  STEEL GURMALA  PLAIN (PATHRA),https://talebkasimy.com/wp-content/uploads/2024/03/Gurmala-Steel-Plain-WU.webp,Found
1297,41013,41013 STEEL GURMALA WITH TEETH,https://talebkasimy.com/wp-content/uploads/2024/02/Steel-Gurmala-Teeth-Proffessional-2-700x700.webp,Found
1298,41031,TOLSEN GLASS CUTTER 178MM,https://tolsen.com.ph/cdn/shop/products/41031.jpg?v=1695455127&width=1946,Found
1299,4114786,411478-6 SWITCH BUTTON LS1040,https://i.ebayimg.com/images/g/jY0AAOSwRvBhfQ9T/s-l1600.jpg,Found
1300,412049,412049-2 PISTON RING 40 FOR HM1201,https://down-id.img.susercontent.com/file/sg-11134201-7rfh7-m9705m0bzrhjd6,Found
1301,412226,MOTOR HOUSING FOR M9513B 412226-6,https://backoffice.itoolmart.com/assets/images/uploads/product/lg/lg_product_1673941275.jpg,Found
1302,412226,MOTOR HOUSING FOR M9513B 412226-6,https://backoffice.itoolmart.com/assets/images/uploads/product/lg/lg_product_1673941275.jpg,Found
1303,413U97,MOTOR HOUSING M9509B  413U97,https://anibento.com/wp-content/uploads/2026/03/Hell-Mode-Season-2-Key-Visual.jpg,Found
1304,4141406601,BRUSH PAIR STGS9100-IN 4141406601,https://down-my.img.susercontent.com/file/f5fbf1026ca699d91f9d649ad7ec31ea,Found
1305,414546,414546-4 CAM FOR LS1040 BOX,https://www.mmtoolparts.com/media/catalog/product/cache/f67c81799e267c7926be022f6d6cdd2f/4/1/414546-4_1.jpg,Found
1306,4159990,SWITCH LEVER FOR LS1040 415999-0,https://eliquidassets.com/wp-content/uploads/2025/02/415999-0.jpg,Found
1307,416000,416000-4 LOCK OFF LEVER FOR LS1040,https://www.mmtoolparts.com/media/catalog/product/cache/f67c81799e267c7926be022f6d6cdd2f/4/1/416000-4.jpg,Found
1308,416003,SAFTY COVER LS1040 416003,https://cdn11.bigcommerce.com/s-lign3be6ze/images/stencil/1280x1280/products/8098/15311/416003-88__39464.1714606928.jpg?c=1,Found
1309,4176281,4176281 CAP FOR HR2020,https://www.lsengineers.co.uk/media/catalog/product/cache/bc91e262b74b816eeee903c912c9e009/4/1/417628-1.jpg,Found
1310,417771,417771-6 PIN CAP FOR 9553NB,https://raretoolparts.com/wp-content/uploads/2023/01/417771-6.jpg,Found
1311,4180165,418016-5 SWITCH KNOB MT951,https://www.lsengineers.co.uk/media/catalog/product/cache/2183975d50b12d1ff8f0f4c988893bcd/4/1/418016-5.jpg,Found
1312,4187256,4187256 MOTOR HOUSING FOR 9557NB,https://www.lsengineers.co.uk/media/catalog/product/cache/7901d8c19ee5046a3beec7c19ef26631/4/1/418725-6.jpg,Found
1313,418794,MOTOR HOUSING  FOR 9553NB,https://img.waimaoniu.net/3514/3514-202307111642560864.jpg,Found
1314,4187963,SWITCH LEVER C FOR  9553NB,https://s3.us-central-1.wasabisys.com/partswarehouse/photos/MK-418796-3-2.jpg,Found
1315,4191928,LOCK BUTTON HR2230 4191928,https://i.ytimg.com/vi/Jby8Oh4TapQ/hqdefault.jpg,Found
1316,4195663,SWITCH KNOB FOR 9553NB 419566-3,https://blogthumb.pstatic.net/20130224_175/eveelf00_1361690583654wMUq9_GIF/s_f_01_13945_01_02.gif?type=w2,Found
1317,419589,419589-1CAP FOR 5377 MG,https://pic1.zhimg.com/v2-a9c3ab5f4d5e3188d0cfaf66fa4e91d0_180x120.jpg,Found
1318,4196663,SWITCH BUTTON 4196663,https://www.nzherald.co.nz/resizer/v2/4OUXNHJES4D6SWRM5BND7MVI4U.jpg?auth=1c7f7e3b2bbc868b9f805e877c3fcca1412df7d51c73e4eb08d79ce01e2f86ef&width=1440&height=1083&quality=70&smart=true,Found
1319,42.,CONCRET CUTTER 5 INCH BULLET RED,https://5.imimg.com/data5/SELLER/Default/2023/7/326302129/WI/PK/NE/9741099/125mm-golden-bullet-concrete-cutter-1000x1000.jpg,Found
1320,420/7,VELCRO BACKING PAD 7'',https://pro-one-cloud.com/wp-content/uploads/2026/03/image-14-768x490.png,Found
1321,42017,TOLSEN CHALK LINE POWER ONLY BLUE  42017,https://faebertools.com/wp-content/uploads/2024/01/TLSN-42017-1.jpg,Found
1322,42018,TOLSEN CHALK LINE POWER ONLY RED 42018,https://www.homemart.com.cy/wp-content/uploads/2021/11/tol42012.jpg,Found
1323,421,Blind Rivet 1 Bullet,https://m.media-amazon.com/images/I/51QOPPQkl5L.jpg,Found
1324,421868,LABYRINNTH RUBBER RING 19 FOR GA4032,https://backoffice.itoolmart.com/assets/images/uploads/product/md/md_product_1751702508.jpg,Found
1325,4219550,CUSHION RING HR2810 421955-0,https://backoffice.itoolmart.com/assets/images/uploads/product/lg/lg_product_1739176649.jpg,Found
1326,4219550,CUSHION RING HR2810 421955-0,https://backoffice.itoolmart.com/assets/images/uploads/product/lg/lg_product_1739176649.jpg,Found
1327,422768,LABYRINTH RUBBER RING 19 422768-2,https://www.lsengineers.co.uk/media/catalog/product/cache/bc91e262b74b816eeee903c912c9e009/4/2/422768-2.jpg,Found
1328,4240610601,STANLEY STSP125-IN GEAR 4240610601,https://www.hardwarespecialist.com.sg/10244-medium_default_2x/stanley-125mm-tile-cutter-stsp125.jpg,Found
1329,4240610602,STANLEY GEAR PINION STSP125-IN,https://m.media-amazon.com/images/I/81YfupgbluL._SL1500_.jpg,Found
1330,42431,ALTECH CONNECTER SOCKET 32A 3 PIN 42431,https://peacosupport.com/image/cache/catalog/connectors/3-pin-industrial-connector-32a-a-1000x1000.jpg,Found
1331,42432,ALTECH 3 PIN PLUG 32A 42432 323P44,https://m.media-amazon.com/images/I/81wuklKlKTL._AC_.jpg,Found
1332,42446,ALTECH  PANEL ANGLE SOCKET 63A 42446,https://images.nexusapp.co/assets/05/24/2f/343284296.jpg,Found
1333,42447,ALTECH  5 PIN PLUG 63A 42447,https://image.seapx.com/mall/en_united1688/1/20220831/800-800小图--插头63A+5芯+IP44-33.png,Found
1334,42452,ALTECH 16AMP 3 PIN PLUG 42452 163P44,https://jawad-alsaffar.com/shop/65432-product_main_2x/industrial-plug-3-pin-16-amp-220240v.jpg,Found
1335,42475,ALTECH SOCKET CONNECTER 16AMP 42475,https://m.media-amazon.com/images/I/417h5fUAJ1L._SY445_SX342_QL70_ML2_.jpg,Found
1336,43,"THIN TURBO 4"" YELLOW",https://cpimg.tistatic.com/09847461/b/4/4-Inch-First-Choice-Super-Thin-Turbo-Blade..jpg,Found
1337,43/1,THIN TURBO YELLOW 4 INCH,https://r.hpoi.net/gk/pic/n/2023/12/7bbf99bcc49040c79b7eab1a8a0a2eed.jpg,Found
1338,43/1,THIN TURBO YELLOW 4 INCH,https://cpimg.tistatic.com/09847461/b/4/4-Inch-First-Choice-Super-Thin-Turbo-Blade..jpg,Found
1339,43001,TOLSEN  HAND RIVERTER GUN,https://m.media-amazon.com/images/I/81Vs9kanYPL._AC_SL1500_.jpg,Found
1340,43001,TOLSEN  HAND RIVERTER GUN,https://m.media-amazon.com/images/I/81Vs9kanYPL._AC_SL1500_.jpg,Found
1341,43003,"TOLSEN HAND RIVETER,RIVET GUN",https://m.media-amazon.com/images/I/81Vs9kanYPL._AC_SL1500_.jpg,Found
1342,43003,"TOLSEN HAND RIVETER,RIVET GUN",https://m.media-amazon.com/images/I/81Vs9kanYPL._AC_SL1500_.jpg,Found
1343,4301085,TROLLY WHEEL 4IN.85*65 PLATE WELDED CASTERLEG3MM BREAK BLACK,https://img.weyesimg.com/collection/dfed688aabc02bd73f4f1f365b2d26f5/fcead6f15652359a9eb8070623cae834.jpg?imageView2/2/w/1920/q/75/format/webp,Found
1344,4301085,TROLLY WHEEL 4IN.85*65 PLATE WELDED CASTERLEG3MM BREAK BLACK,https://img.weyesimg.com/collection/dfed688aabc02bd73f4f1f365b2d26f5/6f332445fb26f05017edf2dea39dbc60.jpg?imageView2/2/w/1920/q/75/format/webp,Found
1345,43020,TOLSEN STAPLER GUN,https://cdn.shopify.com/s/files/1/0446/9932/0477/products/tolsen-heavy-duty-3-way-staple-gun-181163_1600x.jpg?v=1611286988,Found
1346,43024,TOLSEN  STAPLER PIN .7*843024,https://my-live-01.slatic.net/p/0409c88d567e59e2b722a614a4adbe0f.jpg,Found
1347,43024,TOLSEN  STAPLER PIN .7*843024,https://my-live-01.slatic.net/p/0409c88d567e59e2b722a614a4adbe0f.jpg,Found
1348,43024,TOLSEN  STAPLER PIN .7*843024,https://my-live-01.slatic.net/p/0409c88d567e59e2b722a614a4adbe0f.jpg,Found
1349,43025,TOLSEN STAPLER PIN .7*10,https://my-live-01.slatic.net/p/0409c88d567e59e2b722a614a4adbe0f.jpg,Found
1350,43025,TOLSEN STAPLER PIN .7*10,https://my-live-01.slatic.net/p/0409c88d567e59e2b722a614a4adbe0f.jpg,Found
1351,43096,TOLSEN HAND RIVERTER 13 INCH,https://www.tolsentools.com/wp-content/uploads/2021/09/13-INCH-HAND-RIVETER.jpg,Found
1352,43099,"TOLSEN HAND RIVERTER 8 INCH FOR ALU,STEEL",https://static-01.daraz.com.bd/p/5e38d8807357b373adf38e5bf19414f0.jpg,Found
1353,433.,11E POINT CHISEL  18*400,https://toya24.pl/hpeciai/d7afcd395c39921d79fce8b61e5c0750/eng_pl_POINT-CHISEL-SDS-MAX-18X400MM-10001044_1.jpg,Found
1354,436.,DRILL CHUCK 13M BULLET,https://5.imimg.com/data5/SELLER/Default/2022/4/UL/JA/WO/86915491/drill-chuck-jt6-13mm-golden-bullet-1000x1000.jpeg,Found
1355,440,Chainsaw File 4 Mm  o,https://mobileimages.lowes.com/productimages/510cb7a0-2529-43e4-bea9-605fc9add3d3/82557600.jpeg?size=mthb,Found
1356,444.,WIRE BRUSH 5R BULLET,http://www.lamchoo.com/cdn/shop/products/WIREBRUSHBlack_1200x1200.jpg?v=1661109006,Found
1357,444.,WIRE BRUSH 5R BULLET,https://cdn.shopify.com/s/files/1/0645/9428/0680/products/WIREBRUSHBlack_480x480.jpg?v=1661109006,Found
1358,444.,WIRE BRUSH 5R BULLET,https://cdn.shopify.com/s/files/1/0645/9428/0680/products/WIREBRUSHBlack_480x480.jpg?v=1661109006,Found
1359,444.,WIRE BRUSH 5R BULLET,https://cdn.suwalls.com/wallpapers/games/rashid-in-street-fighter-v-53460-1920x1080.jpg,Found
1360,444MAF,WIRE BRUSH 5R PVC MAF,https://cdn.shopify.com/s/files/1/0645/9428/0680/products/WIREBRUSHBlack_480x480.jpg?v=1661109006,Found
1361,449.,EARTH CLAMP,https://cdn.yesss.co.uk/images/22985.jpg,Found
1362,449.,EARTH CLAMP,https://cdn.yesss.co.uk/images/22985.jpg,Found
1363,44945,TOLSEN WELDING CHIPPING HAMMER,https://cdn.wallpapersafari.com/99/97/dUwDIz.jpg,Found
1364,449A,EARTH CLAMP 400 AMP AREFLOW,https://arcflowindustries.com/wp-content/uploads/2022/07/Earth-Clamp-400-Amp-600x600.jpg,Found
1365,449IN,E SUPER EARTH CLAMP 400AMPS,https://www.hampdon.com.au/assets/alt_6/ECGM40-6PACK.jpg?20231017172842,Found
1366,449L,EARTH CLAMP LIMCO,https://wallpaperbat.com/img/8611537-earth-wallpaper-free.jpg,Found
1367,449L,EARTH CLAMP LIMCO,https://5.imimg.com/data5/SELLER/Default/2025/9/545295185/NW/WK/IP/50719553/600a-limco-earth-clamp-1000x1000.jpg,Found
1368,449LI,EARTH CLAMP LIMCO INSULATED,https://5.imimg.com/data5/JS/QJ/MY-1586596/earthing-clamp-insulated-1000x1000.jpeg,Found
1369,449LI,EARTH CLAMP LIMCO INSULATED,https://5.imimg.com/data5/JS/QJ/MY-1586596/earthing-clamp-insulated-500x500.jpeg,Found
1370,44P,THIN TURBO 4'' PINK,https://down-id.img.susercontent.com/file/id-11134207-7rase-m5npsnc94j6e39,Found
1371,45.,GENERAL PURPUS  BLADE 4 INCH,https://www.oxtools.com.au/product/ox-trade-xl-10-segmented-diamond-blade-general-purpose-4-inch/OX-XL10-4_FV.png,Found
1372,4506199,450619-9 GEAR HOUSING FOR HP1630 DRILL BOX,https://www.specm.net/wp/wp-content/uploads/2023/06/IMG_3422.jpg,Found
1373,45085,TOLSEN WELDING HELMET SHIELD 45085,https://faebertools.com/wp-content/uploads/2024/01/TLSN-45085.jpg,Found
1374,45086,45086 TOLSEN WELDING HELMET,https://www.tolsentoolsusa.com/wp-content/uploads/45086.jpg,Found
1375,45182,45182 TOLSEN WELDING FACE SHIELD,https://tolsen.com.ph/cdn/shop/products/45182.jpg?v=1619683719&width=1946,Found
1376,452.,8MM PVC AIR BRIDED HOSE (COMPRESSOR HOSE )SILVERLON,https://sc04.alicdn.com/kf/H45671c54ffe846928cf9af7625c66cd31.png,Found
1377,452.,8MM PVC AIR BRIDED HOSE (COMPRESSOR HOSE )SILVERLON,https://sc04.alicdn.com/kf/H45671c54ffe846928cf9af7625c66cd31.png,Found
1378,452.,8MM PVC AIR BRIDED HOSE (COMPRESSOR HOSE )SILVERLON,https://sc04.alicdn.com/kf/H45671c54ffe846928cf9af7625c66cd31.png,Found
1379,452.,8MM PVC AIR BRIDED HOSE (COMPRESSOR HOSE )SILVERLON,https://sc04.alicdn.com/kf/H45671c54ffe846928cf9af7625c66cd31.png,Found
1380,452/1,COMPRESSOR HOSE DARK BLUE,https://m.media-amazon.com/images/I/613f0srzV5L._AC_SL1500_.jpg,Found
1381,452/1,COMPRESSOR HOSE DARK BLUE,https://m.media-amazon.com/images/I/613f0srzV5L._AC_SL1500_.jpg,Found
1382,452/2,ELEPHANT PVC BLUE CLEAR HOSE,https://www.starsparky.com.au/cdn/shop/files/Blue_Transparent_Clear_PVC_Hose_Vinyl_Tube_6mm_x_30M_2.jpg?v=1724288195&width=1946,Found
1383,452/3,8MM PVC BRAIDED AIR HOSE (COMPRESSOR HOSE),https://media.diy.com/is/image/KingfisherDigital/8mm-id-pvc-reinforced-braided-black-hose-x-10-metre-for-water-airline-compressor-drain-down~6477965052726_01c_MP?$MOB_PREV$&$width=600&$height=600,Found
1384,452/M,MAYURFLEX BRIDED HOSE 8MM,https://kockneykoi.co.uk/wp-content/uploads/2024/11/Braided-Clear-Hose-Photoroom.jpg,Found
1385,4543753,CHANGE LEVER M0801 454375-3,https://ph-test-11.slatic.net/p/e01cc5a8063ef7ee473049a0c956d3ed.jpg,Found
1386,4571221,457122-1 BEARING RETAINER FOR M9506,https://static.reposicaoonline.com.br/public/reposicaoonline/imagens/produtos/retentor-do-rolamento-457122-1-makita-457122-1-41905.jpg,Found
1387,4571360,SWITCH LEVER FOR M9509B,https://down-th.img.susercontent.com/file/sg-11134201-7rd3z-m7c2vwg495va31,Found
1388,4577934,457793-4 BAFFLE PLATE FOR 9553 NB,https://image.made-in-china.com/2f0j00NzMoClKYMspF/Custom-Baffle-Plates-CNC-Machined-Perforated-Sheet-Baffle-Plate-Supplier-Steel-Plates-Punching-Drilling-Service-Provider-Tube-Plate-Tubesheet.jpg,Found
1389,458.,CUTTING WHEEL 14 INCH  BULLET,https://5.imimg.com/data5/SELLER/Default/2024/3/404860703/TO/VR/PT/14217467/whatsapp-image-2024-03-28-at-12-38-34-pm-500x500.jpeg,Found
1390,458.,CUTTING WHEEL 14 INCH  BULLET,https://down-id.img.susercontent.com/file/0351175edbb4cdd5b7d83fbf4f2802ee,Found
1391,458G,CUTTING WHEEL 14'' BULLET MS,https://5.imimg.com/data5/SELLER/Default/2021/12/HB/PC/KC/12914776/14-inch-ms-cutting-wheels-500x500.jpg,Found
1392,461.,Plier 6.5 Side Cutter,http://gladstonehifi.com/cdn/shop/files/T2830.jpg?v=1759293274,Found
1393,462,Water Pump Plier,https://extoltools.com/wp-content/uploads/2022/09/8813168-1.jpg,Found
1394,472,Screw Driver Set K585,https://www.dusktechnology.com.bd/wp-content/uploads/2025/01/FMHT62516_1.jpg,Found
1395,474,T Socket Spanner 8 Mm,https://5.imimg.com/data5/SC/HP/MY-23605571/t-spanner-8-mm-500x500.jpg,Found
1396,475,T SPANNER 10MM,https://cdn11.bigcommerce.com/s-8f3af/images/stencil/1280x1280/products/2129/6107/IMG_2541__80668.1638484675.jpg?c=2,Found
1397,47G,"CUTTING BLADE ECO GREEN 4""",https://5.imimg.com/data5/SELLER/Default/2023/7/326302710/YM/BR/PB/9741099/110mm-golden-bullet-eco-green-turbo-blade-500x500.jpg,Found
1398,480,Tool Box With 5 Cmprt,https://images-cdn.ubuy.co.in/662631772ae65918235e94b6-empty-tool-box-5-compartments-with-carry.jpg,Found
1399,480B,TOOL BOX 17X9X9,https://i.ebayimg.com/00/s/MTIwMFgxNjAw/z/W2UAAOSwDTlk28BY/$_32.JPG?set_id=880000500F,Found
1400,481,MULTY WRENCH PIIER,https://i5.walmartimages.com/seo/Universal-Torx-Wrench-Double-head-Adjustable-Wrench-Multi-Function-Auto-Repair-Tools_4302a194-370b-4daa-9add-db5aaf41ba50.fedb510f375a3e0360001a5ee7f0a836.jpeg?odnHeight=117&odnWidth=117&odnBg=FFFFFF,Found
1401,482,Knotted Cup Brush 3 Inch,https://m.media-amazon.com/images/I/81vMJju1FuL._SL1500_.jpg,Found
1402,484.,Adjustable spanner 6 Inch,https://m.media-amazon.com/images/I/517R7bw69HL._SL1005_.jpg,Found
1403,486/10,ADJUSTABLE WRENCH 10 INCH SWAMI,https://www.kleintools.com/sites/default/files/product-assets/catalog-imagery/original/klein/50710.jpg,Found
1404,491,Pipe Wrench 18 Inch / 450,https://cdn11.bigcommerce.com/s-7holhynnib/images/stencil/1280x1280/products/59119/66440/5aafb420e422a700107563cc__42519.1575984428.jpg?c=2&imbypass=on,Found
1405,491J,PIPPE WRENCH 18 INCH J,https://microless.com/cdn/products/e5a78c8c46d0bc6344e6eaf01d109b44-hi.jpg,Found
1406,495.,Tubular Box Spanner 12*13,https://m.media-amazon.com/images/I/41nCdQL38EL.jpg,Found
1407,497.,Tubular Box Spanner 18*19,https://www.biggoz.com/wp-content/uploads/2024/12/EASTMAN-HEAVY-DUTY-TUBULAR-BOX-SPANNER.webp,Found
1408,498.,Tubular Box Spanner 20*22,https://www.biggoz.com/wp-content/uploads/2024/12/EASTMAN-HEAVY-DUTY-TUBULAR-BOX-SPANNER.webp,Found
1409,4BYRS,SHOVEL BABY ROUND,https://k-mnc.com/wp-content/uploads/2020/05/civil_work2_bg-1-1980x1401.jpg,Found
1410,4BYSS,SHOVEL BABY SQUARE,https://daffodilsme.com/wp-content/uploads/2024/12/Untitled-design-38.png,Found
1411,4FV,FOOT VALVE 4 INCH,https://5.imimg.com/data5/SELLER/Default/2023/6/316133504/ZO/LJ/HS/3020919/4inch-pvc-foot-valve-500x500.jpeg,Found
1412,4JAW,GREASE ADAPTER 4 JAW HEAVY,https://implemental.in/wp-content/uploads/2023/04/41JTtfJQ5ML._SL1080_.jpg,Found
1413,4LB,SLEDGE HAMMER 4LB(W.H.H.F),"https://i0.wp.com/www.onseriousgames.com/wp-content/uploads/2015/07/animated-conference-sir-ken-robinson.png?resize=580,320",Found
1414,4LB/1,HAMMER,https://cdn.pixabay.com/photo/2015/03/20/19/38/hammer-682767_1280.jpg,Found
1415,4LCH,ALCO CHAIR LADDER 4 STEP,https://m.media-amazon.com/images/I/71X7oIsp3WL._SL1500_.jpg,Found
1416,4LSS,SELF SUPPORT DOUBLE SIDE LADDER 4,https://5.imimg.com/data5/SELLER/Default/2023/7/330331707/RL/EZ/CI/52254823/aluminum-double-side-self-supporting-a-type-ladder-1000x1000.jpg,Found
1417,4MK,4 MULLU KAIMANTHI,https://images.squarespace-cdn.com/content/v1/603bc7becf34a07d765fc033/b9ccabc4-aa65-4792-8627-66a2e5b479aa/Mullu+Thengoyal+.JPG,Found
1418,4MULLU,WEEDER SMALL 4 MULLU,https://5.imimg.com/data5/SELLER/Default/2025/11/558183009/OX/RP/ZO/250325331/gemini-generated-image-55e9pg55e9pg55e9-1000x1000.png,Found
1419,4PDA100M,Angle Grinder 4pad100m Hitachi,http://khmtools.com.ph/cdn/shop/files/pda100m.jpg?v=1706520147,Found
1420,4RD,"MS SHEET CUTTING (DUMMY PLATE 4"")",https://images.knowing-jesus.com/w/700/43-JOHN/John+13-15+Jesus+Our+Example+cream.jpg,Found
1421,4'RMB,"RAINBOW CERAMIC BLADE 4""(SEG BLACK )",https://samnantools.in/wp-content/uploads/2021/07/rainbow-marble-cutting-blade-500x500-1.jpg,Found
1422,4'RMB,"RAINBOW CERAMIC BLADE 4""(SEG BLACK )",https://samnantools.in/wp-content/uploads/2021/07/rainbow-marble-cutting-blade-500x500-1.jpg,Found
1423,4'RMB,"RAINBOW CERAMIC BLADE 4""(SEG BLACK )",https://samnantools.in/wp-content/uploads/2021/07/rainbow-marble-cutting-blade-500x500-1.jpg,Found
1424,4'RMB,"RAINBOW CERAMIC BLADE 4""(SEG BLACK )",https://samnantools.in/wp-content/uploads/2021/07/rainbow-marble-cutting-blade-500x500-1.jpg,Found
1425,4'rmb/1,"RAINBOW CERAMIC BLADE 4""(SEG BLACK )",https://samnantools.in/wp-content/uploads/2021/07/rainbow-marble-cutting-blade-500x500-1.jpg,Found
1426,4'RMBL.,RAINBOW MARBLE CUTTING BLACK,https://clipart-library.com/newhp/94-946900_rainbow-clip-art-free-clipart-image-2-hanslodge.png,Found
1427,4'RMBL.,RAINBOW MARBLE CUTTING BLACK,https://ollinstone.com/wp-content/uploads/2023/12/Black-Rainbow-Granite.jpg,Found
1428,4RMCB,RAINBOW CUP BLADE 4INCH GREEN,https://5.imimg.com/data5/SELLER/Default/2025/10/551044949/UB/ZJ/YP/246123510/4-inch-rainbow-genuine-cup-segmented-blade-1000x1000.png,Found
1429,4'RMSB,"RAIN BOW TURBO BLADE 4"" GREEN",http://accentdistributing.com/cdn/shop/files/632903321.jpg?v=1706630626,Found
1430,4SBC,4 strock brush cutter SUPER STEEL,https://supermachinery.com.pk/wp-content/uploads/2024/02/brush-cutter-4-stroke.jpg,Found
1431,4X2A,V PULLY,https://i.ebayimg.com/images/g/j7EAAOSwGMhkNPXU/s-l1200.jpg,Found
1432,4X2B,V PULLY,https://images.pexels.com/photos/3931550/pexels-photo-3931550.jpeg?auto=compress&cs=tinysrgb&dpr=3&h=750&w=1260,Found
1433,5*30LB,BOLT,https://boltworld.co.uk/wp-content/uploads/2022/04/933-ZINC-3.jpg,Found
1434,50.,MC BLADE 8'',https://i.ytimg.com/vi/hRqtT2dk0uA/maxresdefault.jpg,Found
1435,5000001,TROLLY WHEEL 5 INCH 63*46 PLATE 100*85 FORMED RIVET BRAKE COATING,https://img.weyesimg.com/collection/9ebfcf8a61a37a85a6147bf15c1080b3/bcf9c2c50f3ab6f2e321edc15282ed47.jpg?imageView2/2/w/1920/q/75/format/webp,Found
1436,5000219,TROLLY WHEEL 5IN.63*46 F.HOLDR VIRGIN NYLON WHEEL,https://5.imimg.com/data5/SELLER/Default/2023/3/293684830/MP/FY/LW/35159195/nylon-trolley-wheel-1000x1000.jpeg,Found
1437,5001.,ROUTER BIT 5001,https://5.imimg.com/data5/ANDROID/Default/2022/5/DS/YU/CV/2117107/product-jpeg-500x500.jpg,Found
1438,5001443,TROLLY WHEEL 5IN. 63*46 F.HOLDR BREAK BLACK,https://www.trolleymanufacturers.com/wp-content/uploads/2021/08/Black-metal-brake-trolley-wheel-5.jpg,Found
1439,5002.,ROUTER BIT 5002 1/4,https://down-my.img.susercontent.com/file/8721f89d422889f7d5002d5c2956866f,Found
1440,5003.,ROUTER BIT 5003,https://5.imimg.com/data5/SELLER/Default/2025/6/521654469/QL/HB/ZV/22689459/rb-5003-2-1000x1000.jpg,Found
1441,5003RB,IDEAL ROUTER BIT 5003 RB,https://5.imimg.com/data5/SELLER/Default/2025/6/521654469/QL/HB/ZV/22689459/rb-5003-2-1000x1000.jpg,Found
1442,5003RBL,IDEAL ROUTER BIT 5003,https://5.imimg.com/data5/SELLER/Default/2025/6/521654469/QL/HB/ZV/22689459/rb-5003-2-1000x1000.jpg,Found
1443,5003T,ROUTER BIT,https://m.media-amazon.com/images/I/61svVjQyuAS._SL1500_.jpg,Found
1444,5004.,ROUTER BIT,https://m.media-amazon.com/images/I/61QJu8XlhcL._AC_SL1500_.jpg,Found
1445,5004T,TRIMMER BIT 5004T,https://m.media-amazon.com/images/I/71HWrpV8WrL._AC_SL1500_.jpg,Found
1446,5004TB,BULLET ROUTER BIT 5004T,https://www.goldenbullet.co.in/products/router-trimmer-bit/Ovolo-Bits.jpg,Found
1447,5009028,TROLLY WHEEL 5 INCH 63*46 SINGLE BEARING FULL PLASTIC DUST COVER,https://sc01.alicdn.com/kf/HTB12Z03dRCw3KVjSZFlq6AJkFXap/226501395/HTB12Z03dRCw3KVjSZFlq6AJkFXap.jpg,Found
1448,5009029,TROLLY WHEEL 5 INCH 63*46 BLACK NYLON INSERT,https://www.bworldonline.com/wp-content/uploads/2021/11/Rice-field-1.jpg,Found
1449,5011082,TROLLY WHEEL 5IN.63*46 F.HOLDR BREAK B.NYLON INS.WITH GREY,https://5.imimg.com/data5/SELLER/Default/2022/9/YB/MU/KT/159951343/6-inch-nylon-trolley-wheel-with-break-1000x1000.jpg,Found
1450,507,De Spanner 24*27,https://i.pinimg.com/originals/ef/9a/c8/ef9ac88a75a0dbcb86e72803725796bd.png?nii=t,Found
1451,50771,50771 LED EMERGENCY BULB 9W LEDVANCE,https://m.media-amazon.com/images/I/81nMoRppyzL._SL1500_.jpg,Found
1452,50771,50771 LED EMERGENCY BULB 9W LEDVANCE,https://m.media-amazon.com/images/I/81nMoRppyzL._SL1500_.jpg,Found
1453,509573,HAND SHOWER 8MM 509573,https://www.artize.com/in/image/cache/catalog/ALA-CHR-509573-600x600.jpg,Found
1454,50LEG,CABLE LEG SMALL,https://viewsfromhere.com/wp-content/uploads/2023/04/7-cable-leg-exercises-pin.jpg,Found
1455,50LEGS,CABLE LEG COPPER MEDIUM,https://www.windingwire.com/wp-content/uploads/2024/09/cable-lug-4-1.jpg.webp,Found
1456,50LEGS,CABLE LEG COPPER MEDIUM,https://www.windingwire.com/wp-content/uploads/2024/09/cable-lug-4-1.jpg.webp,Found
1457,51106B,TOOL SPARE BEARNG 51106,https://image.made-in-china.com/2f0j00NQmqoLDhYEpu/51106-Longer-Service-Life-Thrust-Ball-Bearing-for-Machine-Tools.jpg,Found
1458,51107,BEARING 51107,https://rodavictoriausa.com/wp-content/uploads/2023/05/s-l1600-2023-05-29T155427.445.jpg,Found
1459,514/,Ring Spanner 30*32,https://nomascoach.boardingarea.com/wp-content/uploads/2020/06/Deep-Knowledge-Group-Safest-Countries.png,Found
1460,5152892,515289-2 ARMATURE 240V  HR2470 HAMMER DRILL,https://down-my.img.susercontent.com/file/f9415e7964124873d849b7a44c7f84c0,Found
1461,5152892,515289-2 ARMATURE 240V  HR2470 HAMMER DRILL,https://down-my.img.susercontent.com/file/f9415e7964124873d849b7a44c7f84c0,Found
1462,5152892,515289-2 ARMATURE 240V  HR2470 HAMMER DRILL,https://down-my.img.susercontent.com/file/f9415e7964124873d849b7a44c7f84c0,Found
1463,5156692,ARMATURE HR2020 5156692 HAMMER DRILL,https://godisgood.co.kr/wp-content/uploads/2024/09/C내가누려왔던모든것들이모든것이은혜-768x959.jpg,Found
1464,5177945,ARMATURE FOR GA7020 5177945,https://images.tokopedia.net/img/cache/700/VqbcmM/2024/3/8/e7cea984-de56-4b16-b3f8-091bf73946dc.jpg,Found
1465,5200,GASKET SET 58CC,https://i5.walmartimages.com/seo/ECCPP-Engine-Oil-Pan-Gasket-fit-06-13-Chrysler-200-Sebring-dodge-Avenger-Journey-Jeep-Kia-1-8L-2-0L-2-4L-Gas-DOHC-Fits-select-2007-2010-HYUNDAI-SONAT_46cb660c-5aa8-444c-9ccf-52630ec593e9.e5da63e82a169ee39ede579183336308.jpeg?odnHeight=576&odnWidth=576&odnBg=FFFFFF,Found
1466,5260683,526068-3 FIELD FOR LS1040 RAK 2A,https://cdn11.bigcommerce.com/s-qo6zk/images/stencil/original/products/18668/19512/makita-526068-3-inducteur-scie-ls1040__60041.1558422749.jpg,Found
1467,52663,DENT PULLER  MIRROR PULLER TRIPPLE 52663,https://pullertools.com/wp-content/uploads/2023/06/lxpvsa-dent-pullercar-dent-puller3-pack-dent-removal-kit-handle-lifterpowerful-car-dent-removersuction-cup-dent-puller-a-972x1024.jpg,Found
1468,531.,MINI HACK SAW FRAME,https://m.media-amazon.com/images/I/61qa9mdMs-L._AC_SL1500_.jpg,Found
1469,532.,Cobbler Pincer 6 Inch,https://rukminim1.flixcart.com/image/832/832/ji6b2q80/plier/e/v/8/made-in-germany-6-cobbler-pincer-with-rubber-grip-tools-centre-original-imaf6f4zmt2bbqng.jpeg?q=70,Found
1470,533.,Cobbler Pincer8 Inch,http://leatherado.com/cdn/shop/files/shoe-maker-cobbler-pincer-nippers-05.webp?v=1752248794,Found
1471,534,ATCO BALL PEN HAMMER 500G,https://ormwholesale.co.za/wp-content/uploads/2025/09/QBPH500.jpg,Found
1472,540,Screw Driver 6*125 flat,https://image.made-in-china.com/2f0j00ZQGRUCvYFTkE/Hand-Tools-Cr-V-Steel-6-125mm-Straight-Flat-Slotted-Head-Screwdriver.jpg,Found
1473,542.,Screw Driver Green,https://wallpaperaccess.com/full/909068.jpg,Found
1474,544.,Carbon Brush Set Bosch 1607014145,https://indianagencies.co.in/uploads/product/cover/225.jpeg,Found
1475,544.,Carbon Brush Set Bosch 1607014145,https://indianagencies.co.in/uploads/product/cover/225.jpeg,Found
1476,545.,Carbon Brush Set Bosch1619P01777,http://www.campbellmillertools.co.uk/cdn/shop/products/1777.jpg?v=1709806157,Found
1477,546.,Carbon Brush GWS 600,https://fashionista.com/.image/t_share/MTgwMjcyNTIzMjY1NDUxODg0/jennifer-lawrence-prabal-gurung-dress-hunger-games-premiere.jpg,Found
1478,547.,1619P10371 CARBON BRUSH SET,https://www.chinaftm.com/uploads/image/20230727091045_42623.jpg,Found
1479,55133,55133 TOLSEN PAD LOCK 32MM,https://totalhardwareja.com/cdn/shop/files/Tolsen-Padlock-551332_1200x1200.jpg?v=1726099187,Found
1480,55134,55134 TOLSEN PAD LOCK  38MM,https://admin.imall.vn/uploads/imall/2022/01/o-khoa-tolsen-55134.png,Found
1481,55135,55135 PAD LOCK 50MM,https://fixit.com.bd/wp-content/uploads/2023/09/551332-1.webp,Found
1482,55135,55135 PAD LOCK 50MM,https://fixit.com.bd/wp-content/uploads/2023/09/551332-1.webp,Found
1483,55136,55136 PADLOCK 63MM,https://blog-imgs-164.fc2.com/u/r/a/urapicpic/20250611143259eab.jpg,Found
1484,555,fiber tape 15 mt eti,https://mgsdouga.com/wp-content/uploads/2024/12/fan186.gif,Found
1485,57101,TOLSEN GARDEN SPRAY GUN ADJUSTABLE NOZZLE,https://down-ph.img.susercontent.com/file/ph-11134207-7r98t-lri2i34rnkl1f5,Found
1486,57292,TOLSEN PRESSURE SPRAYER 5 LTR 57292,https://marshaltools.co.za/wp-content/uploads/2022/06/TOL57292.jpg,Found
1487,575,1/4msnry Drill Bit 605,https://m.media-amazon.com/images/I/71hRVqR77OL._SL1500_.jpg,Found
1488,582,38 Flat Wood Bit 38 Mm Bullet,https://saftec.co.za/wp-content/uploads/2025/04/T2942-38-scaled.jpg,Found
1489,585,8 Flat Wood Bit 8 Mm,https://titanproducts.co.za/wp-content/uploads/2022/07/TFB-8.0.jpg,Found
1490,586,Flat Wood Bit 14 Mm Golden Bullet,https://5.imimg.com/data5/SELLER/Default/2025/5/515053285/SV/XI/OA/246511543/drills-flat-wood-bits-1000x1000.png,Found
1491,5DP100,VELCRO FIBER DISK 100 5 INCH,https://cf.shopee.co.id/file/a12ae0ad2e01559e037746ae61e699d4,Found
1492,5DP100,VELCRO FIBER DISK 100 5 INCH,https://d33wubrfki0l68.cloudfront.net/7753a39671fa1832dd6fb1d3b2e295be91c1a8ff/173e5/static/3c1caa8299abbed5690302b1475c72de/a89ca/gazelle_gvd5_100_velcro_sanding_discs_0_361baed035.jpg,Found
1493,5DP100,VELCRO FIBER DISK 100 5 INCH,https://cf.shopee.co.id/file/a12ae0ad2e01559e037746ae61e699d4,Found
1494,5DP120,VELCRO FIBER DISK 120 5 INCH,https://images.tokopedia.net/img/cache/500-square/VqbcmM/2021/12/1/70009575-3c49-48a1-82c0-65ab3ca82cbf.jpg,Found
1495,5DP60,VELCRO FIBER DISK XTRAPOWER 60,https://5.imimg.com/data5/SELLER/Default/2022/8/YI/RQ/NR/134501921/velcro-disc1-1000x1000.jpg,Found
1496,5DP80,VELCRO FIBER DISK 80 5 INCH XTRAPOWER,http://oss.suning.com/snsis/channel_content/mqRPwJz0P_00LLkuTVa7mnf7PWMl5o1-KXVCqkRn_vE8IMGcNQZm5ihZ8FONocMJ.jpg?imgW=750&imgH=500,Found
1497,5GL,E YURI DC WHEEL 4''X6MM (GREEN),https://d91ztqmtx7u1k.cloudfront.net/ClientContent/Images/ExtraLarge/yuri-4-inch-6mm-dc-grinding-wh-20260414060844109.webp,Found
1498,5KGBALL,STEEL BALL,https://ae01.alicdn.com/kf/S7c251e9695334cae9981af7bc23d004br/High-Precision-Bearing-Steel-Ball-GCR15-Solid-Stainless-Steel-Balls-Big-Steel-Ball-30-163-31.jpg,Found
1499,5KGORINGSET,INGCO 5KG ORING SET,http://ingcostores.com/cdn/shop/files/ph-11134207-81zto-mexlnjsxhf5t6a.jpg?crop=center&height=1200&v=1762919276&width=1200,Found
1500,5KGR,SLEEVE,https://cdn0.weddingwire.in/article/7894/original/1280/jpg/54987-latest-sleeves-design-memorymakerz-elaborate.jpeg,Found
1501,5KGRODE,INGCO 5KG CONNECTING RODE,https://down-ph.img.susercontent.com/file/ph-11134207-7r98s-lwmbhdb7re5d7d,Found
1502,5KGSTRIKER,INGCO 5KG STRIKER,https://www.shopbuildmate.com/cdn/shop/files/COVER_ERCVC2221_BM_700x700.jpg?v=1726127565,Found
1503,5LBMPT,YAYSREE 5LB MAGNETIC PICK UP TOOL,,Not Found
1504,5LSS,SELF SUPPORT DOUBLE SIDE LADDER 5,,Not Found
1505,5LSS,SELF SUPPORT DOUBLE SIDE LADDER 5,https://5.imimg.com/data5/SELLER/Default/2023/3/293390812/YM/YC/SP/51619150/cec-334-double-side-self-support-ladder-500x500.jpg,Found
1506,5LSS,SELF SUPPORT DOUBLE SIDE LADDER 5,https://5.imimg.com/data5/SELLER/Default/2023/3/293390812/YM/YC/SP/51619150/cec-334-double-side-self-support-ladder-500x500.jpg,Found
1507,5LSS,SELF SUPPORT DOUBLE SIDE LADDER 5,https://5.imimg.com/data5/SELLER/Default/2023/3/293390812/YM/YC/SP/51619150/cec-334-double-side-self-support-ladder-500x500.jpg,Found
1508,5MK,5 MULLU KAIMANTHI,https://i.err.ee/smartcrop?type=optimize&width=1744&aspectratio=16:10&url=https://s.err.ee/photo/crop/2025/09/23/3025611hd220.jpg,Found
1509,5MK/1,HAND FORT SMALL 5 MULLU,,Not Found
1510,5WP,5WLumenexPrimeLedBulb/ColorWhite,https://5.imimg.com/data5/SELLER/Default/2023/4/298514668/TW/AJ/PZ/95561214/5-w-led-bulb-500x500.jpeg,Found
1511,6000021,TROLLY WHEEL 6IN.93*60*3 F.HOLDRBREAK EG COATING VIRGIN,https://5.imimg.com/data5/SELLER/Default/2022/9/YB/MU/KT/159951343/6-inch-nylon-trolley-wheel-with-break-1000x1000.jpg,Found
1512,6000100,TROLLY WHEEL 6 INCH 93*60 PLATE 140*110 RIVET BRAKE COATING,"https://res.cloudinary.com/sagacity/image/upload/c_crop/c_limit,dpr_auto,f_auto,fl_lossy,q_80,w_1080/13_resize_iqpwev.jpg",Found
1513,6000102,TROLLY WHEEL 6IN.93*60*3 F.HOLDDIE CAST BLACK RUBBER,https://down-my.img.susercontent.com/file/sg-11134202-7rbkr-lqcx5s9xss1zce,Found
1514,6000160,TROLLY WHEEL 6 INCH 93*60 PLATE 110*140 CASTORE WITH BRAKE COATING,https://down-ph.img.susercontent.com/file/sg-11134201-7rd60-lvm10wvsj0aje2,Found
1515,6000161,TROLLY WHEEL 6 INCH 93*60 PLATE 110*140 CASTOR BRAKE COATING,https://down-ph.img.susercontent.com/file/sg-11134201-7rd60-lvm10wvsj0aje2,Found
1516,6000166,TROLLY WHEEL 6IN.93*60*3 ADD REVERT BREAK RESIN HIGH WHEEL,https://5.imimg.com/data5/SELLER/Default/2022/9/YB/MU/KT/159951343/6-inch-nylon-trolley-wheel-with-break-1000x1000.jpg,Found
1517,6000204,TROLLY WHEEL 6IN.93*60*3 BLACK NYLON INSERT GREY OVER MOLDED,,Not Found
1518,60050,60050 WORKING LIGHT 5M,https://ph-test-11.slatic.net/p/56dbb54e0c87528fbbf25c0ef259945b.jpg,Found
1519,60051,60051 WORKING LIGHT 10 M,https://down-id.img.susercontent.com/file/id-11134207-7rasm-m5a2he46ooxs3f,Found
1520,60513,3 PIN PLUG TOP 16A 60513,https://5.imimg.com/data5/SELLER/Default/2023/1/DI/MK/BL/142644672/16a-3-pin-plug-top-500x500.jpg,Found
1521,60513,3 PIN PLUG TOP 16A 60513,https://5.imimg.com/data5/SELLER/Default/2023/1/DI/MK/BL/142644672/16a-3-pin-plug-top-500x500.jpg,Found
1522,60513,3 PIN PLUG TOP 16A 60513,,Not Found
1523,60514,60514 16AMP 3PIN PLUG TOP STANDARD,https://duravolt.co.in/wp-content/uploads/2024/04/3-.jpg,Found
1524,60514,60514 16AMP 3PIN PLUG TOP STANDARD,,Not Found
1525,60514,60514 16AMP 3PIN PLUG TOP STANDARD,https://duravolt.co.in/wp-content/uploads/2024/04/3-.jpg,Found
1526,60517,BATTEN HOLDER 60517,https://m.media-amazon.com/images/I/61x77KVcr3L._SL1500_.jpg,Found
1527,60518,HOLDER PENDANT  60518,https://i.etsystatic.com/50893946/r/il/4b8b54/6047267121/il_fullxfull.6047267121_98pw.jpg,Found
1528,60518,HOLDER PENDANT  60518,https://m.media-amazon.com/images/I/31E0p7Ap6rL.jpg,Found
1529,6052.,FITTINGS COUPLER 6052,https://image.made-in-china.com/2f0j00oAdikLbFpCpe/C-Type-Iron-Brass-Pneumatic-Couplers-Quick-Release-Coupling-Pipe-Connect-Hydraulic-Air-Fitting-Quick-Connect-Air-Hose-Fittings.webp,Found
1530,60533,60533 6A/16A 3 PIN MULTI ADAPTOR-STANDARD,https://cdn.grofers.com/app/assets/products/sliding_images/jpeg/ae931d4b-b04a-46b5-bfa2-e9c124b7758b.jpg?ts=1726556548,Found
1531,60535,MCB 25A 3M  STANDRD 60535,https://img.mbizmarket.co.id/products/thumbs/800x800/2023/05/03/435f249c1dfd25f5df63fdcbe6819410.jpg,Found
1532,6054.,FITTINGS COUPLER 6054,https://image.made-in-china.com/2f0j00oAdikLbFpCpe/C-Type-Iron-Brass-Pneumatic-Couplers-Quick-Release-Coupling-Pipe-Connect-Hydraulic-Air-Fitting-Quick-Connect-Air-Hose-Fittings.webp,Found
1533,60547,MCB 32A  POWER SHIELD STANDARD 60547,https://preview.qiantucdn.com/agency/dt/xsj/0t/47/3p.jpg!w1024_new_small_1,Found
1534,6056.,FITTINGS COUPLER 6056,https://image.made-in-china.com/2f0j00oAdikLbFpCpe/C-Type-Iron-Brass-Pneumatic-Couplers-Quick-Release-Coupling-Pipe-Connect-Hydraulic-Air-Fitting-Quick-Connect-Air-Hose-Fittings.webp,Found
1535,6058.,FITTINGS COUPLER 6058,https://wallpaperaccess.com/full/105112.jpg,Found
1536,607B,GROOV BALL BEARING 607-1619P11239,https://www.nbcbearings.com/wp-content/uploads/2024/07/Single-Row-Deep-Groove-scaled.webp,Found
1537,608,B133a Thread Bolt Marble Cutter,https://2.bp.blogspot.com/-n2uYm34kw50/W6DT3B2rscI/AAAAAAABO_8/uFLGosUfySULgl0zF0lFA9BJFA_W4SgzgCLcBGAs/s800/talk6_pink_woman.png,Found
1538,608B,1619P13103  GROOVE BALL BEARING 608,https://image.made-in-china.com/2f0j00SKrtVjJGLvpF/Original-SKF-NSK-NTN-Deep-Groove-Ball-Bearing-608-Bearing.webp,Found
1539,610,Spary Gun 1 Pint Ss Cup,,Not Found
1540,6-100,Spanner for Ag6-100 Bullet,https://5.imimg.com/data5/SELLER/Default/2021/4/IF/WY/BZ/86915491/ag-6-100-pro-golden-bullet-angle-grinder-1000x1000.jpg,Found
1541,611.,Sai Welding Machine Arc 200zx7,https://5.imimg.com/data5/SELLER/Default/2025/11/564195387/DT/MB/CS/84288926/sai-arc-zx7-200-inverter-welding-machine-1000x1000.jpg,Found
1542,611/MMA200,SAI WELD MACHINE ARC200 MMA IGBT (2018056702),,Not Found
1543,611MIG160E,SAI WELDING MACHINE NIG 160E ROUND,https://ppmsuppliesrtb.co.za/wp-content/uploads/2024/01/PhotoRoom-005-20240119-125030.jpg,Found
1544,611MIG205,SAI WELDING MACHINE MIG205 SYN ROUND,https://suneuropa.com/31847-large_default/universal-inverter-welding-machine-uni-mig-205-syn-gude-20083.jpg,Found
1545,611MINI/IGBT,SAI WELDING MACHINE ARC200 IGBT MINI,https://blogger.googleusercontent.com/img/b/R29vZ2xl/AVvXsEiStute3gypzxYiQN3xl2TvRH_03khlA5arMQqPHKcSIyRdFW_KFGad5EW2vScqoxEj1shER8EKjTXVdjFGp2fzll8M5h3X77LBKUtoEn-o-nOCkD1ir7yyqJeGKXJcsMBAyMxWFz5vl8PcyYSiE3F1iOm1G9WvnwF8-DLhutf0UFgzwuB5dGUslLpa/s1600/shweta-tiwari-cleavage-red-saree-hot-actress-+(1).jpg,Found
1546,611MINI200,SAI WELD MACHINE MINI 200 SMALL,https://5.imimg.com/data5/KA/EB/MY-1036069/sai-arc-200-single-phase-welding-machine-500x500.jpg,Found
1547,611TG,SAIWELD MACHINE TIG200 WS IGBT,https://image.made-in-china.com/2f0j00QEfGgTjHvmbN/Ws-200-DC-Inverter-Pulse-TIG-MMA-Welder-IGBT-Welding-Machine.jpg,Found
1548,612,Chainsaw Himax 58 Cc New,https://www.liontoolsmart.com/cdn/shop/articles/gasoline_chainsaw-himax.jpg?v=1732622305,Found
1549,614,Self Support Ds Ladder 03,http://www.bathla.com/cdn/shop/files/DS3000-FeatureCard_1200x1200.jpg?v=1760698961,Found
1550,61849,SCREW DRIVER,https://www.moleavon.co.uk/images/products/large/32642.jpg,Found
1551,61851,SCREW DRIVER,,Not Found
1552,621.,BACK LIFT LADDER 6,https://www.publicdomainpictures.net/pictures/560000/velka/birds-and-flowers-art-background-1703095990H3C.jpg,Found
1553,621.,BACK LIFT LADDER 6,https://cdn.pixelbin.io/v2/plain-cake-860195/netmed/wrkr/products/assets/item/free/original/KhNCDItjtj-neurocap_od_capsule_10s_0_0.jpg,Found
1554,621.,BACK LIFT LADDER 6,https://5.imimg.com/data5/EF/LG/ZO/SELLER-81475972/alco-back-lift-ladder-500x500.jpg,Found
1555,621.,BACK LIFT LADDER 6,https://5.imimg.com/data5/EF/LG/ZO/SELLER-81475972/alco-back-lift-ladder-500x500.jpg,Found
1556,621.,BACK LIFT LADDER 6,https://5.imimg.com/data5/EF/LG/ZO/SELLER-81475972/alco-back-lift-ladder-500x500.jpg,Found
1557,62237,TOLSEN LUGGAGE ROPE 24 INCH,https://lzd-img-global.slatic.net/g/p/318c96afc50ebadd7dfd094fd33dc418.jpg_720x720q80.jpg_.webp,Found
1558,62239,TOLSEN LAGGAGE ROPE 48 INCH,https://lzd-img-global.slatic.net/g/p/bf66e04ef5c64488032fe2d21dd68c72.jpg_720x720q80.jpg_.webp,Found
1559,62240,TOLSEN LUGGAGE ROPE 72 INCH,https://faebertools.com/wp-content/uploads/2024/01/TLSN-62240-1.jpg,Found
1560,62269,SCREW DRIVER STAR 300,https://gd-hbimg.huaban.com/4e5f18f3a020ffcfc9ddd0dc1bc68a2b35f8c634bd96-1GUWbR_fw658,Found
1561,62661,TOLSEN DENT PULLER MIRROR PULLER SINGLE 62661,,Not Found
1562,62662,TOLSEN DENT PULLER MIRROR PULLER DOUBLE,https://tolsen.com.ph/cdn/shop/products/62661.jpg?v=1696388869,Found
1563,62663,TOLSEN  DENT PULLER  MIRROR PULLER DOUBLE,https://tolsen.com.ph/cdn/shop/products/62661.jpg?v=1696388869,Found
1564,62683,TOLSEN STEEL LADDER 3 STEP,http://nimzpowertools.co.ke/wp-content/uploads/2024/08/STEEL-LADDER-1-1.jpg,Found
1565,62684,TOLSEN STEEL LADDER 4 STEP,https://nimzpowertools.co.ke/wp-content/uploads/2024/08/STEEL-LADDER.jpg,Found
1566,62685,TOLSEN STEEL LADDER 5 STEP,https://img.lazcdn.com/g/p/44e8f81e680bd242939b75ba2ab349c5.jpg_720x720q80.jpg,Found
1567,62685,TOLSEN STEEL LADDER 5 STEP,,Not Found
1568,627.,FREEMANS 50MTR TAPE,https://m.media-amazon.com/images/I/81JPiGOHtbL._AC_.jpg,Found
1569,6304.,NIPPLE AND NUT 8MM IMPO,,Not Found
1570,631/1,TCT BLADE 5X30T BULLET,,Not Found
1571,631/1,TCT BLADE 5X30T BULLET,,Not Found
1572,631/1,TCT BLADE 5X30T BULLET,https://5.imimg.com/data5/SELLER/Default/2024/6/430117520/FW/RD/WI/17043459/5x30t-professional-tct-blade-1000x1000.png,Found
1573,633,COTTON MASK GREEN,https://5.imimg.com/data5/SELLER/Default/2021/5/EA/QD/PJ/4413463/green-cotton-mask-1000x1000.jpg,Found
1574,634.,RIVERT 3.2*12.5,https://img.drz.lazcdn.com/static/lk/p/bd5ee7b9835c049fef8d97c838364207.jpg_720x720q80.jpg,Found
1575,634.,RIVERT 3.2*12.5,https://img.drz.lazcdn.com/static/lk/p/bd5ee7b9835c049fef8d97c838364207.jpg_720x720q80.jpg,Found
1576,6348SPX,IMPACT SCREWDRIVER SET,https://i5.walmartimages.com/seo/1-2-Inch-Manual-Impact-Driver-Set_61403570-b569-4d09-aef7-33ca8da27c2b.0597506af3e1d42f65c36e9fe6f1e334.jpeg,Found
1577,638.,HACKSAW BLADE12*1/2 ESTMAN,https://cdn11.bigcommerce.com/s-frk94b8pga/products/337/images/1625/hacksawblade__08196.1528971077.500.750.jpg?c=2,Found
1578,6385006,BRUSH HOLDER 638500-6,http://khmtools.com.ph/cdn/shop/files/makita_bfbf5f17-b7a1-403d-adc5-64fc68ab4ea8.png?v=1727661626,Found
1579,640,"C CLAMP  4""",https://i5.walmartimages.com/seo/Hyper-Tough-4-inch-C-clamp-Cast-Iron-Construction-Model-4026V_b2581894-34d4-445d-8769-8be78a7b1a3e.8b89edd50a8cba80d95c733d9e87587a.jpeg,Found
1580,643650,643650-4 HOLDER CAP FOR  LS1040 BOX,https://i.ebayimg.com/images/g/ReQAAOSwy8VfpWx2/s-l1600.jpg,Found
1581,6437500,643750-0 BRUSH HOLDER CAP MT410,https://cdn11.bigcommerce.com/s-yseiijbnqg/products/11049/images/47052/643750-0_C__30483.1725481581.500.750.jpg?c=2,Found
1582,6437500,643750-0 BRUSH HOLDER CAP MT410,https://cdn11.bigcommerce.com/s-yseiijbnqg/products/11049/images/47052/643750-0_C__30483.1725481581.500.750.jpg?c=2,Found
1583,65010,TOLSEN GEAR PULLER 3 JAW 6 INCH 65010,https://faebertools.com/wp-content/uploads/2024/01/TLSN-65010-1.jpg,Found
1584,65011,65011 GEAR PULLER 3 JAW 4 INCH,https://faebertools.com/wp-content/uploads/2024/01/TLSN-65011-1.jpg,Found
1585,65012,TOLSEN  GEAR PULLER 3 JAW 6 INCH,https://image.fmkorea.com/files/attach/new2/20220924/5665468/4070689020/5046156641/99b983892094b5c6d2fc3736e15da7d1.png,Found
1586,65012,TOLSEN  GEAR PULLER 3 JAW 6 INCH,https://ds-cdn.dubaistore.com/static/images/site-12182/img_7624521569675410843_TLSN-65012_1_L.jpg,Found
1587,65013,TOLSEN  GEAR PULLER 3 JAW 8 INCH 65013,https://digishi.net/33156-large_default/tolsen-3-jaw-gear-puller-8-inch.jpg,Found
1588,651941,651941-9   SWITCH FOR LS1040,https://www.lsengineers.co.uk/media/catalog/product/cache/bc91e262b74b816eeee903c912c9e009/6/5/651941-9.jpg,Found
1589,651941,651941-9   SWITCH FOR LS1040,https://www.lsengineers.co.uk/media/catalog/product/cache/bc91e262b74b816eeee903c912c9e009/6/5/651941-9.jpg,Found
1590,651947,SWITCH FOR 9526651947,https://d2gfz7wkiigkmv.cloudfront.net/pickin/2/1/2/Up3EY4HKSMuFtYz-tyC33g,Found
1591,65200.,TOLSEN GREESE GUN 500G,https://ph-test-11.slatic.net/original/5a37f2542d77563c2254c3f259a51e81.jpg,Found
1592,653.,FIELD GDC120-121 1619P08330,https://bgitoolsandmachines.com/wp-content/uploads/2023/11/Field-For-GDC-120-Marble-Cutter.webp,Found
1593,65390,TOLSEN BOTTLE JACK 2T,https://www.tolsentools.com/wp-content/uploads/2024/08/BOTTLE-JACK-600x600.jpg,Found
1594,65392,TOLSEN BOTTLE JACK 4 T,https://faebertools.com/wp-content/uploads/2024/01/TLSN-65404-1.jpg,Found
1595,65393,TOLSEN BOTTLE JACK 6T 65393,https://tolsen.com.ph/cdn/shop/products/9c39cbe321eee14cd0a7203cacd139cc.jpg?v=1682759999&width=1100,Found
1596,65393,TOLSEN BOTTLE JACK 6T 65393,https://tolsen.com.ph/cdn/shop/products/9c39cbe321eee14cd0a7203cacd139cc.jpg?v=1682759999&width=1100,Found
1597,65395,TOLSEN BOTTLE JACK 10 TON,,Not Found
1598,65397,TOLSEN BOTTLE JACK 20 T,https://tolsentoolsusa.com/wp-content/uploads/20tonb.jpg,Found
1599,654.,Armature POS 803Set 1619p10368,https://down-id.img.susercontent.com/file/sg-11134201-7rcek-m66ebifgss0a98,Found
1600,654.,Armature POS 803Set 1619p10368,https://down-id.img.susercontent.com/file/sg-11134201-7rcek-m66ebifgss0a98,Found
1601,654.,Armature POS 803Set 1619p10368,https://down-id.img.susercontent.com/file/sg-11134201-7rcek-m66ebifgss0a98,Found
1602,65421,65421 TOLSEN BOTTLE JACK 32 TON,https://faebertools.com/wp-content/uploads/2024/01/TLSN-65421-1.jpg,Found
1603,65422,65422 TOLSEN BOTTLE JACK 50 TON,https://www.tolsentoolsusa.com/wp-content/uploads/65421-65422-600x890.png,Found
1604,65462,TOLSEN  HYDROLIC TROLLEY JACK 2 TON,https://i5.walmartimages.com/seo/Big-Red-2-Ton-Hydraulic-Trolley-Service-Floor-Jack-for-Car-Lift-Red-W8202R_7180df43-5ba1-4acc-9c9d-6022074393a7.4fbd35d9d98a148d2ad2ef761938bbf3.jpeg,Found
1605,65463,TOLSEN  HYDROLIC TROLLY JACK 3 TON,,Not Found
1606,655,Armature 1604010626,https://rukminim2.flixcart.com/image/416/416/l0cr4i80/angle-grinder/k/3/a/armature-professional-angle-grinder-gws600-1604010626-bosch-original-imagc5hzrgavszpc.jpeg?q=70,Found
1607,656,Field 1604220328,https://down-my.img.susercontent.com/file/4f91a46f3997b0b8831264d579eb87f3,Found
1608,658,Carbon Brush Set 1607014171,https://i.pinimg.com/736x/a2/e8/5d/a2e85dd6eca45ce7fed6a6b6ff17fa95.jpg,Found
1609,65LS,BIT LOCK,https://learn.microsoft.com/en-us/windows/security/operating-system-security/data-protection/bitlocker/images/preboot-pin.png,Found
1610,660.,SDSPLUS HAMMER DRILL BIT 6*160 2608680263,https://safetystore.ae/wp-content/uploads/2022/12/Untitled-5.png,Found
1611,66005,66005 TELES PICK UP TOOL SET LIGHT+GLASS,https://www.tolsentoolsusa.com/wp-content/uploads/66005-1200x800.jpg,Found
1612,661.,6*210 bosch drill bit,https://media.diy.com/is/image/Kingfisher/bosch-sds-plus-masonry-drill-bit-dia-6mm-l-210mm~6949509223326_02c_bq?$MOB_PREV$&$width=768&$height=768,Found
1613,661244,GEAR CASE DW801ORG,https://ultimamac.com/Uploads/products/spares/562304-01_P1.webp,Found
1614,662.,7-110 bosch drill bit,https://i.pinimg.com/originals/3e/39/24/3e3924fa9f95c22dc3da64c8553fc2d5.jpg,Found
1615,664.,SDSPLUS HAMMER DRILL BIT 8*110 2608680269,https://img.lojadomecanico.com.br/IMAGENS/37/778/123449/1728498198166.JPG,Found
1616,667.,SDSPLUS HAMMER DRILL BIT 8*260 (272),https://pumpstech.com.fj/wp-content/uploads/2023/09/FHDS-116450.jpg,Found
1617,668,SDSPLUS HAMMER DRILL BIT10*160,https://www.totaltools.com.au/media/catalog/product/9/2/92328-milwaukee-10-x-160mm-4-cutter-sds-plus-tct-hammer-drill-bit-mx4-4932352026-HERO.png?optimize=medium&bg-color=255,Found
1618,669.,2608680274  10*150 MM DRILL BIT BOSCH,http://www.dealsplant.com/cdn/shop/files/bosch-2608680274-sds-plus-10-x-150-x-210mm-hammer-drill-bit-1.jpg?v=1693920179,Found
1619,672.,SDSPLUS HAMMER DRILL BIT 12*210,https://www.totaltools.com.au/media/catalog/product/9/2/92333-milwaukee-12-x-210mm-4-cutter-sds-plus-tct-hammer-drill-bit-mx4-4932352032-HERO.png?optimize=medium&bg-color=255,Found
1620,675.,2608644274  Cir Saw Blade Ec Wo 110*20 bosch,https://5.imimg.com/data5/SELLER/Default/2026/1/574191329/OM/QX/QB/14133730/bosch-2608644274-circular-saw-blade-ec-wo-h-110x20-40-500x500.jpg,Found
1621,677.,BOSCH TCT BLADE 5 INCH 40 TEETH 2608644275,https://5.imimg.com/data5/SELLER/Default/2026/1/574270653/HQ/RG/ZE/14133730/circular-saw-blade-5-x-40-bosch-2608644275-500x500.png,Found
1622,677.,BOSCH TCT BLADE 5 INCH 40 TEETH 2608644275,https://5.imimg.com/data5/SELLER/Default/2026/1/574270653/HQ/RG/ZE/14133730/circular-saw-blade-5-x-40-bosch-2608644275-500x500.png,Found
1623,677.,BOSCH TCT BLADE 5 INCH 40 TEETH 2608644275,https://5.imimg.com/data5/SELLER/Default/2026/1/574270653/HQ/RG/ZE/14133730/circular-saw-blade-5-x-40-bosch-2608644275-500x500.png,Found
1624,678.,Cir Saw Blade 180*25 2608644278,,Not Found
1625,68.,FLAP WHEEL 4INCH 80,https://image.made-in-china.com/2f0j00GRLosiPJfNqc/4inch-Flap-Wheel-Grit-60-80-Calcined-Abrasive-Aluminium-Oxide-Flap-Disc.jpg,Found
1626,68.,FLAP WHEEL 4INCH 80,https://www.meiban-online.com/img/goods/5/4250430_0.jpg,Found
1627,68.,FLAP WHEEL 4INCH 80,https://m.media-amazon.com/images/I/81G5GBIFXEL._AC_.jpg,Found
1628,68/120,FLAP WHEEL 4 INCH 120,https://ecommerce.fusionqb.com/images/thumbs/0000236_sobar-magic-red-flap-wheel-4-inch-x-120.jpeg,Found
1629,680,Cir Saw Blade Mm Mu 305*25,https://makita.ae/wp-content/uploads/B-02808_C1C0-600x592.jpg,Found
1630,681.,2608680273 SDS HAMMER DRILL BIT,https://down-ph.img.susercontent.com/file/383b3e30535d7f02a98ba6600d19142f,Found
1631,683.,Diamond Cutting Blade Standard  for 12,http://directdiamondblades.com.au/cdn/shop/files/IMG-20240516-WA0023.jpg?v=1727847650,Found
1632,686,SCREWDRIVER BLADE PH2/65,https://cdn.shopify.com/s/files/1/0670/9601/9162/files/blog-what-are-the-design-trends-for-checkered-tiles-03-2000x1300.jpg?v=1722228389,Found
1633,687.,BOSCH GOLDEN STAR BIT 2608521041,https://down-my.img.susercontent.com/file/afac5af49a90dcf9ae567ef5d0f9c08b,Found
1634,687.,BOSCH GOLDEN STAR BIT 2608521041,https://down-my.img.susercontent.com/file/80b129188652485ede6199b568a20029,Found
1635,69/120,BULLET FLAP WHEEL 120,https://5.imimg.com/data5/SELLER/Default/2021/4/LS/CG/IU/86915491/4-inch-a120-golden-bullet-premium-flap-wheel-1000x1000.jpg,Found
1636,69/80,BULLET FLAP WHEEL 80,https://5.imimg.com/data5/SELLER/Default/2024/12/477162573/WC/AT/WL/199793/golden-bullet-premium-flap-wheel-500x500.jpg,Found
1637,69/80,BULLET FLAP WHEEL 80,https://channel.vcmedia.vn/prupload/439/2017/01/img20170115215316777.jpg,Found
1638,6901.,BRASS ADAPTER 1/8-3/8 INCH,https://cdn4.volusion.store/cxfuw-cbfqa/v/vspfiles/photos/202X3-2.jpg,Found
1639,6902,BRASS ADAPTER 1/4*1/8,https://m.media-amazon.com/images/I/61DZjTUUVQL.jpg,Found
1640,6903.,BRASS ADAPTER 1/8-3/8 INCH,https://i5.walmartimages.com/seo/LTWFITTING-Brass-Fitting-Coupler-Adapter-1-8-Inch-Hose-Barb-x-1-8-Inch-Female-NPT-Pack-of-10_b690c0ae-2e2c-4f6a-9b43-8e5b2a8fa8e8.1e8579b242e0d4c3807035b745edafdd.jpeg,Found
1641,69031B,STANLEY SOLDERING IRON 30W/220W ROUND,https://buysupplies.in/cdn/shop/products/product041019131027PM69-031B_1024x1024.jpg?v=1667823847,Found
1642,6904.,BRASS ADAPTER 1/8 INCH 1/4,https://cdn.shopify.com/s/files/1/0461/8380/9175/files/61iPE9g7raL.jpg?v=1739272316,Found
1643,6905.,BRASS ADAPTER 1/4 INCH *1/4,https://delivery.youmetown.com/img/goods/L/4901080555816_l.jpg,Found
1644,6907.,BRASS ADAPTER 3/8*1/4 INCH,https://m.media-amazon.com/images/I/61CrPOZjT8L._AC_SL1500_.jpg,Found
1645,6908.,BRASS ADAPTER 3/8*3/8 INCH,https://shop.prmfiltration.com/cdn/shop/products/brassadapternobk_25ddc1cc-5360-4c85-b075-913190e1cf37_1024x.jpg?v=1586995876,Found
1646,6909.,BRASS ADAPTER 3/8-1/2 INCH,https://i5.walmartimages.com/seo/1-2-3-8-Reducer-Faucet-Adapter-Compression-Brass-Pipe-Fitting-Male-Supply-Line-RV-Kitchen-Plumbing-Water-Hose-Connector-Rubber-Washer-2-Pack_b4d36f62-1a5f-4c60-b279-a3033ac0200f.e0a1caff4954e5761a32e341f096ead5.jpeg,Found
1647,691.,TCT BLADE 4*30T BULLET,https://aksdonline.in/wp-content/uploads/2024/01/IMG_20240506_230743220.jpg,Found
1648,691.,TCT BLADE 4*30T BULLET,https://aksdonline.in/wp-content/uploads/2024/01/IMG_20240506_230743220.jpg,Found
1649,691.,TCT BLADE 4*30T BULLET,https://aksdonline.in/wp-content/uploads/2024/01/IMG_20240506_230743220.jpg,Found
1650,6910.,BRASS ADAPTER M-1/4 INCH 3/8,,Not Found
1651,696B,BEARING 696,http://www.bikeparts.co.uk/cdn/shop/files/cb-022.jpg?crop=center&height=1200&v=1739963556&width=1200,Found
1652,696B,BEARING 696,http://www.bikeparts.co.uk/cdn/shop/files/cb-022.jpg?crop=center&height=1200&v=1739963556&width=1200,Found
1653,698,Angle Grinter Green 101 4,https://p7.itc.cn/q_70/images03/20221114/d480249143a14a3bafc2b4d3cb6be190.png,Found
1654,698VVC2,BALL BEARING,https://www.nbcbearings.com/wp-content/uploads/2024/07/Single-Row-Deep-Groove-scaled.webp,Found
1655,698VVC2,BALL BEARING,https://www.nbcbearings.com/wp-content/uploads/2024/07/Single-Row-Deep-Groove-scaled.webp,Found
1656,6AIN,INDICATER,,Not Found
1657,6AMPS,ONE WAY SWITCH 6 AMP,https://5.imimg.com/data5/SELLER/Default/2023/1/SP/YJ/CU/17246642/6-amp-1-way-switch-500x500.JPG,Found
1658,6AMPS,ONE WAY SWITCH 6 AMP,https://5.imimg.com/data5/SELLER/Default/2023/1/SP/YJ/CU/17246642/6-amp-1-way-switch-500x500.JPG,Found
1659,6AMPST,6AMP SOCKET,https://5.imimg.com/data5/SELLER/Default/2021/6/IZ/MX/FR/14973939/6-amp-socket-500x500.jpg,Found
1660,6AMPST,6AMP SOCKET,https://5.imimg.com/data5/SELLER/Default/2021/6/IZ/MX/FR/14973939/6-amp-socket-500x500.jpg,Found
1661,6CHS,METRO HSS 6PCS COUNTER SHANK SET 4241,https://image.made-in-china.com/2f0j00vlqRuCLIqact/6-PCS-High-Speed-Steel-HSS-4241-1-4-Inch-Hex-Shank-Screw-Thread-Metric-Tap-Drill-Bit-M3-4-5-6-8-10-Combination-Drill-and-Tap-Set.jpg,Found
1662,6DP120,"VELCRO PAPPER 6""120",https://m.media-amazon.com/images/I/513f9qviIFL.jpg,Found
1663,6DP180,"VELCRO PAPPER 6""180",https://i.etsystatic.com/44800909/r/il/68d7c4/6555763149/il_1080xN.6555763149_jum4.jpg,Found
1664,6DP80,"VELCRO PAPPER 6""80",https://d3docvychcku54.cloudfront.net/media/catalog/product/cache/2146b8d659eefafb6b8f54f5408110bf/v/e/velcro_paper.1png.jpg,Found
1665,6LSS,SELF SUPPORT DOUBLE SIDE LADDER 06',https://img3.exportersindia.com/product_images/bc-full/2023/4/11985618/youngman-aluminum-double-side-self-supporting-1682486520-6866645.png,Found
1666,6LSS,SELF SUPPORT DOUBLE SIDE LADDER 06',https://img3.exportersindia.com/product_images/bc-full/2023/4/11985618/youngman-aluminum-double-side-self-supporting-1682486520-6866645.png,Found
1667,6LSS/SS,SELF SUPPORT SUPER  STRONG LADDER 6',https://alcoladders.in/images/shop/selfSupportingStrongLadder/2.jpg,Found
1668,6LSS/SS,SELF SUPPORT SUPER  STRONG LADDER 6',,Not Found
1669,6TRBS,K EXTRA POWER TRIMMER BIT SET,https://m.media-amazon.com/images/I/61IXBEXfNcL.jpg,Found
1670,6TRBS/1,K EXTRA POWER TRIMMER BIT,https://ei-ph.rdtcdn.com/videos/202302/26/426264491/original/(m=eaSaaTbWx)(mh=-IRSFT0x-K5h2yzs)0.jpg,Found
1671,6X450MTR,6MM ALUMINIUM TWIN 450 MTR,https://find-model.jp/insta-lab/wp-content/uploads/2022/08/d1d2dfbe024024676fcc4e6fa96fff05-2.png,Found
1672,7/22,7/22 ALLUMINIUM VIR,https://www.creativecertificates.com/wp-content/uploads/2011/06/certificate-of-appreciation.jpg,Found
1673,70001,70001 1200MM GATI400 IS BROWN FAN GOLD MEDAL,https://m.media-amazon.com/images/I/41Ld-A57SxL._SL1200_.jpg,Found
1674,70004,WALL FAN DYNO -GOLDMEDEL 70004,https://5.imimg.com/data5/SELLER/Default/2025/8/536733300/CQ/BB/KD/249242327/goldmedal-dyno-pro-wall-fan-1000x1000.jpg,Found
1675,70004,WALL FAN DYNO -GOLDMEDEL 70004,https://5.imimg.com/data5/SELLER/Default/2025/8/536733300/CQ/BB/KD/249242327/goldmedal-dyno-pro-wall-fan-1000x1000.jpg,Found
1676,70009,70009 E/FAN 150MM,"https://m.media-amazon.com/images/S/aplus-media-library-service-media/9c4a781e-1f74-45be-b39a-62cd6ac51fff.__CR0,0,970,600_PT0_SX970_V1___.png",Found
1677,70015,70015 FAN 1200MM BLUE GOLDMEDAL,,Not Found
1678,70029,PEDESTAL FAN GOLDMEDEL 16 INCH  70029,https://5.imimg.com/data5/SELLER/Default/2025/5/513687651/FX/XZ/NP/246421209/goldmedal-erica-pedestal-fan-500x500.jpeg,Found
1679,70038,GOLDMEDAL FAN 48 INCH BROWN AND IVERY,https://m.media-amazon.com/images/I/41wnJX74QrL._SL1200_.jpg,Found
1680,70038,GOLDMEDAL FAN 48 INCH BROWN AND IVERY,https://cdn.imgchest.com/files/wye3cb5dmn4.jpg,Found
1681,702,Rotery Hammer Machine Blue 20 Mm,https://m.media-amazon.com/images/I/81YHGTejeDL._SL1500_.jpg,Found
1682,708,INSULATION TAP ALL COLOUR,https://cpc.farnell.com/productimages/large/en_GB/CB17598-40.jpg,Found
1683,708,INSULATION TAP ALL COLOUR,https://cpc.farnell.com/productimages/large/en_GB/CB17598-40.jpg,Found
1684,708,INSULATION TAP ALL COLOUR,https://cpc.farnell.com/productimages/large/en_GB/CB17598-40.jpg,Found
1685,708.,30427 INSULATIONNNN TAPE [WR 7632]-GM,https://down-id.img.susercontent.com/file/sg-11134201-23010-675urpkfsumvee,Found
1686,708.,30427 INSULATIONNNN TAPE [WR 7632]-GM,https://images-cdn.ubuy.co.in/6431e95454425c6e637cc4a3-byeucuk-30427-x-ray-x-ray-identification.jpg,Found
1687,708.,30427 INSULATIONNNN TAPE [WR 7632]-GM,https://cdn-gallery.skima.jp/gallery/191/767/191767/1ec7ede3d62b59fb3c99462b97c7352a-20200828102751.jpeg,Found
1688,708RBL,INSULATION TAPE RBL,http://voltampz.com/cdn/shop/files/insulationtape_ryb.png?v=1695101513,Found
1689,708RBL,INSULATION TAPE RBL,http://voltampz.com/cdn/shop/files/insulationtape_ryb.png?v=1695101513,Found
1690,708RBL,INSULATION TAPE RBL,https://i.pinimg.com/736x/e5/80/35/e58035b7cd9fc7c083b1100646cd95e5.jpg,Found
1691,709.,NICE CUT THIN SEGMENTED BLADE  YELLOW,https://5.imimg.com/data5/SELLER/Default/2024/3/399018557/VY/VX/UC/16338625/paints-500x500.jpeg,Found
1692,709.,NICE CUT THIN SEGMENTED BLADE  YELLOW,https://www.universaltoolskochi.com/thumb/450/450/uploads/Thin-Segmented-Tile-Cutter-Yellow.jpg,Found
1693,709/1,NICE CUT THIN SEGMENTED BLADE  YELLOW,https://www.universaltoolskochi.com/thumb/450/450/uploads/Thin-Segmented-Tile-Cutter-Yellow.jpg,Found
1694,709/1,NICE CUT THIN SEGMENTED BLADE  YELLOW,https://www.universaltoolskochi.com/uploads/Thin-Segmented-Tile-Cutter-Yellow.jpg,Found
1695,709X,"XTRA POWER CERAMIC BLADE 4"" SEG",https://unboxtools.com/wp-content/uploads/2025/11/72-Xtra-Power-4-Inch-Vacuum-Brazed-Blade-100Mm-Glass-And-Ceramic-2.jpg,Found
1696,712/1,Cutting Wheel Bosch,https://img2.exportersindia.com/product_images/bc-full/2022/9/1198546/bosch-cutting-wheel-1662354174-219204.png,Found
1697,71669,STANLEY WATER PUMP PLIER B*T10,https://aegonpower.com/cdn/shop/files/stanley-10-water-pump4.jpg?v=1704101985&width=1206,Found
1698,720,Holder Uday,,Not Found
1699,725,Combination Spanners 6,https://nabiltools.com/wp-content/uploads/2025/03/spanners-6-1.jpg,Found
1700,726,Combination Spanner 7,https://files.ekmcdn.com/altecshop/images/sealey-7mm-combination-spanner-s01007-1-73-(2)-25433-p.png?v=1,Found
1701,727,Combination Spanner 8,https://m.media-amazon.com/images/I/61VIOEHu7fL._AC_.jpg,Found
1702,728,Combination Spanners 9,https://www.kincrome.com.au/images/ProductImages/C18C.jpeg,Found
1703,730,Combination Spanners 11,https://www.kincrome.com.au/images/ProductImages/CM11C.jpeg,Found
1704,73190.,AIR WASHING GUN 1000ML 73190,https://down-ph.img.susercontent.com/file/ph-11134207-7r98s-lpah5kjhkkbtac,Found
1705,73191,73191 TOLSEN AIR WASHING GUN 1000ML,https://faebertools.com/wp-content/uploads/2024/01/TLSN-73191-1.jpg,Found
1706,733,Combination Spanners 15,,Not Found
1707,734,Combination Spanner18,https://www.tubeampdoctor.com/media/image/1d/cc/fe/WZ-MS-18-Maulringschluessel-18mm-1.jpg,Found
1708,735,Combination Spanners 19,,Not Found
1709,736,Combination Spanners 20,https://paulimot-sw6.b-cdn.net/media/b7/8c/5e/1672829248/000001165901paulimot_4932471528_Milwaukee_MAX_BITE_Ringmaulschluessel_20_mm_1.jpg?ts=1672829248,Found
1710,738,Combination Spanners 22,https://totaltoolsindia.in/wp-content/uploads/2024/11/TCSPA221.png,Found
1711,739,Combination Spanners 23,https://www.bgs-shop.de/out/pictures/master/product/1/30573.jpg,Found
1712,741,Combination Spanners25,https://m.media-amazon.com/images/I/91IzWeextUL._AC_SL1500_.jpg,Found
1713,744,Combination Spanners 28,https://jawad-alsaffar.com/shop/43924-large_default/combination-spanner-28-mm.jpg,Found
1714,749.,WOOD FILL 50 GM,https://5.imimg.com/data5/IOS/Default/2021/11/LT/NY/TD/10248757/product-jpeg-1000x1000.png,Found
1715,749.,WOOD FILL 50 GM,,Not Found
1716,749.,WOOD FILL 50 GM,https://5.imimg.com/data5/IOS/Default/2021/11/LT/NY/TD/10248757/product-jpeg-1000x1000.png,Found
1717,75,DISC PAPER 120 BULLET,https://tshop.r10s.jp/auc-towajapan0615/cabinet/03195642/imgrc0114107706.jpg?fitin=300:300,Found
1718,750.,WOOD FILL 20GM,https://www.badmintonplaza.com/images/MACH-3JR-WDT-B.jpg,Found
1719,750.,WOOD FILL 20GM,https://www.shutterstock.com/image-illustration/kirov-russia-november-18-2021-260nw-2076696820.jpg,Found
1720,750.,WOOD FILL 20GM,https://5.imimg.com/data5/SELLER/Default/2025/6/521614090/XR/BW/XC/92312454/20gm-eagle-bond-9904-gd-cyanoacrylate-adhesive-1000x1000.jpg,Found
1721,751.,Fevicol Sh 125g,https://www.garnerstationery.com/wp-content/uploads/2023/06/Fevicol-SH-125gm.jpg,Found
1722,751.,Fevicol Sh 125g,https://www.garnerstationery.com/wp-content/uploads/2023/06/Fevicol-SH-125gm.jpg,Found
1723,751.,Fevicol Sh 125g,https://www.daylight-law.jp/inheritance/wp-content/uploads/2023/02/kyugyokeisan20220213-55.jpg,Found
1724,752.,FEVICOL SH250 GM,https://s3.amazonaws.com/s3.timetoast.com/public/uploads/photos/13186949/18th-amendment.jpg,Found
1725,752.,FEVICOL SH250 GM,,Not Found
1726,753.,FEVICOL SH 500GM,https://5.imimg.com/data5/SELLER/Default/2022/1/VU/EX/QD/131104850/fevicol-sh-500-gm-synthetic-resin-adhesive-1000x1000.jpg,Found
1727,753.,FEVICOL SH 500GM,,Not Found
1728,753/1,FEVICOL SH 1KG,https://i4.kurocore.com/i/lg/20230501032010/107688797-0.jpg,Found
1729,753/1,FEVICOL SH 1KG,,Not Found
1730,75625,TOLSEN WOOD DRILL BIT SET 5PCS,https://tools.com.bd/public/storage/product/tolsen-5pcs-wood-drill-bits-set-66657a0b3b635.jpg,Found
1731,75625,TOLSEN WOOD DRILL BIT SET 5PCS,https://tolsen.com.ph/cdn/shop/products/75625.jpg?v=1559891073&width=1426,Found
1732,75625,TOLSEN WOOD DRILL BIT SET 5PCS,https://tools.com.bd/public/storage/product/tolsen-5pcs-wood-drill-bits-set-66657a0b3b635.jpg,Found
1733,75626,TOLSEN WOOD DRILL BIT SET 8 PCS,https://www.tolsentools.com/wp-content/uploads/2017/03/8PCS-WOOD-DRILL-BITS-SET.jpg,Found
1734,75690,75690 TOLSEN  GLASS DRILL BIT 3MM,https://tolsen.com.ph/cdn/shop/products/75690.jpg?v=1557198640&width=1946,Found
1735,75692,75692  TOLSEN GLASS BIT 5MM,https://image.ceneostatic.pl/data/products/134345245/i-tolsen-wiertlo-do-szkla-i-ceramiki-5mm-75692.jpg,Found
1736,75693,TOLSEN GLASS DRILL BIT  6MM,https://trademaster.au/cdn/shop/files/75693.6mm.TILE_.1.png?v=1683965471,Found
1737,75693,TOLSEN GLASS DRILL BIT  6MM,,Not Found
1738,75693,TOLSEN GLASS DRILL BIT  6MM,https://trademaster.au/cdn/shop/files/75693.6mm.TILE_.1.png?v=1683965471,Found
1739,75694,TOLSEN GLASS CORE BIT 7MM,https://i.ebayimg.com/images/g/iegAAeSwETpoJ1DX/s-l400.jpg,Found
1740,75695,75695 TOLSEN GLASS DRILL BIT 8MM,https://vamjo.com/wp-content/uploads/2025/07/Glass-Drill-Bit-8mm-Tolsen75695-Photoroom.jpg,Found
1741,75696,TOLSEN GLASS CORE BIT 9MM,https://lzd-img-global.slatic.net/g/p/2d9713762540163da9c0083cf761be80.jpg_720x720q80.jpg,Found
1742,75699,TOLSEN GLASS CORE BIT 12MM,https://lzd-img-global.slatic.net/g/p/2d9713762540163da9c0083cf761be80.jpg_720x720q80.jpg,Found
1743,75700,75700 HOLE SAW 3/8,https://down-ph.img.susercontent.com/file/df59faa1c85a8ec1b9d9ff0283972885,Found
1744,75701,TOLSEN  ARBOR FOR HOLE SAW 16 INCH,https://www.upgradingoneself.com/wp-content/uploads/2022/07/Itachi-Uchiha-Quotes-1024x1024.jpg,Found
1745,75732,75732 TOLSEN HOLE SAW 32MM,https://www.tolsentools.com/wp-content/uploads/2016/01/BI-METAL-HOLE-SAW.jpg,Found
1746,75738,75738 HOLE SAW 38MM,,Not Found
1747,75751,TOLSEN HOLE SAW METAL 50,,Not Found
1748,75776,TOLSEN HOLE SAW 4INCH,https://thumb.ac-illust.com/a6/a687398eb768ed858a94b6d25f77da7c_t.jpeg,Found
1749,75802,TOLSEN HOLE SAW 4 INCH,https://cdn.shopify.com/s/files/1/0016/5032/7651/products/3dc1b6b22fea0978d4c50135f141211d_1024x1024.jpg?v=1658827635,Found
1750,75865,75865 TOLSEN HOLESAW SET 11 PCS,,Not Found
1751,759.,Spider Pad Lock Cp 65mm,https://5.imimg.com/data5/EE/DH/EC/SELLER-5699549/spider-pad-locks-1000x1000.jpg,Found
1752,761,Spider Pad Lock Cp 40mm,https://buildafricasa.co.za/wp-content/uploads/2025/11/PADLOCK-IRON-SHRD-CP-40mm-Q1.webp,Found
1753,762.,8MMPVSWALLPLUG50'S,https://lzd-img-global.slatic.net/g/p/3262dd01c109fe3f1570c9ca517a4349.jpg_720x720q80.jpg,Found
1754,762.,8MMPVSWALLPLUG50'S,https://i.pinimg.com/originals/f8/ef/39/f8ef392627aa69f69e73e68c00fc7521.jpg,Found
1755,762.,8MMPVSWALLPLUG50'S,https://lzd-img-global.slatic.net/g/p/3262dd01c109fe3f1570c9ca517a4349.jpg_720x720q80.jpg,Found
1756,762.,8MMPVSWALLPLUG50'S,https://lzd-img-global.slatic.net/g/p/3262dd01c109fe3f1570c9ca517a4349.jpg_720x720q80.jpg,Found
1757,763.,Fissure Screw Plug No 10,https://dms.mydukaan.io/original/webp/media/de7bf304-e0a5-4e6e-9b98-f672cdc20b3c.jpg,Found
1758,763.,Fissure Screw Plug No 10,https://dms.mydukaan.io/original/webp/media/de7bf304-e0a5-4e6e-9b98-f672cdc20b3c.jpg,Found
1759,764.,12MMPVSWALLPLUG20'S,https://img.lazcdn.com/g/p/09c0d49dabe27ecac5daae9f04249960.jpg_720x720q80.jpg,Found
1760,765.,MSEAL 90gm,https://images-cdn.ubuy.co.in/636eade38c4a211eee7cc807-pidilite-m-seal-regular-epoxy-compound.jpg,Found
1761,765.,MSEAL 90gm,https://5.imimg.com/data5/SELLER/Default/2025/11/558978373/VH/KW/NP/9789329/90gm-pidilite-m-seal-gp-epoxy-compound-1000x1000.jpg,Found
1762,765/250,M SEAL REGULAR 1 KG,https://5.imimg.com/data5/SELLER/Default/2025/9/543267674/XL/SZ/VR/223811503/m-seal-1000x1000.png,Found
1763,765/250,M SEAL REGULAR 1 KG,https://5.imimg.com/data5/SELLER/Default/2025/11/564020363/PD/IJ/RO/3714767/m-seal-1-kg-1000x1000.jpg,Found
1764,765/250,M SEAL REGULAR 1 KG,https://5.imimg.com/data5/SELLER/Default/2025/11/564020363/PD/IJ/RO/3714767/m-seal-1-kg-1000x1000.jpg,Found
1765,765/250,M SEAL REGULAR 1 KG,https://5.imimg.com/data5/SELLER/Default/2025/11/564020363/PD/IJ/RO/3714767/m-seal-1-kg-1000x1000.jpg,Found
1766,766,M-SEAL REGULAR 1KG,https://5.imimg.com/data5/SELLER/Default/2026/2/581390241/TW/SE/KS/53731878/pidilite-m-seal-regular-epoxy-compound-1kg-1000x1000.jpg,Found
1767,768,MS Wire Nails2X10,https://5.imimg.com/data5/UI/MR/MY-53693608/2-inch-ms-wire-nails-1000x1000.jpg,Found
1768,771,Panal Pins 25*17g,https://5.imimg.com/data5/SELLER/Default/2023/2/FP/CH/DR/62655407/17-gauge-panel-pin-500x500.jpg,Found
1769,77110,TOLSEN 5 PCS GRINDING MOUNDED STONE,https://fixit.com.mt/wp-content/uploads/2020/07/77110-Tolsen-Grinding-Mounted-Stone-Set-5pc-0420000145-600x600.jpg,Found
1770,773.,DRYWALL SCREW 6*50 PATTA,https://down-id.img.susercontent.com/file/83a5385d350155fa21d83d71e2d75cf3,Found
1771,773.,DRYWALL SCREW 6*50 PATTA,https://5.imimg.com/data5/SELLER/Default/2023/6/319105320/AH/WW/XB/38422949/patta-drywall-screw-1000x1000.jpg,Found
1772,773/1,DRY WALL SCREW 2 INCH *50MM STAR,https://blogger.googleusercontent.com/img/b/R29vZ2xl/AVvXsEhzj818yqA-09q9zDMxWOvkTPnG2FhBU7Kdy0SRCqQdEUpGE2FnjIloltT2i5IF0a5TlNTaY2ljjIfX5_DVVyB-qBg_pFpNsFxlCcKdy7Rx5rk8j2L9gOP47BSYmWuHlm90f1oDa4t6tyQ/s1600/frame_star_yoko.jpg,Found
1773,773/2,DRY WALL SCREW 2 1/2'',https://cdn11.bigcommerce.com/s-ej63tbl6io/products/8067/images/170679/3505228-main__39424.1741611314.386.513.jpg?c=1,Found
1774,773/2,DRY WALL SCREW 2 1/2'',,Not Found
1775,774.,DRY WALL SCREW 1 1/2,https://mobileimages.lowes.com/productimages/fb9a5bc8-f52c-4b33-bbe8-07905bf1ee71/05009213.jpg,Found
1776,774.,DRY WALL SCREW 1 1/2,https://images.thdstatic.com/productImages/b8cf37e5-9574-469b-9b7f-bbbfc5178ee6/svn/grip-rite-drywall-screws-112cdws1-64_600.jpg,Found
1777,774.,DRY WALL SCREW 1 1/2,https://images.thdstatic.com/productImages/b8cf37e5-9574-469b-9b7f-bbbfc5178ee6/svn/grip-rite-drywall-screws-112cdws1-64_600.jpg,Found
1778,775.,DRY WALL SCREW 1 1/4 INCH 6*32,https://m.media-amazon.com/images/I/71vlkdtK+oL.jpg,Found
1779,775.,DRY WALL SCREW 1 1/4 INCH 6*32,https://m.media-amazon.com/images/I/71vlkdtK+oL.jpg,Found
1780,775/1,SS SCREW OMNI 50X8 HT(100 NOS),https://5.imimg.com/data5/SELLER/Default/2025/7/527753252/MB/KJ/NN/2404782/ss-screw-omini-1000x1000.jpeg,Found
1781,780.,PVC GRIP 6MM (KG),,Not Found
1782,780.,PVC GRIP 6MM (KG),https://5.imimg.com/data5/SELLER/Default/2022/3/KW/JG/MH/145075698/6-mm-pvc-grip-500x500.jpg,Found
1783,780.,PVC GRIP 6MM (KG),https://5.imimg.com/data5/SELLER/Default/2022/3/KW/JG/MH/145075698/6-mm-pvc-grip-1000x1000.jpg,Found
1784,782.,Concrete Nails 2 INCH,,Not Found
1785,782.,Concrete Nails 2 INCH,https://vandincinternational.com/wp-content/uploads/2023/04/Concrete-Nail-7.png,Found
1786,782.,Concrete Nails 2 INCH,https://vandincinternational.com/wp-content/uploads/2023/04/Concrete-Nail-7.png,Found
1787,782.,Concrete Nails 2 INCH,https://vandincinternational.com/wp-content/uploads/2023/04/Concrete-Nail-7.png,Found
1788,782.,Concrete Nails 2 INCH,https://vandincinternational.com/wp-content/uploads/2023/04/Concrete-Nail-7.png,Found
1789,782.,Concrete Nails 2 INCH,https://vandincinternational.com/wp-content/uploads/2023/04/Concrete-Nail-7.png,Found
1790,783.,CONCRETE NAIL 1.5 INCH,https://www.nissan.ca/content/dam/Nissan/Canada/Vehicles/discontinued/gt-r/carousel/1973-nissan-skyline-2000-gtr-d.jpg,Found
1791,783.,CONCRETE NAIL 1.5 INCH,https://www.racknsell.com/public/thumbs/products/72865/Ib8OFsSJvrKMHgep_500_500.jpeg,Found
1792,783.,CONCRETE NAIL 1.5 INCH,https://5.imimg.com/data5/DO/YS/RB/SELLER-105361553/1-5-inch-galvanized-concrete-nail-250x250.jpg,Found
1793,783.,CONCRETE NAIL 1.5 INCH,https://www.racknsell.com/public/thumbs/products/72865/Ib8OFsSJvrKMHgep_500_500.jpeg,Found
1794,783.,CONCRETE NAIL 1.5 INCH,https://www.racknsell.com/public/thumbs/products/72865/Ib8OFsSJvrKMHgep_500_500.jpeg,Found
1795,783.,CONCRETE NAIL 1.5 INCH,https://physipa.com/wp/wp-content/uploads/2016/02/17fe23b2d20a8c8bceff562d255ff62d.gif,Found
1796,783.,CONCRETE NAIL 1.5 INCH,https://www.racknsell.com/public/thumbs/products/72865/Ib8OFsSJvrKMHgep_500_500.jpeg,Found
1797,7831,RUBBER BRUSH,https://www.simplygoodstuff.com/assets/images/sweepa-rubber-hand-brush-4.jpg,Found
1798,784.,Concrete Nails25*12-5/75*8,,Not Found
1799,785.,Concrete Nails 25MM 1,https://www.re-newflooringtools.co.uk/wp-content/uploads/2021/11/CONCRETE-NAILS-1KG-25MM.jpg,Found
1800,785.,Concrete Nails 25MM 1,https://www.re-newflooringtools.co.uk/wp-content/uploads/2021/11/CONCRETE-NAILS-1KG-25MM.jpg,Found
1801,785.,Concrete Nails 25MM 1,https://www.re-newflooringtools.co.uk/wp-content/uploads/2021/11/CONCRETE-NAILS-1KG-25MM.jpg,Found
1802,785.,Concrete Nails 25MM 1,https://www.re-newflooringtools.co.uk/wp-content/uploads/2021/11/CONCRETE-NAILS-1KG-25MM.jpg,Found
1803,785.,Concrete Nails 25MM 1,,Not Found
1804,786.,CONCREAT NAIL 3X8 COBRA(75MM)3 INCH,https://5.imimg.com/data5/SELLER/Default/2024/1/373719969/EB/CN/HT/16511994/concrete-nails-king-cobra-1000x1000.jpg,Found
1805,786.,CONCREAT NAIL 3X8 COBRA(75MM)3 INCH,https://5.imimg.com/data5/SELLER/Default/2024/1/373719969/EB/CN/HT/16511994/concrete-nails-king-cobra-1000x1000.jpg,Found
1806,786.,CONCREAT NAIL 3X8 COBRA(75MM)3 INCH,https://5.imimg.com/data5/SELLER/Default/2024/1/373719969/EB/CN/HT/16511994/concrete-nails-king-cobra-1000x1000.jpg,Found
1807,788.,Welding Rod Ss Superon12g3.15,https://5.imimg.com/data5/SELLER/Default/2024/3/400296160/AA/TC/LA/5844901/superon-welding-electrodes-500x500.jpg,Found
1808,788/1,WELDING ROD SS 2.5,https://m.media-amazon.com/images/I/51gDgLMmKwL._SL1000_.jpg,Found
1809,788/2,WELDING ROAD 2.00 SUNBOND SS,https://www.longtengspecialsteel.com/photo/ps35647762-e347_16_347_stainless_steel_welding_rod_1_16_1_8_1_6mm_2_0mm_2_5mm.jpg,Found
1810,789.,CONCREAT  NAIL 2.5*10 COBRA,https://5.imimg.com/data5/SELLER/Default/2024/1/373719969/EB/CN/HT/16511994/concrete-nails-king-cobra-1000x1000.jpg,Found
1811,789.,CONCREAT  NAIL 2.5*10 COBRA,https://5.imimg.com/data5/SELLER/Default/2024/1/373719969/EB/CN/HT/16511994/concrete-nails-king-cobra-1000x1000.jpg,Found
1812,790,Welding Rod Tungsten2.4mm,https://media.istockphoto.com/id/179088150/ja/ストックフォト/アーチ氷山のグリーンランド.jpg?s=170667a&w=0&k=20&c=s_egY5f99Zv1GOr53-DfGIAPd57qj7I3a8d0nTVAoQ0=,Found
1813,791.,BG ANCOR BOLT 10MM,https://5.imimg.com/data5/SELLER/Default/2025/7/531830940/RE/LC/HJ/29588198/10mm-rawal-hook-anchor-bolt-1000x1000.jpg,Found
1814,791.,BG ANCOR BOLT 10MM,https://5.imimg.com/data5/SELLER/Default/2025/7/531830940/RE/LC/HJ/29588198/10mm-rawal-hook-anchor-bolt-1000x1000.jpg,Found
1815,791/F,ANCHER BOLT 10MM FERRY,https://www.ferry-international.com/storage/blog/1756150473-10+mm+anchor+bolt.jpg,Found
1816,79105,TOLSEN GLUE GUN 15W 79105,https://www.filmscan-print-s.com/0627-OGOYA-024-HOHA7.jpg,Found
1817,79111,TOLSEN GLUE STICK BIG 1,,Not Found
1818,794.,Polishing Soap Green,https://down-ph.img.susercontent.com/file/c3a28862199295e95777f9ba0e1f6531,Found
1819,795,YURI-DC WHEEL 4*6MM (GREEN ),https://5.imimg.com/data5/SELLER/Default/2023/10/351281048/SP/KT/NE/54375229/yuri-4-inch-6mm-dc-grinding-wheel-green-500x500.jpg,Found
1820,795/1,DC WHEEL 4X6MM BULLET B,https://5.imimg.com/data5/SELLER/Default/2025/5/515081117/MX/YI/RJ/246511543/grinding-dc-wheel-black-4-x6mm-1000x1000.png,Found
1821,795/1,DC WHEEL 4X6MM BULLET B,https://5.imimg.com/data5/SELLER/Default/2025/5/515081117/MX/YI/RJ/246511543/grinding-dc-wheel-black-4-x6mm-1000x1000.png,Found
1822,795/1,DC WHEEL 4X6MM BULLET B,https://5.imimg.com/data5/SELLER/Default/2025/5/515081117/MX/YI/RJ/246511543/grinding-dc-wheel-black-4-x6mm-1000x1000.png,Found
1823,795/1,DC WHEEL 4X6MM BULLET B,https://5.imimg.com/data5/SELLER/Default/2025/5/515081117/MX/YI/RJ/246511543/grinding-dc-wheel-black-4-x6mm-1000x1000.png,Found
1824,795/7,"DC GRINDING WHEEL 7""7*6MM",https://cumiabrasive.in/wp-content/uploads/2025/10/Samurai-DC-wheel-7inch-C.jpg,Found
1825,796187,OUTLET VALVE  KIT AW130,https://mir-s3-cdn-cf.behance.net/project_modules/max_1200/244ff5124467493.61045d442187c.jpg,Found
1826,796187,OUTLET VALVE  KIT AW130,https://www.bargroup.au/wp-content/uploads/2022/08/Single_Valve.jpg,Found
1827,797.,Gm Play Angle Holder,https://www.bestofelectricals.com/images/thumbs/0030786_gm-play-angle-holder.jpeg,Found
1828,799,SWITCH 15A 1-W ZOOM W,,Not Found
1829,7DP,"VELCRO PAPER 7'150 GR 60,80,100,120,150,",https://5.imimg.com/data5/SELLER/Default/2022/12/GZ/LP/AD/59263055/7-inch-velcro-sanding-paper-500x500.jpg,Found
1830,7DP,"VELCRO PAPER 7'150 GR 60,80,100,120,150,",https://5.imimg.com/data5/SELLER/Default/2022/12/GZ/LP/AD/59263055/7-inch-velcro-sanding-paper-500x500.jpg,Found
1831,7DP,"VELCRO PAPER 7'150 GR 60,80,100,120,150,",https://assets-global.website-files.com/61d51901f497f53df24dd29a/64f87719d01894f14ebc7a1a_PFXkq0YReqwHAFoWfaa56glSmTN3rbPJFFZ24iVTMqg.webp,Found
1832,7DP,"VELCRO PAPER 7'150 GR 60,80,100,120,150,",https://5.imimg.com/data5/SELLER/Default/2022/12/GZ/LP/AD/59263055/7-inch-velcro-sanding-paper-500x500.jpg,Found
1833,7DP100,SANDING DISK PAPPER 7 INCH 100,,Not Found
1834,7DP150,IBELL SANDING DISK PAPPER 7 INCH  150,https://www.ibelltools.com/cdn/shop/products/71Vjfo0-08L._SL1280_1200x1200.jpg?v=1584438206,Found
1835,7DP180,SANDING DISK PAPPER 7 INCH 180,https://images.nexusapp.co/assets/db/8a/39/701925105.jpg,Found
1836,7DP220,IBELL SANDING DISK PAPPER 220MM 120,https://m.media-amazon.com/images/I/71Vjfo0-08L._AC_.jpg,Found
1837,7DP240,IBELL SANDING PAPPER 7 INCH 240 MM,,Not Found
1838,7LSS,SELF SUPPORT DOUBLE SIDE LADDER 07,https://img3.exportersindia.com/product_images/bc-full/2023/4/11985618/youngman-aluminum-double-side-self-supporting-1682486520-6866645.png,Found
1839,7LSS,SELF SUPPORT DOUBLE SIDE LADDER 07,https://img3.exportersindia.com/product_images/bc-full/2023/4/11985618/youngman-aluminum-double-side-self-supporting-1682486520-6866645.png,Found
1840,7LSS,SELF SUPPORT DOUBLE SIDE LADDER 07,https://img3.exportersindia.com/product_images/bc-full/2023/4/11985618/youngman-aluminum-double-side-self-supporting-1682486520-6866645.png,Found
1841,7LSS,SELF SUPPORT DOUBLE SIDE LADDER 07,https://img3.exportersindia.com/product_images/bc-full/2023/4/11985618/youngman-aluminum-double-side-self-supporting-1682486520-6866645.png,Found
1842,7SRS,SHOVEL SMALL ROUND,https://i.pinimg.com/originals/e6/66/2c/e6662c55f5c7b95f2e62e581f91eb554.jpg,Found
1843,8000272F,TROLLY WHEEL 8IN.85*65 F.HOLDER WELDED LEG,https://image.made-in-china.com/2f0j00BMCVjeNhQwpg/8-Inch-Heavy-Duty-Trolley-Wheel-for-Equipment.jpg,Found
1844,8000656F,TROLLY WHEEL 8IN.85*65 F.HOLDER OVERMOLD BLACK,https://down-my.img.susercontent.com/file/id-11134207-7ras8-m62czi63iv9v8c,Found
1845,8001232F,TROLLY WHEEL 8IN.85*65 F.HOLDER BREAK BLACK SOILD RUBBER,https://image.made-in-china.com/2f0j00KmdtAETPkJgS/8-Inch-Solid-Rubber-Wheels-for-Trolleys.jpg,Found
1846,801FG,E-DC SPARE 801 BAFFLE,https://imgv2-1-f.scribdassets.com/img/document/709754221/original/34a593dc4f/1?v=1,Found
1847,801SR,801 SPANNER,https://5.imimg.com/data5/SELLER/Default/2021/10/OE/LH/QI/51544383/801-spanner-tool-1000x1000.jpg,Found
1848,801SW,SPARE 801 SWITCH  SMALL,https://sparepartwala.in/wp-content/uploads/2021/10/02-1-2-600x686.jpg,Found
1849,804.,SPRING ELEPHANT 15M (WIRE PULLER ),https://down-my.img.susercontent.com/file/296e7cbe1bf1e9b4c0c4daa5987e1933,Found
1850,804.,SPRING ELEPHANT 15M (WIRE PULLER ),https://down-my.img.susercontent.com/file/296e7cbe1bf1e9b4c0c4daa5987e1933,Found
1851,805.,SPRING ELEPHANT 30M (WIRE PULLER ),https://5.imimg.com/data5/ANDROID/Default/2023/10/356604795/CJ/VN/FC/63637580/product-jpeg-500x500.jpg,Found
1852,807/S,SPRING 1INCH HEAVY,https://lookaside.fbsbx.com/lookaside/crawler/media/?media_id=122093314472640976,Found
1853,807B,PIPE BEND  SPRING BLACK 20MM,https://lzd-img-global.slatic.net/g/p/d77244e5f8ca0b5d70f7fefe55849b8b.jpg_720x720q80.jpg,Found
1854,807B,PIPE BEND  SPRING BLACK 20MM,https://lzd-img-global.slatic.net/g/p/d77244e5f8ca0b5d70f7fefe55849b8b.jpg_720x720q80.jpg,Found
1855,807B/25,PIPE BEND  SPRING BLACK 25MM,https://lzd-img-global.slatic.net/g/p/b44b7f0f280bf26dfe178994cf194e36.jpg_720x720q80.jpg,Found
1856,809,Tape,https://i5.walmartimages.com/seo/3M-Double-Sided-Tape-Very-High-Bond-Waterproof-Mounting-Tape-VHB-Heavy-Duty-Foam-Tape-5952-Red_5b6b8d8f-d8fb-4420-ac19-041026bd0c90.0116f0364d886e0814ac52588f27847b.jpeg,Found
1857,810,Long Nose Pliers7,https://www.thebossshop.com.au/images/thumbs/0005572_pliers-high-leverage-long-nose-200mm.jpeg,Found
1858,810CR,YURI SPARE 0810T CONNECTING ROD,https://cngspareparts.com/wp-content/uploads/2026/01/9361301215SK7-Connecting-Rod-for-air-compressor-1200x1200.jpg,Found
1859,810CR,YURI SPARE 0810T CONNECTING ROD,,Not Found
1860,810GC,GREASE CAP,https://i.etsystatic.com/12083047/r/il/6922a2/4007216178/il_794xN.4007216178_bxed.jpg,Found
1861,810THO,810 TOOL HOLDER ORING 810THO QUALITY,https://easysmoke.ee/2218-large_default/driptip-oring-810.jpg,Found
1862,811,Spanner Set Box6MI,https://www.therange.co.uk/media/5/7/1562144095_2790.jpg,Found
1863,812,Combination Spanners16,https://www.prontodirect.co.uk/app/uploads/2024/05/16mm.jpg,Found
1864,816,Globe1-1/2',https://www.ato.com/content/images/thumbs/0014513_1-12-flanged-globe-valve_550.jpeg,Found
1865,8160.,TROWELS PALAKA 6*12 WOOD,https://valleytools.net/wp-content/uploads/2023/07/TRW-0126-1.jpg,Found
1866,82010000 HOE014,82010000 HOE014,https://www.autoportee-discount.fr/262196-large_default/joint-d-arbre-kuhn-82010000.jpg,Found
1867,826,20*22 Ring,https://a.1stdibscdn.com/20karat-and-22-karat-sapphire-and-macle-diamond-ring-for-sale-picture-7/j_13061/j_178992321670623757947/IMG_3109_master.jpeg?width=768,Found
1868,828.,Buffing Cloth4*1/2stitch,,Not Found
1869,830.,3pin Top Million 6A Way,https://5.imimg.com/data5/FC/WU/SS/SELLER-40669829/6a-3-pin-top-1000x1000.PNG,Found
1870,834.,3 Pin Multi Cona Style,https://www.bestofelectricals.com/images/thumbs/0033689_cona-style-6a-3-pin-multi-plug_600.jpeg,Found
1871,835,PVC WIRE CLIP 5MM,https://ph-test-11.slatic.net/p/8ad9bfe7e1f8298dbe8793964ffb0993.jpg,Found
1872,836.,PVC WIRE CLIP 6MM,,Not Found
1873,837.,PVC WIRE CLIP 8MM,https://royalelectric.pk/wp-content/uploads/2023/02/wclip-600x600.jpg,Found
1874,838.,Spade Bit Cleancut 19*160mm,https://sydneytools.com.au/assets/images/products/4/4/5/6/44561/37338F35FFF9EA4598F105BDB025D5B3AC666283A73ACE59D52F8DF72691DCC8.jpeg,Found
1875,841.,SPADE BIT CLEANCUT 8*155 MM,https://www.bosch-professional.com/nz/en/ocsmedia/296356-82/product-image/767x431/daredevil-clean-cut-spade-bit-8-x-155-mm-2608577427.png,Found
1876,8413.,TROWELS 7*12 WOOD,https://mahadtradersindia.com/540-thickbox_default/trowel-127.jpg,Found
1877,8414.,TROWELS 8*12 WOOD,https://www.qep.com/ca/wp-content/uploads/2024/02/QEP_Trowel_Spec-Chart.jpg,Found
1878,842.,SPADE BIT CLEANCUT 10*155MM,https://sydneytools.com.au/assets/images/products/4/4/5/5/44555/E7C941ECF394AB80AAFA93BA14333D6590CDF69E94C0118C483C738170C672FD/512x512/E7C941ECF394AB80AAFA93BA14333D6590CDF69E94C0118C483C738170C672FD.jpeg,Found
1879,844.,SPADE BIT CLEANCUT 20*160MM,https://www.cyan-teak-furniture.com/8069-thickbox_default/salisbury-teak-storage-bench-with-arms-1-65m.jpg,Found
1880,846.,SPADE BIT CLEANCUT 32*165MM,,Not Found
1881,849,FIBRE-SANDING DISC ALOXIDE 120 BOSCH,https://m.media-amazon.com/images/I/51Sapx+IrtL.jpg,Found
1882,850.,BOSCH CLOTH PAPPER  60 F03E02G1FK,http://www.campbellmillertools.co.uk/cdn/shop/files/bosch-cloth.jpg?v=1744028036,Found
1883,850.,BOSCH CLOTH PAPPER  60 F03E02G1FK,http://www.campbellmillertools.co.uk/cdn/shop/files/bosch-cloth.jpg?v=1744028036,Found
1884,851.,Sanding Roller102*50000mm P80 F03E02G199,https://i5.walmartimages.com/seo/UltraGrit-Gold-6-Sanding-Disc-Hook-and-Loop-P80-P180-P320-Variety-Pack-No-Holes-24-Discs-per-Box-Random-Orbital-Sandpaper_6573a9c4-f2b0-4e84-898d-e659e6c450c6.362cedec043bfd691763bfc90bb66907.jpeg,Found
1885,851.,Sanding Roller102*50000mm P80 F03E02G199,"https://res.cloudinary.com/nzsb-prod/image/upload/d_General-Use:No_Image_Available_New.png/c_limit,w_3840/f_auto/q_auto/v1/NopCommerce-Prod/68e35972b97c6.02465232.png?_a=BAVAPuE70",Found
1886,851.,Sanding Roller102*50000mm P80 F03E02G199,"https://res.cloudinary.com/nzsb-prod/image/upload/d_General-Use:No_Image_Available_New.png/c_limit,w_3840/f_auto/q_auto/v1/NopCommerce-Prod/68e35972b97c6.02465232.png?_a=BAVAPuE70",Found
1887,852.,BOSCH CLOTH PAPPER 100 F03E02GI8X,http://www.campbellmillertools.co.uk/cdn/shop/files/bosch-cloth.jpg?v=1744028036,Found
1888,852.,BOSCH CLOTH PAPPER 100 F03E02GI8X,,Not Found
1889,85243,INDIGO 30M CHALK LINE SET,http://www.toolmarket.com.au/cdn/shop/products/tolsen-30m-chalk-line-reel-set-391916.jpg?v=1611286971,Found
1890,853.,Sanding Roller102*50000mm  F03E02G19A,https://beyondtools.com/cdn/shop/files/495965-hand_sanding_block_150_product_1.jpg?v=1752554023&width=4536,Found
1891,853.,Sanding Roller102*50000mm  F03E02G19A,https://beyondtools.com/cdn/shop/files/495965-hand_sanding_block_150_product_1.jpg?v=1752554023&width=4536,Found
1892,854.,Socket spanner for HEX,https://m.media-amazon.com/images/I/51CwhoZf8LL._AC_.jpg,Found
1893,855,Hole Saw Bim 32mm,https://powermark.shop/cdn/shop/files/497994c083f900e8e0cae12c371ff001.jpg?v=1686556082&width=1445,Found
1894,856.,Hole Saw Bim 25mm,https://www.nacktsonnen.com/fkk-bilder/albums/userpics/FKK_auf_Gran_Canaria-11.jpg,Found
1895,864,Chuck Key 13mm 1/2,http://cbspaintpanel.co.za/cdn/shop/files/CM13.jpg?v=1754216263,Found
1896,874,PRESSURE WASHER SEAL,https://i.ebayimg.com/images/g/QSAAAOSwtdRmA8WH/s-l1600.jpg,Found
1897,875,2608601587 FIBER -SANDING DISC ALOXIDE 60,https://64.media.tumblr.com/2c96d6a6db525c2952d6339e16f8a029/5344c388fc563cec-55/s1280x1920/65b9810a27610ce3afff6e70de08e34ee11e05a5.jpg,Found
1898,875/1,2608601580 FIBER SANDING DISC ALOXIDE,,Not Found
1899,876,2608601581  FIBER-SANDING DISC ALOXIDE 80,https://www.kasweld.sa/upload/product_gallery/FIBER+SANDING+DISC+4.5_+GRT-80+(2).webp,Found
1900,892 .,DRILL CHUCK KEY LESS  10MM BULL,https://aasons.in/wp-content/uploads/2025/08/METAL_BODY_KEYLESS_CHUCK_10mmx3800001.png,Found
1901,892/1,DRILL CHUCK CODELESS 13MM,,Not Found
1902,893.,DRILL CHUCK 6MM,https://universaltrading.lk/wp-content/uploads/2025/02/6MM-CHUCK-2.jpg,Found
1903,893B,DRILL  CHUCK 6MM BULL,https://5.imimg.com/data5/SELLER/Default/2025/4/503979149/NB/JS/BB/243504041/6mm-mini-drill-chuck-500x500.jpg,Found
1904,893B,DRILL  CHUCK 6MM BULL,https://5.imimg.com/data5/SELLER/Default/2025/4/503979149/NB/JS/BB/243504041/6mm-mini-drill-chuck-500x500.jpg,Found
1905,894,INTERNATIONAL MULTY SOCKET,https://shahidinternational.com/wp-content/uploads/2019/11/8.jpg,Found
1906,896B,GOGGLE SUNTECH  BLACK,https://m.media-amazon.com/images/I/510GM+iXRZL._SL1500_.jpg,Found
1907,896W,GOGGLES SUNTECH G/W,,Not Found
1908,896W,GOGGLES SUNTECH G/W,https://cpimg.tistatic.com/01312073/b/5/SUNTECH-Goggles.jpg,Found
1909,896WC,GOOGLESS WELD CRAFT,https://weldcraftmarine.com/wp-content/uploads/2023/12/200-Rebel-08.jpg,Found
1910,8LB,SLEDGE HAMMER 8LB(W.H.H.F),,Not Found
1911,8LB/1,SLEDGE HAMMER 8,https://images.thdstatic.com/productImages/355dfec4-f60d-4c4c-ac6d-d22420aaddaf/svn/urrea-sledge-hammers-1437gfv-64_1000.jpg,Found
1912,8LSS,"SELF SUPPORT DOUBLE SIDE LADDER 08""",https://img3.exportersindia.com/product_images/bc-full/2023/4/11985618/youngman-aluminum-double-side-self-supporting-1682486520-6866645.png,Found
1913,8LSS,"SELF SUPPORT DOUBLE SIDE LADDER 08""",https://img3.exportersindia.com/product_images/bc-full/2023/4/11985618/youngman-aluminum-double-side-self-supporting-1682486520-6866645.png,Found
1914,8LSS,"SELF SUPPORT DOUBLE SIDE LADDER 08""",https://cyberscrilla.com/wp-content/uploads/2023/03/How-to-connect-hardware-wallet-to-MetaMask.png,Found
1915,8T8CP,"COMBINATION PLIER 8"" STANTLEY",https://osaka-ishidaclinic.com/wp-content/themes/jba-ishida/img/equipment/excimer-light/img.jpg,Found
1916,90,CARBON BRUSH CUTTER U/F,https://m.media-amazon.com/images/I/719KwJYcytL._SL1500_.jpg,Found
1917,903.,Handsaw Orange Handle 457mm 495 18',https://walaja.com/wp-content/uploads/2026/01/unnamed-26-2.jpg,Found
1918,9031.,ROUTER BIT 9031,https://img.3dmgame.com/uploads/images/news/20220920/1663657405_863935.png,Found
1919,9031.,ROUTER BIT 9031,https://bhoomihardware.com/storage/media/IMG_20230804_091216.jpg,Found
1920,9032,ROUTER BIT 9032,https://implemental.in/wp-content/uploads/2023/02/Router-Bit-Wood-Working-Cutter-90323.jpg,Found
1921,9032,ROUTER BIT 9032,https://implemental.in/wp-content/uploads/2023/02/Router-Bit-Wood-Working-Cutter-90323.jpg,Found
1922,9032..,ROUTER BIT 9032 LOCKAL,https://implemental.in/wp-content/uploads/2023/02/Router-Bit-Wood-Working-Cutter-90323.jpg,Found
1923,9033.,K-EMTEX-ROUTER BIT -9033,,Not Found
1924,9033.,K-EMTEX-ROUTER BIT -9033,https://bhoomihardware.com/storage/media/IMG_20230804_091216.jpg,Found
1925,9034.,ROUTER BIT,https://m.media-amazon.com/images/I/618yQpSfD2L._AC_SL1500_.jpg,Found
1926,9035.,ROUTER BIT 9035,https://www.metacritic.com/a/img/resize/06db2701f60c81297a510c2a05b602444d4cfd10/catalog/provider/2/13/2-b7936aad98fe85291c9fc6b22944d5e8.jpg?auto=webp&fit=crop&height=675&width=1200,Found
1927,9036,ROUTER BIT 9036,,Not Found
1928,9036..,ROUTER BIT 9036 LOCKAL,https://implemental.in/wp-content/uploads/2023/02/Router-Bit-Wood-Working-Cutter-90362-1024x1024.jpg,Found
1929,9037.,ROUTER BIT 9037,https://bhoomihardware.com/storage/media/IMG_20230804_091216.jpg,Found
1930,9041.,ROUTER BIT 9041,https://unboxtools.com/wp-content/uploads/2025/01/23-Xtra-Power-Cove-Bead-Router-Bit-8-Mm-Shank-9041.webp,Found
1931,9041.,ROUTER BIT 9041,,Not Found
1932,9042.,K-EMTEX ROUTER BIT 9042,,Not Found
1933,9043.,K-EMTEX ROUTER BIT-9043,https://m.media-amazon.com/images/I/31sNDrlpjzL._SX342_SY445_QL70_ML2_.jpg,Found
1934,904IBT,TAPARIA SCREW DRIVERS BLACK TIP-904IBT,https://5.imimg.com/data5/SELLER/Default/2024/7/432865809/EZ/HQ/DQ/159987971/taparia-904-ibt-black-tip-2-in-1-screw-driver-1000x1000.jpg,Found
1935,9063.,E-EXTRAPOWER ROUTER BIT 9063,https://i5.walmartimages.com/seo/MPOWER-Router-Bit-Diamond-Sharpening-Stone-300-600-Grit_6389ffaa-7b33-424e-9cb0-e7d6fe93a045.9da04020960c96dd12ce0af20619f354.jpeg,Found
1936,90633,90633 MTA 63MM SUPREME,https://m.media-amazon.com/images/I/51iSKUy4BgL._SL1200_.jpg,Found
1937,9064,EXTRAPOWER ROUTER BIT,https://ae01.alicdn.com/kf/HTB1xXJrrlnTBKNjSZPfq6zf1XXa6/1pc-Extra-Long-Straight-Router-Bit-1-2-Shank-1-2-W-x-3-H-Woodworking.jpg,Found
1938,90655,90655 MTA 50MM SUPREME,https://www.racknsell.com/public/thumbs/products/111921/d960cc34-b1da-4afe-826c-7774beff913f_500_500.jpg,Found
1939,907,Socket 1/2' Bi-hex 11mm East,https://www.primetools.co.uk/wp-content/uploads/2022/03/7800dm-16.jpg,Found
1940,9071.,Router Bit 9071,https://rukminim2.flixcart.com/image/1920/1920/xif0q/rotary-bit-set/u/3/m/2-ogee-fillet-router-bits-9071-alphabet-original-imagz7zywy5hmgsq.jpeg?q=90,Found
1941,9073,K-EMTEX ROUTER BIT 9073,,Not Found
1942,9082.,ROUTER BIT,https://m.media-amazon.com/images/I/61QJu8XlhcL._AC_SL1500_.jpg,Found
1943,90847,90847 63MM PVC BEND STAR,https://mykit.in/crm/public/uploads/product_images_500x500/sweep-bend-90-63mm.jpg,Found
1944,9091.,K EMTEX ROUTER BIT 9091,https://5.imimg.com/data5/SELLER/Default/2025/6/521656700/YW/QP/HA/22689459/rb-9091-1000x1000.jpg,Found
1945,9092.,ROUTER BIT 9092,https://rukminim2.flixcart.com/image/1920/1920/kcxpbww01946,9092.,ROUTER BIT 9092,http://rukmini1.flixcart.com/image/300/300/kcxpbww0/rotary-bit-set/e/b/x/router-bit-9092-6-mm-alphabet-original-imaftyfendrgcgg5.jpeg,Found
1947,9093.,Router Bit 9093,https://5.imimg.com/data5/SELLER/Default/2025/7/528437701/YZ/UB/WQ/22689459/rb-9093-router-bit-1000x1000.jpg,Found
1948,9093.,Router Bit 9093,https://5.imimg.com/data5/SELLER/Default/2025/7/528437701/YZ/UB/WQ/22689459/rb-9093-router-bit-1000x1000.jpg,Found
1949,9094.,ROUTER BIT9094,https://pic3.zhimg.com/v2-2608f2fcbcb49c6091c82f315fcf832a_r.jpg,Found
1950,9094.,ROUTER BIT9094,https://5.imimg.com/data5/SELLER/Default/2025/7/528437981/NM/ZL/LU/22689459/rb-9094-router-bit-1000x1000.jpg,Found
1951,9094RB,IDEAL ROUTER BIT 9094,https://5.imimg.com/data5/SELLER/Default/2025/7/528437981/NM/ZL/LU/22689459/rb-9094-router-bit-1000x1000.jpg,Found
1952,9095.,Router Bit 9095,https://5.imimg.com/data5/ANDROID/Default/2025/6/518813967/JU/QK/DX/98167859/product-jpeg-1000x1000.jpg,Found
1953,9096.,Router Bit 9096,,Not Found
1954,9096RB,IDEAL ROUTER BIT 9096,http://rukmini1.flixcart.com/image/300/300/kcxpbww0/rotary-bit-set/u/z/c/router-bit-9096-12-mm-alphabet-original-imaftyyrxfpxstgz.jpeg,Found
1955,9097.,9097 ROUTER BIT,https://t.pimg.jp/104/750/949/1/104750949.jpg,Found
1956,9097RB,IDEAL ROUTER BIT 9097,https://www.samnantools.ae/wp-content/uploads/2020/01/36.png,Found
1957,9099.,ROUTER BIT 9099,https://5.imimg.com/data5/SELLER/Default/2025/6/521657730/OV/TH/IR/22689459/rb-9099-1000x1000.jpg,Found
1958,91.,CUTTING WHEEL 5 INCH GREEN,https://5.imimg.com/data5/UF/MS/ER/SELLER-117182/cutfine-inox-green-cutting-wheel-5-inch-500x500.jpg,Found
1959,91.,CUTTING WHEEL 5 INCH GREEN,,Not Found
1960,912.,Socket Spanner Hex J-19 29mm,https://m.media-amazon.com/images/I/51CwhoZf8LL._AC_.jpg,Found
1961,917/1,"SELF SCREW 1"" MODI HEAD",https://5.imimg.com/data5/SELLER/Default/2024/8/442311075/IK/HI/FT/144694612/self-drilling-modi-truss-head-screw-500x500.jpg,Found
1962,920.,J.k Slim FILE 4',https://down-my.img.susercontent.com/file/my-11134207-7rasi-m6uw2t4jtrfqaf,Found
1963,922.,MINI HACK SAW BLADE,https://m.media-amazon.com/images/I/61C1vZfibML.jpg,Found
1964,923,Adjustable Spanner8'j/b,https://cdn.pixabay.com/photo/2021/04/16/21/41/woman-6184474_1280.png,Found
1965,926,Taparia Wire Stripper,https://makerbazar.in/cdn/shop/products/WS-05-WireStrippingPliers-makerbazar.in_1_35d28519-50da-414b-b183-18d931fced20_1024x.jpg?v=1642933271,Found
1966,928.,Taparia Screw Driver 824,,Not Found
1967,929,Taparia Screw Driver 861*200,https://images.price.tools/images/taparia-p5-861-200-steel-tip-l-uSB4ByoK2.jpg,Found
1968,930.,Taparia Screw Driver 862*100,https://5.imimg.com/data5/SELLER/Default/2024/7/432856309/ES/UI/MA/159987971/taparia-p6-862-100-phillips-screw-driver-1000x1000.jpg,Found
1969,930275,BEARING COVER DW801 ORG,https://rukminim2.flixcart.com/image/416/416/xif0q/angle-grinder/9/p/q/dewalt-angle-grinder-dw801-spare-parts-housing-6201-bearing-ring-original-imagz9dhyfavtk6j.jpeg?q=70&crop=false,Found
1970,9304.,K-EMTEX ROUTER BIT 9304,https://m.media-amazon.com/images/I/71fKAz1z9TL._SL1500_.jpg,Found
1971,93071,93071 PVC THREAD BEND 50MM11/2 INCH STAR,https://fahmsupplies.co.za/images/stories/virtuemart/product/resized/pvc-bend-50mmx90-sv-pl_640x640.jpg,Found
1972,931,Polishing Wheel Pol Mop Small,,Not Found
1973,932,Welding Rod Ss Tig Wire1.60mm,https://5.imimg.com/data5/SELLER/Default/2026/1/576588936/PN/NH/TC/135984855/ss-309l-1-60-mm-tig-welding-rod-500x500.jpeg,Found
1974,934.,White Disc 100*8mm,,Not Found
1975,93426,93426 JUBILY CLIP 11/2 INCH,https://1.bp.blogspot.com/-DcVDXa0KOGg/UjAePF3vjwI/AAAAAAAAAQE/YG-CxiwTC0U/s1600/bloomingFlower4.jpg,Found
1976,936551,"BRUSH CAP PDA100D, CN16SA, G10SR2, (9365",https://cumception.com/wp-content/upload/2018/06/ladyboy_foreski-352.jpg,Found
1977,937907,WHEEL WASHER A G23SE2 G18SH2,,Not Found
1978,938214Z,WHEEL NUT B PDA100D938214Z,https://i5.walmartimages.com/seo/22PCS-Wheel-Locking-Nut-Key-Kit-Wheel-Lock-Nut-Socket-Adapter-Set-Wheel-Anti-Theft-Lug-Nut-Removal-Tool_10b3dcff-4a96-4f9c-ba18-14df971c5bc6.decfadaa35b374d93cc67a8d1346c4a0.jpeg,Found
1979,938214Z,WHEEL NUT B PDA100D938214Z,https://i5.walmartimages.com/seo/22PCS-Wheel-Locking-Nut-Key-Kit-Wheel-Lock-Nut-Socket-Adapter-Set-Wheel-Anti-Theft-Lug-Nut-Removal-Tool_10b3dcff-4a96-4f9c-ba18-14df971c5bc6.decfadaa35b374d93cc67a8d1346c4a0.jpeg,Found
1980,94.,FREEMAN TAPE 5 MTR  IKON,https://m.media-amazon.com/images/I/71sPu-E7AJL.jpg,Found
1981,94.,FREEMAN TAPE 5 MTR  IKON,https://m.media-amazon.com/images/I/71sPu-E7AJL.jpg,Found
1982,94.,FREEMAN TAPE 5 MTR  IKON,https://m.media-amazon.com/images/I/71sPu-E7AJL.jpg,Found
1983,94/1,FREEMANS 5 MTR TAPE BASIK,https://5.imimg.com/data5/SELLER/Default/2024/10/462289518/PT/MM/MJ/161189964/freemans-5m-basik-measuring-click-lock-tape-500x500.jpg,Found
1984,94/1,FREEMANS 5 MTR TAPE BASIK,https://5.imimg.com/data5/SELLER/Default/2024/10/462289518/PT/MM/MJ/161189964/freemans-5m-basik-measuring-click-lock-tape-500x500.jpg,Found
1985,94/AF,TAPE FREEMANS 5 MTR AUTOFLEX,"https://m.media-amazon.com/images/S/aplus-media-library-service-media/0932446e-013b-40ba-bf61-e68a718c0078.__AC_SR166,182___.jpg",Found
1986,9402.,ROUTER BIT 9402,http://rukmini1.flixcart.com/image/300/300/kfeamq80/rotary-bit-set/b/f/s/chamfer-router-bits-9402-alphabet-original-imafvunjdr7pv7cn.jpeg,Found
1987,9402.,ROUTER BIT 9402,http://rukmini1.flixcart.com/image/300/300/kfeamq80/rotary-bit-set/b/f/s/chamfer-router-bits-9402-alphabet-original-imafvunjdr7pv7cn.jpeg,Found
1988,9403.,ROUTER BIT 9403,https://bhoomihardware.com/storage/media/IMG_20230805_211757.jpg,Found
1989,9404.,ROUTER BIT 9404,https://unboxtools.com/wp-content/uploads/2024/04/34-Akari-Chamfer-Router-Bit-8-Mm.jpg,Found
1990,9404T,TRIMMER BIT 9404T,https://m.media-amazon.com/images/I/71HWrpV8WrL._AC_SL1500_.jpg,Found
1991,940540,"BRUSH CAP -G18SE2 ,TR12  ,PH65A,  CC14SF",https://down-my.img.susercontent.com/file/sg-11134201-22120-i9lwmbdt08kv19,Found
1992,942.,Hasp &staples Cp Safty 2.5,https://svgsilh.com/svg_v2/34583.svg,Found
1993,9421017,SPRING WASHER FOR MT410 9421017,https://onlyscrews.in/cdn/shop/files/M3_Spring_Washer_SS304.png?v=1727110243,Found
1994,9421512,SPRING WASHER FOR MT580 CIR.SAW 9421512,https://engineersguidebook.com/wp-content/uploads/Conical-Spring-Washers.jpg,Found
1995,943,Hasp &staples cp safty 100mm,https://cdn.images.fecom-media.com/f/f/ff221b_01_web_1.jpg?w=3840&q=75,Found
1996,944.,SPANNER KEY  CM4SA,https://5.imimg.com/data5/SELLER/Default/2021/4/MP/LU/UR/25746288/cm4sa-flat-spanner-2-500x500.jpg,Found
1997,944927,L-RING -PH65A,https://realsound.jp/wp-content/uploads/2023/04/20230414-kingdom.jpg,Found
1998,945,L Handle 1/2*450,http://kokenusa.com/cdn/shop/files/4788-450_Diagram-Image_1200x1200.jpg?v=1721020002,Found
1999,950,Screw Driver Flat 5*100,"https://media.rs-online.com/image/upload/bo_1.5px_solid_white,b_auto,c_pad,dpr_2,f_auto,h_399,q_auto,w_710/c_pad,h_399,w_710/R7811412-01?pgw=1",Found
2000,9501.,ROUTER BIT 9501,https://thumbs.dreamstime.com/z/mother-masai-giraffe-protecting-baby-newly-born-calf-its-nairobi-national-park-kenya-skyline-nairobi-seen-83752030.jpg,Found
2001,9502 L,ROUTER BIT 9502 L,https://m.media-amazon.com/images/I/41QOeDBbucL.jpg,Found
2002,9502.,ROUTER BIT 9502,https://m.media-amazon.com/images/I/41QOeDBbucL.jpg,Found
2003,9502L,ROUTER BIT,,Not Found
2004,9502T,TRIMMER BIT 9502T,https://5.imimg.com/data5/SELLER/Default/2025/6/521661229/GQ/ML/BQ/22689459/tm-9502-1000x1000.jpg,Found
2005,9502XL,ROUTER BIT9502XL,https://media.bunnings.com.au/api/public/content/f4e305f3169f4a83b3cc5c13498327e5?v=e488d945&t=w700dpr1,Found
2006,9503.,ROUTER BIT 9503,https://5.imimg.com/data5/SELLER/Default/2025/7/528438828/CF/BI/PR/22689459/rb-9503-router-bit-1000x1000.jpg,Found
2007,9503.,ROUTER BIT 9503,https://5.imimg.com/data5/SELLER/Default/2025/7/528438828/CF/BI/PR/22689459/rb-9503-router-bit-1000x1000.jpg,Found
2008,9503L,ROUTER BIT9503 L,,Not Found
2009,9503L,ROUTER BIT9503 L,https://5.imimg.com/data5/SELLER/Default/2025/7/528438828/CF/BI/PR/22689459/rb-9503-router-bit-1000x1000.jpg,Found
2010,9503L,ROUTER BIT9503 L,https://5.imimg.com/data5/SELLER/Default/2025/7/528438828/CF/BI/PR/22689459/rb-9503-router-bit-1000x1000.jpg,Found
2011,9503T,TRIMMER BIT9503T,"https://m.media-amazon.com/images/S/aplus-media-library-service-media/b0cf0443-6ee5-4878-8ee1-b713abef26be.__CR0,0,970,600_PT0_SX970_V1___.jpg",Found
2012,9503T,TRIMMER BIT9503T,"https://m.media-amazon.com/images/S/aplus-media-library-service-media/b0cf0443-6ee5-4878-8ee1-b713abef26be.__CR0,0,970,600_PT0_SX970_V1___.jpg",Found
2013,9503XL,K-EMTEX-ROUTERBIT 9503XL,https://www.s-b-c-i.fr/10584-large_default/kemtex-soft-lustrage.jpg,Found
2014,9504.,ROUTER BIT 9504,,Not Found
2015,9504.,ROUTER BIT 9504,https://implemental.in/wp-content/uploads/2023/02/Router-Bit-Straight-Bit-XP-9504-3.jpg,Found
2016,9504.,ROUTER BIT 9504,https://implemental.in/wp-content/uploads/2023/02/Router-Bit-Straight-Bit-XP-9504-3.jpg,Found
2017,9504L,K EMTEX ROUTER BIT 9504L,https://implemental.in/wp-content/uploads/2023/02/Router-Bit-Straight-Bit-XP-9504-3.jpg,Found
2018,9504L,K EMTEX ROUTER BIT 9504L,https://implemental.in/wp-content/uploads/2023/02/Router-Bit-Straight-Bit-XP-9504-1.jpg,Found
2019,9504T,Router Bit 9504T,https://3.imimg.com/data3/MI/SD/MY-3590086/digimatic-indicator.jpg,Found
2020,9504XL,K-EMTEX- ROUTER BIT 9504XL,https://implemental.in/wp-content/uploads/2023/02/Router-Bit-Straight-Bit-XP-9504-3.jpg,Found
2021,9504XL,K-EMTEX- ROUTER BIT 9504XL,https://implemental.in/wp-content/uploads/2023/02/Router-Bit-Straight-Bit-XP-9504-3.jpg,Found
2022,9505,K EMTEX ROUTER BIT 9505,https://m.media-amazon.com/images/I/71fKAz1z9TL._SL1500_.jpg,Found
2023,9505,K EMTEX ROUTER BIT 9505,https://m.media-amazon.com/images/I/71fKAz1z9TL._SL1500_.jpg,Found
2024,9505L,K EMTEX ROUTER BIT 9505L,,Not Found
2025,9505XL,K-EMTEX-ROUTERBIT9505XL,https://5.imimg.com/data5/SELLER/Default/2023/5/308982902/NX/MX/HY/14905556/kemtex-texture-paint-1000x1000.jpg,Found
2026,9506RB,IDEAL ROUTER BIT 9506,https://bgitoolsandmachines.com/wp-content/uploads/2023/11/Xtra-Power-XP-9506-Straight-Router-Bit.webp,Found
2027,9506RBL,IDEAL ROUTER BIT 9506L,https://m.media-amazon.com/images/I/21pWixQDSVL._AC_.jpg,Found
2028,9506T,ROUTER BIT 9506 T,https://wwwstorage.soka.ac.jp/8717/2564/6735/20210116155735-2.png,Found
2029,9506XL,ROUTER BIT 9506XL,https://m.media-amazon.com/images/I/71fKAz1z9TL._SL1500_.jpg,Found
2030,9507.,K-POWERTEX-ROUTER BIT  9507,https://powertextools.com/powertexwebsiteimg/RouterBit_c.jpg,Found
2031,9508.,ROUTER BIT 9508,https://unboxtools.com/wp-content/uploads/2025/07/01-Xtra-Power-Straight-Router-Bit-19-Mm-Shank-9508.png,Found
2032,9509.,K-POWER TEX ROUTER BIT 9509,https://powertextools.com/powertexwebsiteimg/RouterBit_c.jpg,Found
2033,950GB,JCB AG950 GEAR BOX 950GB,https://5.imimg.com/data5/SELLER/Default/2022/6/TF/YT/YD/9146319/jcb-gearbox-1000x1000.jpeg,Found
2034,950N,950NUT ARMATURE NUT,https://image.made-in-china.com/2f0j00zrFYBPGmhguN/3-1-4-8-A194-2h-Plain-Steel-Heavy-Hex-Nut.jpg,Found
2035,951,Screw Driver Flat 5*200,https://i5.walmartimages.com/seo/Uxcell-SL5-Magnetic-Slotted-Screwdriver-Bits-5mm-S2-Steel-Flat-Head-Screwdriver-Bit-1-4-Hex-Shank-Screw-Driver-Drill-Bits-100mm-4-Long-for-Screws_b9617b86-41fd-4ec2-95b9-e6dc96979353.3ff2883b29812db7aa3dc6b34b8e539c.jpeg?odnHeight=117&odnWidth=117&odnBg=FFFFFF,Found
2036,9510.,K-POWERTEX-ROUTER BIT -9510,https://powertextools.com/powertexwebsiteimg/RouterBit_c.jpg,Found
2037,953,Screw  Driver Flat 6*200,https://pepe2222.com/wp-content/uploads/2023/04/sana14-1536x928.png,Found
2038,953327,HIKOKI CORD ARMOR DV16V,https://i.ytimg.com/vi/KoqRo9ceeIU/hqdefault.jpg,Found
2039,955,Screw Driver Flat 8*200,,Not Found
2040,955509,"SWITCH -G10SS ,PDA100M",,Not Found
2041,96.,FREEMANS 3 MTR TAPE IKON,https://5.imimg.com/data5/SELLER/Default/2026/1/576629528/GL/RL/ZW/3714767/3mtr-freemans-ikon-1-1000x1000.jpg,Found
2042,964,Ovel Head Ratchet Handle1/2,https://valleytools.net/wp-content/uploads/2023/09/RH-12SF.jpg,Found
2043,97.,FREEMANS TAPE 3 MTR  BASIC,https://kumaranco.com/wp-content/uploads/2023/04/Freemans-Basik-3-Mtr-Steel-SDL755442794-1-e4ff1-1.jpg,Found
2044,97.,FREEMANS TAPE 3 MTR  BASIC,https://kumaranco.com/wp-content/uploads/2023/04/Freemans-Basik-3-Mtr-Steel-SDL755442794-1-e4ff1-1.jpg,Found
2045,97.,FREEMANS TAPE 3 MTR  BASIC,https://kumaranco.com/wp-content/uploads/2023/04/Freemans-Basik-3-Mtr-Steel-SDL755442794-1-e4ff1-1.jpg,Found
2046,97/1,3M TRANSPERENT TAPE FREEMANS,https://m.media-amazon.com/images/I/61dowDWIhXL._SL1500_.jpg,Found
2047,9712.,OIL SEAL,https://live.staticflickr.com/65535/52844551262_490c43d016_b.jpg,Found
2048,979,Lance 281,https://i.ebayimg.com/images/g/zqAAAOSwgSxnpijw/s-l1600.jpg,Found
2049,98.,FREEMANS TAPE 10 MTR,https://m.media-amazon.com/images/I/81zARzuJyUL._AC_.jpg,Found
2050,98.,FREEMANS TAPE 10 MTR,https://m.media-amazon.com/images/I/81zARzuJyUL._AC_.jpg,Found
2051,9801,K-EMTEX ROUTER BIT 9801,http://khmtools.com.ph/cdn/shop/products/routerbit_c0ca80bb-b7d6-4597-9954-343e36b1a44e.jpg?v=1613366369,Found
2052,986104,O RING -H41SA 986104,https://shop.hans-sauer.de/Produktbilder/986104-H01_t.jpg,Found
2053,986104,O RING -H41SA 986104,https://shop.hans-sauer.de/Produktbilder/986104-H01_t.jpg,Found
2054,986104,O RING -H41SA 986104,https://shop.hans-sauer.de/Produktbilder/986104-H01_t.jpg,Found
2055,988.,Welding Rod Best Arc 2.5,https://cdn.mos.cms.futurecdn.net/WQRA2FzVqfNtJWqcy6yRBn-1200-80.jpg,Found
2056,988.,Welding Rod Best Arc 2.5,https://5.imimg.com/data5/SELLER/Default/2025/3/498966694/SB/VS/ZT/26356893/best-arc-welding-rod-1000x1000.jpg,Found
2057,988.,Welding Rod Best Arc 2.5,https://5.imimg.com/data5/SELLER/Default/2025/3/498966694/SB/VS/ZT/26356893/best-arc-welding-rod-1000x1000.jpg,Found
2058,988.,Welding Rod Best Arc 2.5,https://5.imimg.com/data5/SELLER/Default/2025/3/498966694/SB/VS/ZT/26356893/best-arc-welding-rod-1000x1000.jpg,Found
2059,989.,Welding Rod Best Arc 3.5,,Not Found
2060,989.,Welding Rod Best Arc 3.5,https://www.asiantrading.in/media/504/catalog/NO+65+WELDING+ROD+BESTARC.jpg,Found
2061,989.,Welding Rod Best Arc 3.5,https://www.asiantrading.in/media/504/catalog/NO+65+WELDING+ROD+BESTARC.jpg,Found
2062,9890,ORING 7KG,https://www.gomaschile.cl/wp-content/uploads/2023/02/ORING-SILICONA-FRENTE.jpg,Found
2063,9898,RH28 ORING,https://www.sigmaplantfinder.com/images/uploads/public/697/79e/46b/69779e46b88e8850424574.png?q=100,Found
2064,99.,FREEMANS 15 MTR TAPE,https://5.imimg.com/data5/SELLER/PDFImage/2025/9/543875931/NQ/LB/ZG/111424762/freemans-steel-tape-15-mtr-1000x1000.png,Found
2065,9911.,ROUTER BIT 9911,https://down-ph.img.susercontent.com/file/ph-11134207-7r98p-lmn5p4h945ble1,Found
2066,9913,ROUTER BIT,https://kango-mirai-road.com/wp-content/uploads/2022/09/nurse2_1_idea.png,Found
2067,9924,ROUTER BIT 9924,https://i.pinimg.com/originals/52/ed/31/52ed312c98ecb3bd010d99b854cb1f98.png,Found
2068,993.,Chissel J/b 3/4,https://oldschooltools.co.uk/wp-content/uploads/2025/05/287924BB-4DC8-4B41-99D1-A40D3E53BB8F-scaled.jpeg,Found
2069,9932.,ROUTER BIT,https://marketplace.canva.com/EAFsY0VY_xE/2/0/1131w/canva-colorful-cute-kids-stationary-page-border-rdeGdq1ncs8.jpg,Found
2070,9933,ROUTER BIT 9933,https://m.media-amazon.com/images/I/21SwtRGqu+L._SX342_SY445_.jpg,Found
2071,9941.,ROUTER BIT 9941,https://m.media-amazon.com/images/I/71fKAz1z9TL._SL1500_.jpg,Found
2072,995.,BACKLIFT LADDER 07',https://i.pinimg.com/originals/9d/d1/05/9dd105517f6e8eb68608ad060a03d8e6.png,Found
2073,995.,BACKLIFT LADDER 07',https://5.imimg.com/data5/SELLER/Default/2021/1/KR/TN/BF/81475972/alco-back-lift-ladder-500x500.jpg,Found
2074,995.,BACKLIFT LADDER 07',https://5.imimg.com/data5/SELLER/Default/2021/1/KR/TN/BF/81475972/alco-back-lift-ladder-500x500.jpg,Found
2075,9952.,K-EMTEX ROUTER BIT 9952,http://homesthetics.net/wp-content/uploads/2023/08/Router-Bits-Section-Chart.jpg,Found
2076,9953.,ROUTER BIT9953,https://i5.walmartimages.com/seo/Ladaidra-Brown-fhgksm-Precise-18-30-50-Router-Bit-Drill-Bit-Carpenter-Arcs-Bending-Milling-Tip_9953da40-123e-4962-ad10-d4555659ffa7.58ee6e1da58e6b3c00fbe40a65d38aeb.jpeg,Found
2077,996.,BACKLIFT LADDER 08',https://i5.walmartimages.com/seo/Andy-Warhol-Paintings-Warhol-Pop-Art-Banana-Framed-Wall-Art-For-Bedroom-Livingroom-Office_69674091-ae80-43e8-b368-49ea47d1efd4.b957496c4a5de123ccd3855a366277d5.jpeg,Found
2078,996.,BACKLIFT LADDER 08',https://5.imimg.com/data5/SELLER/Default/2021/1/KR/TN/BF/81475972/alco-back-lift-ladder-500x500.jpg,Found
2079,996.,BACKLIFT LADDER 08',https://5.imimg.com/data5/SELLER/Default/2021/1/KR/TN/BF/81475972/alco-back-lift-ladder-500x500.jpg,Found
2080,997263,HIKOKI SEAL LOCK SCREW M4*109 997263,https://www.lsengineers.co.uk/media/catalog/product/cache/2183975d50b12d1ff8f0f4c988893bcd/h/k/hkk328628.jpg,Found
2081,998030,PUNCH -CN16,,Not Found
2082,999.,BOSCH SCREW DRIVER BIT DOUBL END 2608522372,"https://www.pavanmachinetools.com/product-images/Screw+Driver+Bit,+PH2+65mm+2608522372+Double+End+Bit+Bosch+(1).jpg/358315000023471444/1100x1100",Found
2083,999.,BOSCH SCREW DRIVER BIT DOUBL END 2608522372,https://auctions.c.yimg.jp/images.auctions.yahoo.co.jp/image/dr000/auc0403/users/b48ee8ab23c3633bd4ace6c2641651ec0c99b41c/i-img1198x898-1677953770m0r4sb578865.jpg,Found
2084,999/1,2608521039 SCREW DRIVER BIT DOUBLE STAR,https://toolsmyne.com/images/products/e703f36804a4ed9b5be077ab7bb5bb3e.jpg,Found
2085,999021,CARBON BRUSH -21 SET  PDA100,https://auctions.c.yimg.jp/images.auctions.yahoo.co.jp/image/dr000/auc0502/users/e9177f30294e70d9aded507528a9fa842b2a5b17/i-img543x768-1706806366urn8jz8378.jpg,Found
2086,999038,CARBON BRUSH -38 SET C12FCH,https://ae01.alicdn.com/kf/Sea32fc1d123b4c47a1e539a97f8be965h.jpg,Found
2087,999043,CARBON BRUSH -43 999043 FOR TILECUTTER,https://img.lazcdn.com/g/p/34d9e7453cfe702648527eea3cc84686.png_720x720q80.png,Found
2088,999061,CARBON BRUSH -61 G18SH2,https://cdn.kobo.com/book-images/6f25a993-b297-4390-b4ae-a7f330a6ba96/1200/1200/False/betrayed-by-the-hero-i-formed-a-milf-party-with-his-mom-manga-vol-1.jpg,Found
2089,999061,CARBON BRUSH -61 G18SH2,https://blogger.googleusercontent.com/img/b/R29vZ2xl/AVvXsEjkMCu8h8vJnh3xlG0_7i8gO5fOjUX8exVlEqvJNIOXRXBp-19fHhPzrvrt6QLWizNdAJrpzpVRzgfhE2eiv8XUoDr0G7jnEAqAhlcGxUZq4r7p9IvBs96wElhGgAZ42PNRMe9GexmSwcQ_FKzHniW6E11PJJ6HbYMHy_mDjKYeGpxNqdiFF-k26OG4/s658/cafef.drawio+(1).png,Found
2090,999067,CARBON BRUSH -67 G10SS2,https://down-id.img.susercontent.com/file/id-11134207-7r991-ltknn7oq2xhm77,Found
2091,999067,CARBON BRUSH -67 G10SS2,https://e7.pngegg.com/pngimages/717/704/png-clipart-logo-kementerian-pendidikan-dan-kebudayaan-indonesia-graphics-ministry-of-education-and-culture-logo-bendera-indonesia-logo-high-school.png,Found
2092,999067,CARBON BRUSH -67 G10SS2,https://down-id.img.susercontent.com/file/id-11134207-7r991-ltknn7oq2xhm77,Found
2093,9997,OIL SEAL,https://live.staticflickr.com/65535/52844551262_490c43d016_b.jpg,Found
2094,9998.,0810 ORING  SET,https://ae01.alicdn.com/kf/S5d38369c1d7b4aab9abc2fc5436e14dfs/1Set-Replace-Alumium-Piston-O-Ring-Pin-Set-For-Makita-HM0810-HM-0810-T-Demolition-Hammer.jpg,Found
2095,9DP,VALCRO PAPPER 9 INCH IBELL,https://5.imimg.com/data5/SELLER/Default/2022/4/NN/VA/BX/9702415/ibell-dry-wall-sander-ds80-90-1000x1000.jpg,Found
2096,9DP,VALCRO PAPPER 9 INCH IBELL,https://filebroker-cdn.lazada.com.ph/kf/S5b6874122aee472a8ea3d09fb12da7abt.jpg,Found
2097,9DP,VALCRO PAPPER 9 INCH IBELL,https://filebroker-cdn.lazada.com.ph/kf/S5b6874122aee472a8ea3d09fb12da7abt.jpg,Found
2098,9DP120,VALCRO PAPPER 9 INCH IBELL 120,https://img.lazcdn.com/g/ff/kf/S5b6874122aee472a8ea3d09fb12da7abt.jpg_720x720q80.jpg,Found
2099,9S2S,SHOVEL 2AS SHOVEL,https://cdn.shoplightspeed.com/shops/627918/files/27258504/north-49-2-way-folding-shovel.jpg,Found
2100,9SL,SPIRIT  LEVEL 9'',https://wonderfulengineering.com/wp-content/uploads/2018/06/Best-Spirit-Levels-3-1024x1024.jpg,Found
2101,9TH,METRO 9 PCS PICK AND HOOK SET,https://i5.walmartimages.com/seo/ROTATION-9-PCs-Extra-Long-Precision-Hook-and-Pick-Set-with-Scraper-Extra-Long-Shaft_8815a847-ef98-4f1f-90f3-d8ca896392a4.ed97746e354217b4db5f5a3790ccc8e5.jpeg?odnHeight=640&odnWidth=640&odnBg=FFFFFF,Found
2102,9WACDC,EMERGENCY BULB RECHARGABLE 9W,https://i5.walmartimages.com/seo/Rechargeable-Emergency-Light-Bulbs-9W-1200mAh-6000K-Daylight-White-Battery-Light-Bulb-Battery-Backup-LED-Bulb-Home-Power-Failure-Thunderstorm-Hurrica_c5811006-9191-44cc-8029-46faf4882688.afe0e42d27a8fcfa9f8cbd319b4bef8d.jpeg,Found
2103,9WP,LED LAMPS 9W OSRAM,http://5.imimg.com/data5/SELLER/Default/2022/11/NJ/LI/HT/31628004/osram-led-lamp-9w.jpg,Found
2104,9WP,LED LAMPS 9W OSRAM,https://5.imimg.com/data5/SELLER/Default/2023/7/330551076/WR/WH/LZ/110760261/9w-osram-led-bulb-1000x1000.jpg,Found
2105,9WP,LED LAMPS 9W OSRAM,http://5.imimg.com/data5/SELLER/Default/2022/11/NJ/LI/HT/31628004/osram-led-lamp-9w.jpg,Found
2106,9WP,LED LAMPS 9W OSRAM,https://zula.sg/wp-content/uploads/2023/08/uniqlo-kaws-collection-3.png,Found
2107,A 39,V BELT A 39,https://down-ph.img.susercontent.com/file/ph-11134207-7r98v-lsrwkgquokc526,Found
2108,A/L120008,AGRO LADDER 18 FEET A/L120008,"https://m.media-amazon.com/images/I/61flabzW3oL._AC_UF894,1000_QL80_.jpg",Found
2109,A/L120035,AGRO LADDER 18 FEET SERIAL NO  120035,https://www.corvidsindia.com/cdn/shop/files/CALT-055_3_700x700.jpg?v=1687160512,Found
2110,A+A,A+A,https://media.gettyimages.com/id/1422989774/vector/letter-a-uppercase-and-lowercase-icon-sticker-on-gray-background.jpg?s=1024x1024&w=gi&k=20&c=a98fjIELZRz7Q4A_IuHxwzJmIghqq8IrCwc7VZR5FSo=,Found
2111,A032,V BELT A32,https://bigriverrubber.com/_uploads/Optibelt_A32-1024x683.jpg,Found
2112,A036,V BELT A36,http://dieselbelting.com/cdn/shop/products/A36_f82549e3-08d8-453e-82ac-55a9f3348616_1200x1200.jpg?v=1670619188,Found
2113,A039,V BELT A039,https://down-ph.img.susercontent.com/file/ph-11134207-7r98v-lsrwkgquokc526,Found
2114,A041,V BELT A 41,https://images.tokopedia.net/img/cache/500-square/VqbcmM/2024/7/15/8402ef4c-2ebb-4b30-b0ed-d0bdcd44d7c0.jpg?ect=4g,Found
2115,A041,V BELT A 41,https://images.tokopedia.net/img/cache/500-square/VqbcmM/2024/7/15/8402ef4c-2ebb-4b30-b0ed-d0bdcd44d7c0.jpg?ect=4g,Found
2116,A042,V BELT A042,https://filebroker-cdn.lazada.co.id/kf/Scab41986ec7946fd8ca1470d2926b6770.jpg,Found
2117,A0810BC,BOTTOM COVER 0810,http://kantastores.com/cdn/shop/files/71qKj-hnrBS._AC_SL1500__1.jpg?v=1741683433&width=2048,Found
2118,A0810BH,BRUSH HOLDER 0810,https://down-ph.img.susercontent.com/file/ph-11134207-7qul5-lir16u2hne2ue4,Found
2119,A0810BHC,BRUSH HOLDER XCAP,https://m.media-amazon.com/images/I/610206svj6S._AC_SL1500_.jpg,Found
2120,A0810CRNB,CONNECT ROD WITH NEEDLE BEARING 0810,https://prod-media.beinsports.com/image/Por+qué+Luca+Zidane+eligió+jugar+con+Argelia.1080.jpg,Found
2121,A0810CRNB,CONNECT ROD WITH NEEDLE BEARING 0810,https://lzd-img-global.slatic.net/g/ff/kf/H4aa143ee4b004f20b8bc093a1e8883fbB.jpg_720x720q80.jpg_.webp,Found
2122,A0810FTH,FRONT TOOL HOLDER 0810,https://car-moby-cdn.com/article/wp-content/uploads/2025/04/02164307/toyota_crowncrossover_special_edition_car_the_70th_sales-start_2nd_apr2025_01-1000x562.jpg,Found
2123,A0810OR,ORING RED 5KG,https://5.imimg.com/data5/SELLER/Default/2023/12/366427513/RV/NA/OB/191350187/red-silicone-rubber-o-ring-500x500.jpg,Found
2124,A0810ORR,OIL CAP WITH RUBBER RING,,Not Found
2125,A0810OS,OIL SEAL 0810T,https://down-th.img.susercontent.com/file/c81bc8900d75acd55de4a1eb59f8fae0,Found
2126,A0810PP,PISTON PIN 0810,https://ae01.alicdn.com/kf/S5d38369c1d7b4aab9abc2fc5436e14dfs/1Set-Replace-Alumium-Piston-O-Ring-Pin-Set-For-Makita-HM0810-HM-0810-T-Demolition-Hammer.jpg,Found
2127,A0810SB,STEEL BALL 5KG,https://steelballrun.org/wp-content/uploads/2025/07/26605l.jpg,Found
2128,A0810SCR,STEEL CONNECT ROD 0810,,Not Found
2129,A0810SH,SIDE HANDLE 0810,https://m.media-amazon.com/images/I/51WXtqT3z1S._AC_SL1500_.jpg,Found
2130,A0810SH,SIDE HANDLE 0810,https://m.media-amazon.com/images/I/51WXtqT3z1S._AC_SL1500_.jpg,Found
2131,A0835P,PISTON 0835 7KG,https://www.researchgate.net/publication/366354558/figure/fig2/AS:11431281108127549@1671312002495/DPPH-antioxidant-mechanism.png,Found
2132,A11EB,11E BUSHING,http://shivatools.com/cdn/shop/products/IMG_20220915_095201.png?v=1663215816,Found
2133,A11EB,11E BUSHING,http://shivatools.com/cdn/shop/products/IMG_20220915_095201.png?v=1663215816,Found
2134,A11EBC,BEARING COVER 11E,,Not Found
2135,A11EBH,11E BRUSH HOLDER SET,https://dukaan.b-cdn.net/700x700/webp/upload_file_service/8af9b31c-a190-469f-9ce8-277386e6bf88/1679803560461.jpeg,Found
2136,A11EBHS,BRUSH HOLDER SPRING,https://www.photolibrary.jp/mhd6/img486/450-20160909192106316623.jpg,Found
2137,A11ECR,11E CONNECTING ROD,https://5.imimg.com/data5/SELLER/Default/2023/9/347763833/FB/AE/LN/158259606/11-e-demolition-hammer-connecting-rod-500x500.jpg,Found
2138,A11ECS,CABLE SLEEV 11E,,Not Found
2139,A11EF,FAN 11E,https://static-data2.manualslib.com/product-images/53a/3147464/300x300/homebase-sac-11e-fan.jpg,Found
2140,A11EFK,FRONT KIT 11E,https://5.imimg.com/data5/IOS/Default/2024/7/439203786/QW/TY/OH/4392565/product-jpeg-500x500.png,Found
2141,A11EFSH,CLAMPER FOR SIDE HANDLE,,Not Found
2142,A11EG,GEAR WHEEL,https://get.pxhere.com/photo/black-and-white-wheel-part-steel-gear-metal-machine-machinery-monochrome-mechanism-close-up-gears-silver-mechanical-cogs-hardware-accessory-toothed-wheels-1174650.jpg,Found
2143,A11EH,11E HOLDER,,Not Found
2144,A11EOF,OIL FELT 11E,https://5.imimg.com/data5/SELLER/Default/2025/10/553618652/EM/HC/JW/36638230/oil-and-water-repellent-felt-1000x1000.jpg,Found
2145,A11ERDR,DAMPING RING,https://www.ktr.com/.imaging/focalarea/Square/960/dam/jcr:410f13ea-73de-47d6-a83c-d6f69220ec2f/PRODUKTBILD_D_MPFUNGSELEMENTE_HYDRAULIK-KOMPONENTEN_D_MPFUNGSRING_D.png,Found
2146,A11ESLR,SWITCH LEVER 11E,https://5.imimg.com/data5/SELLER/Default/2023/1/JH/PL/QE/22792957/11-e-switch-gear-1000x1000.jpg,Found
2147,A11ESPT,SWITCH PLATE 11E,https://img.drz.lazcdn.com/g/kf/Scb9062b27de2423b9fb3544702ba6f79n.jpg_720x720q80.jpg,Found
2148,A11ETR,THREAD RING 11E,https://pbs.twimg.com/media/HA3Wr7sbMAAmkYi.jpg,Found
2149,A11ETR,THREAD RING 11E,,Not Found
2150,A13REH,DRILL HOLDER,"https://makerworld.bblmw.com/makerworld/model/US63e0f6ac50cbb2/design/2023-09-15_31rx6itv3vvh.jpg?x-oss-process=image/resize,w_1000/format,webp",Found
2151,A146B,"TIN CUTTER SPL8"" DHAMAN WITH SLEEVES",http://rukmini1.flixcart.com/image/300/300/xif0q/plier/2/b/7/8-perfect-8-katiya-tin-cutter-snip-heavy-duty-with-double-colour-original-imagg3e3fhhk44h5.jpeg,Found
2152,A160S,PUTTY SPRAYER,https://scentury-tech.com/wp-content/uploads/2024/07/IMG_0562-scaled.jpg,Found
2153,A1630S.,SWITCH,https://png.pngtree.com/png-vector/20240512/ourlarge/pngtree-celebrate-father-s-day-with-fun-hipster-png-image_12442269.png,Found
2154,A1LBH,SLEDGE HAMMER WITH FIBER GLASS HANDLE,https://www.krafttool.com/images/thumbs/0005769_8-lb-double-faced-sledge-hammer-with-36-fiberglass-handle.jpeg,Found
2155,A1P,ARIVAKATHI SPECIAL ONE RING,https://static1.cbrimages.com/wordpress/wp-content/uploads/2025/06/one-ring-at-council-of-elrond.jpg,Found
2156,A200.,SCISSORS BIG BLACK CLOTH CUTTING 8 INCH A-200,https://m.media-amazon.com/images/I/61AHiWEJGnL._AC_SL1500_.jpg,Found
2157,A20180SP,GRINDER 20-180 SPINDLE,https://dungtienvn.com/upload/images/sanpham/bosch/may-mai-goc/GWS-20-180-2.jpg,Found
2158,A2200,2-20 ORING,,Not Found
2159,A220AS,SDS ADAPTER WITH SCREW 2-20,https://forsplit.com/eng_pl_Adapter-SDS-1-2-20-UNF-631_1.jpg,Found
2160,A220AS,SDS ADAPTER WITH SCREW 2-20,,Not Found
2161,A220BC,BEARING SLEEV,https://m.media-amazon.com/images/I/51BX393Yw2L._AC_SL1500_.jpg,Found
2162,A220BFG,BIG FLAT GEAR 2-20,https://ae01.alicdn.com/kf/H60110529169b45c6bc51f1ee6609c6f9O/Flat-Gear-2M-10-11-12-13-14-15-16-17-18-19-20T-SC45-Carbon.jpg,Found
2163,A220DS,DUMPING SET 2-20,https://unboxtools.com/wp-content/uploads/2024/04/Alphabet-2-20-Rotary-Hammer-20mm-Dumping-Set.jpg,Found
2164,A220FKS,FRONT KIT SET 2-20,https://i5.walmartimages.com/asr/a147b9fd-9e30-4919-bb41-bfed9d0b2331.a7bee0e237373795b06fc5b2c5498604.jpeg?odnHeight=117&odnWidth=117&odnBg=FFFFFF,Found
2165,A220G,GEAR A2-20,https://media.craiyon.com/2025-04-25/6iD-2QL4TTG39ihovdb0lA.webp,Found
2166,A220G,GEAR A2-20,https://media.craiyon.com/2025-04-25/6iD-2QL4TTG39ihovdb0lA.webp,Found
2167,A220KB,KNOB,https://www.todaysdesignhouse.com/products/cambridge-dummy-door-knob-polished-brass_1.jpg,Found
2168,A220MCS,mouth CAP SET,https://thumbs.dreamstime.com/b/anti-fluid-protection-mask-double-sided-set-mouth-cap-turban-192124720.jpg,Found
2169,A220MH,2-20 MOTOR HOUSING,https://image.made-in-china.com/2f0j00fThqWLtZaCgO/Sheet-Metal-Part-DC-Brushless-Motor-Housing-and-End-Cover.jpg,Found
2170,A220O,ORING 2-20,https://http2.mlstatic.com/D_NQ_NP_844109-MLA75749629485_042024-O.webp,Found
2171,A220OS,OIL SEAL 2-20,https://down-th.img.susercontent.com/file/th-11134207-7r98t-lr6tvv9dwu3y86,Found
2172,A220P,2-20 PISTON,https://i.ytimg.com/vi/xIpa92cYCmo/hqdefault.jpg?sqp=-oaymwEmCOADEOgC8quKqQMa8AEB-AH-BIAC4AOKAgwIABABGFAgXChlMA8=&rs=AOn4CLCanICKcOycYcbbaDkPTXAQ-HLZsQ,Found
2173,A220PW,WASHER,https://www.thespruce.com/thmb/9U6iyek2wfpL461dRb_iLNZJKcM=/1500x0/filters:no_upscale():max_bytes(150000):strip_icc()/SPR-whirlpool-5_3-smart-capable-high-efficiency-top-load-washer-white-Jay-Wilde-c2148f1179fa42a5b16bb00baf239966.jpg,Found
2174,A220S,2-20 SWITCH,https://5.imimg.com/data5/SELLER/PDFImage/2024/1/378791945/HY/NW/SH/13429151/2-20-switch-500x500.png,Found
2175,A220SB,SWING BEARING,https://sc04.alicdn.com/kf/Heac2516fa4a54986acd0557c36e61636v/200152540/Heac2516fa4a54986acd0557c36e61636v.jpg,Found
2176,A226BFG,FLAT GEAR,https://i.ebayimg.com/images/g/DdgAAOSwRllkGrrr/s-l1600.jpg,Found
2177,A226CP,2-26 CLAMPER SET,https://www.projuicer.in/wp-content/uploads/2021/06/juicer-mixer-grinder-blades.jpg,Found
2178,A226CTC,C TYPE CLIP,https://i.ebayimg.com/images/g/1IYAAOSwytZgNbdw/s-l1200.webp,Found
2179,A226FTH,FRONT TOOL HOLDER 2-26,,Not Found
2180,A226G,GEAR,,Not Found
2181,A226H,A2-26 HOLDER,https://i.etsystatic.com/13674316/r/il/26b4c9/6815257687/il_1080xN.6815257687_21v8.jpg,Found
2182,A226IB,IMPACT BOLT,https://image.made-in-china.com/2f0j00koCqLwcbMpcM/Electric-Wrench-Cordless-Impact-Bolt-Tightening-Tools-Electric-Torque-Wrench.jpg,Found
2183,A226KB,2-26 KNOB,https://sparepartwala.in/wp-content/uploads/2022/02/114.jpg,Found
2184,A226MCS,2-26 MCS,,Not Found
2185,A226NB,NEEDLE BEARING,https://lookaside.fbsbx.com/lookaside/crawler/media/?media_id=665089248996830,Found
2186,A226O,ORING 2-26,https://a.allegroimg.com/original/11b02e/4cbb974f419db4043d97338915c0/O-ring-26x2-70-VMQ,Found
2187,A226PP,2-26 PISTON,https://down-id.img.susercontent.com/file/id-11134207-7rbkd-m77fi7x4u42mf7,Found
2188,A226PP,2-26 PISTON,https://down-id.img.susercontent.com/file/id-11134207-23010-hcg0yach96lvaf,Found
2189,A226S,2-26 SWITCH,,Not Found
2190,A226SB,NEEDLE BEARING,https://www.univbrg.com/wp-content/uploads/2022/05/AdobeStock_178383998-1536x1402.jpeg,Found
2191,A226SP,STARTOR PIN,https://elecdiags.com/wp-content/img/qjws-5-pin-starter-relay-wiring-diagram.jpg,Found
2192,A226SP,STARTOR PIN,https://elecdiags.com/wp-content/img/qjws-5-pin-starter-relay-wiring-diagram.jpg,Found
2193,A226TS,2-26 SPRING,http://www.signportal.com.au/cdn/shop/files/Workplace_Safety_-_Safe_Manual_Handling_Sign_69f04555-a154-4de9-b0c7-cc93e3ef7eca.png?v=1726532961,Found
2194,A2410S,DRILL SWITCH 2410  10MM DRILL DARK,https://down-id.img.susercontent.com/file/id-11134207-7rbk1-m9jq3w8e8xkdad,Found
2195,A250.,SCISSORS BIG BLACK 10 INCH -A-250,https://m.media-amazon.com/images/I/61AHiWEJGnL._AC_SL1500_.jpg,Found
2196,A28,V BELT A28,https://down-id.img.susercontent.com/file/sg-11134201-23020-lvebfv9wo9mv06,Found
2197,A3.5KG,ALAVANGOES 3.5KG,,Not Found
2198,A300.,SCISSORS BIG BLACK 12 INCH A-300,https://rukminim2.flixcart.com/image/832/832/xif0q/scissor/c/a/p/jupiter-a-300-12-inches-tailor-scissor-cutting-fabrics-and-original-imagzzhyhx5yedk4.jpeg?q=70&crop=false,Found
2199,A32,V BELT A32,https://i5.walmartimages.com/seo/Uxcell-A32-V-Belts-32-Mid-Perimeter-A-Section-Rubber-Drive-Belt-2pcs_4a64ba1b-475e-4a1d-be36-fbaf223f5220.1b51f1c9e6cf2ba4ab2f51172bca5adc.jpeg,Found
2200,A326FKS,FRONT KIT SET,https://www.ironman4x4.com/cdn/shop/files/BBR119IK-Raid-Front-Winch-Bumper-Kit-Suited-for-2024-Toyota-Tacoma-1.jpg?v=1738977942&width=2000,Found
2201,A326IB,IMPACT BOLT 3-26,https://cdn11.bigcommerce.com/s-y8zmpv9/images/stencil/1280w/products/10762/48297/324162-3__24544-NWM__53845.1677508551.jpg?c=2,Found
2202,A326ORR,OIL CAP WITH ORING,,Not Found
2203,A326S,SWITCH,https://wallpapercave.com/wp/wp5599042.jpg,Found
2204,A326TH,TOOLS HOLDER 3-26,https://samnantools.in/wp-content/uploads/2021/08/3-26-rotary-hammer-tube-holder.png,Found
2205,A32F,V BELT A32,https://www.bmwgroup.com/en/report/2024/worldmap/story-27.jpg,Found
2206,A33F,V BELT A33F,https://dieselbelting.com/cdn/shop/products/A33_981602f8-29a1-42f6-aaf3-c67ab9375df8_530x@2x.jpg?v=1670621129,Found
2207,A35,V BELT A35,http://cdn.shopify.com/s/files/1/0666/7721/products/A35_1024x.jpeg?v=1569272153,Found
2208,A36,A36FENNER POLY F PLUS,https://5.imimg.com/data5/SELLER/Default/2025/6/520263512/IJ/WE/DK/10360193/41sic3dcrkl-uf1000-1000-ql80-1-500x500.jpg,Found
2209,A36.,V BELT A36,http://dieselbelting.com/cdn/shop/products/A36_f82549e3-08d8-453e-82ac-55a9f3348616_1200x1200.jpg?v=1670619188,Found
2210,A3612BS,BODY SET ROUTER,https://smithtools.co.uk/uploads/products/trend-18v-14-brushless-router-kit-body-0.jpg,Found
2211,A37,V BELT FENNER POLY A37,https://5.imimg.com/data5/SELLER/Default/2025/2/492248094/XU/IS/IG/28914790/fenner-a-37-poly-v-belt-1000x1000.jpeg,Found
2212,A39.,VBELT A39 FENNER POLY,https://lntsufin.com/storage/mediafiles/catalog/live/16501-446/original/16501-446_image_0.jpg,Found
2213,A39.,VBELT A39 FENNER POLY,https://lntsufin.com/storage/mediafiles/catalog/live/16501-446/original/16501-446_image_0.jpg,Found
2214,A4  SHEET,A4  SHEET,https://thumbs.dreamstime.com/z/blank-white-paper-sheet-mockup-template-blank-white-paper-sheet-mockup-template-isolated-grey-background-115819871.jpg,Found
2215,A4.5KG,ALAVANGUE 4.5 KG,,Not Found
2216,A40,V BELT A40,,Not Found
2217,A40,V BELT A40,https://kyozaisupport.com/wp/wp-content/uploads/kyozai/memory/memory_lis01.png,Found
2218,A40..,A40 FENNER WET GRINDER BELT   A40,https://5.imimg.com/data5/SELLER/Default/2023/5/310828013/LZ/ME/KJ/14385767/fenner-a40-wet-grinder-v-belt-500x500.jpg,Found
2219,A41.,V BELT A 41,https://images.tokopedia.net/img/cache/500-square/VqbcmM/2024/7/15/8402ef4c-2ebb-4b30-b0ed-d0bdcd44d7c0.jpg?ect=4g,Found
2220,A42,A42 FENNER WET GRINDER BELT,https://5.imimg.com/data5/SELLER/Default/2026/1/576986076/TO/IF/RN/3680567/fenner-wet-grinder-v-belt-1000x1000.png,Found
2221,A42F,V BELT A42F,,Not Found
2222,A43,V BELT A43,https://www.ene100.jp/www/wp-content/uploads/zumen/1-2-6.jpg,Found
2223,A44,A44 FENNER WET GRINDER BELT,https://blogger.googleusercontent.com/img/b/R29vZ2xl/AVvXsEjkYLwtyHeNhLr6cSmywe1yPwRXSVBSnGGCfZgN-PWzQBtQ5VeRhZQ89zfut3ASFpvsHkxUqjhtf7CWXfFKxMGvc53MYg0FBTvRjwNLk0kyCL4m8d_Q-Qpjjtpa08OgwAx3EJNKph7w65ol/s1600/CIMG2420.JPG,Found
2224,A44.,A44 FENNER WET GRINDER BELT,https://5.imimg.com/data5/SELLER/Default/2026/1/576986076/TO/IF/RN/3680567/fenner-wet-grinder-v-belt-1000x1000.png,Found
2225,A46,A46 FENNER WET GRINDER BELT,,Not Found
2226,A57F,V BELT A57F,https://m.media-amazon.com/images/I/612ovKUuxfL._SL1100_.jpg,Found
2227,A5KG,ALAVANGOES 5 KG,,Not Found
2228,A6100AW,6-100 AB WASHE R,,Not Found
2229,A6100BC,GWS6-100 BEARING COVER,https://down-id.img.susercontent.com/file/id-11134207-7rasl-m1ofqvliksl221,Found
2230,A6100CCR,CENTRAL COVER GWS6-100,,Not Found
2231,A6100G,GWS6-100 GEAR,https://images.tokopedia.net/img/cache/500-square/VqbcmM/2022/11/18/fbcaf883-df1f-4855-b284-9ed970d5d5ef.jpg,Found
2232,A6100IP,IG PLATE GWS6-100,https://down-ph.img.susercontent.com/file/sg-11134202-7rd52-m6w1y4zr88091b,Found
2233,A6100KL,KNOB,https://www.quoteinspector.com/media/money/two-twenty-dollar-bills.jpg,Found
2234,A6100LS,LOCK SET AG6-100,https://sc04.alicdn.com/kf/HTB1rS6zGf5TBuNjSspmq6yDRVXa8.jpg,Found
2235,A6100PBB,PVC BEARING BOX GWS6100,https://down-id.img.susercontent.com/file/sg-11134201-7rd68-m6ro3ih9995m24,Found
2236,A6100S,SPINDLE AG6100,https://auctions.c.yimg.jp/images.auctions.yahoo.co.jp/image/dr000/auc0505/users/bed24d85e43fc395cc0ff33011480c0ccc9dbaa7/i-img1200x900-1715257190zjamwv546537.jpg,Found
2237,A6100SKB,SWITCH KNOB +LEVER GWS6-100,https://down-ph.img.susercontent.com/file/1947e7e3b36b82d5ec5e01c1d357da14,Found
2238,A6100SKB,SWITCH KNOB +LEVER GWS6-100,https://down-ph.img.susercontent.com/file/1947e7e3b36b82d5ec5e01c1d357da14,Found
2239,A6100SP,AG6100 SPANNER KEY,https://thumbs.dreamstime.com/z/spanner-key-9613045.jpg,Found
2240,A6100SP,AG6100 SPANNER KEY,https://i5.walmartimages.com/seo/Triangle-Spanner-Key-Triangular-Lock-Keys-Socket-Universal-Utility-Keys-for-Elevator-Emergency-Lift-Door-Triangle-Panel-Lock_ba4dd007-14ec-47fd-af70-47e75dea46f1.1e55ef596fdd92fc4152ba319c1f0b40.jpeg,Found
2241,A61F,V BELT A61 F,http://dieselbelting.com/cdn/shop/products/A61_ebac6c7e-8355-4bdb-990f-f3f04ad013e7_1200x1200.jpg?v=1670619167,Found
2242,A62,V BELT A62,https://www.imperialsupplies.com/ProductImageThumbs400/as/01/458T89_AS01.jpg,Found
2243,A621,NEW AMERICAN LADDER 6',https://5.imimg.com/data5/SELLER/Default/2020/12/FG/KG/ZF/81475972/new-american-self-supporting-double-side-ladder-500x500.JPG,Found
2244,A6510S,13MM DRILL SWITCH,https://down-my.img.susercontent.com/file/b575f48d7226c748c80d441f86485f95,Found
2245,A65AM,16KG MOUTH,,Not Found
2246,A65BC,BOTTOM COVER,https://preview.qiantucdn.com/freepik/512/838/838617.png!w1024_new_small_1,Found
2247,A65BHS,BRUSH HOLDER SET,https://i5.walmartimages.com/seo/Toilet-Brush-Holder-Set-Long-Handle-Space-Saving-Bowl-Storage-Durable-Bristles-Scrubber-Bathroom-Cleaning_7cd3a6f7-731a-4a3d-aebc-c7f3c62ab8f5.2f273407508052d2443f7eeed79d3b5e.jpeg,Found
2248,A65DS,DEMBAR BUSH,https://www.geckohospitality.com/wp-content/uploads/2024/08/Debra-Bush.jpg,Found
2249,A65FSC,BOLT,https://boltworld.co.uk/wp-content/uploads/2022/04/933-ZINC-3.jpg,Found
2250,A65LS,BIT LOCK SET,https://i5.walmartimages.com/seo/Kaba-Ilco-214-04-51-Standard-Bit-Key-Mortise-Lock-Set-Black_71f41b0f-33b3-4179-b404-5dfe4015d668.aaa404463abaec6bccda2bc416a4cf82.jpeg,Found
2251,A65LS,BIT LOCK SET,https://i5.walmartimages.com/seo/Kaba-Ilco-214-04-51-Standard-Bit-Key-Mortise-Lock-Set-Black_71f41b0f-33b3-4179-b404-5dfe4015d668.aaa404463abaec6bccda2bc416a4cf82.jpeg,Found
2252,A65MS,MOUTH SLEEVE,https://img.ltwebstatic.com/images3_pi/2023/04/20/168197485673b75bdb592fcabf792f97adaee63ee4_thumbnail_220x293.webp,Found
2253,A65SBHC,HOLDER CAP,https://m.media-amazon.com/images/I/81CQ0nYNarL.jpg,Found
2254,A65SD,16KG DUMPER SET,https://m.media-amazon.com/images/I/71-c8BTfJyL._SL1500_.jpg,Found
2255,A65SH,16KG HANDLE,https://cdn-img.prettylittlething.com/mp-images/e/1/e139c7245ac05dd767fb1b8a708f58e6_M5063603030305_1.jpg,Found
2256,A65SR,16KGSTARTOR RING,https://classicalfa.com/cdn/shop/files/EN084__51913.jpg?v=1756273066&width=1445,Found
2257,A65SS,SHANK SLEEV,https://image.made-in-china.com/2f0j00MkyrzcsUbLqG/Mt1-Mt2-Mt3-Mt4-Mt5-Mt6-Morse-Taper-Adapter-Drill-Sleeve.jpg,Found
2258,A66.,V BELT A 66,https://m.media-amazon.com/images/I/61q7+eQJDbL._SL1100_.jpg,Found
2259,A71F,V BELT 71F,"https://doctorbase.cdn.bcebos.com/zc_img/5YWl5bqT5pWw5o2u56ysMuaJuTIwMjMwMTExX+WMu+eUn+W6k+mqjOecn+aVsOaNrjEyMTMt55Sw6bmP5ZCb77yIMe+8iQ==/c2e426f2083ced16d9d1b87b0604e759.jpeg?x-bce-process=image/auto-orient,o_1/resize,w_1242,limit_1/quality,Q_85/format,f_auto",Found
2260,A7LB,SCREW,https://images.squarespace-cdn.com/content/v1/57fd5aa69f745699d45f362d/1695854411734-3DZ7WZMCRJPX9ZO99SXM/51GwF0hRz8L.jpg,Found
2261,A8100R,ORING,https://static2.hp-sc.pl/pol_pl_Oring-15x3-70NBR-Uszczelka-O-ring-15x3-75szt-59985_1.png,Found
2262,A810SB,5KG BALL BEARING,https://media.sandhills.com/img.axd?id=8059252073&wid=4326182721&rwl=False&p=&ext=&w=614&h=460&t=&lp=&c=True&wt=False&sz=Max&rt=0&checksum=0lk2FOmInnAxSi7ML3Qrg4OZNuO5IW1xLWzEEnX+Zw8=,Found
2263,A810SW,SWITCH 5KG,https://cdn.dotpe.in/longtail/store-items/7963583/9gDkfAMz.jpeg,Found
2264,A83696,MAKITA MULTI BLADE 10*32T A-83696,https://cdn.moglix.com/p/gJSNOHOAct8IX-xxlarge.jpg,Not Found
2265,A9523SH,SWITCH,,Not Found
2266,A9553G,GEAR 9553GRINDER,https://images-cdn.ubuy.co.in/634f6d7f9ab2f3482e4282d3-uxcell-replacement-spiral-bevel-gear-for.jpg,Found
2267,A9553G,GEAR 9553GRINDER,https://images-cdn.ubuy.co.in/634f6d7f9ab2f3482e4282d3-uxcell-replacement-spiral-bevel-gear-for.jpg,Found
2268,A9553LS,LOCK SET 9553,https://down-id.img.susercontent.com/file/id-11134207-7qul3-lh0jf9k0fakj97,Found
2269,AAAB,PANASONIC BATTERY,https://petswithscales.com/wp-content/uploads/2023/05/white-throated-vs-black-throated-monitor-lizards-scaled.jpg,Found
2270,AAD2,SPARE GUAGE,https://aviotools.com/wp-content/uploads/2023/06/GAUGES-0-250-BAR.jpeg,Found
2271,AB1903,AB WASHER CM4SA,https://implemental.in/wp-content/uploads/2023/02/AB-Washers-CM4SA-1.jpg,Found
2272,AB25MM,AUGER BIT 25MM,https://cdn11.bigcommerce.com/s-jgbxwr3554/images/stencil/1280x1280/products/183801/387726/VNTV1315016_1__07236.1705392369.jpg?c=1,Found
2273,AB3,PULLER,https://www.ato.com/content/images/thumbs/0015549_23-jaw-hydraulic-puller-10-ton.jpeg,Found
2274,ABG,AIR BLOW GUN LONG 110 HANBON,https://5.imimg.com/data5/SELLER/Default/2022/6/PT/SE/GX/24498845/air-blow-gun-long-110-mm-hanbon-1000x1000.jpeg,Found
2275,ABL50,TUQO CORDLESS AIR BLOWER 2 IN 1LED TYPE C,https://images.nexusapp.co/assets/a3/0d/c5/413747003.jpg,Found
2276,ABLADE,BRUSHCUTTER HOLDER A-BLADE,,Not Found
2277,ABN-50,AIR BLOWER NO -50,http://stat.ameba.jp/user_images/20140811/22/seigi-syo/18/0f/j/o0478064013031832731.jpg,Found
2278,ABN-70,AIR BLOWER NO -70,https://5.imimg.com/data5/SELLER/Default/2025/4/502275148/MG/RT/PQ/25236753/centrifugal-air-blower-no-70-1000x1000.png,Found
2279,ABP,BLOWER PIPE,http://5b0988e595225.cdn.sohucs.com/images/20190407/d34b8f9ab19d42efa7e66872e969e7a8.jpeg,Found
2280,ABS128,VOYLET AIR BRUSH ABS128,https://www.porphis-online.com/cdn/shop/files/ABS-128_1.jpg?v=1757060081,Found
2281,ABU,ARTIST AIR BRUSH GUN UNIQUE,https://i.pinimg.com/736x/6f/b3/51/6fb35155ca458e0fedfbaccc6e6d573d.jpg,Found
2282,ABU,ARTIST AIR BRUSH GUN UNIQUE,https://i.ytimg.com/vi/9p_uQ1eff0U/maxresdefault.jpg,Found
2283,ABVR,ALUMINIUM BODY HUB FOR VIBRATOR,http://5.imimg.com/data5/SELLER/Default/2024/1/381071974/NH/RQ/OC/9990951/soham-3-hp-aluminium-body-vibrator-motor-1000x1000.png,Found
2284,ABWASHERA,AB WASHER ALL TYPE APPU,https://5.imimg.com/data5/SELLER/Default/2022/12/IJ/NM/YP/44898543/20-180-ab-washer-1000x1000.jpg,Found
2285,ABWT,AB WASHER 6-100,https://cliftools.com/wp-content/uploads/2024/09/6-100-AB-WASHER-1024x1024.jpg,Found
2286,ABWT,AB WASHER 6-100,https://cliftools.com/wp-content/uploads/2024/09/6-100-AB-WASHER-1024x1024.jpg,Found
2287,ABWT,AB WASHER 6-100,https://cliftools.com/wp-content/uploads/2024/09/6-100-AB-WASHER-1024x1024.jpg,Found
2288,AC,ALUMINIUM CABLE,https://5.imimg.com/data5/SELLER/Default/2023/11/357632571/ME/ZY/PY/156512745/4-core-300-sq-mm-aluminium-armoured-cable-1000x1000.jpg,Found
2289,AC FAN,AC FAN,https://c8.alamy.com/comp/2XH199W/air-conditioning-fans-2XH199W.jpg,Found
2290,AC PARKING,AC PARKING,https://cdn.diaocthongthai.com/map/USA/map_polygon_satellite_3/pa/freeport.webp,Found
2291,AC3AF,AC3 AIR FILTER,https://i5.walmartimages.com/seo/CUB-CADET-753-05506-Air-Filter-Ac3-CC148_d3a1e86e-1107-4c26-b6de-b1de732123d7.9c18f4091540b28877d48251a0e79080.jpeg,Found
2292,AC3C,AC3 CIRCLIP 1,https://fhdbearings.com/wp-content/uploads/2024/05/circlip-768x480.jpg,Found
2293,AC3C,AC3 CIRCLIP 1,https://fhdbearings.com/wp-content/uploads/2024/05/circlip-768x480.jpg,Found
2294,AC3CAP,AC3 BREATH PIPE WITH TWO SEALED RING,,Not Found
2295,AC3CAP/1,AC3 BREATH PIPE WITH TWO SEALED RING,https://nvagencies.co.in/cdn/shop/files/NAQ0071-_MG_0229.jpg?v=1698401930&width=1946,Found
2296,AC3CCG,AC3 CYLINDER COVER  GASKET FOR COMPRESSOR,,Not Found
2297,AC3CCG,AC3 CYLINDER COVER  GASKET FOR COMPRESSOR,https://5.imimg.com/data5/SELLER/Default/2024/2/393298182/YO/NA/YV/3068888/compressor-gaskets-1000x1000.jpg,Found
2298,AC3CG,AC3 CYLINDER GASKET FOR COMPRESSOR,https://5.imimg.com/data5/RM/VA/KG/SELLER-11144625/air-compressor-gasket-500x500.jpg,Found
2299,AC3CG,AC3 CYLINDER GASKET FOR COMPRESSOR,https://m.media-amazon.com/images/I/616cWEC2IrL._AC_SL1500_.jpg,Found
2300,AC3CG,AC3 CYLINDER GASKET FOR COMPRESSOR,,Not Found
2301,AC3CR,AC3 CONNECTING ROD,https://autoprotoway.com/wp-content/uploads/2024/11/connecting-rod-and-crankshaft-768x507.jpg,Found
2302,AC3CRANK,AC3 CRANK,http://g-ecx.images-amazon.com/images/G/01/dvd/lionsgate/Crank_1_lg._V219341144_.jpg,Found
2303,AC3CYR,AC3 CYLINDER FOR BRUSHCUTTER 2642,https://vedson.in/storefiles/productfiles/BMP-S1711156/Dup-S-BCCAAT12/Dup-S-BCCAAT12.jpg,Found
2304,AC3DV,AC3  DRAIN VALVE FOR COMPRESSOR,,Not Found
2305,AC3FC,AC3 FAN COVER,,Not Found
2306,AC3FFB,AC3 FASHER FOOT 50L WITH BOLT,https://www.magnahardware.com/wp-content/uploads/2025/02/Bolt-Sustain-Foot-Tank-1-300x300.png,Found
2307,AC3MC,AC3 MOTOR COVER,https://www.estisource.com/static/tool_drawing/Motor+Cover.png,Found
2308,AC3OL,AC3 OIL LEVELER,,Not Found
2309,AC3P,AC3 PISTON,https://www.yliopistonverkkoapteekki.fi/WebRoot/KYA/Shops/KYA/4B25/FFCD/A296/5C08/2294/59FA/3D21/2C9D/Ac3_30gtuubi_yliopistonverkkoapteekki_ml.jpg,Found
2310,AC3PG,AC3 PRESSURE GAUGE,https://i.pinimg.com/originals/88/0e/08/880e08e651e84c68d85de074008eb6c3.jpg,Found
2311,AC3PP,AC3 PISTON PIN,https://amstedauto.com/wp-content/uploads/2025/04/Piston-Pin2-scaled.jpg,Found
2312,AC3PR,AC3 PISTON RING,https://chackee.com/travel/india-gujarat2/img/inda_g013_01.jpg,Found
2313,AC3PR,AC3 PISTON RING,,Not Found
2314,AC3ROTOR,AC3 ROTOR,https://www.velopro.net/wp-content/uploads/2024/07/Campagnolo-03-Velopro-1162144.jpg,Found
2315,AC3RP,AC3 RELEASE PIPE,https://images.tokopedia.net/img/cache/700/VqbcmM/2024/6/14/a305bdc1-6740-47f8-bd30-b3df8e913ff4.jpg,Found
2316,AC3RV,AC3 DISTRIBUTOR,https://javhd.pics/photos/1pondo/kotomi-yuzuno/080422_001/kotomi-yuzuno-11.jpg,Found
2317,AC3RVDV,AC3 REGULATOR VALVE AND DISTRIBUTER VALVE,http://www.railspareparts.com/photo/pl103693421-air_braking_railway_braking_valve_uic_distributor_valve_in_railway_wagon.jpg,Found
2318,AC3SC,AC3 SWITCH COVER,,Not Found
2319,AC3SR,AC3 SEALING RING,https://img2.tradewheel.com/uploads/images/products/0/4/forklift-ac3-ton-seal-ring-manual-hydraulic-lift-truck-oil-seal-lifting-tray-truck-df25t-seal1-0981385001576515019.jpg.webp,Found
2320,AC3SR,AC3 SEALING RING,https://stat1.bollywoodhungama.in/wp-content/uploads/2018/01/Shakti-Kapoor-spotted-with-wife-Shivangi-Kolhapure-in-Juhu-4-480x360.jpg,Found
2321,AC3STATOR,AC3 STATOR,https://blog.electronenergy.com/hs-fs/hubfs/eec-stator.jpg?width=900&height=639&name=eec-stator.jpg,Found
2322,AC3VP,AC3 VALVE PLATE,https://www.whitehouseproductsltd.com/PRODUCT_IMAGES/8PWAC2VPCCW.jpg,Found
2323,AC3VPG,A C3 VALVE PLATE GASKET FOR COMPRESSOR,https://m.media-amazon.com/images/I/61RCBniIMeL._AC_SL1001_.jpg,Found
2324,AC3VPG,A C3 VALVE PLATE GASKET FOR COMPRESSOR,https://m.media-amazon.com/images/I/61RCBniIMeL._AC_SL1001_.jpg,Found
2325,AC3VPG,A C3 VALVE PLATE GASKET FOR COMPRESSOR,https://down-my.img.susercontent.com/file/sg-11134201-22100-7nj1a4qd57iva7,Found
2326,AC3W50L,AC3 WHEEL 50L,http://jxlperformance.co.uk/cdn/shop/files/361190213327_0.jpg?v=1768582774,Found
2327,AC3WV,AC3 ONLY WAY VALVE,https://cdn11.bigcommerce.com/s-hdj6s/images/stencil/1280x1280/products/54557/51529/e2df1d33-669f-5c89-9fad-3ebee953f8bb__19418.1727739155.jpg?c=2,Found
2328,AC3WV,AC3 ONLY WAY VALVE,,Not Found
2329,AC876486,AC876486,https://item-shopping.c.yimg.jp/i/n/closer0510_876486_1_d_20250417185627,Found
2330,ACB2,ALAVANGOES CROW BAR 2 KG,https://lookaside.fbsbx.com/lookaside/crawler/media/?media_id=2956520711211066,Found
2331,ACB3,ALAVANGOES CROW BAR 3. KG,https://lookaside.fbsbx.com/lookaside/crawler/media/?media_id=2956520711211066,Found
2332,ACB4,ALAVANGOES CROW BAR 4 KG,https://lookaside.fbsbx.com/lookaside/crawler/media/?media_id=2956520711211066,Found
2333,ACBOARD,18 INCH A/C P.C BOARD,https://i5.walmartimages.com/seo/Double-Sided-Cutting-Board-for-Kitchen-Ebony-Stainless-Steel-Non-Slip-Durable-Chopping-Board-Mildew-Resistant-16-11-Inch_f4679d2d-f39c-42b8-9713-0ac8740c6a32.79f21434b5bc1727b67eea5453411af1.png?odnHeight=576&odnWidth=576&odnBg=FFFFFF,Found
2334,ACC,ADJUSTABLE CIRCLE CUTTER,https://quincailleriea1.com/wp-content/uploads/2018/04/He3f8b425a57d4c0eab1d3bdb12522881C.jpg,Found
2335,ACC14S,SWITCH CC14SF CUTT OFF SAW,https://down-my.img.susercontent.com/file/59843dfe9ef2e881fa96087da5e34d0d,Found
2336,ACE GOLD DIAMOND CUP WHEEL 125 MM DOUBLE ROW,ACE GOLD DIAMOND CUP WHEEL 125 MM DOUBLE ROW,https://5.imimg.com/data5/SELLER/Default/2023/12/369065021/BW/RB/HZ/1394648/diamond-cup-grinding-wheel-1000x1000.jpg,Found
2337,ACE GOLD DIAMOND CUP WHEEL 180MM DOUBLE WHEEL,ACE GOLD DIAMOND CUP WHEEL 180MM DOUBLE WHEEL,https://aabtools-images-pdf.s3.me-central-1.amazonaws.com/webp/gazelle-gcw180-7-in-diamond-cup-wheel-1802338,ACF,AIR COMPRESSOR FILTER,https://m.media-amazon.com/images/I/81-W3xLF57L.jpg,Found
2339,ACFC8,FAD CUTTING SHEAR 8 INCH GRAPE A3,,Not Found
2340,ACH0,AUTO CLOSE HINGES SOFT CRANK PRIME 0,https://i.ytimg.com/vi/H4hsB8I7z20/maxresdefault.jpg,Found
2341,ACH15,AUTO CLOSE HINGES 15 CRANK PRIME,https://m.media-amazon.com/images/I/71aSw42b+LL._SL1500_.jpg,Found
2342,ACH8,AUTO CLOSE HINGES CLOSING CRANK PRIME 8,https://www.racknsell.com/public/thumbs/products/59462/8-crank-auto-hinges-250x250_500_500.jpg,Found
2343,ACM4SAAW,AB WASHER,https://implemental.in/wp-content/uploads/2023/02/AB-Washers-CM4SA-1.jpg,Found
2344,ACM4SAAW,AB WASHER,https://5.imimg.com/data5/SELLER/Default/2024/8/440462333/AO/IZ/EP/219231941/ab-washer-20-180-1000x1000.jpeg,Found
2345,ACM4SAAW,AB WASHER,https://5.imimg.com/data5/SELLER/Default/2024/8/440462333/AO/IZ/EP/219231941/ab-washer-20-180-1000x1000.jpeg,Found
2346,ACM4SABB,BEARING BOX  CM4SA,https://unboxtools.com/wp-content/uploads/2024/10/Axn-Cm4Sa-Marble-Cutter-110Mm-Bearing-Housing-2.webp,Found
2347,ACM4SABB,BEARING BOX  CM4SA,https://unboxtools.com/wp-content/uploads/2024/10/Axn-Cm4Sa-Marble-Cutter-110Mm-Bearing-Housing-2.webp,Found
2348,ACM4SABHC,BRUSH HOLDER CAP CM4SA,https://png.pngtree.com/png-clipart/20201127/ourmid/pngtree-classical-chinese-kongming-lamp-frame-png-image_2447655.jpg,Found
2349,ACM4SACS,CM4 CABLE SLEEVE,https://5.imimg.com/data5/SELLER/Default/2023/1/JR/FU/IW/22792957/cm4-cable-sleeve-500x500.jpg,Found
2350,ACM4SAG,CM4SA GEAR,https://5.imimg.com/data5/SELLER/Default/2025/8/539982194/IC/RY/HC/13429151/cm4sa-gear-box-1000x1000.png,Found
2351,ACM4SAHB,BEARING  BOX,https://lzd-img-global.slatic.net/g/p/25df642a365005086764eb326aeacd91.jpg_720x720q80.jpg,Found
2352,ACM4SAS,SWITCH  ACM4SAS,https://bltt.org/wp-content/uploads/2017/02/switchaccess_web.png,Found
2353,ACM4SAS,SWITCH  ACM4SAS,https://greenblog.co.kr/wp-content/uploads/2021/05/아이티-색상-지도-min.jpg,Found
2354,ACM4SASP,CM4SA  SPINDLE,https://s3.amazonaws.com/s3.timetoast.com/public/uploads/photos/13186949/18th-amendment.jpg,Found
2355,ACM4SBAW,AB WASHER,https://5.imimg.com/data5/SELLER/Default/2024/8/440462333/AO/IZ/EP/219231941/ab-washer-20-180-1000x1000.jpeg,Found
2356,ACM4SBAW,AB WASHER,https://5.imimg.com/data5/SELLER/Default/2024/8/440462333/AO/IZ/EP/219231941/ab-washer-20-180-1000x1000.jpeg,Found
2357,ACM4SBB,BEARING BOX,https://down-id.img.susercontent.com/file/sg-11134201-23020-509hsojcm5mv30,Found
2358,ACM4SBB,BEARING BOX,https://lzd-img-global.slatic.net/g/p/25df642a365005086764eb326aeacd91.jpg_720x720q80.jpg,Found
2359,ACM4SBBHC,BRUSH HOLDER CAP CM4SB,https://m.media-amazon.com/images/I/610206svj6S._AC_SL1500_.jpg,Found
2360,ACM4SBG,GEAR,http://clipart-library.com/images/yckr9A75i.jpg,Found
2361,ACM4SBSP,SPINDLE CM4SB,https://poonacapacitors.com/wp-content/uploads/2025/08/IMG-20250822-WA0075.png,Found
2362,ACM4SBWG,WIND GUARD  CM4SB,https://lzd-img-global.slatic.net/g/p/4e5595cc9bd285639546a514270ef7ef.png_720x720q80.png,Found
2363,ACM5G,CM5 GEAR,https://sparepartwala.in/wp-content/uploads/2024/09/20240901_144851_copy_700x800.jpg,Found
2364,ACOSWITCH,AC OVER LOAD SWITCH 200 LTR,https://exerlon.com.my/wp-content/uploads/2025/01/NXR-100-Thermal-Over-load-Relay-1-1200x1171.webp,Found
2365,ACP120,BANCH DRILL PIN,https://m.media-amazon.com/images/I/71auti-KdXL._AC_UL960_FMwebp_QL65_.jpg,Found
2366,ACRING,AC RING SET -BIG,https://wallpaperaccess.com/full/8673864.jpg,Found
2367,ACSP30L,KENYU AIR COMPRESSOR 2HP 30L HEAD KYP-ACSP30L,https://www.kenyuindia.com/thumb/500/500/uploads/KYP-ACSP30L__13Jan2023155242.jpg,Found
2368,ACSPRING,ACCELERATOR SPRING,https://ishimaru-naika.com/img/n-01401.jpg,Found
2369,ACUC8,ULTRA CUT GARDEN FLOWER CUTTER 8 INCH,https://www.atleticalive.it/wp-content/uploads/2024/12/gout-678x381.jpg,Found
2370,AD1,HSS DRILL BIT 1MM,https://www.windowsnoticias.com/wp-content/uploads/2024/11/Como-poner-Google-como-pagina-de-inicio-en-Windows-10-1024x576.jpg,Found
2371,AD1,HSS DRILL BIT 1MM,https://static.rapidonline.com/catalogueimages/product/84/99/s84-9917p01wl.jpg,Found
2372,AD1.5,HSS DRILL BIT 1.5MM,https://www.wecs-ltd.co.uk/wp-content/uploads/2023/12/drill-bit.jpg,Found
2373,AD1/2,"DRILL BIT 1/2""",https://www.sgtrains.com/img/trains/c830c/c830c-exterior.jpg,Found
2374,AD1/8,DRILL BIT 1/8A,,Not Found
2375,AD10,HSS DRILL 10MM MIRANDA,https://5.imimg.com/data5/SELLER/Default/2022/9/AV/JL/LA/138765712/hss-drill-miranda-make-10-mm-1000x1000.jpg,Found
2376,AD10.5/1,DRILL BIT 10.5,https://keyelectric.co.za/wp-content/uploads/2025/03/RMGB31050.png,Found
2377,AD10/1,DRILL BIT 10M,https://guglue.com/wp-content/uploads/2023/09/10mm-metal-drill-bit.jpg,Found
2378,AD10/1,DRILL BIT 10M,,Not Found
2379,AD10B,DRILL BIT 10MM BULLET,https://m.media-amazon.com/images/I/51Ros-j8qtL._AC_SL1000_.jpg,Found
2380,AD11.5/1,DRILL BIT  11.5,https://static.grainger.com/rp/s/is/image/Grainger/440Y04_GC01,Found
2381,AD11/1,DRILL BIT  11/1  RUHI,https://5.imimg.com/data5/ANDROID/Default/2024/3/400373045/KS/MP/DS/12527158/product-jpeg-500x500.jpg,Found
2382,AD11/1,DRILL BIT  11/1  RUHI,,Not Found
2383,AD12,HSS DRILL BIT 12MM MIRANDA,https://5.imimg.com/data5/SELLER/Default/2023/4/302177899/PY/LS/LW/42542128/miranda-super-hss-drill-bit-500x500.jpg,Found
2384,AD12.5,DRILL BIT,https://m.media-amazon.com/images/I/61f2STuSpVL._SL1000_.jpg,Found
2385,AD12/1,DRILL BIT  12  RUHI,https://5.imimg.com/data5/SELLER/Default/2025/12/569107160/NR/FP/QW/26510262/ruhi-drill-bits-500x500.jpeg,Found
2386,AD12/1,DRILL BIT  12  RUHI,https://5.imimg.com/data5/ANDROID/Default/2024/9/451284592/DB/KP/UP/12527158/product-jpeg-500x500.jpg,Found
2387,AD13/1,RUHI DRILL BIT 13,https://5.imimg.com/data5/ANDROID/Default/2024/9/452771627/XV/JW/XG/72572973/product-jpeg-500x500.jpg,Found
2388,AD13/1,RUHI DRILL BIT 13,https://5.imimg.com/data5/ANDROID/Default/2024/9/452771627/XV/JW/XG/72572973/product-jpeg-500x500.jpg,Found
2389,AD13/1,RUHI DRILL BIT 13,https://5.imimg.com/data5/ANDROID/Default/2024/9/452771627/XV/JW/XG/72572973/product-jpeg-500x500.jpg,Found
2390,AD13B,DRILL BIT 13MM BULLET,,Not Found
2391,AD16,DRILL BIT 16MM RAJ,https://cdn.shopify.com/s/files/1/0518/3592/8728/files/wadfow-186-74.png?v=1710738755,Found
2392,AD2,HSS DRILL BIT 2MM,https://www.selcobw.com/media/catalog/product/cache/362735fedd794dfeacba982736806e38/2/9/294000461_01_13.jpg,Found
2393,AD2.5,HSS DRILL BIT2.5MM,http://www.findaspark.co.uk/wp-content/uploads/2017/06/sir-ken-robinson-ted-talk.jpg,Found
2394,AD2.5,HSS DRILL BIT2.5MM,https://www.scottdirect.com/media/catalog/product/cache/9464c5395799d1e2572fd817787467c1/0/1/01_4_58_4.jpg,Found
2395,AD2.5/1,RUHI  DRILL BIT 205,https://5.imimg.com/data5/ANDROID/Default/2024/3/400373045/KS/MP/DS/12527158/product-jpeg-500x500.jpg,Found
2396,AD2.5/1,RUHI  DRILL BIT 205,https://5.imimg.com/data5/ANDROID/Default/2024/3/400373045/KS/MP/DS/12527158/product-jpeg-500x500.jpg,Found
2397,AD2.5/1,RUHI  DRILL BIT 205,https://5.imimg.com/data5/ANDROID/Default/2024/3/400373045/KS/MP/DS/12527158/product-jpeg-500x500.jpg,Found
2398,AD2.6,HSS DRILL BIT 2.6MM,https://i5.walmartimages.com/seo/Extra-Long-HSS-Straight-Shank-Drill-Bit-for-Wood-Aluminum-Plastic-2-6mm-Diameter-160-300mm-Length_c58622b3-abd1-4633-a443-483d6e8e55c7.aaddbab94b736c02b1e65db6a66c988b.jpeg?odnHeight=640&odnWidth=640&odnBg=FFFFFF,Found
2399,AD2.9,HSS DRILL BIT 2.9MM,https://hupshenghardware.com/wp-content/uploads/2019/11/Dormer-HSS-A002-Tin-Coated-Jobber-Drill-Bit.jpg,Found
2400,AD2/1,RUHI DRILL BIT 2MM IMP,https://5.imimg.com/data5/ANDROID/Default/2024/3/400373045/KS/MP/DS/12527158/product-jpeg-500x500.jpg,Found
2401,AD2/1,RUHI DRILL BIT 2MM IMP,https://5.imimg.com/data5/ANDROID/Default/2024/3/400373045/KS/MP/DS/12527158/product-jpeg-500x500.jpg,Found
2402,AD2/1,RUHI DRILL BIT 2MM IMP,https://5.imimg.com/data5/ANDROID/Default/2024/3/400373045/KS/MP/DS/12527158/product-jpeg-500x500.jpg,Found
2403,AD3.5,DRILL BIT 3.5  MMA,https://ronixtools.com/img/media/products/rh-5304/original-638359805210579288.webp,Found
2404,AD3.5,DRILL BIT 3.5  MMA,https://ronixtools.com/img/media/products/rh-5304/original-638359805210579288.webp,Found
2405,AD3.5/1,DRILL BIT 3.5,https://5.imimg.com/data5/SELLER/Default/2022/7/AF/UW/LB/10991206/br-series-hole-bits-1000x1000.png,Found
2406,AD3.5/1,DRILL BIT 3.5,https://5.imimg.com/data5/SELLER/Default/2022/7/AF/UW/LB/10991206/br-series-hole-bits-1000x1000.png,Found
2407,AD3.5B,DRILL BIT 3.5 BULLET,https://d3ubjvmiw94jq9.cloudfront.net/wp-content/uploads/2020/05/22054400/b47k-drilling-bits.jpg,Found
2408,AD3/1,RUHI DRILL BIT  3M,https://5.imimg.com/data5/SELLER/Default/2024/3/397062092/EB/AZ/KO/12527158/ruhi-b-series-carbide-drill-1000x1000.jpeg,Found
2409,AD3/1,RUHI DRILL BIT  3M,https://image.made-in-china.com/2f0j00ZEtqQJKRhyuc/Red-Color-Coated-Long-Span-Aluminium-Roofing-Sheet.jpg,Found
2410,AD3/1,RUHI DRILL BIT  3M,https://5.imimg.com/data5/SELLER/Default/2024/3/397062092/EB/AZ/KO/12527158/ruhi-b-series-carbide-drill-1000x1000.jpeg,Found
2411,AD3/1,RUHI DRILL BIT  3M,https://5.imimg.com/data5/SELLER/Default/2024/3/397062092/EB/AZ/KO/12527158/ruhi-b-series-carbide-drill-1000x1000.jpeg,Found
2412,AD3/32,DRILL BIT 3/32,https://d3y51c41hzp3i.cloudfront.net/userfiles/large/886033.jpg,Found
2413,AD3M,DRILL BIT 3MM,,Not Found
2414,AD3M,DRILL BIT 3MM,https://www.aesteiron.com/images/ismb150-dimensions.gif,Found
2415,AD4.5,DRILL BIT 4.5MA,https://ifsworld.co.za/wp-content/uploads/2022/11/CON-SDB-453-600x600.webp?crop=1,Found
2416,AD4.5/1,RUHI DRILL BIT 4.5MM IMP,,Not Found
2417,AD4.5/1,RUHI DRILL BIT 4.5MM IMP,http://www.harfington.com/cdn/shop/files/ux_f25040700ux1842_ux_g03.jpg?v=1756457487,Found
2418,AD4.5/1,RUHI DRILL BIT 4.5MM IMP,http://www.harfington.com/cdn/shop/files/ux_f25040700ux1842_ux_g03.jpg?v=1756457487,Found
2419,AD4/1,RUHI DRILL BIT  4,https://s.yimg.com/ny/api/res/1.2/qouM_6bN5DuCeJastnFuCA--/YXBwaWQ9aGlnaGxhbmRlcjt3PTk2MA--/https://media.zenfs.com/en/people_218/b8c2d072a0099010da7998cedd9e2258,Found
2420,AD4/1,RUHI DRILL BIT  4,https://5.imimg.com/data5/ANDROID/Default/2024/9/451284592/DB/KP/UP/12527158/product-jpeg-500x500.jpg,Found
2421,AD4B,DRILL BIT 4 BULLET,,Not Found
2422,AD4M,DRILL BIT 4MM,https://www.andura.co.za/wp-content/uploads/2020/10/Metal-Drill-Bit-4mm-scaled.jpg,Found
2423,AD4M,DRILL BIT 4MM,https://www.andura.co.za/wp-content/uploads/2020/10/Metal-Drill-Bit-4mm-scaled.jpg,Found
2424,AD5,DRILL BIT 5MM SS MIRANDA,https://down-my.img.susercontent.com/file/sg-11134201-7rdvd-m0tm9rhg1k950c,Found
2425,AD5.5,DRILL BIT 5.5MMA,,Not Found
2426,AD5.5/1,DRILL BIT 5.5MM IMP,https://assets.cef.co.uk/images/pdg/hellermann_kbps055a-a/original/hellermann_kbps055a-a.jpg,Found
2427,AD5/1,RUHI DRILL BIT  5,https://5.imimg.com/data5/ANDROID/Default/2024/3/400373045/KS/MP/DS/12527158/product-jpeg-500x500.jpg,Found
2428,AD5/1,RUHI DRILL BIT  5,https://5.imimg.com/data5/ANDROID/Default/2024/3/400373045/KS/MP/DS/12527158/product-jpeg-500x500.jpg,Found
2429,AD5/64,HS DRILL BIT 5/64,https://i5.walmartimages.com/seo/Century-Drill-Tool-5-64-Premium-High-Speed-Brite-Drill-Bit-135-deg-Point-For-general-purpose-drilling-Carded-2-pack-sold-by-pack_eaac4c52-cdc5-4252-ae00-6d5a7d2cd967.043be15cfe21a966ac54c36845108e8a.jpeg?odnHeight=117&odnWidth=117&odnBg=FFFFFF,Found
2430,AD5M,DRILL BIT 5MM SS,,Not Found
2431,AD5M,DRILL BIT 5MM SS,https://image.made-in-china.com/2f0j00HhzUQCNEspke/5mm-10mm-Stainless-Steel-SS304-SS316-Drill-Bit.jpg,Found
2432,AD6,DRILL BIT 6MM A,https://www.andura.co.za/wp-content/uploads/2020/10/Metal-Drill-Bit-6mm-1-scaled.jpg,Found
2433,AD6,DRILL BIT 6MM A,https://www.andura.co.za/wp-content/uploads/2020/10/Metal-Drill-Bit-6mm-1-scaled.jpg,Found
2434,AD6.5,DRILL BIT 6.5MMA,https://d2t3e0kiu1cfvy.cloudfront.net/product/60/642bf72473b_4120499_1_large.jpg,Found
2435,AD6.5/1,DRILL BIT  6.5,https://cdn11.bigcommerce.com/s-1qmaqa25jp/images/stencil/1280x1280/products/22910/67602/13637_1__45403.1714466105.jpg?c=1,Found
2436,AD6/1,RUHI DRILL BIT 6MM IMP,http://www.jumpobay.com/wp-content/uploads/2016/09/1-1.jpg,Found
2437,AD6/1,RUHI DRILL BIT 6MM IMP,https://5.imimg.com/data5/ANDROID/Default/2024/3/400373045/KS/MP/DS/12527158/product-jpeg-500x500.jpg,Found
2438,AD6/1,RUHI DRILL BIT 6MM IMP,https://5.imimg.com/data5/ANDROID/Default/2024/3/400373045/KS/MP/DS/12527158/product-jpeg-500x500.jpg,Found
2439,AD6/M,DRILL BIT 6MM  MIRANDA,https://5.imimg.com/data5/SELLER/Default/2024/6/425755356/WG/TT/HR/194853085/hss-drill-bit-6mm-miranda-500x500.jpeg,Found
2440,AD6B,DRILL BIT 6M BULLET,,Not Found
2441,AD7,DRILL BIT 7MM SS,https://www.citytechbd.com/image/cache/catalog/drill-bit-7mm-citytech-price-in-bd-1-550x550h.jpg,Found
2442,AD7.5/1,DRILL BIT  7.5,https://www.yasuda-u.ac.jp/ck/wp-content/uploads/2023/05/CIMG5115.jpg,Found
2443,AD7/1,DRILL BIT  7,https://m.media-amazon.com/images/I/513LKzWxdQL._SL500_.jpg,Found
2444,AD7/1,DRILL BIT  7,https://m.media-amazon.com/images/I/513LKzWxdQL._SL500_.jpg,Found
2445,AD7/1,DRILL BIT  7,https://m.media-amazon.com/images/I/513LKzWxdQL._SL500_.jpg,Found
2446,AD7/64,HSS DRILL BIT 7/64,https://bits4work-static.myshopblocks.com/images/2019/02/contain/2048x2048/83ce5889799edcd152513a794cde3bc8.jpg,Found
2447,AD8.5,DRILL BIT 8.5MM,https://assets.cef.co.uk/images/pdg/milwaukee_4932352364-a/384x384/milwaukee_4932352364-a.jpg,Found
2448,AD8.5/1,DRILL BIT 8.5,https://www.timberfix.com.au/wp-content/uploads/myintegrator/products/DRLHX8.5-rotated.jpg,Found
2449,AD8/1,RUHI DRILL BIT  8 RUHI,https://5.imimg.com/data5/ANDROID/Default/2024/9/452771627/XV/JW/XG/72572973/product-jpeg-500x500.jpg,Found
2450,AD8/1,RUHI DRILL BIT  8 RUHI,https://5.imimg.com/data5/ANDROID/Default/2024/9/452771627/XV/JW/XG/72572973/product-jpeg-500x500.jpg,Found
2451,AD8/1,RUHI DRILL BIT  8 RUHI,https://5.imimg.com/data5/ANDROID/Default/2024/3/400374718/AS/FX/MI/12527158/product-jpeg-500x500.jpg,Found
2452,AD8/1,RUHI DRILL BIT  8 RUHI,https://5.imimg.com/data5/ANDROID/Default/2024/9/452771627/XV/JW/XG/72572973/product-jpeg-500x500.jpg,Found
2453,AD8/M,DRILL BIT 8MM  MIRANDA,https://5.imimg.com/data5/SELLER/Default/2023/4/302177899/PY/LS/LW/42542128/miranda-super-hss-drill-bit-500x500.jpg,Found
2454,AD8B,DRILL BIT 8M BULLET,https://i.pinimg.com/originals/1e/ab/6d/1eab6d87e7a94a99bfb7c07bb455c253.jpg,Found
2455,AD8M,DRILL BIT 8MM SS,https://www.pennstateind.com/mm5/graphics/00000001/PKPARK-8MM.jpg,Found
2456,AD8M,DRILL BIT 8MM SS,https://www.pennstateind.com/mm5/graphics/00000001/PKPARK-8MM.jpg,Found
2457,AD9.5/1,DRILL BIT 9.5,https://static.grainger.com/rp/s/is/image/Grainger/442U36_GC01,Found
2458,AD9/1,DRILL BIT  9M  RUHI,https://www.swartstools.com.au/assets/full/SW5117.jpg?20220621142537,Found
2459,AD9/1,DRILL BIT  9M  RUHI,https://www.swartstools.com.au/assets/full/SW5117.jpg?20220621142537,Found
2460,ADAPTER,ADAPTER,https://m.media-amazon.com/images/I/61pXb6lZVzL._AC_SL1500_.jpg,Found
2461,ADCABLE,ADDED CABLE NO SIZE,,Not Found
2462,ADD ON BLOCK MNX1 NO,ADD ON BLOCK MNX1 NO,https://5.imimg.com/data5/ANDROID/Default/2025/5/508367223/NE/DB/BF/94123434/product-jpeg-500x500.jpg,Found
2463,ADH,AUTO DARKENING HELMET GB LD,https://static.grainger.com/rp/s/is/image/Grainger/794C77_AS02,Found
2464,ADK,ADAKKAKATHI,https://m.media-amazon.com/images/I/51BYBz64UtL.jpg,Found
2465,ADP100,ALKON DISK PAPPER 100,https://m.media-amazon.com/images/I/41SKooZezaL._SX300_SY300_QL70_ML2_.jpg,Found
2466,ADP100,ALKON DISK PAPPER 100,,Not Found
2467,ADP100/G,ALKON DISK PAPPER 100,,Not Found
2468,ADP120,NORTON  ALKON PAPPER 120,https://5.imimg.com/data5/SELLER/Default/2025/9/546007227/ML/GU/GC/12083419/norton-1600-50-r209-120-alkon-premium-n-belt-gnl-500x500.jpg,Found
2469,ADP120/G,NORTON  ALKON PAPPER 120,https://5.imimg.com/data5/SELLER/Default/2025/9/546007227/ML/GU/GC/12083419/norton-1600-50-r209-120-alkon-premium-n-belt-gnl-500x500.jpg,Found
2470,ADP120/G,NORTON  ALKON PAPPER 120,https://5.imimg.com/data5/SELLER/Default/2025/8/534730092/EO/EI/XC/4778591/norton-alkon-gold-plus-fibre-disc-5-inch-grit-120-500x500.jpg,Found
2471,ADP36,ALKON DISK PAPPER 36 BULL,https://m.media-amazon.com/images/I/51bqWSm114L._SY445_SX342_QL70_ML2_.jpg,Found
2472,ADP36,ALKON DISK PAPPER 36 BULL,https://m.media-amazon.com/images/I/51bqWSm114L._SY445_SX342_QL70_ML2_.jpg,Found
2473,ADP60,ALKON DISK PAPPER 60 BULL,https://implemental.in/wp-content/uploads/2023/01/Alkon-sander-disc-60-2-compressed.jpg,Found
2474,ADP60,ALKON DISK PAPPER 60 BULL,https://implemental.in/wp-content/uploads/2023/01/Alkon-sander-disc-60-2-compressed.jpg,Found
2475,ADP60,ALKON DISK PAPPER 60 BULL,,Not Found
2476,ADP80,ALKON DISK PAPPER 80,"https://images-eu.ssl-images-amazon.com/images/I/51NMYCisJlL._AC_UL116_SR116,116_.jpg",Found
2477,ADP80,ALKON DISK PAPPER 80,"https://images-eu.ssl-images-amazon.com/images/I/51NMYCisJlL._AC_UL116_SR116,116_.jpg",Found
2478,ADP80,ALKON DISK PAPPER 80,"https://images-eu.ssl-images-amazon.com/images/I/51NMYCisJlL._AC_UL116_SR116,116_.jpg",Found
2479,ADPTR/1,ADAPTER,https://m.media-amazon.com/images/I/61pXb6lZVzL._AC_SL1500_.jpg,Found
2480,ADR,ARIVAL DOUBLE RING (THOTTI ),https://img.drz.lazcdn.com/static/np/p/39d853b097d0af93cb7453e9e7c712da.jpg_720x720q80.jpg,Found
2481,ADSJ02S,HAMMER DRILL SLEEVE,https://i.ytimg.com/vi/VPKD2ecEwRI/maxresdefault.jpg,Found
2482,ADU10G,GEAR,,Not Found
2483,aduppu,aduppu,https://www.shutterstock.com/image-photo/aduppukalladuppu-kerala-ancient-kitchen-old-260nw-1432228595.jpg,Found
2484,ADV13SS,SWITCH,https://pisces.bbystatic.com/image2/BestBuy_US/images/products/6522/6522225_sd.jpg,Found
2485,ADVERTISING CALENDER,ADVERTISING CALENDER,https://static.semrush.com/blog/uploads/media/13/8c/138c07727edaa164b74f1e8ec28034bf/0358c077898f055df085cd8e244476f6/original.png,Found
2486,ADW801AW,AB WASHER  dw801,https://cliftools.com/wp-content/uploads/2022/10/Ab-Washers.jpg,Found
2487,ADW801AW,AB WASHER  dw801,,Not Found
2488,ADW801BH,BEARING HOLDER DW801,https://5.imimg.com/data5/SELLER/Default/2023/5/305561082/FU/MT/US/188994185/0-5inch-square-bearing-holder-500x500.jpg,Found
2489,ADW801BHS,BRUSH HOLDER SUPPORT DW801,https://image.made-in-china.com/2f0j00ViqcHmKnSWkD/The-Manufacturer-of-D252-Carbon-Brush-Holder-Carbon-Brush-for-Dw801.jpg,Found
2490,ADW801BNB,DW801 GEAR BOX+BH+NEEDLE BEARING,https://autoscoot.co.uk/wp-content/uploads/2023/12/GEARBOX-NEEDLE-ROLLER-BEARING-430228NG-scaled-e1702322296389.jpg,Found
2491,ADW801CS,DW801 CABLE SLEEVE,https://australianwarehouses.com.au/wp-content/uploads/2026/01/Brateck-15mm0.59-Diameter-Coiled-Tube-Cable-Sleeve-Material-PolyethylenePE-Dimensions-1000x15mm-BlackLS-600x454.jpg,Found
2492,ADW801G,GEAR DW801,https://5.imimg.com/data5/SELLER/Default/2022/9/MP/MJ/NB/47281253/dewalt-dw801-850watt-100mm-heavy-duty-small-angle-grinder-500x500.jpg,Found
2493,ADW801G,GEAR DW801,https://5.imimg.com/data5/SELLER/Default/2022/9/MP/MJ/NB/47281253/dewalt-dw801-850watt-100mm-heavy-duty-small-angle-grinder-500x500.jpg,Found
2494,ADW801LS,LOCK SET DW801,https://unboxtools.com/wp-content/uploads/2026/04/30-Alphabet-Dw801-Angle-Grinder-100Mm-HEAD-Lock-Set-1.png,Found
2495,ADW801NB,NEEDLE BEARING DW801,https://bearingwizard.com/wp-content/uploads/sites/2/nadellager.png,Found
2496,ADW801S,SWITCH,https://c8.alamy.com/comp/2R585D5/nintendo-switch-game-console-2R585D5.jpg,Found
2497,ADW801S,SWITCH,,Not Found
2498,ADW801SP,DW801 SPINDLE,https://m.media-amazon.com/images/I/51T6E6Tz+1L._SL1500_.jpg,Found
2499,ADW801WG,WIND GUARD DW801,https://implemental.in/wp-content/uploads/2022/09/81s9gjVtHOL._SL1500_.jpg,Found
2500,AEG13S,13MM DRILL SWITCH,https://down-my.img.susercontent.com/file/b575f48d7226c748c80d441f86485f95,Found
2501,AEID13AG,EID13A DRILL GEAR,,Not Found
2502,AEID13G,GEAR,https://www.marutsu.co.jp/contents/shop/marutsu/img/goods/020/2342516/2342516_2.jpg,Found
2503,AF6,AIR FILTER,https://images.pexels.com/photos/1547739/pexels-photo-1547739.jpeg?cs=srgb&dl=interior-of-airplane-with-passengers-1547739.jpg&fm=jpg,Found
2504,AF74CC,AIR FILTER 74CC,,Not Found
2505,AFB/1,AIRFILTER BIG 58CC,https://insightagrotech.com/wp-content/uploads/2022/01/CSW-58-036.jpg,Found
2506,AFI2,CUTTING TORCH ARCFLOW ISI 2PIPE AFI-2,https://arcflowindustries.com/wp-content/uploads/2021/11/gas-cutting-torch-A-1-600x600.jpg,Found
2507,AFR,MINIAIR COMPRESSOR FILTER,https://www.beentools.com/wp-content/uploads/2025/04/mini-air-compressor-filter.jpg,Found
2508,AFS,AIR FILTER  SMALL 58CC,https://i5.walmartimages.com/seo/5800-Chainsaw-Air-Filter-for-5200-Gasoline-52cc-58cc-Parts-Replacement-52-Small-Square_a6af3587-e1c2-4087-be59-3abdba10e345.9aa8a2c20cdadc275b5e333538c0bd46.jpeg,Found
2509,AFSA,AIR FILTER  SET  ASSY  RAJ AGRO,https://insightagrotech.com/wp-content/uploads/2022/01/BC2S-52-023A.png,Found
2510,AFX,FEVICOL ALLFIX,http://cdn.grofers.com/app/images/products/sliding_image/425559a.jpg?ts=1681883715,Found
2511,AG06S,SWITCH ON/OFF AG06,https://i5.walmartimages.com/seo/Deliqiba-On-Off-Switch-Red-Light-Illuminated-4-Pin-Dpst-On-Off-Snap-In-Rocker-Switch-16A-20A-250V-Ac_f01f7aaf-1ebd-4655-88c1-175d91b7300f.2cf3121cad08b967a1f215110f40443c.jpeg,Found
2512,AG100CCR,BULL GOLD AG-100 CENTER COVER,,Not Found
2513,AG100LS,BULL GOLD AG-100 LOCKSET,https://down-my.img.susercontent.com/file/a18f4d6960a01e8a5bdab20b52a4b784,Found
2514,AG100LS,BULL GOLD AG-100 LOCKSET,https://down-my.img.susercontent.com/file/a18f4d6960a01e8a5bdab20b52a4b784,Found
2515,AG100MH,BULL GOLD AG-100 MOTOR HOUSING,https://thumbs.dreamstime.com/b/golden-bull-stands-amidst-pile-coins-ai-generated-powerful-glowing-horns-triumphantly-large-gold-s-eyes-345547371.jpg,Found
2516,AG1072C,AG72 CARBON BRUSH,https://www.brush24.com/images/product_images/original_images/RC_180386_2.jpg,Found
2517,AG1092C,AG92 CARBON BRUSH,https://www.eastcarb.com/wp-content/uploads/2024/09/50-Carbon-Brush.jpg,Found
2518,AG10SSBB,BEARING  BOX,,Not Found
2519,AG10SSG,GEAR WHEEL,https://static.vecteezy.com/system/resources/previews/051/957/676/large_2x/close-up-of-a-metallic-gear-wheel-with-sharp-teeth-and-a-central-hole-essential-for-mechanical-applications-and-industrial-machinery-png.png,Found
2520,AG125BS,BULL GOLD AG-125 BEARING SLEEVE 607,https://www.agbikes.co.uk/cdn/shop/products/TRSWATERPUMPBEARING607.jpg?v=1674492467&width=1946,Found
2521,AG125BS,BULL GOLD AG-125 BEARING SLEEVE 607,https://iskbearing.com/rails/active_storage/representations/proxy/eyJfcmFpbHMiOnsibWVzc2FnZSI6IkJBaHBBOHF6QWc9PSIsImV4cCI6bnVsbCwicHVyIjoiYmxvYl9pZCJ9fQ==--90057cf02095577d0810361645289dd9c87bfe44/eyJfcmFpbHMiOnsibWVzc2FnZSI6IkJBaDdCem9MWm05eWJXRjBTU0lJY0c1bkJqb0dSVlE2QzNKbGMybDZaVWtpQ1Rnd01ENEdPd1pVIiwiZXhwIjpudWxsLCJwdXIiOiJ2YXJpYXRpb24ifX0=--13a089516c86f699d6d5cb6b823343c0be4cc844/襯套材質.png,Found
2522,AG125C,BULL GOLD AG125 CARBON BRUSH,https://down-id.img.susercontent.com/file/089f3a1bb5700f0a63fd93ea74a934ca,Found
2523,AG125G,AG-125 GEAR BULL GOLD,https://www.bikebiz.co.za/wp-content/uploads/2021/08/ag125-front.png,Found
2524,AG125G,AG-125 GEAR BULL GOLD,https://www.bikebiz.co.za/wp-content/uploads/2021/08/ag125-front.png,Found
2525,AG125GL,AG125 GEARLOCK SET  AG125GL,http://img.gifnuki.com/img/2015/05/ihig_skdf_7.gif,Found
2526,AG125H,BULL GOLD AG-125 HOUSING,,Not Found
2527,AG125S,KENYU PRIME 5 ANGLE GRINDER 1200W,,Not Found
2528,AG15SA2AW,AB WASHE R,https://5.imimg.com/data5/SELLER/Default/2024/8/440462333/AO/IZ/EP/219231941/ab-washer-20-180-1000x1000.jpeg,Found
2529,AG15SA2G,GEAR,http://clipart-library.com/images/yckr9A75i.jpg,Found
2530,AG15SA2S,SWITCH G15SA2,https://www.hikoki-powertools.com/products/powertools/ac-grind/g15sa2/g15sa2.jpg,Found
2531,AG18SE2BC,BRUSH HOLDER CAP G18SE2,https://m.media-amazon.com/images/I/610206svj6S._AC_SL1500_.jpg,Found
2532,AG18SE2G,GEAR,,Not Found
2533,AG18SE2S,G18SE2  SWITCH 7INCH GRINDER,https://i.ebayimg.com/images/g/x0QAAeSwqLBpO-J8/s-l960.jpg,Found
2534,AG2100H,BULL GOLD AG-2100 HOUSING,https://pbr.com/media/hi0lnbh0/bull-housing-2.jpg,Found
2535,AG2100LS,LOCK SET AG2-100 BULL,https://i.ebayimg.com/images/g/CMIAAOSw2UhoKJ2n/s-l960.jpg,Found
2536,AG3005,OMR 801 NEW MODEL SWITCH,https://5.imimg.com/data5/SELLER/Default/2024/1/381173608/HS/IX/BQ/14683314/20231107-120720-1000x1000.jpeg,Found
2537,AG3010,OMR FAN GUARD OLD 801 AG3010,https://www.adda.com.tw/upload/product_b/AG3010B.jpg,Found
2538,AG3021,OMR MOTOR HOUSING 801,https://hydraulic247.com/media/catalog/product/cache/63c940020b4aaeaeafc0b0a013c9d5dc/1/8/1812170460_1.jpeg,Found
2539,AG3043,OMR GEAR SET 6-100 OMR,https://imgv2-1-f.scribdassets.com/img/document/429452583/original/3b6273dd4f/1?v=1,Found
2540,AG3045,OMR SWITCH FOR AG6-100,https://imgv2-1-f.scribdassets.com/img/document/964926651/original/b99352bbc8/1?v=1,Found
2541,AG3051,OMR MOTOR HOUSING 6-100 (BODY ),https://blogs.mbc.co.jp/anohi/wp-content/uploads/2024/03/240326_06.jpg,Found
2542,AG3100BS,BULL GOLD AG3-100 BEARING SLEEVE,https://iskbearing.com/rails/active_storage/representations/proxy/eyJfcmFpbHMiOnsibWVzc2FnZSI6IkJBaHBBOHF6QWc9PSIsImV4cCI6bnVsbCwicHVyIjoiYmxvYl9pZCJ9fQ==--90057cf02095577d0810361645289dd9c87bfe44/eyJfcmFpbHMiOnsibWVzc2FnZSI6IkJBaDdCem9MWm05eWJXRjBTU0lJY0c1bkJqb0dSVlE2QzNKbGMybDZaVWtpQ1Rnd01ENEdPd1pVIiwiZXhwIjpudWxsLCJwdXIiOiJ2YXJpYXRpb24ifX0=--13a089516c86f699d6d5cb6b823343c0be4cc844/襯套材質.png,Found
2543,AG3100C,BULL GOLD AG3-100 CARBON BRUSH,https://i.etsystatic.com/27761935/r/il/b36b8f/3232141916/il_1140xN.3232141916_dm6q.jpg,Found
2544,AG3100H,BULL GOLD AG3-100 HOUSING,https://ag3.ca/wp-content/uploads/2023/05/UPDATED-2-AG3-Facebook-Banner.jpg,Found
2545,AG3100LS,BULL GOLD AG3-100 LOCK SET,https://down-my.img.susercontent.com/file/a18f4d6960a01e8a5bdab20b52a4b784,Found
2546,AG3100SC,SPEED CONTROL AG3-100,https://m.media-amazon.com/images/I/71mf75LK-nL.jpg,Found
2547,AG500,APPU GREASE,https://recipe.r10s.jp/recipe-space/d/strg/ctrl/3/3d0fab1c64376d96955234d671d32241df665339.20.2.3.2.jpg,Found
2548,AG51400,BULLET ANGLE GRINDER 5 INCH 1400W AG51400,https://5.imimg.com/data5/SELLER/Default/2025/9/544336308/JG/WM/SM/146910803/grinding-machine-5-ag-5-1400w-bullet-500x500.jpg,Found
2549,AG51400,BULLET ANGLE GRINDER 5 INCH 1400W AG51400,,Not Found
2550,Ag6100,ARMATURE GWS6-100,https://tehniq.com/cdn/shop/products/Armature-Bosch-GWS-6-100.jpg?v=1615867479,Found
2551,AG6100BB,BEARING BUSH 6-100,https://5.imimg.com/data5/SELLER/Default/2023/9/347758610/CO/DW/KP/158259606/grinder-6-100-bearing-rubber-bush-1000x1000.jpg,Found
2552,AG6100BH,BEARING HOUSING AG6100 GRINDER,https://down-id.img.susercontent.com/file/sg-11134201-23010-wx3h9wmjqzlv28,Found
2553,AG6100C,CARBON BRUSH BULLET,https://5.imimg.com/data5/SELLER/Default/2025/2/485626614/YJ/LI/UF/123781501/golden-bullet-carbon-brushes-1000x1000.jpg,Found
2554,AG6100C,CARBON BRUSH BULLET,https://5.imimg.com/data5/SELLER/Default/2025/2/485626614/YJ/LI/UF/123781501/golden-bullet-carbon-brushes-1000x1000.jpg,Found
2555,AG6100C,CARBON BRUSH BULLET,https://5.imimg.com/data5/SELLER/Default/2025/2/485626614/YJ/LI/UF/123781501/golden-bullet-carbon-brushes-1000x1000.jpg,Found
2556,AG6100C,CARBON BRUSH BULLET,https://5.imimg.com/data5/SELLER/Default/2025/2/485626614/YJ/LI/UF/123781501/golden-bullet-carbon-brushes-1000x1000.jpg,Found
2557,AG6100G,GEAR 6-100,https://i.pinimg.com/originals/f5/9d/d6/f59dd6c1fdc5af93267500ec7adce01a.jpg,Found
2558,AG635,O RING FOR SV09 AG635,,Not Found
2559,AG68C,CARBON BRUSH AG68,https://www.eastcarb.com/wp-content/uploads/2024/09/50-Carbon-Brush.jpg,Found
2560,AG70BG,AG70 BIG GEAR,https://armorama.com/upload/media/entries/2025-11/16/10330-entry-0-1763331771.jpg,Found
2561,AG70BS,AG70  BEARING SLEEVE,https://www.sibo.eu/wp-content/uploads/2024/11/External-Grooved-Sleeve-Bearings.jpg,Found
2562,AG70F,AG70 FIELD,https://d323w7klwy72q3.cloudfront.net/i/a/2025/20250722govt/hires/ER2032H.JPG,Found
2563,AG70FC,AG70 FRONT COVER,https://i.pinimg.com/originals/18/b1/e5/18b1e5afcf503d4ee1fa12b9f5b9a2db.jpg,Found
2564,AG70GB,AG70 GEAR BOX,https://i.ebayimg.com/images/g/9qYAAOSwSKpmZykp/s-l1200.jpg,Found
2565,AG70GB,AG70 GEAR BOX,https://i.ebayimg.com/images/g/9qYAAOSwSKpmZykp/s-l1200.jpg,Found
2566,AG70IW,AG70 INNER WASHER,https://wiremystique.com/wp-content/images/kenmore-70-series-washer-diagram-cabn.jpg,Found
2567,AG70LW,AG70 LOCK WASHER,,Not Found
2568,AG70PN,AG70 PINION,,Not Found
2569,AG70SL,AG70 SPINDLE,http://www.agmachinerydepot.com/cdn/shop/collections/No_logo_hubs_image.png?v=1737328158,Found
2570,AG70SLC,AG70 SELF LOCK CAP,https://image.made-in-china.com/2f0j00eZMcJIvCdFbn/Stainless-Steel-Self-Locking-Hexagon-Cap-Nut-DIN1578.jpg,Found
2571,AG70SLC,AG70 SELF LOCK CAP,,Not Found
2572,AG70SLP,AG70 SELF LOCK PIN,,Not Found
2573,AG70SLS,AG70 SELFLOCK CAPSPRING,https://armorama.com/upload/media/entries/2025-11/16/10330-entry-3-1763331772.jpg,Found
2574,AG70SLS,AG70 SELFLOCK CAPSPRING,https://armorama.com/upload/media/entries/2025-11/16/10330-entry-3-1763331772.jpg,Found
2575,AG72,AG72 BEARING SLEEV,https://www.viiplus.com/wp-content/uploads/2025/05/slide-bearing-sleeve-bushing-plain-bearings-self-lubricating-bushings19.png,Found
2576,AG72,AG72 BEARING SLEEV,https://www.sibo.eu/wp-content/uploads/2024/11/External-Grooved-Sleeve-Bearings.jpg,Found
2577,AG72BC,AG72 BEARING COVER,https://us.misumi-ec.com/linked/item/10302024860/img/drw_01.gif,Found
2578,AG72BG,AG72 BIG GEAR,,Not Found
2579,AG72CAP,AG72 SELF LOCK CAP,https://image.made-in-china.com/2f0j00eZMcJIvCdFbn/Stainless-Steel-Self-Locking-Hexagon-Cap-Nut-DIN1578.jpg,Found
2580,AG72CAP,AG72 SELF LOCK CAP,https://cdn11.bigcommerce.com/s-rsvmdxl/images/stencil/500x659/products/73969/114120/733DCL__85137.1704317788.jpg?c=2,Found
2581,AG72CAP,AG72 SELF LOCK CAP,https://image.made-in-china.com/2f0j00eZMcJIvCdFbn/Stainless-Steel-Self-Locking-Hexagon-Cap-Nut-DIN1578.jpg,Found
2582,AG72CD,AG72 CORD,,Not Found
2583,AG72GB,AG72 GEAR BOX,http://mechmaxx.com/cdn/shop/files/AGF72gearbox-_2.webp?v=1756275189,Found
2584,AG72IW,AG72 INNER WASHER,https://cdn11.bigcommerce.com/s-cs1x3dyo4a/images/stencil/1280w/products/12946/25127/Kubota_SVL65-2_Inner_Gear_Set_Washer_-1__69839.1771875915.jpg?c=1,Found
2585,AG72IW,AG72 INNER WASHER,https://enguix.com/wp-content/uploads/2025/09/ARANDELA-Y042.jpg,Found
2586,AG72LW,AG72 LOCK WASHE R,https://www.tfasteners.com/wp-content/uploads/2024/07/Split-lock-washer.jpg,Found
2587,AG72LW,AG72 LOCK WASHE R,https://www.tfasteners.com/wp-content/uploads/2024/07/Split-lock-washer.jpg,Found
2588,AG72PIN,AG72 SELFLOCK PIN,https://nstfastener.com/wp-content/uploads/2024/05/8SelfLockPin-768x1024.jpg,Found
2589,AG72PIN,AG72 SELFLOCK PIN,https://nstfastener.com/wp-content/uploads/2024/05/8SelfLockPin-768x1024.jpg,Found
2590,AG72S,AG72 SWITCH,https://lookaside.fbsbx.com/lookaside/crawler/media/?media_id=61556818912317,Found
2591,AG72SC,AG72 SCREW ST4-2*14,https://i.ebayimg.com/images/g/gk4AAOSwPahlcTXd/s-l500.jpg,Found
2592,AG72SG,AG72 SMALL GEAR,"https://static.wixstatic.com/media/b1ce49_d88cf30b9d5d46f7a3b0726183e8a43e~mv2.png/v1/fit/w_500,h_500,q_90/file.png",Found
2593,AG72SPRING,AG72 SELFLOCK SPRING,https://i.pinimg.com/200x150/7b/71/9a/7b719aba7069c2600c3af83409ada473.jpg,Found
2594,AG72SPRING,AG72 SELFLOCK SPRING,,Not Found
2595,AG801C,CARBON BRUSH BULLET 801,https://m.media-amazon.com/images/I/61Ns+TW-8JL._SL1500_.jpg,Found
2596,AG8100CB,CARBON FOR AG 8100,https://www.yayoi-kk.co.jp/kaikei/oyakudachi/wp-content/uploads/2023/01/other-income-img-01.webp,Found
2597,AG8219C,CARBON BRUSH FOR DAMIER GRINDER AG8219,https://5.imimg.com/data5/SELLER/Default/2023/1/NM/JS/MM/156555543/damier-carbon-brush-1000x1000.jpeg,Found
2598,AG92BS,AG92 BEARING SLEEVE,https://blogfiles.pstatic.net/MjAyMTExMjdfMjI3/MDAxNjM3OTc5NDIyODY2.kVQVEUO_JEaqBnmnaIsk8mjX9M89pGvRzWyMBkgroGUg.HqDHnsBzYFEsTUwNzOP9HPzI_SJMvOXTWBVXirWriQkg.PNG.h9827549/8.png?type=w3,Found
2599,AG92C,AG92 CARBON BRUSH,https://www.eastcarb.com/wp-content/uploads/2024/09/50-Carbon-Brush.jpg,Found
2600,AG92CAP,AG92 SELFLOCK CAP,https://bejmet-nierdzewne.pl/userdata/public/gfx/5391ec3a4a34942896333ea60137e29b.jpg,Found
2601,AG92GB,AG92 GEAR BOX,https://www.ibelltools.com/cdn/shop/files/iBellAG10-92GearSet_1200x1200.jpg?v=1757678590,Found
2602,AG92IW,AG92 INNER WASHER,https://m.media-amazon.com/images/I/71ox68dNq0L._AC_SL1500_.jpg,Found
2603,AG92LW,AG92 LOCK WASHER,https://www.intrepidtravel.com/files/images/logos/intrepid-logo.png,Found
2604,AG92PIN,AG92 SELFLOCK PIN,https://nstfastener.com/wp-content/uploads/2024/05/8SelfLockPin-768x1024.jpg,Found
2605,AG92S,AS92 SPINDLE,https://alliedcasting.com/wp-content/uploads/2025/07/What-is-a-CNC-Spindle.webp,Found
2606,AG92SK,AG92 SWITCH KNOB,https://m.media-amazon.com/images/I/515j0Gh7xRL._SL1500_.jpg,Found
2607,AG92SK,AG92 SWITCH KNOB,https://wallpapercave.com/wp/wp3727580.jpg,Found
2608,AG950BH,AG950-10 JCB AG950 BEARING HOLDER,https://anironatools.com/cdn/shop/files/757ce2989cd6803b9d10f90979e89591.png?v=1766542336&width=1445,Found
2609,AG950BW,BAFFLE WIND  AG950 BWCAG950,http://s3.amazonaws.com/rrpa_photos/22822/4165+1002+51107+rf.jpg,Found
2610,AG950H,HOUSING  AG950H,https://www.motostar.it/wp-content/uploads/2023/07/vision110-honda_gray.jpg,Found
2611,AG952,O RING FOR SV010 AG952,https://www.ascendseal.com/wp-content/uploads/2025/01/O-ring.jpg,Found
2612,AGBH13S,SWITCH GBH13RE,https://down-ph.img.susercontent.com/file/b30b92b2c1888459b493c306e6126651,Found
2613,AGBS850H,AGBS 850 HOUSING WITH REAR COVER BWS850H,https://img.toy-people.com/member/176786242460.png,Found
2614,AGPM180C,CARBON BRUSH POLYMAK GRINDER 7/9 INCH,https://media.karousell.com/media/photos/products/2022/8/25/carbon_brush_for_angle_grinder_1661408493_7e6b3d2e,Found
2615,AGSP,ANGLE GRINDER SPANNER(ADJUSTABLE),https://m.media-amazon.com/images/I/61X1VbPL2vS._AC_SL1200_.jpg,Found
2616,AGSP/1,ADJUSTABLE GRINDER SPANNERHEAVY 4MM,https://fashionista.com/.image/t_share/MTgwMjcyNTIzMjY1NDUxODg0/jennifer-lawrence-prabal-gurung-dress-hunger-games-premiere.jpg,Found
2617,AGSP/2,ADJUSTABLE ANGLE GRINDER SPANNER HEAVY 4MM,https://down-sg.img.susercontent.com/file/sg-11134201-81zuq-midz3v9fe7ev01,Found
2618,AGSP/2,ADJUSTABLE ANGLE GRINDER SPANNER HEAVY 4MM,https://down-sg.img.susercontent.com/file/sg-11134201-81zuq-midz3v9fe7ev01,Found
2619,AGSP/W,ADJUSTABLE GRINDER SPANNER (WRENCH ),https://m.media-amazon.com/images/I/51Qu5Fg5iaL._AC_SL1500_.jpg,Found
2620,AGSS,ANGLE GRINDER STAND SMALL,"https://rvb-img.reverb.com/image/upload/s--eL__fn-0--/a_0/f_auto,t_large/v1761557559/qmjhsxiexuctuxl0wsgt.jpg",Found
2621,AGT,ARROW GUN TAG,https://5.imimg.com/data5/SELLER/Default/2022/12/RJ/QI/RR/180206235/arrow-9s-tagging-gun-1000x1000.jpg,Found
2622,AGW3,ANGLE GATE WHEEL ROTATED 3INCH,https://5.imimg.com/data5/SELLER/Default/2026/1/578886047/RI/PK/PH/92397772/stainless-steel-3-inch-rotate-gate-roller-1000x1000.jpeg,Found
2623,AGWR2.5,ANGLE GATE WHEEL ROTATED 2.5 WITH CLAMP,https://m.media-amazon.com/images/I/61SIt-cnpWL._SL1024_.jpg,Found
2624,AH150,TUQO CORDLESS IMPACT DRILL AH150,https://5.imimg.com/data5/SELLER/Default/2025/8/536055230/GA/DE/JP/250887249/tuqo-ah150-cordless-impact-drill-1000x1000.jpg,Found
2625,AH150B,ACE BATTERY FOR AH150,https://2.imimg.com/data2/PS/LU/MY-3067256/ace-battery-hcv-batteries-1000x1000.jpg,Found
2626,AH17*280F,METSO CHISEL BIT HEX 17*280 FLAT BIT,https://www.hafele.com.ph/hap-live/static/WFS/Haefele-HPI-Site/-/Haefele/en_PH/pim/images/default/ppic-04702309.jpg,Found
2627,AH17*400F,ULTRA TOUCH CHISEL BIT 17*400 FLAT,https://www.ewarehouse.my/image/cache/catalog/Home_Store/Flat_Chisel_Hex_17x400-1200x1200.jpg,Found
2628,AH65S,16KG SWITCH,https://external-preview.redd.it/16kg-20-minute-oalc-1-arm-switch-11-13-rpm-v0-NHd4bGZtZmJoajliMUkSG6f7FjSrXx8zNiAyQ2DBCmT1UdxFwqitZZ9eFNxt.png?format=pjpg&auto=webp&s=64d46c693f591885e11033b1663cfd76da3da2cc,Found
2629,AHTD,UNITED ARABANA (HAND TROLLY )DOUBLE SL. NO- UTL-S2- 125007,https://wallpapercosmos.com/w/full/9/6/d/1517794-1920x1080-desktop-full-hd-huang-he-wallpaper-photo.jpg,Found
2630,AHTD,UNITED ARABANA (HAND TROLLY )DOUBLE SL. NO- UTL-S2- 125007,https://lookaside.fbsbx.com/lookaside/crawler/media/?media_id=163225619869024,Found
2631,AHTS,UNITED ARABANA (HAND TROLLY ),https://lookaside.fbsbx.com/lookaside/crawler/media/?media_id=146817321509854,Found
2632,AIRF,AIR FILTER  CHAINSAW,https://fireandsaw.com/wp-content/uploads/2022/04/how-to-remove-chainsaw-air-filter-e1651107695333.jpg,Found
2633,AIRFILTER -AC,AIRFILTER -AC,https://wrench.com/blog/content/images/2022/02/cabinairfilterclean.jpg,Found
2634,AIRFTR12.5M,AIR COMPRESSOR  FILTER,http://www.heavydutyair.store/cdn/shop/products/007.0118-0_1200x1200.png?v=1666806583,Found
2635,AIRNET,AIRHOLE NET 2' SIDE BLACK BORDER,https://m.media-amazon.com/images/I/41joFzqLZfS._SX466_.jpg,Found
2636,AIRNET,AIRHOLE NET 2' SIDE BLACK BORDER,https://static.vecteezy.com/system/resources/previews/008/097/006/large_2x/abstract-background-hexagonal-net-behind-black-border-vector.jpg,Found
2637,AIRNET,AIRHOLE NET 2' SIDE BLACK BORDER,https://m.media-amazon.com/images/I/41joFzqLZfS._SX466_.jpg,Found
2638,AIRNET2,AIRHOLE NET 2',https://img.kango-roo.com/upload/images/shorinsha/kokyuuki/07/fig_7_19.png,Found
2639,AIRNET2.5,AIRHOLE NET 2.5 ' BLACK BORDER,https://m.media-amazon.com/images/I/41joFzqLZfS._SX466_.jpg,Found
2640,AIRNET2.5,AIRHOLE NET 2.5 ' BLACK BORDER,https://m.media-amazon.com/images/I/41joFzqLZfS._SX466_.jpg,Found
2641,AIRNET2.5,AIRHOLE NET 2.5 ' BLACK BORDER,https://image.rehabmart.com/include-mt/img-resize.asp?output=webp&path=/productimages/aquatic_short_wacky_noodle_cart_2.jpg&quality=&newwidth=320,Found
2642,AIRNET3,AIRHOLE NET  3 ' BLACK BORDER,https://m.media-amazon.com/images/I/41joFzqLZfS._SX466_.jpg,Found
2643,AIRNET3,AIRHOLE NET  3 ' BLACK BORDER,https://m.media-amazon.com/images/I/41joFzqLZfS._SX466_.jpg,Found
2644,AIRNET3.5,AIRHOLE NET  3 1/2 BLACK  BORDER,https://absolute-snow-content.cdn.rlab.net/original/0c0c08a2-422e-437a-95d3-076a4f1fc9d9Airhole-Black-Standard-2-Layer-Snowboarding-Facemask-0-b5803.jpg,Found
2645,AIRNETR2,AIRHOLE NET ROUND 2 INCH,https://m.media-amazon.com/images/I/81UIWbuBn2L._SL1500_.jpg,Found
2646,AIRNETR2.5,AIR HOLE NET ROUND 2.5 INCH,"https://images-wixmp-ed30a86b8c4ca887773594c2.wixmp.com/f/bf853092-d54d-4bd0-842b-1facd2b89c32/df8sro1-134588ab-eba2-4605-a936-bc5f8c67f10f.png/v1/fill/w_979,h_816/matt_murdock_daredevil__solo_defenders_echo____png_by_iwasboredsoididthis_df8sro1-pre.png?token=eyJ0eXAiOiJKV1QiLCJhbGciOiJIUzI1NiJ9.eyJzdWIiOiJ1cm46YXBwOjdlMGQxODg5ODIyNjQzNzNhNWYwZDQxNWVhMGQyNmUwIiwiaXNzIjoidXJuOmFwcDo3ZTBkMTg4OTgyMjY0MzczYTVmMGQ0MTVlYTBkMjZlMCIsIm9iaiI6W1t7ImhlaWdodCI6Ijw9OTEwMCIsInBhdGgiOiJcL2ZcL2JmODUzMDkyLWQ1NGQtNGJkMC04NDJiLTFmYWNkMmI4OWMzMlwvZGY4c3JvMS0xMzQ1ODhhYi1lYmEyLTQ2MDUtYTkzNi1iYzVmOGM2N2YxMGYucG5nIiwid2lkdGgiOiI8PTEwOTIwIn1dXSwiYXVkIjpbInVybjpzZXJ2aWNlOmltYWdlLm9wZXJhdGlvbnMiXX0.Lh_lN_nhNOp3j9hOfBe8vAgEo5n5-j0fKdPv6TF3HyQ",Found
2647,AJZ02,DCA ELECTRIC DRILL 6MM  AJZ02,https://static1.industrybuying.com/products/power-tools/drills/electric-drills/POW.ELE.69695471_1686055168988.webp,Found
2648,AK1.5M,ALLENKEY 1.5M,https://m.media-amazon.com/images/I/31gXZMr9IBL.jpg,Found
2649,AK10MM,ALLEN KEY 10MM,"https://media.rs-online.com/image/upload/w_620,h_413,c_crop,c_pad,b_white,f_auto,q_auto/dpr_auto/v1482286369/F0734955-01.jpg",Found
2650,AK10MM,ALLEN KEY 10MM,"https://media.rs-online.com/image/upload/w_620,h_413,c_crop,c_pad,b_white,f_auto,q_auto/dpr_auto/v1482286369/F0734955-01.jpg",Found
2651,AK12MM,ALLENKEY KEY 12MM,https://images.bikable.com/unbrachonoegle12mm2013.jpg,Found
2652,Ak2.5mm,Allen Key 2.5mm,https://www.amanatool.com/pub/media/catalog/product/5/0/5007_2.jpg,Found
2653,AK2MM,TAPARIA ALLENKEY BLACK FINISH K2V,https://www.taxmann.com/post/wp-content/uploads/2021/12/Guidance-for-Section-194R_Blog-Page_610x182_July22-1200x358.jpg,Found
2654,AK2MM,TAPARIA ALLENKEY BLACK FINISH K2V,https://5.imimg.com/data5/ECOM/Default/2023/6/318348900/IR/MW/WM/21569105/miniqpbw5dm70-xxlarge-500x500.jpg,Found
2655,Ak3 mm,Allen Key 3mm,https://www.flyrobo.in/image/cache/catalog/allen-key-3mm/allen-key-3mm3-1100x1100.jpg,Found
2656,AK4M,TAPARIA ALLENKEY  BLACK FINISH  K4V,https://5.imimg.com/data5/SELLER/Default/2022/5/OL/SF/QT/100925350/taparia-allen-keys-size-black-finish-1000x1000.jpg,Found
2657,AK4M,TAPARIA ALLENKEY  BLACK FINISH  K4V,https://5.imimg.com/data5/SELLER/Default/2022/5/OL/SF/QT/100925350/taparia-allen-keys-size-black-finish-1000x1000.jpg,Found
2658,Ak4mm,Allen Key 4mm,https://m.media-amazon.com/images/I/31fEka0KaAL.jpg,Found
2659,AK5M,TAPARIA K5V ALLENKEY,https://image.cdn.shpy.in/425768/HANALL97455165_1669729059615-1747830112841.webp?width=600&format=webp,Found
2660,AK5M,TAPARIA K5V ALLENKEY,https://thumb.ac-illust.com/58/58eaa81e16e33a4b290ba4243cbc124b_w.jpeg,Found
2661,AK6MM,TAPARIA  ALLENKEY K6V,https://www.megatoolmall.com/web/image/product.template/97335/image_1024?unique=55eb5d1,Found
2662,AK6MM,TAPARIA  ALLENKEY K6V,https://www.megatoolmall.com/web/image/product.template/97335/image_1024?unique=55eb5d1,Found
2663,AK8MM,ALLEN KEY 8MM,https://www.primesupplies.com.au/product/allen-key-8mm-short/100006155-1.jpg,Found
2664,AKDL30906,INGCO 9 PCSSDS PLUS HAMMER DRILL BIT,https://www.toolsmart.pk/cdn/shop/files/AKDL30906.webp?v=1758527109&width=2000,Found
2665,AKDL31101,DRILL BIT SET 11PCS INDICO,https://toppng.com/uploads/preview/india-map-outline-11549920351fjqffy2yzn.png,Found
2666,AKL,ATHULYA KUNDALI,https://aaps.space/kundli/athulya-ravi/athulya-ravi.jpg,Found
2667,AKS,ALLEN KEY SET flower,https://down-my.img.susercontent.com/file/f962aa3ac6f089043a8c526365009046,Found
2668,AKS,ALLEN KEY SET flower,https://lookaside.fbsbx.com/lookaside/crawler/media/?media_id=1044050814416479,Found
2669,AKSDB9165,SCREWDRIVER SET 16 PCS,https://generalpointent.com/wp-content/uploads/WSS1416.png,Found
2670,AKSP,ALLENKEY SET DAYTON,https://m.media-amazon.com/images/I/61lL16Re74L.jpg,Found
2671,AKT0053,INGCO 5 PCS AIR TOOLS SET,https://ingcostores.com/cdn/shop/files/AKT0053-3_3c4c0fcc-8cb6-47b0-8042-6977eea9f2b9.jpg?v=1715247968&width=1500,Found
2672,AKT10,ALLENKEY SET  TORX AKT10,https://www.herovas.com/Uploads/635b3b79e97ca.jpeg,Found
2673,AKT11,ALLENKEY SET  TORX  AKT11,https://synpowell.com.tw/archive/product/HEX-TORXWRENCHSET/1T-handleAllenKey-Torx/HW-01T7.jpg,Found
2674,AKT12,ALLENKEY SET  TORX  AKT12,https://m.media-amazon.com/images/I/71THzTRsc2L._AC_SL1500_.jpg,Found
2675,AL1,ALICON WIRE,https://www.alicongroup.co.in/wp-content/uploads/2018/12/What-We-Do-Solution-Oriented-1.jpg,Found
2676,AL1/8*1/2AR,BLIND RIVET 1/8*1/2 ANODIC RED (NEW),https://down-ph.img.susercontent.com/file/ph-11134207-7ra0l-mch68xthezh4c4,Found
2677,AL1/8*1/2G,BLIND RIVET 1/8*1/2 GREY,https://i.etsystatic.com/8800859/r/il/c1b40f/4737705911/il_1080xN.4737705911_2pkv.jpg,Found
2678,AL36,FIBER DISC 5'' ALKON 36GRT,https://5.imimg.com/data5/SELLER/Default/2024/9/454585377/QC/MZ/ZN/16069619/norton-alkon-gold-plus-fibre-discs-5-inch-x-36-1000x1000.jpg,Found
2679,AL60,FIBER DISC 60 G ALKON,https://5.imimg.com/data5/SELLER/Default/2025/12/570380914/TX/KQ/CE/3714767/alkon-sander-disc-4-inch-g60-1000x1000.jpg,Found
2680,ALF21V,CORDLESS BLOWER AND VACCUM  21 V,https://m.media-amazon.com/images/I/71XwUmyi4KL._AC_SL1500_.jpg,Found
2681,ALF36V,ALF CORDLESS DRILL 36V2.6AH 10MM 118 PCS,https://www.keelat.sg/wp-content/uploads/2022/03/H023-36V-03.jpg,Found
2682,ALF4.AH,BATTERY 4.AH ALF,https://m.media-amazon.com/images/I/61z6X+lhfXL._AC_.jpg,Found
2683,ALF6.AH,BATTERY 21V ALF 6.AH,https://www.cisivis.com/wp-content/uploads/2025/10/6.0AH-21V-Lithium-Ion-Battery-with-Power-Display-5.jpg,Found
2684,ALFB,ALF BLOWER YELLOW,https://5.imimg.com/data5/SELLER/Default/2022/8/LS/UW/QP/6948298/whatsapp-image-2022-08-27-at-3-54-15-pm-1000x1000.jpg,Found
2685,ALFSS21V,ALF RECIPROCATING SAW ALLYS,https://img95.699pic.com/photo/50707/1840.jpg_wh860.jpg,Found
2686,ALG355BH,BRUSH HOLDER LG355,https://sparepartwala.in/wp-content/uploads/2024/09/20240901_144206_copy_700x800.jpg,Found
2687,ALG355G,GEAR,https://pbs.twimg.com/media/EHnVdJrUUAA_oM8.jpg,Found
2688,ALG355S,CUT OFF SWITCH,https://i5.walmartimages.com/seo/Battery-Disconnect-Switch-12-48-V-Battery-Cut-Off-Switch-Rotary-Negative-Vertical_4144723e-f9cf-4de3-90f4-853177dae5df.f1f1dc09f0282631099e0c5440fa0600.jpeg,Found
2689,ALG355S,CUT OFF SWITCH,https://m.media-amazon.com/images/I/61KNEhPkYNL.jpg,Found
2690,ALI265,PRO CUT TUBELESS TIRE REPAIRE KIT ALI-265,https://ride.lezyne.com/cdn/shop/files/ProTubelessKit_Callout_2000x2000_R1-01.jpg?v=1738783670&width=1200,Found
2691,ALI286,PRO CUT ELECTRIC SHEEP CLIPPER,https://m.media-amazon.com/images/I/71IksgU5M0L._AC_.jpg,Found
2692,ALI300,COUNTER SHANK DRILL SET 4PCS,https://m.media-amazon.com/images/I/71QQWEtDOlL._SL1500_.jpg,Found
2693,ALI360,MULTI FUNCTION WIRE STRIPPER,https://nationalpowertools.com.au/wp-content/uploads/2024/02/13728.png,Found
2694,ALL HOME HERBAL CLEANER,ALL HOME HERBAL CLEANER,http://bowercollective.com/cdn/shop/articles/Feature_image_b3a1498b-aba4-41ca-a602-10c61418f66a.jpg?v=1680613141,Found
2695,ALLYSPW,PRESSURE WASHER,https://m.media-amazon.com/images/I/71Z7C-Js-UL._AC_SL1500_.jpg,Found
2696,ALS2001,INGCO TRIMMER LINE,https://storage.googleapis.com/pricemandu.com/images/products/full/4b44c2c9609269aff06dbc3d63a99edb5432d4fc.jpg,Found
2697,ALU7D,"COMBINATION PLIER 7"" ALU7D15",https://down-id.img.susercontent.com/file/5bc3345d78ff04787224c48334ef0f09,Found
2698,ALUG,20w LumenexPrimrTubeT5Alu/color-White,https://m.media-amazon.com/images/I/51DOC-HE-ZL._AC_SS450_.jpg,Found
2699,ALUHPF,20WLumenexLedTubeHPF/Color=White,https://m.media-amazon.com/images/I/519t3A3eHmL.jpg,Found
2700,AM1550P,PISTON AM1550P,https://ae01.alicdn.com/kf/Se71f040d832349368ef4f01ff5f1c2cbl/IIIPRO-E4-Ultralight-4-Piston-Bicycle-Hydraulic-Brake-800-1550mm-MTB-Brake-Cooling-Oil-Pressure-AM.jpg,Found
2701,AM16,AGRIMATE SPRAYER AM16 MANUAL -PRO SS,https://static1.industrybuying.com/products/agriculture-garden-landscaping/sprayers/knapsack-sprayer/AGR.KNA.26569971_1668298692204.webp,Found
2702,AM170130,AM1701-30 SPEED CONTROLLER,https://store.siqma.com/image/cache/catalog/Category/Image/SQ1486/ESC_30A_Speed_Controller_Brushless_360_4-800x800.jpg,Found
2703,AM185011,AM1850-11 PISTON ASSEMBLY,https://aeroflon.com/wp-content/uploads/2025/11/07-Piston-road-Piston-Asseembly.webp,Found
2704,AM185034,MICRO SWITCH  AM1850-34,https://modelrockets.co.uk/images/detailed/12/1735351-40.jpg,Found
2705,AM185043,AM1850-43 SPRING FOR PLUNGER,https://i5.walmartimages.com/seo/Spring-Knob-Plunger-Retractable-Spring-Plunger-Pull-Ball-Loaded-Plunger-Pin-Non-Lock-Out-Indexing-Short-Pull-Knob-Pin-Spherical-M16_055abdd2-2c9b-4e23-a652-b10f500fd7e5.8342ec09f7ccb9b2eef8e03bb9917e50.jpeg?odnHeight=580&odnWidth=580&odnBg=FFFFFF,Found
2706,AM18TP31,THRUST BEARING 51107 AM18TP31,https://rodavictoriausa.com/wp-content/uploads/2023/05/s-l1600-2023-05-29T155427.445.jpg,Found
2707,AM21611,AM216-11 GEAR,https://static.pjpower.com/website-mapped/products/_1200x630_crop_center-center_82_none/twindisc-am216.png?mtime=1657309502,Found
2708,AM21618,AM216-18 GEAR,https://static.pjpower.com/website-mapped/products/_1200x630_crop_center-center_82_none/twindisc-am216.png?mtime=1656531170,Found
2709,AM21622,AM216-22 ARMATURE,https://evermotion.org/files/model_images/Am216_22_wire.jpg,Found
2710,AM21637,AM216-37 CARBON  BRUSH,https://www.eastcarb.com/wp-content/uploads/2024/10/Solid-One-piece-Carbon-Brushes.png,Found
2711,AM22338,AGRIMATE PRUNNING SAW 8 INCH AM22338,https://down-id.img.susercontent.com/file/efede275a271ae55f378ad2de0b3198f,Found
2712,AM405E,AGRIMATE SPRAYER 18 LTR AM405E BACK PACK 2 IN 1 -12AH,https://static1.industrybuying.com/products/agriculture-garden-landscaping/sprayers/knapsack-sprayer/AGR.KNA.83754207_1668082226241.webp,Found
2713,AM450/18,ALMONARD PEDESTAL FAN 18 INCH /450MM 1440RPM,https://rukminim2.flixcart.com/image/832/832/k6wiefk0/fan/h/g/a/18-a-c-pedestal-fan-pedestal-fan-450-almonard-original-imafp8tykkhgvnyz.jpeg?q=70&crop=false,Found
2714,AM52313,AGRIMATE PRUNNING SECATURE  AM52313,https://goatractors.in/wp-content/uploads/2021/09/product_449_2-600x600-1.jpg,Found
2715,AM6238,INDUSRIAL VACCUM CLEANER  AM-6238,https://wmmachinery.com/cdn/shop/files/Industrialvacuumcleaner_4_fd26b1c1-9fea-44b8-bfa5-82ec1cd57a78_1445x.jpg?v=1685196482,Found
2716,AM827,GLOBAL POWER SPRAY GUN AM827,https://xtrapowertools.com/site-img/product/172242001536712363966aa0b2f94487.jpg,Found
2717,AM827,GLOBAL POWER SPRAY GUN AM827,https://xtrapowertools.com/site-img/product/172242001536712363966aa0b2f94487.jpg,Found
2718,AM9263,AGRIMATE PROFESSIONAL GEAR TYPE BYPASS,https://5.imimg.com/data5/SELLER/Default/2022/3/SH/SR/JO/35852523/professional-bypass-lopper-gear-type-agrimate-1000x1000.jpeg,Found
2719,AMCCMG400,AGRIMATE CHAFF CUTTER ELITE WITH 3HP SINGLE PHASE MOTOR AMCCMG400,https://img.cdnx.in/386933/AgrimateChaffcutter-1726467286112.png?width=600&format=webp,Found
2720,AMT410AW,AB WASHER,https://5.imimg.com/data5/SELLER/Default/2024/8/440462333/AO/IZ/EP/219231941/ab-washer-20-180-1000x1000.jpeg,Found
2721,AMT410C,"BRUSH HOLDER CAP,",https://ae01.alicdn.com/kf/Sf1c17e33cb464d61b0cae0f3bca6fa9b2/2Pcs-Brush-Holder-Cap-Replace-For-Makita-9528-9527-9523-NB-3707-3708-9523NB-Angle-Grinder.jpg,Found
2722,AMT410G,GEAR,"https://cdn.thomasnet.com/insights-images/embedded-images/99f2f999-0133-4767-9694-9ce8a8af4147/c0322aaf-472e-4ebb-8773-a820008b95ae/FullHD/Spur,-helical,-and-bevel-gears.jpg",Found
2723,AMT410H,MT410 HOLDER,https://images.pexels.com/photos/236047/pexels-photo-236047.jpeg?cs=srgb&dl=clouds-cloudy-countryside-236047.jpg&fm=jpg,Found
2724,AMT410S,SWITCH,https://media.gamestop.com/i/gamestop/11149259_ALT01_visnav.webp,Found
2725,AMV,ATHULYA MANVETTY,https://keralakaumudi.com/web-news/en/2025/07/NMAN0605246/image/athulya.1.3390241.webp,Found
2726,AMV,ATHULYA MANVETTY,https://keralakaumudi.com/web-news/en/2025/07/NMAN0603403/image/athulya.1.3378792.jpg,Found
2727,AMWH25031,INGCO MAGNETIC WELDING HOLDER,https://www.toolsmart.pk/cdn/shop/files/AMWH6001-2.jpg?v=1758281297&width=800,Found
2728,AMY,AGRICULTURAL MANVETTY YELLOW,https://img.freepik.com/premium-photo/environment-landscape-yellow-agricultural-field-countryside-scene_124507-16161.jpg,Found
2729,ANB164P,ANUPAMA NOTE BOOK 164 PAGE,https://m.media-amazon.com/images/I/61YBPNG+-VL._SL1500_.jpg,Found
2730,ANB164PA,ANUPAMA NOTE BOOK 164 PAGE A,https://imgv2-1-f.scribdassets.com/img/document/488516725/original/7ff376a90e/1689924540?v=1,Found
2731,ANB240P,ANUPAMA NOTE BOOK 240 PAGE,https://i.indiglamour.com/photogallery/telugu/actress/2022/12/16/152035/Anupama-Parameswaran/normal/Anupama-Parameswaran_812448070.jpg,Found
2732,ANET2.5,AIRHOLE NET 3 ',https://5.imimg.com/data5/UD/KH/ZD/SELLER-48974192/pvc-fan-air-hole-net-500x500.jpg,Found
2733,ANET3,AIRHOLE NET 3',https://m.media-amazon.com/images/I/41joFzqLZfS._SX466_.jpg,Found
2734,ANGLE GRINDER 220W,ANGLE GRINDER 220W,http://powermark.shop/cdn/shop/files/cf7dc90df7ffda97f22bdd6ff973f149.jpg?v=1689388162,Found
2735,ANPARA,ANI PARA,http://www.ani-para.com/cdn/shop/files/AP_official.png?height=628&pad_color=ffffff&v=1732008318&width=1200,Found
2736,AOD,ALDROP ALLUMINIUM,https://5.imimg.com/data5/SELLER/Default/2024/8/443383942/YW/FX/DO/1629087/box-aldrop-12mm-1000x1000.jpg,Found
2737,AP1,GREASE BLACK POUCH 200 RED,https://5.imimg.com/data5/SELLER/Default/2021/1/PP/HA/QJ/27991162/200-gm-powerup-ap-3-hd-red-gel-pouch-grease-1000x1000.png,Found
2738,APC,CLEANER,"https://ih1.redbubble.net/image.1801718228.6110/raf,360x360,075,t,fafafa:ca443f4786.u27.jpg",Found
2739,APCR,CONNECTING ROD,https://www.newkidscar.com/wp-content/uploads/2019/04/xconnecting-rod-diagram.jpg.pagespeed.ic.x0gIBk4OdZ.jpg,Found
2740,APD100BHC,BRUSH HOLDER CAP PD100D,https://m.media-amazon.com/images/I/610206svj6S._AC_SL1500_.jpg,Found
2741,APD100DAW,AB WASHER PD100D,https://cliftools.com/wp-content/uploads/2024/09/PD100D-GEAR-1024x1024.jpg,Found
2742,APD100S,GRINDER SWITCH,https://img.lazcdn.com/g/p/2b63b2a3585e2000436a85e5d4f2969e.jpg_720x720q80.jpg,Found
2743,APDA100G,PDA100D GEAR,https://down-my.img.susercontent.com/file/f853a3533829780fc97358abfaf3e4c3,Found
2744,APDA100MG,GEAR PDA100M,https://down-id.img.susercontent.com/file/id-11134207-7r990-ly3ma3zpjwnsce,Found
2745,APDA100MG,GEAR PDA100M,https://down-id.img.susercontent.com/file/id-11134207-7r990-ly3ma3zpjwnsce,Found
2746,APDA100SP,PD100M SPINDLE,https://am.zdmimg.com/202501/10/67808dc38b3778058.jpg_e1080.jpg,Found
2747,APH65BHC,BRUSH HOLDER CAP PH65,https://i.pinimg.com/originals/85/a7/f8/85a7f85f81ddb8b1c0c80bdb703e2e36.jpg,Found
2748,APH65CR,CONNECTING ROD PH65,https://operatools.in/wp-content/uploads/2021/07/IMG_20210226_164217_734.jpg,Found
2749,APH65DS,DAMPER SET PH65A,https://down-my.img.susercontent.com/file/5b8fe7fa5f3a98a1254f85c4fcf52733,Found
2750,APH65DW,DISTANCE WASHER PH645,"https://mossmotors.com/media/catalog/product/B/D/BD4731_1.jpg?optimize=medium&bg-color=255,255,255&fit=bounds&height=265&width=265&canvas=265:265",Found
2751,APH65FCR,SCREW FRONT COVER  PH65,https://media.istockphoto.com/photos/river-and-forest-on-faroe-islands-picture-id146751989?k=6&m=146751989&s=170667a&w=0&h=uGhBZeJRu9sJNNwEbldTjrk24sUP5mScgYaPX0NrUS8=,Found
2752,APH65G,GEAR,https://www.ptsmake.com/wp-content/uploads/2025/09/ptsmake2025.09.08-1558Planetary-Gear-System-Components.webp,Found
2753,APH65H,16KG HOLDER PH65,https://stat.ameba.jp/user_images/20221008/18/sakurako-moon2/f2/89/j/o3064408515185515658.jpg,Found
2754,APH65NBC,NEEDLE BEARING COVER,https://www.enduroklassiker.at/12444-tm_large_default/nadellager-umlenkung1.jpg,Found
2755,APH65P,PISTON PH65,https://sparepartwala.in/wp-content/uploads/2024/02/20240208_164139_copy_700x800.jpg,Found
2756,APH65S,appu 16kg switch,https://external-preview.redd.it/16kg-oalc-half-marathon-1-arm-switch-every-5-minutes-dont-v0-OGZlZDk2Y3Y3MmpiMRRI-FrUoF2EZJ-H2QdXMh2RRikLfYplziaSzjL2g_FL.png?format=pjpg&auto=webp&s=a9c92ff1a832b2d9edbcdeb911f6f2c2fd7c3832,Found
2757,APH65SH,SWITCH HANDLE  PH65A,https://down-ph.img.susercontent.com/file/73592d6f1be16eef654c04dfd2200217,Found
2758,APH65SR,STARTOR RING,https://2.imimg.com/data2/JP/GN/MY-3018728/starter-ring-gears-500x500.jpg,Found
2759,APK230010,APK230010  PLUNGER,https://www.thespruce.com/thmb/hcm9l9mAUOjEUF77Z6lcGPxx4Dk=/750x0/filters:no_upscale():max_bytes(150000):strip_icc()/GettyImages-2159715570-d1c922b5a2a14ce790acb2cb32e2b921.jpg,Found
2760,APM5105,AUTOPOWER ANGLE GRINDER 4 INCH 1400W,https://5.imimg.com/data5/SELLER/Default/2026/2/584813474/CI/JH/ZT/42155180/angle-grinder-waterproof-1400w-1000x1000.png,Found
2761,APP0810,AUTOPOWER DEMOLITION HAMMER  5KG,https://pilottools.in/cdn/shop/files/PL-DH810_3868x2576.png?v=1771576773,Found
2762,APP1133,AUTO POWER HAMMER DRILL 20MM 1000W,https://lzd-img-global.slatic.net/g/p/6ee853f44f1a3fad2799c748d91c4b1b.jpg_720x720q80.jpg,Found
2763,APP1136,AUTOPOWER DEMOLITION HAMMER 5 KG,https://5.imimg.com/data5/SELLER/Default/2024/2/391724756/KT/FH/HO/40712822/ddi-best-demolition-hammer-1000x1000.jpeg,Found
2764,APP1147,AUTO POWER DEMOLISHION HAMMER 7 KG 2000W,https://hycoproducts.in/product/hyco-maxtra-heavy-duty-demolition-hammer-2000w-7kg-1900-rpm-with-chisels-and-case-6-screw-head-taiwan-made/DSC_1569-copy.jpg,Found
2765,APP1147,AUTO POWER DEMOLISHION HAMMER 7 KG 2000W,https://5.imimg.com/data5/SELLER/Default/2023/6/314742502/TK/EP/XI/117187572/mal-demolition-hammer-7kg-1000x1000.png,Found
2766,APP1161,AUTOPOWER BLOWER MINI TURBO,https://m.media-amazon.com/images/I/91qhkkRZ-PL.jpg,Found
2767,APP18*30,ANI PARA PYTHON 18*30,https://dl-asset.cyberlink.com/web/prog/learning-center/html/45319/MyEdit-79-grok-ani-ai/img/grok-ani-outfit3.jpg,Found
2768,APS,SOLDERING IRON,https://cdn11.bigcommerce.com/s-8hb9g2i/images/stencil/1920w/uploaded_images/master-appliance-ultratorch-ut-100si-soldering-iron-on-circuit-board-v2.jpg?t=1736362762,Found
2769,APS10,SHARP SCREW DRILL 10MM 750W,https://study-z.net/wp-content/uploads/2022/04/78895eda4ea0355f816e86fcffc74210.jpg,Found
2770,APS1170HO,AIRLESS SPRAY PAINTER HEAD ORING,https://images.saymedia-content.com/.image/t_share/MTc0MzU1NDIyMjUyMTgxMTI2/tips-for-cleaning-graco-airless-paint-sprayer-parts.jpg,Found
2771,APS1170SO,AIRLESS SPRAY PAINTER SMALL ORING,https://www.thespruce.com/thmb/56Lgk2NN1-Z_cnimRR3sTgiBlPA=/fit-in/1500x1376/filters:no_upscale():max_bytes(150000):strip_icc()/812GrFHELL._AC_SL1500_-1596e84bac404482851fb01386d1411a.jpg,Found
2772,APS2130,AIRLESS SPRAY PAINTER APS2130 GUN,https://5.imimg.com/data5/SELLER/Default/2021/7/WT/TD/OJ/48118063/airless-1000x1000.jpg,Found
2773,APS6100,SHARP ANGLE GRINDER 950W 6-100,https://implemental.in/wp-content/uploads/2022/11/ki-ag4-100mm-2-compressed.jpg,Found
2774,APS6100,SHARP ANGLE GRINDER 950W 6-100,https://5.imimg.com/data5/SELLER/Default/2025/12/571583535/JC/QV/ON/194698954/enon-electric-angle-grinder-1000x1000.jpg,Found
2775,APS6100/G,SHARP ANGLE GRINDER 950W 6-100,https://5.imimg.com/data5/SELLER/Default/2025/12/571583535/JC/QV/ON/194698954/enon-electric-angle-grinder-1000x1000.jpg,Found
2776,APSDH0810,SHARP DEMOLITION HAMMER 0810  1450W,https://lzd-img-global.slatic.net/g/p/47f6db5a9d6102cd991c11af38448c80.jpg_720x720q80.jpg,Found
2777,APSMC4SA,SHARP MARBLE CUTTER CM4SA 1200W,https://www.grand-design.jp/illust/wordpress/wp-content/uploads/2020/03/f68e92e97099615a15cd320f0eaf7e8e.png,Found
2778,APSMC4SB/G,SHARP MARBLE CUTTER CM4SB  1680W,https://cliftools.com/wp-content/uploads/2022/11/4SB-scaled.jpg,Found
2779,APSRH20,AP SHARP HAMMER DRILL 2-20 800W,http://khmtools.com.ph/cdn/shop/products/gsb20-2_ec751853-4b31-49e1-8441-19718c50b306.jpg?v=1728113193,Found
2780,APSRH20/G,SHARP HAMMER DRILL 2-20 800W,http://khmtools.com.ph/cdn/shop/products/gsb20-2_ec751853-4b31-49e1-8441-19718c50b306.jpg?v=1728113193,Found
2781,APT,PARALLEL ADAPTOR PIN TYPE,https://5.imimg.com/data5/SELLER/Default/2024/4/407434551/YL/ZF/UI/215922977/2-pin-adapter-1000x1000.jpg,Found
2782,APT6100,ANGLE GRINDER GWS6-100,https://static-01.shop.com.mm/p/e358fc093ebe1485396d16b21ccd514a.jpg,Found
2783,APTCM4SA,MARBLE CUTTING MACHINE CM4SA,https://www.liontoolsmart.com/cdn/shop/files/Marble_TileCuttingMachine.jpg?v=1764914065,Found
2784,AQT125HS,SPARE PARTS OF CAR WASHER MACHINE,https://5.imimg.com/data5/SELLER/Default/2024/2/394257951/QO/IH/SL/14545918/single-plunger-car-washer-spares-car-washer-spares-1000x1000.jpg,Found
2785,AQT150H,AQT150H HOSE,https://m.media-amazon.com/images/I/81aJCAn1mbL._AC_.jpg,Found
2786,AR0010,MAKITHA GRINDER ARMATURE,https://www.lsengineers.co.uk/media/catalog/product/cache/bc91e262b74b816eeee903c912c9e009/5/1/515335-1.jpg,Found
2787,AR0810,ARMATURE HM0810,https://down-ph.img.susercontent.com/file/sg-11134275-821et-mgq61913ufbcb6,Found
2788,AR0810/R,ARMATURE FOR 0810 RAJ AGRO,https://5.imimg.com/data5/SELLER/Default/2022/2/RT/DF/KR/41374804/0810-motor-armature-1000x1000.jpg,Found
2789,AR0810S,0810T ARMATURE  SHARP,https://sparepartwala.in/wp-content/uploads/2024/02/20240213_170338_copy_700x800.jpg,Found
2790,AR0810T,POWEREX  ARMATURE -0810T,https://electrical.com/img/R6201240-1.jpg,Found
2791,AR1,ARALDITE 10GM KLEAR,https://5.imimg.com/data5/SELLER/Default/2023/3/294711418/XM/GS/JP/101620740/araldite-klear-500x500.jpg,Found
2792,AR1/2/15,GARDEN HOSE 1/2 INCH 15 MTR,https://down-ph.img.susercontent.com/file/46dcb7becc097f104ea5b7c2e574b68b,Found
2793,AR1/2/15,GARDEN HOSE 1/2 INCH 15 MTR,https://down-ph.img.susercontent.com/file/46dcb7becc097f104ea5b7c2e574b68b,Found
2794,AR1/2/30,GARDEN HOSE 1/2 INCH 30 MTR,https://rukminim2.flixcart.com/image/832/832/kkoc70w0/hose-pipe/p/b/t/1-2-inch-water-pipe-for-garden-30-meter-heavy-duty-3-layer-pvc-original-imafzyw5ja4pggmf.jpeg?q=70,Found
2795,AR1/30SH,SUCTION HOSE 1 INCH 30 MTR,https://5.imimg.com/data5/SELLER/Default/2025/11/563363343/DS/JY/DZ/16549028/pvc-oil-suction-hose-pipe-1000x1000.jpeg,Found
2796,AR1/30SH,SUCTION HOSE 1 INCH 30 MTR,https://5.imimg.com/data5/SELLER/Default/2025/11/563363343/DS/JY/DZ/16549028/pvc-oil-suction-hose-pipe-1000x1000.jpeg,Found
2797,AR10,ARALDITE KLEAR 10KG,https://m.media-amazon.com/images/I/71yNJcKOPFL._SL1500_.jpg,Found
2798,AR10,ARALDITE KLEAR 10KG,https://m.media-amazon.com/images/I/71yNJcKOPFL._SL1500_.jpg,Found
2799,AR10,ARALDITE KLEAR 10KG,https://monsterhunterwiki.org/images/thumb/e/e8/MHWI-Dragonmaiden_Axe_Render.png/216px-MHWI-Dragonmaiden_Axe_Render.png,Found
2800,AR10,ARALDITE KLEAR 10KG,https://m.media-amazon.com/images/I/71yNJcKOPFL._SL1500_.jpg,Found
2801,AR11/230SH,SUCTION HOSE 11/2 INCH 30 MTR,https://5.imimg.com/data5/SELLER/Default/2023/7/329817552/LT/MV/YT/58386386/11-2-inch-pvc-medium-duty-suction-hose-500x500.jpg,Found
2802,AR11E,ARMATURE 11EYURI,https://i.ytimg.com/vi/Xm4MCKe7qqI/maxresdefault.jpg,Found
2803,AR11E,ARMATURE 11EYURI,https://i.ytimg.com/vi/Xm4MCKe7qqI/maxresdefault.jpg,Found
2804,AR11E,ARMATURE 11EYURI,https://i.ytimg.com/vi/Xm4MCKe7qqI/maxresdefault.jpg,Found
2805,AR11E/R,ARMATURE FOR 11E RAJ AGRO,https://5.imimg.com/data5/SELLER/Default/2024/2/383125256/EH/TT/NR/37387167/11e-armature-1000x1000.png,Found
2806,AR11EH,ARMATURE FOR V11E HORSEKING EVEREST,https://a.allegroimg.com/original/11e879/bc6bb6fe48bb85b0f77f30ee44ec/FOTEL-GAMINGOWY-HORSEKING-Z-PODNOZKIEM-OBROTOWY-DO-GRY-KRZESLO-SZARY-CZARNY,Found
2807,AR13,ARALDITE 13G STD,https://5.imimg.com/data5/SELLER/Default/2025/9/548527913/NS/PS/MO/1838472/jwjdjw-1000x1000.jpg,Found
2808,AR13,ARALDITE 13G STD,https://5.imimg.com/data5/SELLER/Default/2025/9/548527913/NS/PS/MO/1838472/jwjdjw-1000x1000.jpg,Found
2809,AR13,ARALDITE 13G STD,https://i.ytimg.com/vi/Z9Jis-SGXzQ/hq2.jpg?sqp=-oaymwEoCOADEOgC8quKqQMcGADwAQH4AbYIgAKAD4oCDAgAEAEYQSBlKBgwDw==&rs=AOn4CLD2DhwbQe-mLIp_Aw3thYeZXW88Hg,Found
2810,AR16SP,ARMATURE 16SP 16SPAR83,https://www.gatorlamination.com/wp-content/uploads/2025/12/Motor-Stator-Rotor-and-Armature.jpg,Found
2811,AR180,ARALDITE 180MM  STD,https://5.imimg.com/data5/SELLER/Default/2025/6/520275013/AU/UG/KP/26610749/araldite-standard-epoxy-adhesive-1000x1000.jpg,Found
2812,AR180,ARALDITE 180MM  STD,https://5.imimg.com/data5/SELLER/Default/2025/6/520275013/AU/UG/KP/26610749/araldite-standard-epoxy-adhesive-1000x1000.jpg,Found
2813,AR180,ARALDITE 180MM  STD,https://5.imimg.com/data5/SELLER/Default/2025/6/520275013/AU/UG/KP/26610749/araldite-standard-epoxy-adhesive-1000x1000.jpg,Found
2814,AR180/1,ARALDITE KLEAR 180G,https://5.imimg.com/data5/SELLER/Default/2023/8/338777184/PA/WW/VT/79220436/araldite-klear-120-pack-1000x1000.jpeg,Found
2815,AR180/1,ARALDITE KLEAR 180G,https://5.imimg.com/data5/SELLER/Default/2023/8/338777184/PA/WW/VT/79220436/araldite-klear-120-pack-1000x1000.jpeg,Found
2816,AR180/1,ARALDITE KLEAR 180G,https://rukminim2.flixcart.com/image/832/832/xif0q/adhesive/u/b/a/5-klear-5g-5-minute-transparent-epoxy-adhesive-araldite-original-imahfzp6f2zsrjju.jpeg?q=70&crop=false,Found
2817,AR180/1,ARALDITE KLEAR 180G,https://rukminim2.flixcart.com/image/832/832/xif0q/adhesive/u/b/a/5-klear-5g-5-minute-transparent-epoxy-adhesive-araldite-original-imahfzp6f2zsrjju.jpeg?q=70&crop=false,Found
2818,AR180/1,ARALDITE KLEAR 180G,https://5.imimg.com/data5/SELLER/Default/2023/8/338777184/PA/WW/VT/79220436/araldite-klear-120-pack-1000x1000.jpeg,Found
2819,AR180A,ARMATURE S1M-FF-180A,https://www.static-src.com/wcsstore/Indraprastha/images/catalog/full/catalog-image/107/MTA-176880562/no-brand_no-brand_full01.jpg,Found
2820,AR1900B,K HAWK KING ARMATURE 1900B,https://down-id.img.susercontent.com/file/id-11134207-7ra0q-mcsveb1afaxz2d,Found
2821,AR1KG,ARALDITE 1KG KLEAR 1.08,https://www.jiomart.com/images/product/150x150/rvheankmhm/araldite-1-08-kg-klear-fast-and-clear-epoxy-adhesive-resin-hardener-1080gm-product-images-orvheankmhm-p596890387-0-202301031307.jpg,Found
2822,AR1KG,ARALDITE 1KG KLEAR 1.08,https://5.imimg.com/data5/ANDROID/Default/2025/5/509993101/TF/IZ/IK/48189763/product-jpeg-500x500.jpg,Found
2823,AR220,ARMATURE POWEREX 2-20,https://image.made-in-china.com/2f0j00SlRzvApCCVUh/Power-Tool-Armature-for-2-20.jpg,Found
2824,AR220,ARMATURE POWEREX 2-20,https://image.made-in-china.com/2f0j00SlRzvApCCVUh/Power-Tool-Armature-for-2-20.jpg,Found
2825,AR2-20,ARMATURE 2-20 POWEREXCHANGE,http://aksharindustry.in/wp-content/uploads/2022/07/Armature-2-20.jpg,Found
2826,AR2-20,ARMATURE 2-20 POWEREXCHANGE,http://aksharindustry.in/wp-content/uploads/2022/07/Armature-2-20.jpg,Found
2827,AR2-20/1,ARMATURE GBH2-20 DONG CHENG,https://ae01.alicdn.com/kf/S172b45f04d294e81a892f75ecdf85f02M/AC220V-240V-Armature-Rotor-Anchor-Replacement-for-BOSCH-Rotary-Hammer-GBH2-20D-GBH200-GBH-2-20.jpg,Found
2828,AR220/B,ARMATURE FOR 2-20 BULLET,https://aksharindustry.in/wp-content/uploads/2022/07/Armature-2-20.jpg,Found
2829,AR2-26,ARMATURE 2-26 POWEREX,https://poonacapacitors.com/wp-content/uploads/2025/09/Photoroom-20250902_214338.jpg,Found
2830,AR2-26,ARMATURE 2-26 POWEREX,http://rukmini1.flixcart.com/image/300/300/xif0q/hammer-drill/n/p/d/26-2-26-armature-original-imah5ywsbz59gkwb.jpeg,Found
2831,AR2-26/1,2-26 ARMATURE DONGCHENG,https://down-my.img.susercontent.com/file/sg-11134202-7rdy5-lxcfqc38hz8fd3,Found
2832,AR26,ARALDITE 26GM KLEAR,https://rukminim1.flixcart.com/image/832/832/kltryq80/adhesive/1/q/l/10000-1442508-araldite-original-imagyvhq7cz8ukzr.jpeg?q=70,Found
2833,AR26,ARALDITE 26GM KLEAR,https://rukminim1.flixcart.com/image/832/832/kltryq80/adhesive/1/q/l/10000-1442508-araldite-original-imagyvhq7cz8ukzr.jpeg?q=70,Found
2834,AR26,ARALDITE 26GM KLEAR,https://rukminim1.flixcart.com/image/832/832/kltryq80/adhesive/1/q/l/10000-1442508-araldite-original-imagyvhq7cz8ukzr.jpeg?q=70,Found
2835,AR26,ARALDITE 26GM KLEAR,https://www.pcbaaa.com/wp-content/uploads/2023/01/PCB材料_05.jpg,Found
2836,AR3/4/15,GARDEN HOSE 3/4 INCH 15 MTR,https://m.media-amazon.com/images/I/81sN-SRX6GL.jpg,Found
2837,AR3/4/15,GARDEN HOSE 3/4 INCH 15 MTR,https://5.imimg.com/data5/SELLER/Default/2025/11/557887278/BV/XL/PX/30344233/garden-pipe-1000x1000.jpg,Found
2838,AR3/4/15,GARDEN HOSE 3/4 INCH 15 MTR,https://m.media-amazon.com/images/I/81sN-SRX6GL.jpg,Found
2839,AR3/4/30,GARDEN HOSE 3/4 INCH 30 MTR,https://m.media-amazon.com/images/I/81R9jFftAnL._AC_.jpg,Found
2840,AR3/4B30,BRIAIDED HOSE 3/4 INCH 30 MTR,https://5.imimg.com/data5/SELLER/Default/2025/7/524308833/PB/GI/MU/132738739/3-4-inch-pvc-braided-hose-pipe-1000x1000.jpg,Found
2841,AR304,CLAW HAMMER 250G AR304,https://gforgadget.gr/wp-content/uploads/2025/12/sfyri-maragkou-me-dichalo-claw-hammer-250g-2-WS2711-gforgadget.jpg,Found
2842,AR305,CLAW HAMMER 500GM -AR305,https://img.drz.lazcdn.com/static/bd/p/9842dad4f1d28808d9a527d3275f5a1a.jpg_720x720q80.jpg,Found
2843,AR305,CLAW HAMMER 500GM -AR305,https://img.drz.lazcdn.com/static/bd/p/9842dad4f1d28808d9a527d3275f5a1a.jpg_720x720q80.jpg,Found
2844,AR36,ARALDITE 36G STD,https://5.imimg.com/data5/SELLER/Default/2022/12/XF/ZQ/SI/160708038/36g-araldite-standard-epoxy-adhesive-1000x1000.jpg,Found
2845,AR36,ARALDITE 36G STD,https://5.imimg.com/data5/SELLER/Default/2022/12/XF/ZQ/SI/160708038/36g-araldite-standard-epoxy-adhesive-1000x1000.jpg,Found
2846,AR36/1,ARALDINATE 36G,https://5.imimg.com/data5/SELLER/Default/2023/1/ML/QW/XT/98225557/36g-araldite-standard-epoxy-adhesive-1000x1000.jpg,Found
2847,AR3612,DCA  ARMATURE  ROUTER 3612BR,https://down-id.img.susercontent.com/file/id-11134201-7r990-lomc09d5e0fd23,Found
2848,AR388,ARMATURE,https://www.electrical4u.com/wp-content/uploads/armature-parts.png,Found
2849,AR412/1,ARMATURE MT412,https://preview.redd.it/gorgeous-elena-rybakina-2022-july-photoshoot-v0-ffesq35nzsqa1.jpg?width=632&format=pjpg&auto=webp&s=8953172fd44d409d63a84407abb2cbb1d17096b9,Found
2850,AR4141450009,STANLEY ARMATURE SA STSP 125-IN,https://5.imimg.com/data5/SELLER/Default/2021/5/PA/QL/MO/74208762/stanley-stsp125-armature-500x500.jpg,Found
2851,AR4240650003,STANLEY ARMATURE STGS9100-IN,https://paintnhardware.com/3959-large_default/armature-assembly-for-stanley-angle-grinder-stgs9100stgt8100stgs9125-part-no-4141450009.jpg,Found
2852,AR450,Araldite 450g KLEAR,https://5.imimg.com/data5/SELLER/Default/2023/8/337984864/LT/QD/BI/105525146/araldite-klear-5-1000x1000.jpg,Found
2853,AR450,Araldite 450g KLEAR,https://de-academic.com/pictures/dewiki/80/Ph_locator_batangas_balete.png,Found
2854,AR450,Araldite 450g KLEAR,https://5.imimg.com/data5/SELLER/Default/2023/8/337984864/LT/QD/BI/105525146/araldite-klear-5-1000x1000.jpg,Found
2855,AR450,Araldite 450g KLEAR,https://images.hindustantimes.com/img/2022/12/03/1600x900/0479ece8-72f0-11ed-9912-c8e5a950c91a_1670061277184.jpg,Found
2856,AR450/1,ARALDITE 450 GM STD,,Not Found
2857,AR450/1,ARALDITE 450 GM STD,https://5.imimg.com/data5/SELLER/Default/2025/9/548799339/XI/VC/TL/4235548/araldite-standard-epoxy-container-packs-1000x1000.jpg,Found
2858,AR450/1,ARALDITE 450 GM STD,https://5.imimg.com/data5/SELLER/Default/2025/9/548799339/XI/VC/TL/4235548/araldite-standard-epoxy-container-packs-1000x1000.jpg,Found
2859,AR510086,9553NB ARMATURE ASSY 510086,https://ultimamac.com/Uploads/products/spares/510086-1_P1.webp,Found
2860,AR6.5DRXC,ARMATURE  (JCB 6.5 DRXC) 6.5DRXC-12,https://5.imimg.com/data5/XI/FJ/PN/SELLER-4018295/electric-drill-jcb-6-5drxc-350w-125x125.jpg,Found
2861,AR602553,STANLEY ARMATURE SA STHM5KH-IN N602553,https://down-my.img.susercontent.com/file/665a05de3a57f97fd8e7ceb8da8b5433,Found
2862,AR6100,DAC MAX 6-100 STATOR,https://i5.walmartimages.com/seo/Generator-Stator-Coil-31120-KN4-751-For-Honda-XR100R-1992-2003-CRF100F-2004-2016_3c8c98fe-9dac-4da8-a16a-338ed6d2a970.8bc5d5470d8a01e3e7dad1bfe74003ae.jpeg,Found
2863,AR6100P,ARMATURE FOR GRINDER 6100 POWEREX,https://down-ph.img.susercontent.com/file/id-11134207-8224v-mgapsv83idjic8,Found
2864,AR7014,OMR ARMATURE FOR G10SS2 OMR,https://down-id.img.susercontent.com/file/id-11134207-7r98p-lviyjki3j37r06,Found
2865,AR7031,OMR ARMATURE FOR VIBRATOR VR35,https://akshajtoolsllp.com/wp-content/uploads/2024/05/EM-VR-35X1.5-1.jpg,Found
2866,AR7345,ARMATURE 7345,https://img.sur.ly/favicons/7/7345.com.ico,Found
2867,AR7602553,ARMATURE,https://www.electrical4u.com/wp-content/uploads/armature-parts.png,Found
2868,AR7614NB,POWERTEX-ARMATURE 7614NB,https://down-my.img.susercontent.com/file/0f6ba7bbbec96ba9b6c62376989605d8,Found
2869,AR800,ARALDITE HARDNER 800G,https://paintnhardware.com/3714-large_default/araldite-standard-18kg-high-strength-epoxy-adhesive-1kg-resin-800g-hardner.jpg,Found
2870,AR801,ARMATURE DW801 POWEREX,https://5.imimg.com/data5/SELLER/Default/2023/7/322416707/KA/WQ/WD/124561715/dewalt-dw801-armature-500x500.jpeg,Found
2871,AR801,ARMATURE DW801 POWEREX,https://5.imimg.com/data5/SELLER/Default/2023/7/322416707/KA/WQ/WD/124561715/dewalt-dw801-armature-500x500.jpeg,Found
2872,AR801H,HIWALT ARMATURE FOR 801,https://5.imimg.com/data5/SELLER/Default/2024/5/417353951/UA/GN/ZW/19592605/dewalt-801-armature-500x500.jpg,Found
2873,AR801R,ARMATURE FOR DW801 GRINDER RAJ AGRO,https://implemental.in/wp-content/uploads/2022/11/Angle-Grinder-Machine-Armature-2.jpg,Found
2874,AR90,ARALDITE 90g STAND,https://5.imimg.com/data5/UY/EI/NA/SELLER-16022076/90g-araldite-standard-epoxy-adhesive-500x500.jpeg,Found
2875,AR90,ARALDITE 90g STAND,https://5.imimg.com/data5/UY/EI/NA/SELLER-16022076/90g-araldite-standard-epoxy-adhesive-500x500.jpeg,Found
2876,AR90,ARALDITE 90g STAND,https://5.imimg.com/data5/UY/EI/NA/SELLER-16022076/90g-araldite-standard-epoxy-adhesive-500x500.jpeg,Found
2877,AR90/1,ARALDITE STR 90 GM KLEAR,https://5.imimg.com/data5/SELLER/Default/2025/12/565687375/HN/WP/XW/3714767/aradlite-90gm-3-1000x1000.jpg,Found
2878,AR90/1,ARALDITE STR 90 GM KLEAR,https://5.imimg.com/data5/SELLER/Default/2025/12/565687375/HN/WP/XW/3714767/aradlite-90gm-3-1000x1000.jpg,Found
2879,AR90/1,ARALDITE STR 90 GM KLEAR,https://5.imimg.com/data5/SELLER/Default/2025/12/565687375/HN/WP/XW/3714767/aradlite-90gm-3-1000x1000.jpg,Found
2880,AR90/1,ARALDITE STR 90 GM KLEAR,https://5.imimg.com/data5/SELLER/Default/2025/12/565687375/HN/WP/XW/3714767/aradlite-90gm-3-1000x1000.jpg,Found
2881,AR9513,ARMATURE FOR M9513B 515548-4,https://cdn.whistler.com/blog/wp-content/uploads/2022/08/08130419/High-Note-Trail-Cheakamus-Lake-2048x1352.jpg,Found
2882,AR9553,ARMAYTURE FOR 9553NB   HANA,https://down-id.img.susercontent.com/file/5409e076af3370b087e24534895204b1,Found
2883,AR9553/1,ARMATURE 9553,https://lzd-img-global.slatic.net/g/p/a88da15517120ff0306b8b8b172fad9b.jpg_720x720q80.jpg,Found
2884,AR9553NB.,9553NB ARMATURE ASSY 510086-1,https://ultimamac.com/Uploads/products/spares/510086-1_P1.webp,Found
2885,AR9553NB.,9553NB ARMATURE ASSY 510086-1,,Not Found
2886,AR9556,ARMATURE FOR 9556 HB 5100845,https://lzd-img-global.slatic.net/g/p/4d35cb53f266f64a5d640c5fcbbf43fb.png_720x720q80.png,Found
2887,AR9556,ARMATURE FOR 9556 HB 5100845,https://lzd-img-global.slatic.net/g/p/4d35cb53f266f64a5d640c5fcbbf43fb.png_720x720q80.png,Found
2888,AR9556,ARMATURE FOR 9556 HB 5100845,https://lzd-img-global.slatic.net/g/p/4d35cb53f266f64a5d640c5fcbbf43fb.png_720x720q80.png,Found
2889,ARABLR,AIR BLOWER ARMATURE,https://5.imimg.com/data5/SELLER/Default/2024/4/410899113/JL/ZQ/TR/23775655/air-blower-motor-armature-eb-2-1000x1000.jpg,Found
2890,ARAG10,AG10 ROTOR (ARMATURE),https://www.gatorlamination.com/wp-content/uploads/2025/12/Motor-Stator-Rotor-and-Armature.jpg,Found
2891,ARAG100,BULL GOLD AG-100 ARMATURE,https://s3.toolsvilla.com/products-copper-armature-angle-grinder-f-ag-100-7/1679996446461/armature-2.webp,Found
2892,ARAG1070,AG70 ARMATURE,https://lookaside.fbsbx.com/lookaside/crawler/media/?media_id=100002683333365,Found
2893,ARAG1072,AG1072 ARMATURE,https://powermark.shop/cdn/shop/files/8d8b2c38847e304ffa4f6b10e9ce4d54.jpg?v=1687326086&width=1445,Found
2894,ARAG1092,AG92 ARMATURE,https://www.honda.co.jp/WR-V/configurator/images/icon_operationAlert-pc.png,Found
2895,ARAG125,ARMATURE BULL GOLD AG-125,https://down-id.img.susercontent.com/file/8e79e134fbcfd0b80f7ed7cf4988447a,Found
2896,ARAG125,ARMATURE BULL GOLD AG-125,https://freepngimg.com/thumb/grocery/41884-1-jar-of-honey-png-file-hd.png,Found
2897,ARAG2100,BULL GOLD AG2-100 ARMATURE,https://down-id.img.susercontent.com/file/8e79e134fbcfd0b80f7ed7cf4988447a,Found
2898,ARAG3100,BULL GOLD AG3-100 ARMATURE,https://s3.toolsvilla.com/products-copper-armature-angle-grinder-f-ag-100-7/1679996446461/armature-2.webp,Found
2899,ARAG6100,ARMATURE 6-100,https://down-id.img.susercontent.com/file/id-11134207-7rasm-m2sxorh84rpbfe,Found
2900,ARAG6100/1,ARMATURE 6-100 DCA MODEL,https://down-id.img.susercontent.com/file/id-11134207-7r98o-lkoq6owb3mln6c,Found
2901,ARAG6100B,ARMATURE 4-100B DCA,https://5.imimg.com/data5/SELLER/Default/2023/6/312759591/JS/PV/WM/184205186/dca-armature-asm04-100b-1000x1000.png,Found
2902,ARAG72,AG 72 ARMATURE,,Not Found
2903,ARAG72,AG 72 ARMATURE,https://m.media-amazon.com/images/I/61GfVfjCJnL._AC_.jpg,Found
2904,ARAG80026,AG80026-AG800 ARMATURE,https://www.macscreenrepair.com/wp-content/uploads/2023/01/Closed-on-oject-before-and-after.jpg,Found
2905,ARAG801,ARMATURE -801 YURI,https://5.imimg.com/data5/FT/WW/ID/SELLER-3628306/yuri-dw801-dck-amature-500x500.jpg,Found
2906,ARAG8100,ARMATURE FOR 8-100 GRINDER,https://powermark.shop/cdn/shop/files/6aa334c886b9b5a82b42a91d4ead4e99.jpg?v=1685414454&width=1445,Found
2907,ARAG8219,ARMATURE FOR DAMIER GRINDER AG8219,https://damiertools.com/wp-content/uploads/2022/08/AG-8218-1.jpg,Found
2908,ARAGBC85022,MAL AGBC 850 ARMATURE (22) AGBC85022,https://5.imimg.com/data5/SELLER/Default/2022/12/QI/IO/WW/923543/photo-2018-12-12-19-10-44-500x500.jpg,Found
2909,ARAM3,TRIANGLE FILE 4INCH,https://i5.walmartimages.com/seo/Triangle-File-Triangular-File-4-Inch-5-Inch-6-Inch-8-Inch-10-Inch-Serrated-File_7a58a66e-0c74-4282-9848-e63ad428eb7f.3944db5b6a5d78986c08b86ab35d3ee4.jpeg,Found
2910,ARAM4,FILE 4G REGULAR,https://www.pepstores.com/cdn/shop/files/EFL28_web_PNG.png?v=1741022529&width=940,Found
2911,ARAM4/1,ARAM MUKKON 4 INCH,,Not Found
2912,ARAM6,FILE 6E REGULAR,https://imgv2-2-f.scribdassets.com/img/document/875109928/original/8b8a5525bb/1?v=1,Found
2913,ARAM6/1,MUKKONARAM 6 INCH,https://www.sarvda.com/cdn/shop/files/mukut_2.jpg?v=1722000229,Found
2914,ARAM6/1,MUKKONARAM 6 INCH,https://www.sarvda.com/cdn/shop/files/mukut_2.jpg?v=1722000229,Found
2915,ARAM6/1,MUKKONARAM 6 INCH,,Not Found
2916,ARAM7236,AM7236-32 ROTOR,https://opsholders.com/wp-content/uploads/2024/07/Brembo-rotor-D.jpg,Found
2917,ARASS125B,ARMATURE FOR STRAIGHT GRINDER ASS125B,http://powermark.shop/cdn/shop/files/7c6570c5cadfed1880a3a9ca7387a7c5.jpg?v=1688103501,Found
2918,ARB6001,BEARING 6001 ARB,https://www.tartybikes.co.uk/images/custom/hubspares/large_monty6001bearing.jpg,Found
2919,ARB6004,BEAREING 6004 2RS,https://smwiko-bearing.com/wp-content/uploads/2023/10/6004-2RS-1.jpg,Found
2920,ARB6005,BEARING 6005 2RS,https://rodavictoriausa.com/wp-content/uploads/2020/10/s-l1600-13.jpg,Found
2921,ARB607,BEARING ARB 607 2RS,https://paraglidinghongkong.com/wp-content/uploads/2022/10/paragliding-in-hong-kong-ma-on-shan-saikung-600x338.jpg,Found
2922,ARB608,BEARING ARB608,https://down-ph.img.susercontent.com/file/ph-11134207-7rasb-m238z2l3nl13bc,Found
2923,ARB609,BEARING 609 ZZ,https://down-id.img.susercontent.com/file/id-11134207-7r992-lqbjflg3xgbya0,Found
2924,ARB6201,BEARING 6201,https://rodavictoriausa.com/wp-content/uploads/2020/11/6201-C3-SKF.jpg,Found
2925,ARB625,BEARING 625 2RS,https://cdn.shopify.com/s/files/1/0552/4786/3869/products/625-2RS-1.jpg?v=1638444410&width=1600,Found
2926,ARB628,BEARING 628 2RS,https://cdn10.bigcommerce.com/s-emvqxmmb/products/2731/images/18485/628-2RS-ZZ_MAIN__34482.1681151896.1280.1280.png?c=2,Found
2927,ARB629,BEARING ARB 629,https://img.gifruo.com/upload/2019/06/gifruo_gifmk70_17.gif,Found
2928,ARB6302,BEARING 6302 2RS,"https://res.cloudinary.com/rsc/image/upload/b_rgb:FFFFFF,c_pad,dpr_1.0,f_auto,q_auto,w_700/c_pad,w_700/F6190200-01",Found
2929,ARBAG125,BULL ARMATURE GRINDER 5 INCH,https://www.tanishq.co.in/dw/image/v2/BKCK_PRD/on/demandware.static/-/Sites-Tanishq-product-catalog/default/dwa3693d0f/images/hi-res/600209ZHAAAP00_1.jpg?sw=640&sh=640,Found
2930,ARBAG180,ARMATURE FOR ANGLE GRINDER BGAG180,https://laz-img-sg.alicdn.com/p/478ae4dbe7a7c4c1662f4a8e4dc1eac4.jpg,Found
2931,ARBGAG125,BULL GOLD AG-125 ARMATURE,,Not Found
2932,ARBGAG2100,ARMATURE FOR BULL GRINDER BGAG2100,https://id-test-11.slatic.net/p/9754ed668550bb3476eacd3dcd88c769.jpg,Found
2933,ARBGET6,BULL GOLD ET6 ARMATURE,https://down-id.img.susercontent.com/file/8e79e134fbcfd0b80f7ed7cf4988447a,Found
2934,ARBGRH22,BULL GOLD RH2-22 ARMATURE,https://down-id.img.susercontent.com/file/id-11134207-7ra0h-md0f0iw1838jf8,Found
2935,ARBLS1040,ARMATURE FOR LS1040 BULL,https://down-id.img.susercontent.com/file/77ebd72d387cdb1e8b7a55ca3504e6a0,Found
2936,ARBM60,BM60 ARMATURE,https://preview.redd.it/built-a-bm60-ec-60-from-kprepublic-v0-9uq7oww27koa1.jpg?width=640&crop=smart&auto=webp&s=00e7370196ccb5a8d6ffd14520bda7f8021bf787,Found
2937,ARBPD100,BULL GOLD ARMATURE FOR GRINDER PD100,https://www.static-src.com/wcsstore/Indraprastha/images/catalog/full/117/MTA-57955788/bull_pda100m-armature-angker-gerinda-tangan-hitachi-pda100-m-bull-pda-100-m_full01.jpg,Found
2938,ARC200,TOSHON WELDING MACHINE ARC200 HEAVY(MOSFET,https://toolz4industry.com/wp-content/uploads/2023/02/1622897178-60bb721ab7be4.jpeg,Found
2939,ARC200E,GLOBAL WELDING MACHINE ARC200E,https://5.imimg.com/data5/SELLER/Default/2025/1/480884656/RE/RA/WI/151915755/arc-200-welding-machine-1000x1000.jpg,Found
2940,ARC200G/S,SAI ARC200G WELDING MACHINE  3 BOARD,https://i.pinimg.com/originals/e6/e1/45/e6e1457b6a612d2ce9f890991c3923f2.jpg,Found
2941,ARC200G/S,SAI ARC200G WELDING MACHINE  3 BOARD,https://5.imimg.com/data5/SELLER/Default/2025/1/480884656/RE/RA/WI/151915755/arc-200-welding-machine-1000x1000.jpg,Found
2942,ARC200RELAY,RELAY ARC200,https://electrical.com/img/TSC-120-ARC-200-1.jpg,Found
2943,ARC636,ARMATURE 636,https://sp-uploads.s3.amazonaws.com/uploads/services/2588673/20221111073853_636dfc0dbd080_speed_control_of_d.c_motor_by_varying_armature_current_equation_graph___diagram_electrical_technology__engg_diploma_levelpage0.jpg,Found
2944,ARC7SS,ARMATURE C7SS,,Not Found
2945,ARCAGLI201008,ARMATURE FOR CAGLI201008-SP-1,https://lzd-img-global.slatic.net/g/p/2ef3522c1a16a456ab09c6b6bfe20ca0.jpg_720x720q80.jpg,Found
2946,ARCC4000,GAOCHENG ARMATURE GCCC4000,https://5.imimg.com/data5/SELLER/Default/2021/3/YA/UD/GF/73419914/gaocheng-gc-cc4000-heavy-duty-concrete-cutter-1000x1000.jpg,Found
2947,ARCDLI20668,ARMATURE FOR CDLI20668-SP-8,https://res-sg.togroup.com/stc/home_product/ingco/userfiles/1/images/photo/20241202090023752/CDLI20668.jpg,Found
2948,ARCM46,YURI SPEED ARMATURE CM6,https://5.imimg.com/data5/ANDROID/Default/2025/6/517002010/AR/MP/OC/41781549/product-jpeg-1000x1000.jpg,Found
2949,ARCM4SA,ARMATURE CM4SA(EVEREST   CM4SA),,Not Found
2950,ARCM4SA,ARMATURE CM4SA(EVEREST   CM4SA),https://implemental.in/wp-content/uploads/2023/02/Armature-for-Marble-Cutter-CM4SA-4.jpg,Found
2951,ARCM4SAH,HIWALT ARMATURE FOR CM4SA EVEREST,https://implemental.in/wp-content/uploads/2023/02/Armature-for-Marble-Cutter-CM4SA-1.jpg,Found
2952,ARCM4SB,ARMATURE  DXCCM4SB,,Not Found
2953,ARCM4SB,ARMATURE  DXCCM4SB,https://5.imimg.com/data5/UW/FW/MY-2689814/armature-cm4-sb-1000x1000.jpg,Found
2954,ARCM4SB/1,ARMATURE CM4SB (DCA),https://www.littlemermaid.jp/products/assets_c/2021/10/MixedSandwich(Mortadella)-thumb-470xauto-4561.jpg,Found
2955,ARCRHLI20208,ARMATURE FOR CRHLI20208-SP-4,https://www.ingcotools.com.uy/imgs/productos/productos35_6108.png,Found
2956,ARCUMI5,TILE CUTTER 5 INCH ARMATURE CUMI,https://5.imimg.com/data5/ANDROID/Default/2024/3/403481663/UB/JU/IB/46802834/20240107-123631-jpg-1000x1000.jpg,Found
2957,ARCV48,CV48 ARMATURE,,Not Found
2958,ARCV81,CV81 ARMATURE,,Not Found
2959,ARDA5052,DAYURI SPARE DA5052 ARMATURE,https://static1.industrybuying.com/products/power-tools/spares/armatures/POW.ARM.722513032_1698399468139.webp,Found
2960,ARDA5052,DAYURI SPARE DA5052 ARMATURE,https://static1.industrybuying.com/products/power-tools/spares/armatures/POW.ARM.722513032_1698399468139.webp,Found
2961,ARDH0810,ARMATURE FOR 5KG 0810 BULL  VIVO,https://m.media-amazon.com/images/I/71gwlPkgitL._SL1500_.jpg,Found
2962,ARDH1078,DH78 ARMATURE (ROTOR),https://www.pdblowers.com/wp-content/uploads/2017/09/us-valve-31-series-wafer-check-valve-dimensions.png,Found
2963,ARDH22PBS,MOTOR ARMATURE DH22PBS,https://www.electrical4u.com/wp-content/uploads/armature-parts.png,Found
2964,ARDH4520,DH20 ROTOR,https://1.bp.blogspot.com/-RuQ1it0Sxmc/YN3zldTsVAI/AAAAAAABfek/a1oaQdlJw4Abj97r3G-K6dj0CrLZcjecQCNcBGAsYHQ/s1800/motuobc001.jpg,Found
2965,ARDH4520,DH20 ROTOR,,Not Found
2966,ARDH4566,IBELL 11E ARMATURE 4566,https://www.ibelltools.com/cdn/shop/files/TD13-100MAINIMAGE_1400x1400.jpg?v=1747801674,Found
2967,ARDS25,DS25 ARMATURE,https://www.ibelltools.com/cdn/shop/files/ds25-80_1200x1200.jpg?v=1708663048,Found
2968,ARDS25,DS25 ARMATURE,,Not Found
2969,ARDS70,DS70 ARMATURE,,Not Found
2970,ARDS70,DS70 ARMATURE,https://asset.somfy.com/1200x1200/Image/61b38f8b-b6fd-4544-a5f4-033df7a68f3b_9012237.jpg,Found
2971,ARDS70,DS70 ARMATURE,https://cdn-fastly.atv.com/media/2022/11/07/9148929/69cc-4-stroke-enginecvt-transmissionlong-travel-suspensionbuilt-in.jpg?size=720x845&nocrop=1,Found
2972,ARDSF02,ARMATURE DSF-02,https://dsf-gasoil-armature.com/wp-content/uploads/2024/02/2.png,Found
2973,ARDSM125A,ARMATURE G15SA2,https://5.imimg.com/data5/SELLER/Default/2024/5/417952106/YC/UR/WD/19538555/xtra-power-g15sa2-motor-armature-500x500.jpeg,Found
2974,ARDSM230A,ARMATURE DSM230A,,Not Found
2975,ARDU10,ARMATURE DU-10,https://iv1.lisimg.com/image/7597787/480full-sakura-nishihori.jpg,Found
2976,ARDW862,DEWALT CUTTER DW862 ARMATURE 514014566,https://hupshenghardware.com/wp-content/uploads/2020/08/Dewalt-DW862-2.jpg,Found
2977,ARDWS180,ARMATURE FOR MAL DRYWALLSANDER DWS180,https://down-th.img.susercontent.com/file/th-11134207-7r98x-lsjlkhziebp9d1,Found
2978,ARDWS18030,DWS 180 ARMATURE DWS18030,https://i5.walmartimages.com/seo/OEM-N143958-Miter-Saw-Armature-Assembly-DWS716-DWS716XPS-DW716-DW716XPS-DW716-DWS779-DWS779-DWS779-DWS780-DWS782-DWS782-DWS780-DWS779-DWS780_1ebd13e1-eb17-4dcf-ba18-115f1e143c80.45555a090b035f076b61223153b57351.jpeg,Found
2979,ARDZG06,ARMATURE DZG06-6S,https://worksheets.clipart-library.com/images2/coloring-alphabet-worksheet/coloring-alphabet-worksheet-21.png,Found
2980,ARDZG10,DONGCHENG ARMATURE 11E  RAJAGRO,https://down-id.img.susercontent.com/file/id-11134201-7ra0k-mbl71jlxfyy542,Found
2981,ARDZG10/P,ARMATURE FOR GBH11E DZG10 PERFECT,https://graphitebrush.com/wp-content/uploads/2023/10/GBH-11-E-2.png,Found
2982,ARDZG6S,ARMATURE FOR HM0810 DZG6S,https://down-my.img.susercontent.com/file/b7e124f3dc0970241f7639f70909fc36,Found
2983,AREB20,ARMATURE FOR BLOWER EB20,,Not Found
2984,AREB2937,ARMATURE AREB,https://c8.alamy.com/compit/rpbt0r/arab-sultan-rpbt0r.jpg,Found
2985,ARED10,ARMATURE ED10 BULL,https://storage.googleapis.com/img-pcolle/17885b28dd52e24ec/196092636b27835797b/130731_renketu3.jpg,Found
2986,ARED6H,ED60 ARMATURE DONGCHENG,https://poonacapacitors.com/wp-content/uploads/2025/10/Photoroom-20250829_212417004-83.jpg,Found
2987,ARED6H,ED60 ARMATURE DONGCHENG,,Not Found
2988,ARED6H,ED60 ARMATURE DONGCHENG,https://poonacapacitors.com/wp-content/uploads/2025/10/Photoroom-20250829_212417004-83.jpg,Found
2989,AREDS,K DCA ARMATURE ED6H J1ZFF026A,https://powermark.shop/cdn/shop/files/2606f13ae9aa7fb30b4c460dc73517a3.jpg?v=1688103825&width=1445,Found
2990,ARER8,K-ENDICO ARMATURE AS8,https://m.media-amazon.com/images/I/31PCFZFJ38L._SY300_SX300_QL70_ML2_.jpg,Found
2991,ARETDH35K,ARMATURE FOR  ETDH35K,https://p.turbosquid.com/ts-thumb/wM/ouOe7h/eA/electric_motor_armature_360/jpg/1666044718/1920x1080/turn_fit_q99/f50adc0d2b021fe063471c3113981b2f554d74e2/electric_motor_armature_360-1.jpg,Found
2992,ARETDH35K,ARMATURE FOR  ETDH35K,https://p.turbosquid.com/ts-thumb/wM/ouOe7h/eA/electric_motor_armature_360/jpg/1666044718/1920x1080/turn_fit_q99/f50adc0d2b021fe063471c3113981b2f554d74e2/electric_motor_armature_360-1.jpg,Found
2993,ARF20A,K DCK ARMATURE F 20 A,https://images.tokopedia.net/img/cache/500-square/VqbcmM/2023/7/5/75a02531-6d9d-4796-a772-2c3f15678a5a.jpg,Found
2994,ARFF160,ARMATURE  MIXER FF-160,https://rukminim2.flixcart.com/image/960/1280/xif0q/angle-grinder/x/w/k/ff-160-paint-mixer-armature-sk-traders-0-original-imahfge3uzfwaaed.jpeg?q=60,Found
2995,ARFF160,ARMATURE  MIXER FF-160,https://rukminim2.flixcart.com/image/960/1280/xif0q/angle-grinder/x/w/k/ff-160-paint-mixer-armature-sk-traders-0-original-imahfge3uzfwaaed.jpeg?q=60,Found
2996,ARFS87,FS87 ROTOR,https://preview.redd.it/fs-custom-nh-rotor-sm-dial-free-exhibition-caseback-v0-l00pfmjltw6d1.jpg?width=640&crop=smart&auto=webp&s=aca8ac7c5a176885217235738069c87a54ec9f17,Found
2997,ARFY,ARGON REGULATER WITH FLOWMETER YAMATO,https://image.made-in-china.com/2f0j00FTeoaNqtEyuO/Wholesale-Yamato-Argon-CO2-Flow-Meter.webp,Found
2998,ARG10SS,ARMATURE  G10SS,https://down-ph.img.susercontent.com/file/id-11134207-7qul7-lgugu9oc9v8fda,Found
2999,ARG10SS2,ARMATURE G10SS2,https://down-id.img.susercontent.com/file/id-11134207-7r98p-lviyjki3j37r06,Found
3000,ARG10SS2/1,ARMATURE G10SS2 361007,https://down-id.img.susercontent.com/file/id-11134207-7r98p-lviyjki3j37r06,Found
3001,ARG10SS2/1,ARMATURE G10SS2 361007,https://down-id.img.susercontent.com/file/id-11134207-7r98p-lviyjki3j37r06,Found
3002,ARG10SS2S,G10SS2 ARMATURE  SHARP,https://down-ph.img.susercontent.com/file/sg-11134202-824gx-mf8d38gne3gp6d,Found
3003,ARG15SA2,K YURI SPEED ARMATURE G15SA2,https://5.imimg.com/data5/UL/ZN/KT/SELLER-66402589/g15sa2-armature-500x500.jpg,Found
3004,ARG18SE2,E-DAMIER-ARMATURE-G18SE2,https://dearsam.com/img/800/600/resize/t/h/the-letter-e-50x70_3a189.jpg,Found
3005,ARGDC120,K HAWKING ARMATURE GDC120,https://storage.googleapis.com/iiptpl-site/products/March2023/kiDZptxOjrHBqnk3ZYeA-display.jpg,Found
3006,ARGP600,GP-600 11 ARMATURE,https://www.apv-america.com/fileadmin/user_upload/produkte/gruenland/gruenlandprofi/gp600m2/Galerie/APV-Grünlandprofi-GP-600-M2-Galerie_3.jpg,Found
3007,ARGWS750,LASERTECH ARMATURE GWS750,https://down-my.img.susercontent.com/file/9850324cb01c0febc4eca08498bd4255,Found
3008,ARH226,ARMATURE FOR BULLET 2-26 AR226 HANA,https://m.media-amazon.com/images/I/51fk6F7Us8L._SL1459_.jpg,Found
3009,ARHM810,ARMATURE 810,https://microless.com/cdn/products/1d1d0bc3fecd6e112fa9f1d619266b99-hi.jpg,Found
3010,ARHR1630,ARMATURE 10MM DRILL,https://cdn.britannica.com/45/104045-050-116C1F93/Signs-of-the-Zodiac-astrology.jpg,Found
3011,ARHR2470,ARMATURE FOR HR2470 MAKITA 5179840,,Not Found
3012,ARID80,ID80 ROTOR,https://image.made-in-china.com/2f0j00sNhaOLlMlFrV/Lamination-Stator-and-Rotor-Od-120-ID-80-Slots-12-Axle-15-for-Electric-Scooter.jpg,Found
3013,ARJCB850,ARMATURE FOR JCB ANGLE GRINDER 850W,https://m.media-amazon.com/images/I/71z0zfhamWL._SL1500_.jpg,Found
3014,ARJCB950,ARMATURE FOR JCB ANGLE GRINDER 950W,https://down-ph.img.susercontent.com/file/ph-11134207-7rasj-m0lc6kneqadg08,Found
3015,ARJUN50,CRIMPING TOOL ARJUN 50,,Not Found
3016,ARKFM180A,E-DCK-ARMATURE-G18SE2,http://www.idealpowertools.com/cdn/shop/files/BigARMATUREProductIMG_6c584ae4-c500-4f16-b906-0899fbc75515.jpg?v=1756547346&width=1024,Found
3017,ARKIAG4HD,ARMATURE FOR GRINDER 1200W KIAG4HD,https://5.imimg.com/data5/SELLER/Default/2021/4/HP/YK/ID/74208762/black-decker-g650-angle-grinder-armature-1000x1000.jpg,Found
3018,ARKPEMHDA,ARMATURE FOR KPEMHDA PUTTYMIXER,https://i.ytimg.com/vi/izWnaEIuxfI/hqdefault.jpg,Found
3019,ARKXWP90,KENNEX ARMATURE FOR WALL PLANNER,,Not Found
3020,ARKYP4850,ARMATURE FOR KENYU GRINDER KYP4-850,https://www.kenyuindia.com/thumb/500/500/uploads/KYP4-850__13Jan2023160050.jpg,Found
3021,ARLG355S,LG355 ARMATURE SHARP,https://5.imimg.com/data5/SELLER/Default/2023/9/345508156/AA/ZD/ST/1313308/lg-355-cut-off-armature-1000x1000.png,Found
3022,ARLS1030,516718-8 ARMATURE 220V FOR LS1030 N RAK 1A,https://i.ebayimg.com/images/g/rngAAOSwq2ljWo54/s-l1600.jpg,Found
3023,ARLS1030,516718-8 ARMATURE 220V FOR LS1030 N RAK 1A,https://i.ebayimg.com/images/g/rngAAOSwq2ljWo54/s-l1600.jpg,Found
3024,ARLS1030,516718-8 ARMATURE 220V FOR LS1030 N RAK 1A,https://i.ebayimg.com/images/g/rngAAOSwq2ljWo54/s-l1600.jpg,Found
3025,ARLS1040,ARMATURE FOR LS1040 5167188,https://i.ebayimg.com/images/g/rngAAOSwq2ljWo54/s-l1600.jpg,Found
3026,ARM82111,POWERTEX-ARMATURE CC14STD,,Not Found
3027,ARM82124,ARMATURE ARM82124,,Not Found
3028,ARM9506,515553-1 ARMATURE  ASSY HP0300 9506,https://down-my.img.susercontent.com/file/my-11134207-7ras9-m7n4b3efneml23,Found
3029,ARM9506,515553-1 ARMATURE  ASSY HP0300 9506,https://down-my.img.susercontent.com/file/my-11134207-7ras9-m7n4b3efneml23,Found
3030,ARM9506,515553-1 ARMATURE  ASSY HP0300 9506,https://down-my.img.susercontent.com/file/my-11134207-7ras9-m7n4b3efneml23,Found
3031,ARMAL10,ARMATURE FOR MAL 10 DRILL,https://implemental.in/wp-content/uploads/2023/02/Armature-For-Impact-Drill-Machine-DU-10-1.jpg,Found
3032,ARMAL13,ARMATURE FOR MAL 13 MM DRILL,https://down-id.img.susercontent.com/file/id-11134207-7rbk5-m9fmyifccztq7c,Found
3033,ARMAL5KG,ARMATURE FOR MAL 5KG,https://down-id.img.susercontent.com/file/id-11134207-7rasj-m1o9malfcn9rf0,Found
3034,ARMAL950,ARMATURE   AG 950,https://5.imimg.com/data5/SELLER/Default/2024/11/466244386/UU/HV/IS/100207655/bosch-armature-ag-4-1000x1000.jpg,Found
3035,ARMAL950,ARMATURE   AG 950,https://5.imimg.com/data5/SELLER/Default/2024/11/466244386/UU/HV/IS/100207655/bosch-armature-ag-4-1000x1000.jpg,Found
3036,ARMAL950,ARMATURE   AG 950,https://zukan.com/media/leaf/original/69657.jpg?width=1024&height=768&type=resize,Found
3037,ARMAL950H,ARMATURE FOR JCB ANGLE GRINDER 950W,https://down-ph.img.susercontent.com/file/ph-11134207-7rasj-m0lc6kneqadg08,Found
3038,ARMALMC5,MCF5 MAL ARMATURE,https://axiomind.com/wp-content/uploads/2025/11/MCF-5_700X700_2-01-scaled.png,Found
3039,ARMARK180,DRY WALL SANDER ARMATURE,https://m.media-amazon.com/images/I/61ALdgjnAUL._SL1022_.jpg,Found
3040,ARMATURE 230V STGS9100 -INN563260,ARMATURE 230V STGS9100 -INN563260,"https://m.media-amazon.com/images/I/91kQYy0z8pS._SY2300_CR750,0,750,1334_.jpg",Found
3041,ARMATURE DOUBLE SIDE INSULATED,ARMATURE DOUBLE SIDE INSULATED,https://image.slidesharecdn.com/bixuqyktqvgwlmmh8tvc-signature-1dbbfb3cdb1c1aaa085dadffc96b7d4f97588396bae2daf2ebb72be12d0251bb-poli-201019175200/75/Types-of-armature-winding-of-dc-generator-11-2048.jpg,Found
3042,ARMATURE FOR 11E,ARMATURE FOR 11E,https://image.made-in-china.com/2f0j00HoIcOEhygakf/Armature-for-11e-Electric-Pick-Hammer-Drill-Rotor-Power-Tools-Spart-Parts-Accessories.jpg,Found
3043,ARMATURE GROWLER,ARMATURE GROWLER,https://5.imimg.com/data5/SELLER/Default/2022/4/LE/UB/MO/890187/armature-growler-tester-500x500.jpg,Found
3044,ARMC1030,MC30 ROTOR,https://thumbs.dreamstime.com/z/greeting-card-lubbock-290896571.jpg,Found
3045,ARMS18,ARMATURE FOR METER SAW MS18,https://i5.walmartimages.com/seo/OEM-N143958-Miter-Saw-Armature-Assembly-DWS716-DWS716XPS-DW716-DW716XPS-DW716-DWS779-DWS779-DWS779-DWS780-DWS782-DWS782-DWS780-DWS779-DWS780_1ebd13e1-eb17-4dcf-ba18-115f1e143c80.45555a090b035f076b61223153b57351.jpeg,Found
3046,ARMT40,ARMATURE 240V MT40 513879-5,"https://static.wixstatic.com/media/d37a62_abb5d30b8fc044b9b3c0797d57ed3457~mv2.png/v1/fit/w_500,h_500,q_90/file.png",Found
3047,ARMT40,ARMATURE 240V MT40 513879-5,"https://static.wixstatic.com/media/d37a62_abb5d30b8fc044b9b3c0797d57ed3457~mv2.png/v1/fit/w_500,h_500,q_90/file.png",Found
3048,ARMT410,ARMATURE  MT410,https://lzd-img-global.slatic.net/g/ff/kf/Saf34e973306741ec885162c3619f4844K.jpg_720x720q80.jpg,Found
3049,ARMT410,ARMATURE  MT410,https://lzd-img-global.slatic.net/g/ff/kf/Saf34e973306741ec885162c3619f4844K.jpg_720x720q80.jpg,Found
3050,ARMT412,513814-3  MT412 ARMATURE,https://image.made-in-china.com/2f0j00VlQzemiyZWUo/Power-Tool-Armature-for-Mt412.jpg,Found
3051,ARMT412/,ARMATURE FOR MT412 513814-3,https://image.made-in-china.com/2f0j00VlQzemiyZWUo/Power-Tool-Armature-for-Mt412.jpg,Found
3052,ARMT60,515834-3 ARMATURE MT60,https://down-my.img.susercontent.com/file/my-11134207-7qukz-lhqzh0vqq1nx71,Found
3053,ARMT60,515834-3 ARMATURE MT60,https://down-my.img.susercontent.com/file/my-11134207-7qukz-lhqzh0vqq1nx71,Found
3054,ARMT80A,515894-5 ARMATURE MT80A,https://down-my.img.susercontent.com/file/id-11134207-7rasb-m0msbhjptxfi1d,Found
3055,ARMT80A,515894-5 ARMATURE MT80A,https://down-my.img.susercontent.com/file/id-11134207-7rasb-m0msbhjptxfi1d,Found
3056,ARMT80A,515894-5 ARMATURE MT80A,https://down-my.img.susercontent.com/file/id-11134207-7rasb-m0msbhjptxfi1d,Found
3057,ARNAGRY/1,ARABANA GREY hilson,https://camattalawyers.com.au/wp-content/uploads/2025/08/PXL_20250409_010200442-scaled.jpg,Found
3058,ARNAGRY/1,ARABANA GREY hilson,https://cdn.rencdn.com/elements/high/HilsonCounterTableTopGreyAngled.jpg,Found
3059,ARNAGRY/1,ARABANA GREY hilson,https://www.melissassouthernstylekitchen.com/wp-content/uploads/2022/07/easy-watermelon-salad-scaled.jpg,Found
3060,ARNAGRY/1,ARABANA GREY hilson,,Not Found
3061,ARNAMGL,HAND PROPELLED TROLLY,,Not Found
3062,ARNAMGL...,HAND PROPELLED TROLLY,https://5.imimg.com/data5/ZW/BR/CP/SELLER-85079843/brick-carrying-hand-propelled-trolley-500x500.jpg,Found
3063,ARNARED..,ARABANA  HEAVY,https://5.imimg.com/data5/SELLER/Default/2021/8/UQ/FH/DS/124007397/arabana-double-wheel-barrow-500x500.jpg,Found
3064,AROS,ARMATURE 9035,https://www.e-maruman.co.jp/news/news_file/file/yb_083_22.jpg,Found
3065,AROS125,ARMATURE FOR OS125,https://p.turbosquid.com/ts-thumb/wM/ouOe7h/eA/electric_motor_armature_360/jpg/1666044718/1920x1080/turn_fit_q99/f50adc0d2b021fe063471c3113981b2f554d74e2/electric_motor_armature_360-1.jpg,Found
3066,AROS187,ARMATURE FOR FINISHING SANDER BULL,https://down-id.img.susercontent.com/file/a1a1f9b538c368f70ba769712976015d,Found
3067,ARP1900B,ARMATURE PLANNER POWERTEX,https://powertextools.com/card2/Planner+Machine.jpg,Found
3068,ARPARA12,ARMATURE PARA12,https://5.imimg.com/data5/SELLER/Default/2025/3/498038112/WV/QA/FL/923543/endico-para-12-fl-armature-by-powerspeed-1000x1000.jpg,Found
3069,ARPARA8,K-ENDICO ARMATURE -AS8,https://5.imimg.com/data5/SELLER/Default/2023/10/352253563/YO/RA/CY/13235505/endico-electric-motor-armature-1000x1000.jpg,Found
3070,ARPARA8,K-ENDICO ARMATURE -AS8,https://5.imimg.com/data5/SELLER/Default/2023/10/352253563/YO/RA/CY/13235505/endico-electric-motor-armature-1000x1000.jpg,Found
3071,ARPARA8,K-ENDICO ARMATURE -AS8,https://img2.exportersindia.com/product_images/bc-full/2025/4/12642226/endico-ag-5-l-2-armature-by-powerspeed-1745056517-7624333.jpg,Found
3072,ARPDA100/125,ARMATURE PDA100M/125M,https://i.pinimg.com/736x/54/c0/0c/54c00cb246b2cc9833850faf9e8fb68a.jpg,Found
3073,ARPDA100/R,ARMATURE FOR PDA100M RAJ AGRO,,Not Found
3074,ARPDA100D,Armature for Angle Grinder100mmswm6,,Not Found
3075,ARPDA125M,ARMATURE PDA100M/125M(NEW 360744G,https://iororwxhlqmmlo5m-static.micyjz.com/cloud/liBpqKnkloSRnkinrnljjq/PDA100M-Armature.jpg,Found
3076,ARPDA125M,ARMATURE PDA100M/125M(NEW 360744G,https://iororwxhlqmmlo5m-static.micyjz.com/cloud/liBpqKnkloSRnkinrnljjq/PDA100M-Armature.jpg,Found
3077,ARPG1003,ARMATURE,http://www.gotokyo.org/jp/tourists/topics_event/topics/120918/images/main.jpg,Found
3078,ARPGAG100,ARMATURE FOR GRINDER POWERTEX AG100,https://5.imimg.com/data5/SELLER/Default/2022/12/HQ/IS/QZ/4255160/powertex-ppt-ag-100-angle-grinder-1000x1000.JPG,Found
3079,ARPH65A,E-YURISPEED-ARMATURE -PH65A,https://5.imimg.com/data5/ANDROID/Default/2022/12/AV/XM/WT/41781549/product-jpeg-1000x1000.jpg,Found
3080,ARPH65A,E-YURISPEED-ARMATURE -PH65A,https://5.imimg.com/data5/ANDROID/Default/2022/12/AV/XM/WT/41781549/product-jpeg-1000x1000.jpg,Found
3081,ARPH65C,ARMATURE FOR PH65SC 16KG,https://poonacapacitors.com/wp-content/uploads/2025/09/Photoroom-20250902_162710.jpg,Found
3082,ARPH65HR,ARMATURE FOR 16KG COVINA RAJ AGRO,https://lookaside.fbsbx.com/lookaside/crawler/media/?media_id=122157148874848024,Found
3083,ARPH65S,PH65 ARMATURE SHARP,https://5.imimg.com/data5/SELLER/Default/2025/9/541422959/RL/YT/VI/923543/ph-65-big-hitachi-hikoki-armature-by-powerspeed-1000x1000.jpg,Found
3084,ARPM1250,PM50 ARMATURE,https://s3.us-central-1.wasabisys.com/partswarehouse/photos/DWB-N372159-2.jpg,Found
3085,ARPMCV3M,ARMATURE FOR PMCV3M VIBRATOR,https://5.imimg.com/data5/SELLER/Default/2022/7/YC/GO/NH/6224735/polymak-pmcv3m-concrete-vibrator-heavy-duty-with-3-mtr-needle-1000x1000.png,Found
3086,ARPMCV3M,ARMATURE FOR PMCV3M VIBRATOR,https://5.imimg.com/data5/SELLER/Default/2023/9/339806575/UU/XZ/XR/2702793/pmcv3m-concrete-vibrator-1000x1000.jpg,Found
3087,ARPMDH11P,ARMATURE FOR POLYMAK 11E,https://5.imimg.com/data5/SELLER/Default/2024/8/446391404/BA/GC/AQ/5895901/polymak-armature-1000x1000.jpg,Found
3088,ARPPTCM125B,YURI ARMATURE CM5,https://i.ytimg.com/vi/zkpHf936eyA/oardefault.jpg?sqp=-oaymwEkCJUDENAFSFqQAgHyq4qpAxMIARUAAAAAJQAAyEI9AICiQ3gB&rs=AOn4CLAbvCOyUbqpG4mn0OM7vbHuTbs8pQ,Found
3089,ARPSB400,ARMATURE 10MM IMPACT DRILL BOSCH MODEL,https://rajeshelectric.com/image/cache/catalog/ARMATURE/ARMATURE+BOSCH+GSB550-500x500.png,Found
3090,ARPSCAG100,ARMATURE PSCAG100C,https://5.imimg.com/data5/HV/LC/MY-2689814/lg-pd-armature-1000x1000.jpg,Found
3091,ARPSCAG125,ARMATUREPSCAG125,https://www.dial4trade.com/uploaded_files/product_images/thumbs/bosch-aquatak-125-armature-by-1-u-1353752329897600005401109.jpg,Found
3092,ARPSCCM125A,POWER TEX SLIM CUT ARMATURE PSCCM125A,https://cpca.net.au/wp-content/uploads/2025/06/Large-group-of-graduates-in-academic-gowns-and-caps-at-a-CPCA-convocation-ceremony-celebrating-professional-achievement-and-recognition.jpg,Found
3093,ARPSCDM7,ARMATURE FOR SLIMCUT PSCDM7,https://5.imimg.com/data5/SELLER/Default/2025/6/519289848/VL/PO/LW/57433664/powertex-demolition-hammer-1000x1000.jpeg,Found
3094,ARR/W,"9"" GRINDER ARMATURE",https://images-na.ssl-images-amazon.com/images/I/61a8akuK9-L._AC_SL1100_.jpg,Found
3095,ARRH201,RH20 ROTOR,https://d2b3o1qijggx1c.cloudfront.net/full-version-images/RH20-12-Rotor-.JPG,Found
3096,ARRH26,RH26 ARMATURE,https://m.media-amazon.com/images/I/619Te7xunVL._AC_.jpg,Found
3097,ARRH28,RH28 ARMATURE,https://m.media-amazon.com/images/I/81jbdBr0RYL._SL1500_.jpg,Found
3098,ARRS,RINGSAW ARMATURE,https://www.wholetoolbox.com/media/catalog/product/cache/490c2ad1c5d1601b537ff6180ca08661/4/2/429906-01.jpg,Found
3099,ARSLOKT30,ARMATURE FOR SLOK T 30,https://worksheets.clipart-library.com/images/Color-By-Number-Worksheet-05.png,Found
3100,ARST100,STANLEY ANGLE GRINDER  STGS9100IN69-31B,https://images-na.ssl-images-amazon.com/images/I/71hkr5muxSL._AC_SL1500_.jpg,Found
3101,ARST125,STANLEY STSP 125 IN ARM ORG,https://www.waggaworkwear.com.au/cdn/shop/files/FCP100_1200x.webp?v=1765677782,Found
3102,ARSTG850,ARMATURE STG850,https://image.made-in-china.com/2f0j00fuLcTEHqWgpY/Armature-Rotor-Anchor-Replacement-for-Angle-Grinder-850.jpg,Found
3103,ARSTGT8100,ARMATURE STGT8100,https://i.pinimg.com/originals/53/0d/b3/530db362f62417c854f2a0a6d55436ee.jpg,Found
3104,ARSTGT8100,ARMATURE STGT8100,https://paintnhardware.com/3959-large_default/armature-assembly-for-stanley-angle-grinder-stgs9100stgt8100stgs9125-part-no-4141450009.jpg,Found
3105,ARSTGT8100,ARMATURE STGT8100,https://paintnhardware.com/3959-large_default/armature-assembly-for-stanley-angle-grinder-stgs9100stgt8100stgs9125-part-no-4141450009.jpg,Found
3106,ARSTGT8100,ARMATURE STGT8100,https://paintnhardware.com/3959-large_default/armature-assembly-for-stanley-angle-grinder-stgs9100stgt8100stgs9125-part-no-4141450009.jpg,Found
3107,ARSTGT8100,ARMATURE STGT8100,https://paintnhardware.com/3959-large_default/armature-assembly-for-stanley-angle-grinder-stgs9100stgt8100stgs9125-part-no-4141450009.jpg,Found
3108,ARSTPT600,"STPT600 ARMATURE 5170011-22 SPT500,BDB530",https://www.ilxgroup.com/blog/wp-content/uploads/2019/03/xlewin-force-field-analysis.jpg.pagespeed.ic.tFmpgI3kwm.jpg,Found
3109,ARSTPT600,"STPT600 ARMATURE 5170011-22 SPT500,BDB530",https://http2.mlstatic.com/D_NQ_NP_851069-MLM78906492878_092024-O.webp,Found
3110,ART02,1/4 INCH SOCKET SET 12PCS  ART02,http://www.liontoolsmart.com/cdn/shop/articles/Socket_Set_-12pcs_1024x1024.jpg?v=1719050833,Found
3111,ART2707,SOCKET WRENCH SET 13 PCS 1/2 INCH,,Not Found
3112,ART2707,SOCKET WRENCH SET 13 PCS 1/2 INCH,https://m.media-amazon.com/images/I/71nbEP+vf7L.jpg,Found
3113,ART2801,40 PCS SOCKET SET,https://towsure.com/cdn/shop/files/40-piece-socket-set-towsure.jpg?v=1705691779,Found
3114,ART55,METSO WORKING LIGHT HOLDER 10MM ART55,https://www.metso.com/globalassets/about-us/youtube-all-colors-1280x720.png?preset=blog-post-image-lg,Found
3115,ART67006,ACE TIRE PRESSURE GAUGE 67006,,Not Found
3116,ART6756,SOCKET SET 12 PCS 1/4 INCH ART6756,https://img.misterworker.com/en/155606-thickbox_default/1-4-hex-socket-set-12-pcs.jpg,Found
3117,ART73,1/2INCH SOCKET SET  12PCS,,Not Found
3118,ART73B,1/2INCH SOCKET SET BLACK ART73,https://www.wintersetvet.com/wp-content/uploads/2019/02/dog.jpg,Found
3119,ARTG21006,TOOLS SPARE ROTOR TG1121006,https://totalmalaysia.my/wp-content/uploads/2021/03/TG1121006.jpg,Found
3120,ARTM6,BULL GOLD FIELD COIL,https://thumbs.dreamstime.com/z/high-detail-world-map-time-zones-big-cities-color-vector-illustration-166849391.jpg,Found
3121,ARTUHR,TILE CUTTER ARMATURE,https://down-id.img.susercontent.com/file/19193ca1cb3bd8217f023023988a5079,Found
3122,ARVAG4,VELMOC ARMATURE GRINDER,https://5.imimg.com/data5/SELLER/Default/2024/4/406729392/BO/NR/DW/105589258/velmoc-vag-4-850-angle-grinder-1000x1000.png,Found
3123,ARVBR,ARMATURE 2-26 VBR,,Not Found
3124,ARVR35,ARMATURE FOR VIBRATER BR35 EVEREST,https://5.imimg.com/data5/SELLER/Default/2025/7/523960542/JU/IZ/YR/162347633/concrete-vibrator-800w-copper-armature-5000-rpm-35mm-13000-vibrations-per-min-1000x1000.png,Found
3125,ARY2300,BOSCH SANDER ARMATURE,https://ph-test-11.slatic.net/p/mdc/87fc302f23b573400f82760bc77d6601.jpg,Found
3126,ARY7100,YURI CHAMP ARMATURE 7-100,https://down-id.img.susercontent.com/file/sg-11134201-824h7-mfo9ftz8ia6h8b,Found
3127,ARYCOM355,CUT OFF SWITCH,https://m.media-amazon.com/images/I/61KNEhPkYNL.jpg,Found
3128,ARYDWS/180,DRYWALL SANDER ARMATURE,,Not Found
3129,ARYZG10,ARMATURE DAYIRI YZG10(11E),https://i.ytimg.com/vi/Xm4MCKe7qqI/maxresdefault.jpg,Found
3130,As102,Aluminium Rivet 1/8*1/2,https://i5.walmartimages.com/seo/FPC48A-Long-Aluminum-Rivets-1-8-Diameter-1-2-Grip-100-Count_738ec9e4-4d7c-4106-8fac-86791344269e_1.b2171a479ae602cae5c1fd11a2ad24dd.jpeg,Found
3131,As102,Aluminium Rivet 1/8*1/2,https://i5.walmartimages.com/seo/FPC48A-Long-Aluminum-Rivets-1-8-Diameter-1-2-Grip-100-Count_738ec9e4-4d7c-4106-8fac-86791344269e_1.b2171a479ae602cae5c1fd11a2ad24dd.jpeg,Found
3132,As103,Metal Screw Flat 13*6,,Not Found
3133,AS104,METAL SCREW FLAT 19*6,https://5.imimg.com/data5/ANDROID/Default/2023/2/TJ/TD/XL/164283028/product-jpeg-500x500.jpg,Found
3134,AS107,Choice Woodscrew Ss75*10,https://www.metacritic.com/a/img/resize/06db2701f60c81297a510c2a05b602444d4cfd10/catalog/provider/2/13/2-b7936aad98fe85291c9fc6b22944d5e8.jpg?auto=webp&fit=crop&height=675&width=1200,Found
3135,As108,Choice Woodscrew Ss75*10,https://fixabolt.co.uk/cdn/shop/files/No.10_5mm_x_75mm_Stainless_Steel_A2_Pozi_Countersunk_Wood_Screws.jpg?v=1764099577,Found
3136,AS108/38,Choice Woodscrew Ss75*10,https://fixabolt.co.uk/cdn/shop/files/No.10_5mm_x_75mm_Stainless_Steel_A2_Pozi_Countersunk_Wood_Screws.jpg?v=1764099577,Found
3137,AS108/50,Choice Woodscrew Ss75*10,https://livedoor.blogimg.jp/cruise00/imgs/0/9/09d0415d.jpg,Found
3138,As109,Ss Woodscrew 75*10,https://www.expresskuwait.com/cdn/shop/products/stainless-steel-woodscrew-215531_1245x987.jpg?v=1634029212,Found
3139,AS11/2,TIG COLLET SIZE:1.6MM,https://weld.lk/images/product-images/retop-wp17-tig-collet-1-6mm-10pcs/RETOP-WP17-TIG-COLLET-1.6mm.png,Found
3140,AS11/25,TIG COLLET BODY 2.4,https://p16-oec-sg.ibyteimg.com/tos-alisg-i-aphluv4xwc-sg/img/VqbcmM/2021/11/26/b0eb84c6-b98f-48a6-a6bf-c03ce19db89c.jpg~tplv-aphluv4xwc-resize-jpeg:800:800.jpeg?dr=15584&t=555f072d&ps=933b5bde&shp=6ce186a1&shcp=607f11de&idc=my&from=1826719393,Found
3141,AS11/3,TIG COLLET SIZE:2.0MM,https://toolssavvy.ph/cdn/shop/files/SL-15025-Collet-2.0MM.png?v=1769761663,Found
3142,AS11/5,LONG CAP,https://i.etsystatic.com/28167067/r/il/652b9c/5020781495/il_1080xN.5020781495_etso.jpg,Found
3143,AS11/6,SHORT CAP,,Not Found
3144,AS11/8,CERAMIC CUP NO:5,https://www.sparksweldingservices.co.uk/wp-content/uploads/2023/02/20230224_090022-scaled.jpg,Found
3145,AS11/9,CERAMIC CUP NO:6,https://www.sparksweldingservices.co.uk/wp-content/uploads/2023/02/20230224_090238-scaled.jpg,Found
3146,AS113/1,GRANITE CUTTETR 4' BULLET ORANGE,https://5.imimg.com/data5/SELLER/Default/2025/12/568414177/KO/PY/WQ/84288926/orange-golden-bullet-granite-cutting-blade-500x500.jpg,Found
3147,AS113/1,GRANITE CUTTETR 4' BULLET ORANGE,https://5.imimg.com/data5/SELLER/Default/2025/12/568414177/KO/PY/WQ/84288926/orange-golden-bullet-granite-cutting-blade-500x500.jpg,Found
3148,As115,GENERAL PURPOSE SEG 125 WHITE,https://cdn.shopify.com/s/files/1/0551/8396/6382/products/saw-blade-for-general-purpose-masonry-segheight-12mm-supreme-825207.jpg?v=1694447490,Found
3149,As116,DRY WALL SCREW PENTAGON 25X6,https://5.imimg.com/data5/SELLER/Default/2021/11/CO/AQ/GK/7599790/drywall-screws-25x6-3-5mm-1000x1000.jpg,Found
3150,As116,DRY WALL SCREW PENTAGON 25X6,https://5.imimg.com/data5/SELLER/Default/2021/11/CO/AQ/GK/7599790/drywall-screws-25x6-3-5mm-1000x1000.jpg,Found
3151,AS117,PATTA SELF DRILLING SCREW HEAD 1 INCH,https://5.imimg.com/data5/SELLER/Default/2023/3/IP/RD/VK/80221648/patta-brand-self-drilling-screw-250x250.jpeg,Found
3152,AS117,PATTA SELF DRILLING SCREW HEAD 1 INCH,https://5.imimg.com/data5/SELLER/Default/2023/3/IP/RD/VK/80221648/patta-brand-self-drilling-screw-250x250.jpeg,Found
3153,AS117,PATTA SELF DRILLING SCREW HEAD 1 INCH,https://5.imimg.com/data5/SELLER/Default/2023/3/IP/RD/VK/80221648/patta-brand-self-drilling-screw-250x250.jpeg,Found
3154,AS119,ABRO PTFL THREAD SEAL TAPE 5M,https://5.imimg.com/data5/SELLER/Default/2024/4/407135984/QN/NC/WC/3457884/61sauyfen9l-ac-uf1000-1000-ql80-1000x1000.jpg,Found
3155,AS120,ENERGY HACKSAW BLADE YELLOW,,Not Found
3156,AS123,SANJAY SAFTY PAD 4INC,https://www.greatmats.com/images/safety-pad-ink/safety-pole-pad-hook-loop-maroon.jpg,Found
3157,As125,TOWERBOLT BHARTHI 6 INCH,https://lakloha.com/wp-content/uploads/2022/03/Brass-Tower-Bolt-6-inch.jpg,Found
3158,As127,Core Bit 38,,Not Found
3159,As128,Core Bit Orange 19mm,https://media.prod.bunnings.com.au/api/public/content/2a7019d4952843499130203f771084eb?v=78034e5c,Found
3160,AS129,TOWER BHARTHI 4'',https://www.propvestors.in/wp-content/uploads/2023/07/bharti-astra-tower-gallery-4.webp,Found
3161,As132,Bullet Aluminium Cutting Blade 10inc,https://iirorwxhqjniln5p-static.micyjz.com/cloud/lnBprKomlrSRqiqmmlqjip/_0003_250-10in-120t.jpg,Found
3162,As133,PAINT SCRAPPER 2 INCH,https://quotefancy.com/media/wallpaper/3840x2160/4416581-Ken-Robinson-Quote-Transforming-education-is-not-easy-but-the.jpg,Found
3163,As134,PAINT SCRAPPER 75MM 3 INCH,https://mobileimages.lowes.com/productimages/557c2822-13a9-43fc-ba73-88d70c5bf228/85259989.jpeg?size=pdhism,Found
3164,AS136,PAINT SCRAPPER 6 INCH,http://sskqatar.com/cdn/shop/files/Scrapper6inches-Photoroom.jpg?v=1730578369,Found
3165,AS137,PAINT SCRAPPER 8 INCH,https://jazeerapaints.com/media/catalog/product/e/u/euyrylpiotnvqzz4tkjfz21auwffdz09_5yjhrl66k3v0kpjo.jpg,Found
3166,AS138,ROPE,,Not Found
3167,AS142/OR,ABRO SPRAY PAINT ORANGE RED400,https://5.imimg.com/data5/SELLER/Default/2025/8/540004992/IK/QN/KU/3457884/abro-spray-paint-colour-orange-red-sp-6-1000x1000.jpg,Found
3168,AS142B,SPRAY PAINT ANTIRUST BROWN,http://moosasmegastore.co.za/cdn/shop/files/PNT459.png?v=1688114817,Found
3169,AS142B,SPRAY PAINT ANTIRUST BROWN,http://moosasmegastore.co.za/cdn/shop/files/PNT459.png?v=1688114817,Found
3170,AS142BLU,ABRO SPRAY PAINT ISUSU BLUE400,,Not Found
3171,AS142CY,ABRO SPRAY PAINT CANARY YELLOW 400,https://5.imimg.com/data5/SELLER/Default/2023/8/335167215/VW/LA/JI/15756029/canery-yellow-abro-spray-paint-1000x1000.jpeg,Found
3172,AS142FG,ABRO SPRAY PAINT FRESH GREEN 400,http://www.oxfordstationers.in/cdn/shop/files/ABRO_SprayPaint-037FreshGreen400ml..jpg?v=1694500531,Found
3173,AS142G,ABRO SPRAY PAINT GOLD400,https://static.zerochan.net/Mayonaka.Heart.Tune.full.4142078.jpg,Found
3174,AS142GB,ABRO SPRAY PAINT GLOSSY BLACK400,https://i.pinimg.com/236x/74/b9/da/74b9dacee808e6f41c78da531ce91ad2.jpg,Found
3175,AS142GR,I-STIX SPRAY PAINT GRASS GREEN 400 ML,https://chicodeza.com/wordpress/wp-content/uploads/hotaru-illust1.jpg,Found
3176,AS142GR,I-STIX SPRAY PAINT GRASS GREEN 400 ML,https://itsybitsy.in/cdn/shop/files/Grass_Green_1800x1800.jpg?v=1766472806,Found
3177,AS142GRAY,ABRO SPRAY PAINT HAIER GREY 400,,Not Found
3178,AS142I,I-STIX SPRAY PAINT IVORY 400ML,http://rukmini1.flixcart.com/image/300/300/xif0q/spray-paints/1/w/5/400-yellow-i-stix-adhesive-spray-can-400ml-istix-original-imahfz4sg44zyzbs.jpeg,Found
3179,AS142L,I-STIX SPRAY PAINT LAQUER 400,https://operatools.in/wp-content/uploads/2023/08/IMG_20230107_190007_156.jpg,Found
3180,AS142MB,ABRO SPRAY PAINT MATT BLACK 400,https://i.pinimg.com/736x/a3/bc/1c/a3bc1cc6ff45ea67d03e2865be01d84f.jpg,Found
3181,AS142MB,ABRO SPRAY PAINT MATT BLACK 400,https://5.imimg.com/data5/SELLER/Default/2023/8/335165790/NF/IY/FQ/15756029/matt-black-abro-spray-paint-1000x1000.jpeg,Found
3182,AS142MR,SPRAY PAINT MARS RED 400,https://5.imimg.com/data5/SELLER/Default/2025/4/500454135/QH/SH/AO/147089830/spray-paint-mars-red-8-400ml-1000x1000.jpg,Found
3183,AS142OR,ABRO SPRAY PAINT ORANGE RED 400,https://5.imimg.com/data5/SELLER/Default/2025/8/540004992/IK/QN/KU/3457884/abro-spray-paint-colour-orange-red-sp-6-1000x1000.jpg,Found
3184,AS142OR,ABRO SPRAY PAINT ORANGE RED 400,https://blogger.googleusercontent.com/img/b/R29vZ2xl/AVvXsEhYLOSJ1YTDh5jkjkxbrEgf4iYfUWpwp1RYrxV3UA51CqKHpSxEZ6FjYAPfwK3M6QWJIcC1Fd8bSmljyTiEzvZBZdcKVGqgdUvRfNTLMYWLzrjA4Mz-Rv29Wty_H3LeG1JBHIBh8K6HY1U/s1600/lampung.jpg,Found
3185,AS142R,1-STIX SPRAY PAINT MARS RED 400ML,https://5.imimg.com/data5/SELLER/Default/2025/4/500454135/QH/SH/AO/147089830/spray-paint-mars-red-8-400ml-1000x1000.jpg,Found
3186,AS142S,I-STIX SPRAY PAINT SILVER,https://cdn11.bigcommerce.com/s-xa1mg/images/stencil/1280x1280/products/405/54297/silvermetallic_1__77302.1371499843.220.220__84152.1575931242.jpg?c=2,Found
3187,AS142V,I-STX SPRAY PAINT VIOLET 400ML,https://itsybitsy.in/cdn/shop/files/VioletLight_460ac841-7690-42b1-951e-1f253c274e89_1800x1800.jpg?v=1766508485,Found
3188,AS142W,ABRO SPRAY PAINT GLOSSY WHITE400,http://campnsea.com/cdn/shop/files/abro-multi-purpose-color-spray-paint-can-gloss-white-400ml-1_2_1200x1200.jpg?v=1727091191,Found
3189,AS142Y,ABRO SPRAY PAINT CANARY YELLOW400,,Not Found
3190,AS143,TILE CUTTER,https://d2qc09rl1gfuof.cloudfront.net/product/CZQGJ800MMSDSGL05/tile-cutter-m100-1.2.jpg,Found
3191,AS147,PRESSURE WASHER NOZZLE TIP,https://m.media-amazon.com/images/I/61VJZCqhKzL._AC_SL1500_.jpg,Found
3192,AS147,PRESSURE WASHER NOZZLE TIP,,Not Found
3193,AS147/1,PRESSURE WASHER NOZZLE TIP,https://m.media-amazon.com/images/I/61VJZCqhKzL._AC_SL1500_.jpg,Found
3194,AS147G,QUICK NOZZLE 1/4 GREEN,https://cdn11.bigcommerce.com/s-jo1yhisq2h/images/stencil/1280x1280/products/118/383/General_Pump_Quick_Coupler_Nozzle_Green__03333.1653573579.jpg?c=1,Found
3195,AS147Y,QUICK SPRAY NOZZLE YELLOW,https://assets.dultmeier.com/assets/0064626_promax-quick-attach-nozzles-yellow-50-gpm-flow-43-psi-25-pattern.jpeg,Found
3196,AS149,GREASE GUN,https://mrst1.latestly.com/wp-content/uploads/2023/06/3-Fathers-Day-2023-Quotes-Marathi.jpg,Found
3197,As15,CHIPPING  HAMMER 450GMS,http://cdn.shopify.com/s/files/1/0016/5032/7651/products/25188.jpg?v=1559889751,Found
3198,AS15/1,CHIPPING  HAMMER350GMS,https://www.wikihow.com/images/thumb/1/1a/Redeem-HDFC-Credit-Card-Points-Step-3-Version-3.jpg/aid6391815-v4-728px-Redeem-HDFC-Credit-Card-Points-Step-3-Version-3.jpg,Found
3199,AS152,WELDING GOOGLES,https://thumbs.dreamstime.com/b/stick-figure-line-icon-man-person-stand-standing-linear-symbol-sickman-boy-profile-character-avatar-user-sign-vector-clipart-276657224.jpg,Found
3200,AS152,WELDING GOOGLES,https://wnwelding.com.au/cdn/shop/products/Gas-Cutting-Goggles-Front-View-UFGOG_2048x2048.jpg?v=1649906030,Found
3201,AS156,BHAGAT BIVELL SQUARE BH224,https://img.squareyards.com/secondaryPortal/IN_638940716687587851-2109250514281428.jpg,Found
3202,AS157,MEGA DIAL TYPRE PRESSURE GAUGE MBDTG,https://down-ph.img.susercontent.com/file/e184569f1ca864dd2c9d038d9e04dbad,Found
3203,As16,DAMAN COLD CHISEL POINT 3/4''*10'' GRIP,https://www.dprotools.com/store/871-large_default/34-x-10-cold-chisel-with-grip.jpg,Found
3204,AS16/H,OCTANGLE POINT CHISEL 1*10(HEAVY GRIP),https://www.vewtools.com/wp-content/uploads/2022/04/1-11.jpg,Found
3205,AS162,POWERGRIP CRIMPING TOOL RJ-45,,Not Found
3206,AS170,HANDLE- 068,https://goldenlockco.com/cdn/shop/products/068-22PSN-CP_1200x1749.png?v=1662392748,Found
3207,AS172,HIGH-PRESSURE HOSE-583,https://imgv2-2-f.scribdassets.com/img/document/874885635/original/b2332dad42/1?v=1,Found
3208,AS173,EXTENSION HOSE 6MM,https://multporn.net/sites/default/files/gif/the_last_of_us/1358014_-_ellie_freako_joel_lobotzu_the_last_of_us_animated.gif,Found
3209,AS175,HIGH-PRESSURE HOSE 6-65,https://www.strongflex.com/wp-content/uploads/2024/10/PVC-HIGH-PRESSURE-WASHER-HOSE-e1731051538620.jpg,Found
3210,AS176,F016L73281 WIDE ANGLE NOZZLE,https://www.cycoes.com/en/wp-content/uploads/2023/03/w-series-wide-angle-nozzle-1.jpg,Found
3211,AS180,SDSPLUS HAMMER DRILL BIT 22*260,https://makita.ae/wp-content/uploads/D-00371_C1C0.jpg,Found
3212,AS181,SPADE BIT  CLEANCUT 6*155MM,https://sydneytools.com.au/assets/images/products/4/4/5/5/44551/4016C69EA5ED10AB7470519E209005AF9961867DA633BCD2AB2F5CCF9DECBFF3.jpeg,Found
3213,AS183,SPADE BIT CLEANCUT 14*155MM,https://sydneytools.com.au/assets/images/products/4/4/5/5/44551/3AD62E955BB1B85F565DBB3F624DAFE407C640D87A8D9298EB171527D5A61C10.jpeg,Found
3214,AS184,2608587502  SPADE BIT CLEANCUT 16*160MM,http://getdrawings.com/images/abstract-line-drawing-19.jpg,Found
3215,AS185,SPADE BIT CLEANCUT 22*160MM,https://www.electroweld.com.au/wp-content/uploads/2023/01/2-311-600x600.jpeg,Found
3216,AS186,SPADE BIT CLEANCUT 30*165MM,https://www.electroweld.com.au/wp-content/uploads/2023/01/2-315.jpeg,Found
3217,AS187,SPADE BIT CLEANCUT 35*165MM,https://www.electroweld.com.au/wp-content/uploads/2023/01/2-317.jpeg,Found
3218,AS189,SPADE BIT CLEANCUT 28*165MM,https://www.electroweld.com.au/wp-content/uploads/2023/01/2-314.jpeg,Found
3219,As20,CLEAR TAPE 48*100MTR 2 INCH,,Not Found
3220,As20,CLEAR TAPE 48*100MTR 2 INCH,https://5.imimg.com/data5/SELLER/Default/2026/2/582659402/AD/RZ/CH/5500032/sf-s-bopp-packaging-tapes-clear-brown-500x500.jpeg,Found
3221,As20,CLEAR TAPE 48*100MTR 2 INCH,,Not Found
3222,AS20/50,CELLO CLEAR TAPE 48*50M TR  TAPE,https://www.shutterstock.com/shutterstock/photos/2254124041/display_1500/stock-vector-grandmother-with-her-grandson-in-winter-clothes-is-walking-down-the-street-d-image-for-use-as-an-2254124041.jpg,Found
3223,AS20B,BROWN TAPE 48*35,,Not Found
3224,AS20B,BROWN TAPE 48*35,https://images.merstatic.com/imgcache/resized/images/offer/2025/04/11/24B122BTXTGLU45_67f930b66b773.jpg,Found
3225,AS20B,BROWN TAPE 48*35,https://images.merstatic.com/imgcache/resized/images/offer/2025/04/11/24B122BTXTGLU45_67f930b66b773.jpg,Found
3226,AS20B,BROWN TAPE 48*35,https://images.merstatic.com/imgcache/resized/images/offer/2025/04/11/24B122BTXTGLU45_67f930b66b773.jpg,Found
3227,AS20S,CELLO TAPE 1 INCH  24MM*100 MTR,https://5.imimg.com/data5/SELLER/Default/2023/4/297861208/EL/GM/IU/9215648/self-adhesive-cello-tape-width-1-inch-24mm-length-100-meter-colour-brown-500x500.jpg,Found
3228,AS20S,CELLO TAPE 1 INCH  24MM*100 MTR,https://5.imimg.com/data5/SELLER/Default/2023/4/297861208/EL/GM/IU/9215648/self-adhesive-cello-tape-width-1-inch-24mm-length-100-meter-colour-brown-500x500.jpg,Found
3229,AS20S,CELLO TAPE 1 INCH  24MM*100 MTR,https://5.imimg.com/data5/SELLER/Default/2023/4/297861208/EL/GM/IU/9215648/self-adhesive-cello-tape-width-1-inch-24mm-length-100-meter-colour-brown-500x500.jpg,Found
3230,As22,Chisel Handle Striking (PVC),https://implemental.in/wp-content/uploads/2023/02/PVC-Chisel-Handle-4.jpg,Found
3231,AS22/P,CHISEL HANDLE PLASTIC,,Not Found
3232,AS22/W,CHISEL HANDLE WOODEN,https://www.wooden-handle.com/wp-content/uploads/2023/08/Walnut-wood-carving-chisel-wooden-handle-1.jpg,Found
3233,AS226OR,2-26 ORING,https://img.moeero-library.com/wp-content/uploads/2016/07/str00537.jpg,Found
3234,AS22R,CHISEL HANDLE RED,,Not Found
3235,As23,CLEAR TAPE 48*35 MTR,https://amicus.com.sg/wp-content/uploads/nc/hunter-tape-48mm-35M.jpg,Found
3236,AS24*50,BROWN TAPE 24*50 mtr,https://s1.pictoa.com/media/galleries/200/106/2001065942b9cb48540/30365535942b9cb506e4.jpg,Found
3237,As25,Rainbow G+ Blue 1st,https://i.pinimg.com/originals/2f/13/ca/2f13caebc7ff46bebe6f1a5b785fc050.jpg,Found
3238,AS28,E AOG CARBON BRUSH CM4SA,https://akshajtoolsllp.com/wp-content/uploads/2023/11/cm4sa-3-scaled.jpg,Found
3239,AS28,E AOG CARBON BRUSH CM4SA,https://dearsam.com/img/800/600/resize/t/h/the-letter-e-50x70_3a189.jpg,Found
3240,AS28,E AOG CARBON BRUSH CM4SA,,Not Found
3241,As29,Rotary Hammer Bit 32*520,https://toolz.ng/wp-content/uploads/2025/07/BOSCH-2608685875-32X400X520MM-SDS-MAX-4-ROTARY-HAMMER-DRILL-BIT.jpg,Found
3242,As33,2608690231 SDS-max Pointed 400mm,,Not Found
3243,As33,2608690231 SDS-max Pointed 400mm,,Not Found
3244,AS34C,AS-8 /PARA8 CARBON CAP,,Not Found
3245,AS35,HAMMER DRILL BIT 20*460 2608680291,https://www.mamtus.ng/media/catalog/product/cache/1/thumbnail/1000x600/9df78eab33525d08d6e5fb8d27136e95/h/a/hammer_drill_bit_sds-plus-1_20_x_400_x_460.jpg,Found
3246,AS36,SPADE BIT CLEANCUT 24*160,https://www.bosch-pt.com.au/au/en/ocsmedia/296268-82/product-image/767x431/daredevil-clean-cut-spade-bit-24-x-160-mm-2608577437.png,Found
3247,AS36/300,CABLE 25 SQMM ORANGE 36/300 PHILIPS,https://5.imimg.com/data5/SELLER/Default/2025/12/570951971/BB/VJ/FJ/3714767/welding-cable-orange-1-1000x1000.jpg,Found
3248,AS37,CORE BIT 10MM,https://newstyledirect.com.au/wp-content/uploads/2015/03/product_d_h_dhs03_photo_3.jpg,Found
3249,AS39,CORE BIT 12MM,https://i.ytimg.com/vi/PAD_ccOOBo0/hqdefault.jpg?sqp=-oaymwEXCOADEI4CSFryq4qpAwkIARUAAIhCGAE=&rs=AOn4CLBRSNHh0JHpZ4BibZrJSQtDNzNt4Q&days_since_epoch=19920,Found
3250,AS3X16,"HINGES 4""",https://m.media-amazon.com/images/I/61Jg8-6WIPL._AC_SL1500_.jpg,Found
3251,As4,Cutting Nozzle 1/16,https://pwpind.com/app/uploads/2017/11/25-837.jpg,Found
3252,AS40,HOSE- 523(5-65),https://4kwallpapers.com/images/wallpapers/anime-girl-girly-5120x2880-9793.jpg,Found
3253,AS43,CORE BIT,https://www.missionrubber.com/wp-content/uploads/2023/08/Diamond-Tip-Core-Bit-3a.png,Found
3254,AS48,CORE BIT 50MM,https://www.richontools.com/images/categories/053150.jpg,Found
3255,AS48*65,BROWN TAPE 48*65  mtr,"https://artlogic-res.cloudinary.com/w_2400,h_2400,c_limit,f_auto,fl_lossy,q_auto/artlogicstorage/themaphouse/images/view/a95d56508091256bc4e7110b65c725d4j/themaphouse-london-underground-london-underground-map-2021.jpg",Found
3256,AS48/1,CORE BIT 10MM,https://newstyledirect.com.au/wp-content/uploads/2015/03/product_d_h_dhs03_photo_3.jpg,Found
3257,AS4X16,"HINGES 3""",https://m.media-amazon.com/images/I/71+H3cs4r2L._SL1500_.jpg,Found
3258,As5,Front Open Helmet,http://www.blacktrading.com/wp-content/uploads/2015/09/5185-Black-Classic-Open-Face-Motorcycle-Helmet-Black-1600-1.jpg,Found
3259,AS50,DAMPING RING,https://www.ktr.com/.imaging/focalarea/Square/960/dam/jcr:410f13ea-73de-47d6-a83c-d6f69220ec2f/PRODUKTBILD_D_MPFUNGSELEMENTE_HYDRAULIK-KOMPONENTEN_D_MPFUNGSRING_D.png,Found
3260,AS50MM,ROYAL ENAMEL PAINT BRUSH 2,https://i5.walmartimages.com/asr/6f5a7011-ecd5-469e-bdec-b455c317510a.5a6ed5bfe247bc2791f2ff903e62ba23.jpeg?odnHeight=117&odnWidth=117&odnBg=FFFFFF,Found
3261,AS50MM,ROYAL ENAMEL PAINT BRUSH 2,https://i5.walmartimages.com/asr/6f5a7011-ecd5-469e-bdec-b455c317510a.5a6ed5bfe247bc2791f2ff903e62ba23.jpeg?odnHeight=117&odnWidth=117&odnBg=FFFFFF,Found
3262,AS50MM,ROYAL ENAMEL PAINT BRUSH 2,https://i5.walmartimages.com/asr/6f5a7011-ecd5-469e-bdec-b455c317510a.5a6ed5bfe247bc2791f2ff903e62ba23.jpeg?odnHeight=117&odnWidth=117&odnBg=FFFFFF,Found
3263,AS54,NEEDLE BEARING,https://www.univbrg.com/wp-content/uploads/2022/05/AdobeStock_178383998-1536x1402.jpeg,Found
3264,As6,Safety Helmet Heapro Ratchet,https://5.imimg.com/data5/SELLER/Default/2025/12/567311276/UI/NQ/BT/30428313/heapro-helmet-whit-ritchit-yellow-1000x1000.jpeg,Found
3265,AS60,BAUM ART-172 MULTI CABLE STRIPPER,https://www.liontoolsmart.com/cdn/shop/products/baum-art-172-multi-functional-cable-stripper-7inch.jpg?v=1610954943,Found
3266,AS65,ONIX RECHARGEBLE LED OL880,https://i.etsystatic.com/49925306/r/il/4047a6/6958872715/il_300x300.6958872715_mj9m.jpg,Found
3267,AS66,FREEMANS IKON 7.5MTR,https://media.gettyimages.com/id/1165658766/photo/amazon-rainforest-brazil.jpg?s=170667a&w=gi&k=20&c=T_Lf503Vzm5KGeZ8ZM-BRnweezvItQ9F-xMClJxp-40=,Found
3268,AS66,FREEMANS IKON 7.5MTR,https://m.media-amazon.com/images/I/71eepyR5paL._AC_.jpg,Found
3269,AS66,FREEMANS IKON 7.5MTR,https://m.media-amazon.com/images/I/71eepyR5paL._AC_.jpg,Found
3270,As7,MASK YELLOW,https://s3-ap-northeast-1.amazonaws.com/i-wp-ja.to-mates.com/wp-content/uploads/2019/07/06161342/mihon.jpg,Found
3271,As73,Dog Belt With Chain,,Not Found
3272,As75,Gate Chain Welded Star6*12,https://fenceall.com/wp-content/uploads/2024/09/c_g_welded.jpg,Found
3273,AS8,COPPER CABLE G TECH 25 SQM SAI,https://m.media-amazon.com/images/I/31w50sGrQcL._AC_.jpg,Found
3274,AS8,COPPER CABLE G TECH 25 SQM SAI,https://puui.qpic.cn/vpic_cover/z3515uc433d/z3515uc433d_1684777880_hz.jpg/1280,Found
3275,AS8,COPPER CABLE G TECH 25 SQM SAI,https://m.media-amazon.com/images/I/31w50sGrQcL._AC_.jpg,Found
3276,AS8,COPPER CABLE G TECH 25 SQM SAI,https://m.media-amazon.com/images/I/31w50sGrQcL._AC_.jpg,Found
3277,AS8,COPPER CABLE G TECH 25 SQM SAI,,Not Found
3278,AS8/35,SAI WELDING CABLE 35 SQM,https://5.imimg.com/data5/SELLER/Default/2024/8/447285320/MG/MG/YK/64121318/35-sq-mm-copper-welding-cable-1000x1000.jpg,Found
3279,AS8/35,SAI WELDING CABLE 35 SQM,https://5.imimg.com/data5/SELLER/Default/2024/8/447285320/MG/MG/YK/64121318/35-sq-mm-copper-welding-cable-1000x1000.jpg,Found
3280,AS8/50,SAI WELDING CABLE 50 SQMM,https://5.imimg.com/data5/SELLER/Default/2025/6/517737567/UG/WX/BK/55143549/50-sq-mm-nbr-double-insulated-hofr-isi-flexible-copper-welding-cable-100-meter-orange-500x500.jpg,Found
3281,AS8/O,SAI WELDIN G CABLE ORANGE COLOUR 25 SQ,https://5.imimg.com/data5/SELLER/Default/2025/12/570951971/BB/VJ/FJ/3714767/welding-cable-orange-1-1000x1000.jpg,Found
3282,AS8/R,WELDING CABLE ORANGE 16SQMM   SAIWELD,https://sc04.alicdn.com/kf/H8a6f849ea7564d15acc0c9ae84980038B/258561999/H8a6f849ea7564d15acc0c9ae84980038B.jpg,Found
3283,AS8/R,WELDING CABLE ORANGE 16SQMM   SAIWELD,"https://etimg.etb2bimg.com/thumb/msid-97797367,imgsize-27138,width-1200,height=765,overlay-etinfra/news/aviation/arunachal-itanagars-donyi-polo-airport-registers-steady-passenger-growth.jpg",Found
3284,AS81,IRON CUTTING CHISEL 4,http://5.imimg.com/data5/SELLER/Default/2023/10/350803616/GA/PD/BZ/25283745/4-inch-iron-cutting-chisel-1000x1000.jpeg,Found
3285,AS83/1,AS83/1,,Not Found
3286,As84,S HOOK CP 3 INCH PLAIN,https://www.targetadmission.com/img/colleges/newc/49908-684243.jpg,Found
3287,As88,Epoxy Primer Grey,https://www.quality.com.ph/storage/media/xK0ZrQaszfLMofmQMeFlQ2Bpj6La5u6A3ovHFMzS.png,Found
3288,As89,NS ROLLER HANDLE,https://www.betterinnovativetool.com/wp-content/uploads/2024/05/northstar-adjustable-corner-roller-handle-36-60.jpg,Found
3289,AS8A,COPPER CABLE MAX WELD 25 SQMM ISI,https://5.imimg.com/data5/SELLER/Default/2023/6/313974098/WW/GA/GC/183619898/25-sq-mm-copper-welding-cable-1000x1000.jpeg,Found
3290,AS8A,COPPER CABLE MAX WELD 25 SQMM ISI,https://5.imimg.com/data5/SELLER/Default/2023/6/313974098/WW/GA/GC/183619898/25-sq-mm-copper-welding-cable-1000x1000.jpeg,Found
3291,AS8A,COPPER CABLE MAX WELD 25 SQMM ISI,https://webcdn.ticketmax.ph/uploads/20251123/1763852900_4a00d58f22792487f2f0.jpg,Found
3292,AS8A,COPPER CABLE MAX WELD 25 SQMM ISI,https://5.imimg.com/data5/SELLER/Default/2023/6/313974098/WW/GA/GC/183619898/25-sq-mm-copper-welding-cable-1000x1000.jpeg,Found
3293,AS8A,COPPER CABLE MAX WELD 25 SQMM ISI,https://5.imimg.com/data5/SELLER/Default/2023/6/313974098/WW/GA/GC/183619898/25-sq-mm-copper-welding-cable-1000x1000.jpeg,Found
3294,AS8A,COPPER CABLE MAX WELD 25 SQMM ISI,https://5.imimg.com/data5/SELLER/Default/2023/6/313974098/WW/GA/GC/183619898/25-sq-mm-copper-welding-cable-1000x1000.jpeg,Found
3295,AS8B,AS8 BODY,https://live.staticflickr.com/65535/53239012955_00d5ff9dce_b.jpg,Found
3296,AS8BG,E ENDIGOSPARES AS8 BEARING GUIDE,,Not Found
3297,AS8YG,E ENDIGO SPARES AS8YGUIDE,https://www.teamredcatshop.com/uploads/4/1/3/1/4131046/editor/redcat-wendigo-parts-diagram-transmission-transfer-case.png?1734186122,Found
3298,As9,COTTON KNITTED DOTTED GLOVES,https://5.imimg.com/data5/SELLER/Default/2024/7/435546243/HG/OM/LN/225023285/cotton-knitted-dotted-gloves-blue-500x500.jpg,Found
3299,As90,ROYAL ROLLER POUCH 4',https://i5.walmartimages.com/seo/Royal-Sovereign-13-ES-1300C-Hot-and-Cold-2-Roller-Pouch-Laminator_8ba6135b-6bb6-4c0e-b19f-bb0fd7782bc7.9c8d5d04ad5ca8e96d79ef009facf6b3.jpeg,Found
3300,As90,ROYAL ROLLER POUCH 4',https://i5.walmartimages.com/seo/Royal-Sovereign-13-ES-1300C-Hot-and-Cold-2-Roller-Pouch-Laminator_8ba6135b-6bb6-4c0e-b19f-bb0fd7782bc7.9c8d5d04ad5ca8e96d79ef009facf6b3.jpeg,Found
3301,As90,ROYAL ROLLER POUCH 4',https://i5.walmartimages.com/seo/Royal-Sovereign-13-ES-1300C-Hot-and-Cold-2-Roller-Pouch-Laminator_8ba6135b-6bb6-4c0e-b19f-bb0fd7782bc7.9c8d5d04ad5ca8e96d79ef009facf6b3.jpeg,Found
3302,As90,ROYAL ROLLER POUCH 4',https://i5.walmartimages.com/seo/Royal-Sovereign-13-ES-1300C-Hot-and-Cold-2-Roller-Pouch-Laminator_8ba6135b-6bb6-4c0e-b19f-bb0fd7782bc7.9c8d5d04ad5ca8e96d79ef009facf6b3.jpeg,Found
3303,AS90/1,4'ENAMEL REFIL,https://ik.imagekit.io/fepy/cdn/catalog/product/2/7/2706-paint_refill_4_namel_asc_3__1.png?format=webp,Found
3304,AS90/1,4'ENAMEL REFIL,https://ik.imagekit.io/fepy/cdn/catalog/product/2/7/2706-paint_refill_4_namel_asc_3__1.png?format=webp,Found
3305,AS90/2,ROLLER SLEEVE 2INCH,https://m.media-amazon.com/images/I/81LPXpX+zIL._AC_SL1500_.jpg,Found
3306,As91,PAINT BRUSH 2'(38mm),https://cdn11.bigcommerce.com/s-ljmuy6/images/stencil/1280x1280/products/170/32502/uni-pro-uni-pro-38mm-synthetic-wall-paint-brush__73416.1702088012.jpg?c=2,Found
3307,As92,PAINT BRUSH 2.5',https://jawad-alsaffar.com/shop/42723-large_default/faiz-paint-brush-25.jpg,Found
3308,As93,PAINT BRUSH 1',https://www.earlespaint.co.uk/wp-content/uploads/2023/04/ONE-INCH-PROFESSIONAL.jpg,Found
3309,As93,PAINT BRUSH 1',https://www.earlespaint.co.uk/wp-content/uploads/2023/04/ONE-INCH-PROFESSIONAL.jpg,Found
3310,AS93/1,PAINT BRUSH 1.5',https://i.pinimg.com/736x/25/e2/dc/25e2dc0c61ec7d45d1c9eec0ccb62a53.jpg,Found
3311,AS93/1,PAINT BRUSH 1.5',https://www.trendandrelic.com/wp-content/uploads/2017/06/1-5-inch-Oval-Paint-Brush-Medium.jpg,Found
3312,AS93/1,PAINT BRUSH 1.5',"https://www.qrl.com.au/contentassets/77566d19e72b4188aac0245eaa1ab04a/currumbin---tom-burgess-with-under-7s.jpg?center=0.45,0.523&preset=photo-inline",Found
3313,As94,PAINT BRUSH MAH SIN 3',,Not Found
3314,As94,PAINT BRUSH MAH SIN 3',https://ae01.alicdn.com/kf/HTB1jABELpXXXXcOXFXXq6xXFXXXo/3-inch-wall-paint-brush.jpg,Found
3315,As95,PAINT BRUSH 4',https://i5.walmartimages.com/seo/4-Inch-Paint-Brush_d8ec9fba-7ca8-43f8-a45d-9fb7c7c2158a.6ef5a6902d411e1b418d04ba66665659.jpeg,Found
3316,As96,Freemans Wood Cutting Blade 5*30,https://5.imimg.com/data5/SELLER/Default/2022/8/PG/PH/WV/26879770/freemans-tct-wood-cutter-500x500.jpeg,Found
3317,AS9W,COTTON GLOUSE 100GRM,https://down-ph.img.susercontent.com/file/sg-11134201-22100-x0y90eu9yfiv85,Found
3318,ASG1061,INGCO AIR SPRAY GUN,https://images-cdn.ubuy.co.in/64243e3a38b63d3fc11d22a8-ingco-air-spray-gun-400ml-capacity.jpg,Found
3319,ASG112,GRANITE &STONE CUTTING BLADE 112MM,https://down-my.img.susercontent.com/file/my-11134207-7ras9-m26xw77t5esfba,Found
3320,ASL64,DIGITAL MULIMETER,,Not Found
3321,AT700,AIR TRACT SPRAY GUN  AT700,https://www.sprayequippro.com/wp-content/uploads/2025/2/pilot-wa-700-airspray-automatic-gun-with-internal-control-for-circulation-systems-800x800.webp,Found
3322,AT86,BOZA BENCH VICE 4*4.5 INCH,,Not Found
3323,AT86,BOZA BENCH VICE 4*4.5 INCH,https://m.media-amazon.com/images/I/913O5se0vIL._AC_.jpg,Found
3324,AT8BP,ENDICO SPARES AS8 BACKALITE PLATE,,Not Found
3325,ATC07,HACK SAW FRAME JUNIER 6MM,https://singbrothers.com.sg/wp-content/uploads/2025/07/Junior-Hacksaw-Frame.png,Found
3326,ATC08,HACK SAW FRAME MINI,https://www.wokintools.com/wp-content/uploads/2023/09/305016-1.jpg,Found
3327,ATC1,15351 1 SQMM CABLE COP ATC,,Not Found
3328,ATC5,VICE 5 ',https://www.vice.com/wp-content/uploads/sites/2/2022/07/1658151620518-vegasfeaturedtopicpagev3-1.jpeg,Found
3329,ATC80,T  BAR STEEL CASTED  VICE 2INCH TEE 6',,Not Found
3330,ATS1028,E-ENDICO-SPARES-AS8 SLEEVE,https://www.liontoolsmart.com/cdn/shop/products/endico-router-as8-full-set-3.jpg?v=1611208366,Found
3331,ATU600,WELDING HOLDER  LEGO MINI BRASS,https://cdn11.bigcommerce.com/s-2znav/images/stencil/1280x1280/products/2769/8324/s-l1600__19357.1731631696.jpg?c=2,Found
3332,ATU600,WELDING HOLDER  LEGO MINI BRASS,https://i5.walmartimages.com/seo/LEGO-City-Welder-Minifigure-Harl-Hubbs-with-Welding-Equipment_6910cfb8-83d6-40df-b64c-b6bd8f5c8197.26029496f71c5e2cf2168fbcac765d22.jpeg,Found
3333,ATU600,WELDING HOLDER  LEGO MINI BRASS,https://cdn11.bigcommerce.com/s-2znav/images/stencil/1280x1280/products/2769/8324/s-l1600__19357.1731631696.jpg?c=2,Found
3334,AVD,VOLTAGE DETECTOR,https://images.thdstatic.com/productImages/e84ef21f-40ea-49b2-8578-c523c87e31ab/svn/milwaukee-voltage-tester-2208-20-64_1000.jpg,Found
3335,AW05,TUQO HYDRAULIC HOSE AW05 7 MTR,https://m.media-amazon.com/images/I/41iEkqloKPL._SX300_SY300_QL70_ML2_.jpg,Found
3336,AW06,TUQO HYDRAULIC HOSE AW06 7 MTR,https://m.media-amazon.com/images/I/41iEkqloKPL._SX300_SY300_QL70_ML2_.jpg,Found
3337,AW4043,ALUMINIUM FILER WIRE 4043,https://i.ebayimg.com/images/g/uXoAAOSwjf5nMTmU/s-l400.jpg,Found
3338,AW5356,ALUMINIUM FILLER WIRE 5356,http://engsupply.com.au/cdn/shop/files/T535624.jpg?v=1716159237,Found
3339,AWB,AB WASHER 7'',https://5.imimg.com/data5/SELLER/Default/2024/7/435367421/MK/AU/QX/101279326/grinder-ab-washer-1000x1000.jpg,Found
3340,AWRK,WOOD RUFF KEY,https://images7.alphacoders.com/548/thumb-1920-548306.jpg,Found
3341,AWS,AUTO WIRE STRIPPER & CRIMPING TOOL,https://www.kincrome.com.au/images/ProductImages/K4001_2.jpeg,Found
3342,AWS15,METSO WIRE STRIPPER MULTI AWS15,https://www.gartner.com/pi/vendorimages/Workday_Workday-Adaptive-Planning_Financial-Planning-Software_1754655425762_3.png,Found
3343,AXE2,ATHULYA AXE KODALI 2KG,https://5.imimg.com/data5/SELLER/Default/2023/1/DJ/LQ/FO/37843893/steel-construction-axe-1000x1000.jpg,Found
3344,AXE2,ATHULYA AXE KODALI 2KG,https://5.imimg.com/data5/SELLER/Default/2023/1/DJ/LQ/FO/37843893/steel-construction-axe-1000x1000.jpg,Found
3345,AXE2.5,ATHULYA AXE KODALI2.5,https://athulyaindustries.in/admin/uploads/image/products/axe-big.jpg,Found
3346,AXE2.5,ATHULYA AXE KODALI2.5,https://athulyaindustries.in/admin/uploads/image/products/axe-big.jpg,Found
3347,AXE2.5,ATHULYA AXE KODALI2.5,https://athulyaindustries.in/admin/uploads/image/products/axe-big.jpg,Found
3348,AXE2.8,ATHULYA AXE 2.8 KODALI,https://keralakaumudi.com/web-news/en/2025/07/NMAN0605246/image/athulya.1.3390241.webp,Found
3349,AXE2.8,ATHULYA AXE 2.8 KODALI,https://keralakaumudi.com/web-news/en/2025/07/NMAN0605246/image/athulya.1.3390241.webp,Found
3350,AXE3,ATHULYA AXE KODALI3 KG,https://5.imimg.com/data5/SELLER/Default/2023/1/DJ/LQ/FO/37843893/steel-construction-axe-1000x1000.jpg,Found
3351,AXEC250,AIMAXE POWER PRESSURE WASHER 250 BAR AXEC250,https://5.imimg.com/data5/SELLER/Default/2026/2/583597044/AW/GG/CF/5194623/250-bar-high-pressure-washer-1000x1000.jpg,Found
3352,B002.,TEXTURE GUN,https://cdn.shopify.com/s/files/1/2443/8691/products/EZ_Gun_with_Bag_3751x.jpg?v=1592271464,Found
3353,B002.,TEXTURE GUN,https://cdn.shopify.com/s/files/1/2443/8691/products/EZ_Gun_with_Bag_3751x.jpg?v=1592271464,Found
3354,B0324,BC 28MM CONNECTING CASE HOUSING,https://agriplexindia.com/cdn/shop/files/BC28mmClutchDrumHousing.jpg?v=1743241550,Found
3355,B03710,B03710-SANDER 92*185,https://eshop.mpakasdiy.com/6202-large_default/finishing-sander-bo3710-makita.jpg,Found
3356,B0810O,810 ORING,https://aeliyamarine.net/wp-content/uploads/2023/06/Stal-3921-5283-810-O-ring-85805-2.jpg,Found
3357,B0810O,810 ORING,https://cdn.britannica.com/20/93520-050-3E663489/Puma.jpg,Found
3358,B0810OL,0810 OIL SEAL,https://5.imimg.com/data5/IOS/Default/2022/6/LY/GD/AW/13429151/product-jpeg-500x500.png,Found
3359,B0835H,BULL 5KG HANDLE  DH0835,https://i5.walmartimages.com/seo/12-115-6-ft-Bull-Float-Handle_2a70dfbe-19aa-462d-b10a-1f4fcfef2127.5ed227de5deab91f3729d6739138670f.jpeg?odnHeight=160&odnWidth=160&odnBg=FFFFFF,Found
3360,B1/16,CUTTING NOZZLE IMPEX B1/16,https://5.imimg.com/data5/SELLER/Default/2025/8/534326397/GG/BS/FK/111424762/screenshot-2025-08-07-022654-500x500.png,Found
3361,B1/16,CUTTING NOZZLE IMPEX B1/16,https://nexglobal.com.sg/wp-content/uploads/2022/01/1-16-PNME-Cutting-Nozzle.jpg,Found
3362,B1/16,CUTTING NOZZLE IMPEX B1/16,https://5.imimg.com/data5/SELLER/Default/2025/8/534326397/GG/BS/FK/111424762/screenshot-2025-08-07-022654-500x500.png,Found
3363,B1/16,CUTTING NOZZLE IMPEX B1/16,,Not Found
3364,B1/32,CUTTING NOZZLE IMPEX 1/32,https://pwpind.com/app/uploads/2017/11/25-835-768x783.jpg,Found
3365,B1/32,CUTTING NOZZLE IMPEX 1/32,https://pwpind.com/app/uploads/2017/11/25-835-768x783.jpg,Found
3366,B1/32,CUTTING NOZZLE IMPEX 1/32,https://pwpind.com/app/uploads/2017/11/25-835-768x783.jpg,Found
3367,B1/32,CUTTING NOZZLE IMPEX 1/32,https://pwpind.com/app/uploads/2017/11/25-835-768x783.jpg,Found
3368,B100/30,BULL STAPLIER PIN 100/30,https://www.bigbasket.com/media/uploads/p/xl/40126464_3-kangaroo-stapler-pin-pack-246.jpg,Found
3369,B100/40,BULL STAPLIER PIN 100/40,https://5.imimg.com/data5/SELLER/Default/2025/7/529870914/ZQ/ZL/SX/112847321/100-40-stapler-pin-1000x1000.jpg,Found
3370,B100/45,BULL STAPLIER PIN 100/45,https://5.imimg.com/data5/SELLER/Default/2022/10/VC/JS/KV/14144439/kangaro-hp-45-stapler-1000x1000.jpg,Found
3371,B1005,06012161F4 GSB 10 RE KIT IMPACT DRILL,https://5.imimg.com/data5/ANDROID/Default/2025/12/564606234/RO/RQ/KQ/161183780/product-jpeg-1000x1000.jpg,Found
3372,B111,BREAD BOX 111,https://m.media-amazon.com/images/I/81rZu77n+mL._AC_SL1500_.jpg,Found
3373,B115,GRINDER ARMATURE,https://png.pngtree.com/png-clipart/20240108/original/pngtree-rose-flowers-bouquet-cartoon-bouquet-png-image_14052218.png,Found
3374,B11EFOS,11E FELT OIL SEAL,https://5.imimg.com/data5/SELLER/Default/2024/7/433963041/IV/FO/MB/51636581/agricultural-felt-seal-1000x1000.jpeg,Found
3375,B11ESD,11E STOPPING DEVICE,https://sparepartwala.in/wp-content/uploads/2025/07/20250729_141219_copy_700x800.jpg,Found
3376,B11ESD,11E STOPPING DEVICE,https://sparepartwala.in/wp-content/uploads/2025/07/20250729_141219_copy_700x800.jpg,Found
3377,B1LBH,BULLET HAMMER 450 GRM  WITH HANDLE,https://cdn11.bigcommerce.com/s-9376c/images/stencil/2560w/products/4754/4717/612611-612612_800x600__10__39587.1487613729.jpg?c=3,Found
3378,B2,GHP5-65 High Pressure Cleaner,,Not Found
3379,B22,V BELT B22,https://laz-img-sg.alicdn.com/p/a65b6cb4eb7c0cbcfb9342b3222eb855.jpg,Found
3380,B222,BREAD BOX 222,https://static.cnbetacdn.com/article/2022/1015/d29cb91dda76aad.jpg,Found
3381,B229WP,17294 9WP BULB OSRAM B22,http://5.imimg.com/data5/SELLER/Default/2022/11/NJ/LI/HT/31628004/osram-led-lamp-9w.jpg,Found
3382,B23/10,BULL23/10 STAPLIER PIN,http://masumin.co.tz/cdn/shop/files/stapler-pin-box-no-23-10-h-10mm_1024x1024.webp?v=1750336384,Found
3383,B23/6,BULL 23/6 STAPLIER PIN,https://m.media-amazon.com/images/I/61Zu3wwkDrL._SL1500_.jpg,Found
3384,B23/8,BULL 23/8 STAPLIER PIN,https://img.drz.lazcdn.com/static/bd/p/2d5d1873f49535358716ddc215823774.jpg_720x720q80.jpg,Found
3385,B23/8,BULL 23/8 STAPLIER PIN,https://m.media-amazon.com/images/I/61ADerIdQdL._SL1500_.jpg,Found
3386,B23/8,BULL 23/8 STAPLIER PIN,,Not Found
3387,B288OS,288 OIL SEAL,https://ae01.alicdn.com/kf/S2650560366014dbbb84a925259ce9bacV/288-Oil-Seal-For-Husqvarna-181-2100-281-298-3120-385-390-394-395-K950-K960.jpg,Found
3388,B288OS,288 OIL SEAL,"https://images-wixmp-ed30a86b8c4ca887773594c2.wixmp.com/f/156090e3-031d-4b9b-ac8a-9af910bc9aa3/d3cncgz-9ae1e93c-83d1-47fc-8e9b-4d3fdcb9b3b3.png/v1/fill/w_889,h_586,q_80,strp/tree_tattoo_design_by_ebsie_d3cncgz-fullview.jpg?token=eyJ0eXAiOiJKV1QiLCJhbGciOiJIUzI1NiJ9.eyJzdWIiOiJ1cm46YXBwOjdlMGQxODg5ODIyNjQzNzNhNWYwZDQxNWVhMGQyNmUwIiwiaXNzIjoidXJuOmFwcDo3ZTBkMTg4OTgyMjY0MzczYTVmMGQ0MTVlYTBkMjZlMCIsIm9iaiI6W1t7ImhlaWdodCI6Ijw9NTg2IiwicGF0aCI6IlwvZlwvMTU2MDkwZTMtMDMxZC00YjliLWFjOGEtOWFmOTEwYmM5YWEzXC9kM2NuY2d6LTlhZTFlOTNjLTgzZDEtNDdmYy04ZTliLTRkM2ZkY2I5YjNiMy5wbmciLCJ3aWR0aCI6Ijw9ODg5In1dXSwiYXVkIjpbInVybjpzZXJ2aWNlOmltYWdlLm9wZXJhdGlvbnMiXX0.fzIjCmQopDXYwrct8dKeihfVVA_8GsxQfrLRFQ8mGZk",Found
3389,B288P,288 PISTON,,Not Found
3390,B288S,288 MICRO SWITCH,,Not Found
3391,B288SG,288 SPRING,https://photos.wildskirts.com/a/andja-lorein/profile_photo.jpg,Found
3392,B288V,288 VALVE,https://www.kullysupply.com/media/catalog/product/cache/19/image/512x512/ddf02703838f7d17dde78d938bccd804/1/0/107157_a.jpeg,Found
3393,B288V,288 VALVE,https://www.totalrestroom.com/cdn/shop/products/c1974417_main-1_800x.jpg?v=1628003492,Found
3394,B288WS,288 WATER SEAL,https://www.bricoutensili.com/35365-large_default/kit-288-brown-water-seal-rings-for-washer-lavor-giant-24.jpg,Found
3395,B298,GSB 501 DRILL MACHINE,https://5.imimg.com/data5/SELLER/Default/2022/9/JU/KW/RM/55651128/bosch-gsb-501-professional-drill-machine-500x500.jpg,Found
3396,B3/64,CUTTING NOZZLE IMPEX B3/64 WALT,https://5.imimg.com/data5/SELLER/Default/2023/3/294763970/GB/DR/FG/147626109/brass-gas-cutting-nozzle-500x500.jpg,Found
3397,B3/64,CUTTING NOZZLE IMPEX B3/64 WALT,https://5.imimg.com/data5/SELLER/Default/2023/3/294763970/GB/DR/FG/147626109/brass-gas-cutting-nozzle-500x500.jpg,Found
3398,B333,BREAD BOX 333,http://img.bakufu.jp/wp-content/uploads/2022/10/221025c_0013.jpg,Found
3399,B36,B36 FENNER WET GRINDER BELT,https://5.imimg.com/data5/SELLER/Default/2024/10/461602615/IZ/PW/ZG/216845693/fenner-b-36-wet-grinder-belt-500x500.jpg,Found
3400,B4*12B,BUFFING  WHEEL 4 INCH  BROWN,https://5.imimg.com/data5/SELLER/Default/2023/5/308285626/OQ/IB/JC/87339192/polishing-buffing-wheel-1000x1000.jpg,Found
3401,B4*12G,BUFFING WHEEL 4*12 BULL GREEN,https://cdn11.bigcommerce.com/s-5s8spsrbr9/images/stencil/1280x1280/products/19270/98701/09-170164-01_l__71159.1678749106.jpg?c=1,Found
3402,B4*40T,TCT BLADE 4*40T SLIM PRO BULL,https://implemental.in/wp-content/uploads/2023/03/TCT-Saw-Blade-For-Wood-Cutting-4inch-40T-4.jpg,Found
3403,B4*40T,TCT BLADE 4*40T SLIM PRO BULL,https://implemental.in/wp-content/uploads/2023/03/TCT-Saw-Blade-For-Wood-Cutting-4inch-40T-4.jpg,Found
3404,B4*40T,TCT BLADE 4*40T SLIM PRO BULL,https://implemental.in/wp-content/uploads/2023/03/TCT-Saw-Blade-For-Wood-Cutting-4inch-40T-4.jpg,Found
3405,B42,B42 FENNER WET GRINDER BELT,http://www.sparegenie.com/cdn/shop/products/Default_Power_Transmission_Belts_V_Belt_1_E2_edfaff3d-d6a7-4cee-a852-d35ae42a2f71.jpg?v=1662489485,Found
3406,B45,V BELT,https://i.kym-cdn.com/photos/images/facebook/001/495/000/d54.png,Found
3407,B48,B48 FENNER WET GRINDER BELT,https://5.imimg.com/data5/SELLER/Default/2024/10/460809577/IH/HU/TD/216845693/ecodrive-a-48-wet-grinder-belt-500x500.jpg,Found
3408,B5*40T,TCT BLADE 5*40T SLIM PRO,https://down-th.img.susercontent.com/file/th-11134207-7r98v-m04a2j0eu7rscf,Found
3409,B547,GSS 2300 SANDER,https://www.bosch-pt.co.in/in/en/ocsmedia/204533-54/application-image/1434x828/orbital-sander-gss-2300-06012980f0.png,Found
3410,B6*1,NON WOVEN WHEEL 6*1,,Not Found
3411,B6202,BEARING 6202,https://simplybearings.co.uk/shop/images/assets/products/6202-nsk.jpg,Found
3412,B6204,BEARING 6204,,Not Found
3413,B66,V BELT B66,https://5.imimg.com/data5/CN/VI/YL/SELLER-9253890/b66-industrial-v-belt-500x500.jpg,Found
3414,B67773,MAGNET NUTSETTER 8X50MM 50PCS B-67773,https://fi.makitamedia.com/images/3_Makita/304_accessories_GS1/30410_JPG_zoom/B-67773_C1N1.jpg,Found
3415,B708,T144DHCS SPEED FOR WOOD100PACK-2608637880,http://toolservices.co.za/cdn/shop/files/Bosch-Jigsaw-Blades-T-144-D-Speed-for-Wood-100-Pack-2608637880-Power-Tool-Services-2509.webp?v=1708499027,Found
3416,B708/244,BOSCH JIGSAW BLADE T 244 D 2608637881,https://cdn.crowdpic.net/detail-thumb/thumb_d_0C1E3B42B2526BB36B98E49EC8EB0574.png,Found
3417,b713,Bosch Go Cordless Screw Deriver Kit,http://www.liontoolsmart.com/cdn/shop/products/BOSCH-CORDLESS-GO-SCREW-DRIVER-KIT_1024x1024.jpg?v=1610363825,Found
3418,B72,G CLAMP 2 INCH,https://m.media-amazon.com/images/I/61h16dBKQfL._AC_SL1500_.jpg,Found
3419,B74,CALTEX  C CLAMP 3 INCH,https://mrkrafts.com/wp-content/uploads/2025/08/C-Clamp-with-Frame.jpg,Found
3420,B80/10,BULL STAPLIER PIN 80/10,https://atozshop.co.in/wp-content/uploads/2023/07/61z8lvvWS3L._SX342_-3.jpg,Found
3421,B80/12,BULL STAPLIER PIN 80/12,https://5.imimg.com/data5/ANDROID/Default/2025/6/522041980/YC/TD/QQ/237477476/product-jpeg-500x500.jpg,Found
3422,B80/8,BULL STAPLIER PIN 80/8,https://5.imimg.com/data5/SELLER/Default/2022/12/JY/NU/CW/31961914/unotack-kangaro-staple-pin-80-12-1000x1000.jpeg,Found
3423,B80/9,BULL STAPLIER PIN 80/9,https://5.imimg.com/data5/SELLER/Default/2025/9/542028689/BZ/DS/TF/4743835/stapler-pin-80-09-1000x1000.jpeg,Found
3424,B80357,CARBON BRUSH B-80357,https://www.paintstoretools.com/wp-content/uploads/2024/07/makita-carbon-brush-cb-204-a-b-80357-carbon-brush-makita-782207.jpg,Found
3425,B80422,CARBON BRUSH MAKITA (B-80422 },https://down-ph.img.susercontent.com/file/9a7fa6a4bd246b8d5c7fd1b81df7d1cd,Found
3426,B806,BEND SPRING 20 MM,,Not Found
3427,B810OS,810 OIL SEAL  BULL,https://thetractorhub.in/wp-content/uploads/2025/09/mahindra-tractor-breakshoe-oilseal.jpg,Found
3428,b837,BOSCH PRESURE WASHER,http://www.tooled-up.com/artwork/prodzoom/Bosch-06008A7E71-EASYAQUATAK-100-Long-Lance-Pressure-Washer.jpg,Found
3429,B905,GBM 6,https://www.powertoolworld.co.uk/media/catalog/product/cache/7c271e7e94c8021213ee582f782fed0d/g/b/gbm6re3.jpg,Found
3430,B910,Bosch Angle Gws22-230 0601850155,https://mycliplister.com/picture/158301/14e816be3543bbffb3af5789077b1c5c3e56d5745b3456f95a7629346401de0e298049f399142853e503db338c980ab57,Found
3431,B911,Bosch Gbm 13 Re,https://www.bosch-pt.com.ph/ph/en/ocsmedia/260214-54/application-image/1434x828/drill-gbm-13-re-06014775k0.png,Found
3432,B93C,AIR BLOW GUN,https://cdn.zekkei-japan.jp/images/spots/93683461af3e85a92cad8712138efbd1.jpg,Found
3433,BA1/2*3/4,REDUCER,,Not Found
3434,BA150,BEARING PULLER 6INCH BA150,https://www.automarine.co.za/2249-thickbox_default/6-inch-3-leg-bearing-puller.jpg,Found
3435,BA417,BA417 1/2 DRIVE SLIDING BAR 300MM,https://s.yimg.com/ny/api/res/1.2/z6MOUYTOXUc8AAw2NIRjoQ--/YXBwaWQ9aGlnaGxhbmRlcjt3PTk2MDtoPTY1MztjZj13ZWJw/https://media.zenfs.com/en/good_housekeeping_uk_129/501538a0d0ce882326f49b9f3491487f,Found
3436,BACPG,BULL AIRCOMPRESSOR PRESSURE GUAGE,https://i5.walmartimages.com/seo/mingkeerda-Accurate-Pressure-Gauge-Air-Compressor-Gauge-Easy-to-Read-Display-Accurate-Pressure-Measurement-G-Y40-Silver-10mm_55919ad3-d3ac-4edb-aa95-c28f42d2ff49.761051ba743854cf8b28efc2811bc726.jpeg?odnHeight=640&odnWidth=640&odnBg=FFFFFF,Found
3437,BACRV,BULL AIR COMPRESSOR REGULATOR VALVU,https://i5.walmartimages.com/seo/1-4-Pressure-Regulator-Air-Compressor-Adjustable-Gauge-175PSI-Valve-Control_66eea3f5-6354-45f0-aa7c-6b09d97a25ac.cbccbbf272b2b5e69e0a68ff7abd7be4.jpeg,Found
3438,BACRV,BULL AIR COMPRESSOR REGULATOR VALVU,https://i5.walmartimages.com/seo/1-4-Pressure-Regulator-Air-Compressor-Adjustable-Gauge-175PSI-Valve-Control_66eea3f5-6354-45f0-aa7c-6b09d97a25ac.cbccbbf272b2b5e69e0a68ff7abd7be4.jpeg,Found
3439,BACVP,BULL AIR COMPRESSOR VALVU PLATE,https://5.imimg.com/data5/SELLER/Default/2021/1/KF/DZ/SW/64538411/rectangle-reciprocating-air-compressor-valve-plate-1000x1000.jpg,Found
3440,BAD1,ADDITION DRILL BIT 1 M M,https://ae01.alicdn.com/kf/S4bea1cb306784f74aa0f46aa20a52cd8n/MZG-HSS-Drillbits-10PCS-3-0mm-4-9mm-Straight-Shank-HSS-High-Speed-Steel-Tool.jpg,Found
3441,BAD1/8,ADDISION DRILL BIT 1/8 JOBBER,https://inchtools.com/wp-content/uploads/2022/09/addison-drill-bit-jobber.webp,Found
3442,BAD10M,ADDISION DRILL BIT 10M JOBBER  BITWORLD,,Not Found
3443,BAD2,ADDISION DRILL BIT 2MM  BITWORLD  JOBBER,,Not Found
3444,BAD2,ADDISION DRILL BIT 2MM  BITWORLD  JOBBER,https://5.imimg.com/data5/SELLER/Default/2022/11/BH/CA/QO/55651128/addison-hss-parallel-shank-twist-drills-jobber-series-500x500.jpg,Found
3445,BAD2,ADDISION DRILL BIT 2MM  BITWORLD  JOBBER,https://5.imimg.com/data5/SELLER/Default/2022/11/BH/CA/QO/55651128/addison-hss-parallel-shank-twist-drills-jobber-series-500x500.jpg,Found
3446,BAD2.5,ADDISION DRILL BIT JOBBER 2.5 BITWORLD,https://5.imimg.com/data5/SELLER/Default/2022/11/ZP/HO/IP/55651128/addison-hss-parallel-shank-twist-drills-jobber-series-1000x1000.jpg,Found
3447,BAD3.5,ADDISION DRILL BIT 3.5 JOBBER BITWOLD,https://drillbitsworld.com/wp-content/uploads/2025/08/arbide-Tipped-Jobber-Drill-Bit-High-Speed-Steel-BodyCore-Bit-Extension.jpg,Found
3448,BAD3.5,ADDISION DRILL BIT 3.5 JOBBER BITWOLD,https://drillbitsworld.com/wp-content/uploads/2025/08/arbide-Tipped-Jobber-Drill-Bit-High-Speed-Steel-BodyCore-Bit-Extension.jpg,Found
3449,BAD3/32,ADDITION DRILL BIT 3/32,https://m.media-amazon.com/images/I/41rODMFoYWL.jpg,Found
3450,BAD3M,ADDISION DRILL BIT 3MM JOBBER BITWORLD,https://cad.ykkap.co.jp/preview_images/housing/AYHSP_H05.jpg,Found
3451,BAD4.5,ADDISION DRILL BIT 4.5M JOBBER,https://5.imimg.com/data5/SELLER/Default/2023/11/364135830/XB/WT/VG/7753763/addison-drill-bit-500x500.webp,Found
3452,BAD4M,ADDISION DRILL 4M JOBBER BITWORLD,https://inchtools.com/wp-content/uploads/2022/09/addison-drill-bit-jobber.webp,Found
3453,BAD4M,ADDISION DRILL 4M JOBBER BITWORLD,https://5.imimg.com/data5/SELLER/Default/2021/10/RS/JQ/KQ/111899490/addison-jobber-twist-drill-1000x1000.jpg,Found
3454,BAD5M,ADDISION DRILL BIT 5M JOBBER BITWOLD,https://www.scottdirect.com/media/catalog/product/h/s/hss_jobber_drill_bit_3.jpg,Found
3455,BAD6M,ADDISION DRILL BIT 6M JOBBER  BITWORLD,https://5.imimg.com/data5/SELLER/Default/2021/9/UH/WY/PZ/74565876/addison-drill-bit-1-1000x1000.jpg,Found
3456,BAG100BS,BULL GOLD AG100 BEARING SLEEVE,https://www.sibo.eu/wp-content/uploads/2024/11/External-Grooved-Sleeve-Bearings.jpg,Found
3457,BAG100C,CARBON BRUSH BGAG100,https://jastpower.com/wp-content/uploads/2025/05/what-is-carbon-brush-1.webp,Found
3458,BAG100GB,GEAR BOX FOR BULL ANGLE GRINDER AG-100,https://unboxtools.com/wp-content/uploads/2026/01/Camron-Pro-Dragon-Series-Cpdsag100Bs-Angle-Grinder-100Mm-Gear-Box-4-300x300.png,Found
3459,BAG100GS,BULL GOLD AG-100 GEAR SET,,Not Found
3460,BAG100GS,BULL GOLD AG-100 GEAR SET,https://www.aggearstore.com/cdn/shop/files/rangemud.webp?v=1696536288&width=1000,Found
3461,BAG100LS,LOCK SET FOR BULL ANGLE GRINDER BAG100,https://ph-test-11.slatic.net/p/a18031f6b3442336894b1cce0c691c04.png,Found
3462,BAG100S,AG-100 MULTI SPANNER,,Not Found
3463,BAG125C,BULL GOLD AG-125  CARBON BRUSH,,Not Found
3464,BAG125H,BULL GOLD HOUSING AG125,https://cdn11.bigcommerce.com/s-a0ckmck4i1/images/stencil/1280x1280/products/20825/104442/IMG_2084__51841.1745441506.JPG?c=2,Found
3465,BAG2100BS,BULL GOLD AG2100 BEARING SLEEVE,https://www.bearingmaker.com/wp-content/uploads/2025/06/bearings.jpg,Found
3466,BAG2100BS,BULL GOLD AG2100 BEARING SLEEVE,https://www.bearingmaker.com/wp-content/uploads/2025/06/bearings.jpg,Found
3467,BAG2100BS2,BEARING SLEEVE FOR AG2100,https://m.media-amazon.com/images/I/81ZlwAIVEyL.jpg,Found
3468,BAG2100C,BULL GOLD AG2-100 CARBON,https://lonestaradhesive.com/cdn/shop/files/gold-carbon-fiber-black-durra-bull-premium-leatherette-sheets-348726.jpg?v=1744997509&width=1946,Found
3469,BAG2100C,BULL GOLD AG2-100 CARBON,https://i.ytimg.com/vi/Z8OCtJ6L4hY/maxresdefault.jpg,Found
3470,BAG2100GC,BULL GOLD AG2100 GEAR CASE,https://www.nextmodel.cn/wp-content/uploads/2023/10/nextmodel6415-Asset3.webp,Found
3471,BAG2100GS,BULL GOLD AG2100 GEAR SET,https://i5.walmartimages.com/seo/Aztec-Bull-Skull-Curtains-Boho-Ethnic-Rustic-Western-Cactus-Black-Gold-Window-Treatments-Rod-Pocket-Thermal-Insulated-Drapes-2-Panel-Sets-Bedroom-Liv_a3b400ee-1149-47be-adce-20198729fa68.b3d616e20f57c4148d51785a827b8afb.jpeg,Found
3472,BAG2100LS,BULL GOLD AG2100 LOCK SET,https://down-my.img.susercontent.com/file/a18f4d6960a01e8a5bdab20b52a4b784,Found
3473,BAG230S,BULL GRINDER 9 INCH SWITCH AG-230,https://hipsdontlie.ca/wp-content/uploads/2022/11/waltz-dance-2.png,Found
3474,BAG3100BS,BULL GOLD AG3100 BEARING SLEEVE,,Not Found
3475,BAG3100G,BULL GOLD AG3100 GEAR,https://cdn11.bigcommerce.com/s-o0303v9byd/images/stencil/original/products/7690/6604/13559__42591.1703793235.jpg,Found
3476,BAG6100C,BULL CARBON 6100,https://www.touristsecrets.com/wp-content/uploads/2025/04/secrets-of-north-carolinas-outer-banks-beaches-1745673524.jpg,Found
3477,BAG801,BULLET ANGLE GRINDER 4 INCH 801,https://5.imimg.com/data5/SELLER/Default/2025/8/537978245/EY/IH/LW/223007478/golden-bullet-angle-grinder-ag-801-500x500.jpg,Found
3478,BAG801C,BULL CARBON 801,https://shigeyuki.net/wp-content/uploads/2023/07/yt-41309-DIY-paper-craft.paper-flower.Origami.jpg,Found
3479,BALL BEARING 607,BALL BEARING 607,https://ce8dc832c.cloudimg.io/fit/640x480/n@7472e8987990b9c18b4c784c3cd5739f66335a36/_cdn_/37/02/70/00/0/467059_1.jpg?mark_url=_tme-wrk_/tme_new.png&mark_pos=center&mark_size=100pp,Found
3480,BARNUT,BAR NUT M8,https://www.cubcadet.com/dw/image/v2/BCSH_PRD/on/demandware.static/-/Sites-mtd-master-catalog/default/dw1cad1111/products/953-08105_7.jpg?sw=740&sh=740&sm=fit,Found
3481,BAS28,BULL CARBON CM4SA,https://5.imimg.com/data5/SELLER/Default/2023/9/346737477/MW/SD/TK/108007331/estino-carbon-brush-cm4sa-500x500.jpg,Found
3482,BAS28,BULL CARBON CM4SA,https://i.ytimg.com/vi/Z-O3Cu7abU0/maxresdefault.jpg,Found
3483,BASE PLATE,Q1120,https://item-shopping.c.yimg.jp/i/n/closer0510_785081_2_d_20231218105023,Found
3484,BATTERY 21V,BATTERY 21V,https://m.media-amazon.com/images/I/61tbo4BYfPL._AC_.jpg,Found
3485,BB1.5AH,BULLET BATTERY 1.5 AH 20V,https://cdn.shopify.com/s/files/1/0640/1409/0461/files/14e4c91cb82d7e5fa2c3376fbba67e90be753ce2_e7abcd07-4f4f-4577-b149-0f2a69a8a201.jpg,Found
3486,BB607,BEARING BUSH 607,http://powercarbonspares.com/cdn/shop/products/BearingBush6-100_2.jpg?v=1637325649,Found
3487,BB62001,BALL BEARING 62001,https://www.nzminiaturebearings.com/product_img/photos/122810003/12x28x10-mm-62001-2rs-bearing-1.jpg,Found
3488,BB80T,80T BLADE BLACK,,Not Found
3489,BB85B,VORMIER  BATTERY FOR BRUSHCUTTER BB85,https://dtwtools.co.uk/app/uploads/82T20_Cramer_T2A8459-1536x1024.jpg,Found
3490,BB85C,VORMIER CHARGER  CORDLESS LEAF BLOWER,https://harvestcrops.org/wp-content/uploads/2023/08/leaf-blower-cordless-with-2-batteries-and-charger-150mph-handheld-electric-cordless-leaf-blower-with-2-speed-mode-20ah-b-1024x1018.jpg,Found
3491,BBCTS9T,BC TRANSIT SHAFT 9T,https://www.picclickimg.com/gZoAAeSw4jFpQcK6/FORD-TRANSIT-Rear-Prop-Shaft-Mk8-LWB-350.webp,Found
3492,BBDH16KP,BLOCK BLESSING FOR MAL 16KG BBDH16KP,,Not Found
3493,BBH,BANGALORE BILL HOOK,https://img1.exportersindia.com/product_images/bc-small/2021/5/6033150/billhook-1620902037-5820943.jpeg,Found
3494,BC1/8/4,CENTRAL PUNCH 4 INCH  TAPARIA,http://white.tools/wp-content/uploads/2016/12/taparia-centre-punch.jpg,Found
3495,BC1/8/4,CENTRAL PUNCH 4 INCH  TAPARIA,,Not Found
3496,BC10*40T,TCT BLADE OMR 10*40T BRUSH CUTTER,https://5.imimg.com/data5/SELLER/Default/2025/1/483415683/JQ/JV/RA/184712126/bb097-premium-40t-tct-blade-for-brush-cutters-fits-35cc-52cc-63cc-72cc-trimmers-best-1000x1000.jpeg,Found
3497,BC1000A,BOOSTER CABLE HEAVY,https://m.media-amazon.com/images/I/71iz0bbwDcL.jpg,Found
3498,BC26C,BC26 CYLINDER,,Not Found
3499,BC26CCS,BC 26 CONNECTING CASE,https://i.etsystatic.com/58486679/r/il/e27c8f/7399332998/il_1140xN.7399332998_c26j.jpg,Found
3500,BC26CG,BC CARBURATOR GASKET,https://www.carburetor-parts.com/assets/images/G1223.jpeg,Found
3501,BC26CP,BC26 CONNECTING PARTS,https://img-blog.csdnimg.cn/df7b6fb83f5c463aa1493da6a928bba3.png,Found
3502,BC26CRG,BC26 CYLINDER GASKET,https://i.ebayimg.com/images/g/0KEAAOSwvoBjw2PQ/s-l1600.jpg,Found
3503,BC26FTC,BC26 FUEL TANK COVER,https://cdn11.bigcommerce.com/s-qzmy1gdjbn/products/10096/images/22405/246117209__38716.1761248507.386.513.jpg?c=1,Found
3504,BC26FTC,BC26 FUEL TANK COVER,https://cdn11.bigcommerce.com/s-qzmy1gdjbn/products/10096/images/22405/246117209__38716.1761248507.386.513.jpg?c=1,Found
3505,BC26MF,BC MANIFOLD,https://manifold.markets/api/og/market?question=More+than+50%+get+5s+on+AP+Calc+BC?&numTraders=13&volume=1652&probability=1.0%&creatorName=Abc+Bcd&creatorAvatarUrl=https://lh3.googleusercontent.com/a/ACg8ocK89twoYEX-7hNaBsCmzoGV_g2MOO6xwmI2R8tn-OBx-MN4wA=s96-c&resolution=NO&points=AHDZ9u9beUIAAAAAAADgPwAAJAPwW3lCXo_C9Shc3z8AgF-58Vt5Qhnu6o8H1d0_AIDqh_JbeUL5iTzc5CvePwCA3onyW3lC_Inbg5px4z8AAFKW8lt5Qt0B3d_HSOM_AIDDzPJbeUIb7uqPB9XdPwAA6tDyW3lCdoqTAB_x4j8AAEnW8lt5QpBMJTzLEeM_AAC_7PJbeUK8c1MczmnSPwAAfffyW3lCX4HMLLsvyj8AgKP78lt5Qhru6o8H1d0_AABN__JbeUK50TGXcCXhPwAAOwLzW3lCGxg-5nu70D8AgGcF81t5QjPRrtnr6ss_AIBVCPNbeUIa7uqPB9XdPwAAYczzW3lCkhaCc7B30j8AgObUCFx5Qoe5a-xhStM_AICi3TlceUJgUoAbz57RPwCAhRz0YXlCFPhpWCZP0T8AgOxcSGZ5Qi0uYC-LTJs_AIAkZVNmeUIY1DCoXtuwPwAAjrRQZ3lCToKbZB8rvj8AgHae2md5QhsVLVM-T7w_AIBSpNpneUJSgptkHyu-PwCATKXaZ3lCc9pxGN3Lxj8AAN0C5Wd5QlSCm2QfK74_AIAgez9yeUIjFS1TPk-8PwCAvZBvdnlCIxUtUz5PvD8AgL6RDHh5QkFiX6WhAbA_AACpnwx4eUJTWycojOm0PwCA5Ti2eHlCQWJfpaEBsD8AAKZ9onp5QnAUrkfheoQ_,Found
3506,BC26OS,BC26 OIL SEAL,"https://images-wixmp-ed30a86b8c4ca887773594c2.wixmp.com/f/cdf21d77-7d0e-4699-abf6-f2db283c6951/d1fo7ow-9799a429-33ad-4034-8ff6-00c904222db2.jpg/v1/fill/w_800,h_1336,q_75,strp/tattoo_design_rose_color_by_2face_tattoo_d1fo7ow-fullview.jpg?token=eyJ0eXAiOiJKV1QiLCJhbGciOiJIUzI1NiJ9.eyJzdWIiOiJ1cm46YXBwOjdlMGQxODg5ODIyNjQzNzNhNWYwZDQxNWVhMGQyNmUwIiwiaXNzIjoidXJuOmFwcDo3ZTBkMTg4OTgyMjY0MzczYTVmMGQ0MTVlYTBkMjZlMCIsIm9iaiI6W1t7ImhlaWdodCI6Ijw9MTMzNiIsInBhdGgiOiJcL2ZcL2NkZjIxZDc3LTdkMGUtNDY5OS1hYmY2LWYyZGIyODNjNjk1MVwvZDFmbzdvdy05Nzk5YTQyOS0zM2FkLTQwMzQtOGZmNi0wMGM5MDQyMjJkYjIuanBnIiwid2lkdGgiOiI8PTgwMCJ9XV0sImF1ZCI6WyJ1cm46c2VydmljZTppbWFnZS5vcGVyYXRpb25zIl19.Nkp64wsnOfThJ6uRpqWtR5ZawUMGWILvI9CUTdPviT0",Found
3507,BC26P,BC26 PISTON,https://ae01.alicdn.com/kf/HTB1V22dXrZnBKNjSZFGq6zt3FXaF.jpg,Found
3508,BC26PP,BC26 PIPE,https://www.charlottepipe.com/uploads/documents/articles/Untitled-1-02.jpg,Found
3509,BC26PR,BC26 PISTON RING,https://www.dypistonring.com/data/upload/ueditor/20240629/667fd1a036d30.jpg,Found
3510,BC26PR,BC26 PISTON RING,https://www.dypistonring.com/data/upload/ueditor/20240629/667fd1a036d30.jpg,Found
3511,BC28 INLET PIPE GASKET,BC28 INLET PIPE GASKET,https://cdn-illustrations.revolutionparts.io/strapr1/d0473826a7c364bdf0d21a947ea7a528/5e0b7f9bbd8a126bc28e1cdd9ca6e995.png,Found
3512,BC28 PISTON,BC28 PISTON,,Not Found
3513,BC28AFE,BC28 AIR FILTER ELEMENT,https://www.lsengineers.co.uk/media/catalog/product/cache/bc91e262b74b816eeee903c912c9e009/5/1/5100063083.jpg,Found
3514,BC28CD,BC28 CLUTCH DRUM,https://www.agriplexindia.com/cdn/shop/files/BC28mmClutchDrumHousing.jpg?v=1682395766,Found
3515,BC28CP,BC28 CLIP,https://www.elitecommunications.com.au/wp-content/uploads/2021/12/bc28-belt-clip-scaled-1.jpg,Found
3516,BC28FC,BC28 FUEL CAP,https://img-s-msn-com.akamaized.net/tenant/amp/entityid/AA25iw3O.img?w=1200&h=675&m=4&q=91,Found
3517,BC28FPS,BC28 FUEL PIPE SET,https://m.media-amazon.com/images/I/61OccpKJBtL._AC_.jpg,Found
3518,BC28FT,BC28 FUEL TANK ASSY,https://down-id.img.susercontent.com/file/id-11134207-7rbka-m9bi0xtgpr7fe8,Found
3519,BC28PP,BC28MM PIPE,https://www.smetals.co.uk/wp-content/uploads/2023/04/alu-round-tube-28mm-x-1.6mm-image-1.jpg,Found
3520,BC28PP,BC28MM PIPE,https://www.smetals.co.uk/wp-content/uploads/2023/04/alu-round-tube-28mm-x-1.6mm-image-1.jpg,Found
3521,BC28PP,BC28MM PIPE,https://www.smetals.co.uk/wp-content/uploads/2023/04/alu-round-tube-28mm-x-1.6mm-image-1.jpg,Found
3522,BC28S,BC28 STARTER,"https://img-blog.csdnimg.cn/20210103154524466.png?x-oss-process=image/watermark,type_ZmFuZ3poZW5naGVpdGk,shadow_10,text_aHR0cHM6Ly9ibG9nLmNzZG4ubmV0L0pJQU5HWUlOR0g=,size_16,color_FFFFFF,t_70",Found
3523,BC28SA,BC28 STARTER ASSY,https://eparts-images.toyota.com/196328.SVG,Found
3524,BC28SH,BC28 SWITCH HANDLE   RIGHT,https://partonwheels.com/wp-content/uploads/2023/08/right-side-handle-switch-pulsar-908x1024.jpg,Found
3525,BC2ST,CARBURATOR 2 ST. B/C S/S,https://m.media-amazon.com/images/I/81MMZQdS9xL._AC_.jpg,Found
3526,BC3 15X30X7,BC3 OIL SEAL 15X30X7,https://b.assecobs.com/_img/techmot/72d23eb2-32a1-48ab-b86e-d75b7c0d96e3/oil-seal-15x30x7-nbr-simmerring.jpg,Found
3527,BC312X22X7,BC3 OIL SEAL 12X22X7,https://rolux.co.za/cdn/shop/files/BC_Upload_1be9ac2c-fb49-4746-9220-20a99437985f_535x.png?v=1709193520,Found
3528,BC36202,BC3 BALL BEARING 6202,https://image.lily-bearing.com/images/ball-bearing/deep-groove-ball-bearings/6202.jpg,Found
3529,BC3A,BC3 AIR BOX BASE,https://c8.alamy.com/comp/R1J18P/staff-sgt-shane-miltner-607th-air-control-squadron-weapons-simulation-technician-prepares-the-battlespace-command-and-control-center-program-sept-21-2018-at-luke-air-force-base-ariz-the-bc3-is-an-upgrade-that-allows-the-607th-acs-to-complete-more-training-with-a-higher-volume-of-airmen-at-one-time-R1J18P.jpg,Found
3530,BC3ABA,BC3 AIR BOX ASSY,https://i.ebayimg.com/images/g/QuYAAOSw7aNcjOTz/s-l400.jpg,Found
3531,BC3B10*13*16,BC3 BEARING 10*13*16,,Not Found
3532,BC3BB,BC3 BALANCE BODY,https://flowdesignsaustralia.com/cdn/shop/files/01_8c734bee-de2f-4dc8-bdf5-a5d0a855d698.png?v=1741135709&width=1920,Found
3533,BC3C,BC3 CARBURATOR,,Not Found
3534,BC3C,BC3 CARBURATOR,https://sanken-kobe.com/wp-content/uploads/2020/04/1.jpg,Found
3535,BC3C,BC3 CARBURATOR,https://www.tolomatic.com/wp-content/uploads/2022/06/0f00bebe9f1f479d81ffddd858a5d795-orig-789x1024.jpg,Found
3536,BC3CA,BC3 CLUTCH ASSY,https://thumbs.dreamstime.com/b/fuvahmulah-island-maldives-ocean-coastline-tropical-beach-sunny-day-aerial-view-fuvahmulah-island-maldives-314591096.jpg,Found
3537,BC3CD,BC3 CLUTCH DRUM,https://cimg4.ibsrv.net/gimg/www.corvetteforum.com-vbulletin/1500x2000/img_2782_170a6620561ac0313c8440ce2eb89e5f60b5b7af.jpeg,Found
3538,BC3CH,BC3 CLUTCH ASSY,https://cimg4.ibsrv.net/gimg/www.corvetteforum.com-vbulletin/1500x2000/img_2782_170a6620561ac0313c8440ce2eb89e5f60b5b7af.jpeg,Found
3539,BC3CHE,BC3 CONTROL HANDLE,,Not Found
3540,BC3CHE,BC3 CONTROL HANDLE,https://cdn.autoparts24.eu/images/D/0122/2823162/6810dbda20638.jpg,Found
3541,BC3CLH,BC3 CLAMP LH,,Not Found
3542,BC3CLH,BC3 CLAMP LH,https://www.roofracksgalore.com.au/pub/media/catalog/product/h/t/httproofracks.sondermarketing.com.aupubmediacatalogproductbcbc2-conduit-clamp-04_1.jpg,Found
3543,BC3CLH,BC3 CLAMP LH,https://www.roofracksgalore.com.au/pub/media/catalog/product/h/t/httproofracks.sondermarketing.com.aupubmediacatalogproductbcbc2-conduit-clamp-04_1.jpg,Found
3544,BC3CP,BC3 CIRCLIP PISTON RING,https://fastlanespares.co.nz/cdn/shop/products/SPLR186_1200x857.jpg?v=1688056551,Found
3545,BC3CP,BC3 CIRCLIP PISTON RING,https://fastlanespares.co.nz/cdn/shop/products/SPLR186_1200x857.jpg?v=1688056551,Found
3546,BC3CRH,BC3 CLAMP RH,https://www.roofracksgalore.com.au/pub/media/catalog/product/h/t/httproofracks.sondermarketing.com.aupubmediacatalogproductbcbc2-conduit-clamp-04_1.jpg,Found
3547,BC3CY,BC3 CYLINDER,https://www.tolomatic.com/wp-content/uploads/2022/06/65aec8f48c38467fa272d24bdee07fba-orig.jpg,Found
3548,BC3DS,BC3 DRIVER SHAFT,https://koala.sh/api/image/v2-39uwj-xrajm.jpg?width=1344&height=768&dream,Found
3549,BC3FF,BC3 FILTER FUEL,https://www.researchgate.net/publication/286235017/figure/fig2/AS:340150765801473@1458109670121/Microwave-assisted-Synthesis-of-Amino-uracil.png,Found
3550,BC3FT,BC3 FUEL TANK,,Not Found
3551,BC3FT,BC3 FUEL TANK,https://bparts-eu.s3-eu-west-1.amazonaws.com/images/232344/big/2g2z7r7upxgrewys7iu2bfqfd1ebn71m.jpg,Found
3552,BC3FTC,BC3 FUEL TANK COVER,https://i5.walmartimages.com/seo/Fuel-Tank-Cap-Fits-Chevy-Silverado-1500-2500-2500HD-3500-Suburban-Avalanche-Tahoe-GMC-Sierra-1500HD-3500HD-Yukon-XL-Cadillac-Escalade-SUV-ESV-Gas-Doo_35e13ae8-e7d4-42c7-aee1-c1b787e3bcf0.4429596e53808143bf9ab0290240e534.jpeg,Found
3553,BC3FTUBE,BC3 FUEL TUBE,https://i.ebayimg.com/images/g/V0wAAeSwaVhodLAH/s-l500.jpg,Found
3554,BC3FTUBE,BC3 FUEL TUBE,https://i.ebayimg.com/images/g/V0wAAeSwaVhodLAH/s-l500.jpg,Found
3555,BC3G,BC3 GASKET,https://www.thesealcompany.co.uk/img/3e4c/williams-bc3-new-style-door-seal-1_500.webp,Found
3556,BC3G/C,BC3 GASKET  CYLINDER,"https://images-wixmp-ed30a86b8c4ca887773594c2.wixmp.com/f/25638c54-dc52-4ce7-92d4-65637f102a98/deoo6aq-1f85f18f-44f5-422e-a0c0-b012d999065c.jpg/v1/fill/w_729,h_1095,q_70,strp/gta_6__grand_theft_auto_vi__vice_city_map_4_4_by_avatar_sd_deoo6aq-pre.jpg?token=eyJ0eXAiOiJKV1QiLCJhbGciOiJIUzI1NiJ9.eyJzdWIiOiJ1cm46YXBwOjdlMGQxODg5ODIyNjQzNzNhNWYwZDQxNWVhMGQyNmUwIiwiaXNzIjoidXJuOmFwcDo3ZTBkMTg4OTgyMjY0MzczYTVmMGQ0MTVlYTBkMjZlMCIsIm9iaiI6W1t7ImhlaWdodCI6Ijw9ODg2NyIsInBhdGgiOiJcL2ZcLzI1NjM4YzU0LWRjNTItNGNlNy05MmQ0LTY1NjM3ZjEwMmE5OFwvZGVvbzZhcS0xZjg1ZjE4Zi00NGY1LTQyMmUtYTBjMC1iMDEyZDk5OTA2NWMuanBnIiwid2lkdGgiOiI8PTU5MDYifV1dLCJhdWQiOlsidXJuOnNlcnZpY2U6aW1hZ2Uub3BlcmF0aW9ucyJdfQ.EuvYhXjDKXOx973BAj3RzJFWg4o0irgHtVo09EFlVc0",Found
3557,BC3G/C,BC3 GASKET  CYLINDER,https://www.tolomatic.com/wp-content/uploads/2022/06/06c1e25fa27c4799938e831c615375d0-orig.jpg,Found
3558,BC3GBBR1,BC3 GB BLADE RETAINER,https://cdn11.bigcommerce.com/s-ooiiwv7z5/images/stencil/1280x1280/products/30625/16629/ZBR19.0__73778__03236.1737743881.jpg?c=2,Found
3559,BC3GBBR1,BC3 GB BLADE RETAINER,https://cdn11.bigcommerce.com/s-ooiiwv7z5/images/stencil/1280x1280/products/30625/16629/ZBR19.0__73778__03236.1737743881.jpg?c=2,Found
3560,BC3GBBR2,BC3 GB CAP WASHER,https://www.picclickimg.com/JUoAAeSwewtouET~/HYUNDAI-BAYON-BC3-Transaxle-Gear-Washer-5351311100-NEW.webp,Found
3561,BC3GBBR2,BC3 GB CAP WASHER,https://www.picclickimg.com/JUoAAeSwewtouET~/HYUNDAI-BAYON-BC3-Transaxle-Gear-Washer-5351311100-NEW.webp,Found
3562,BC3GCR,BC3 GASKET CARBURATOR,https://www.torquepower.com.au/wp-content/uploads/2022/05/3801235a.jpg,Found
3563,BC3GCR,BC3 GASKET CARBURATOR,https://chubukogyo.co.jp/wp/wp-content/uploads/2022/02/organization.jpg,Found
3564,BC3GCR,BC3 GASKET CARBURATOR,https://cdn11.bigcommerce.com/s-jcd9tbp/images/stencil/1280x1280/products/10284/54027/HCG-01-SET-16010-300-305-Genuine-Honda-Carburetor-Gasket-Sets-CB750-1969-1976__03559.1738691012.jpg?c=2,Found
3565,BC3GCR,BC3 GASKET CARBURATOR,https://cdn11.bigcommerce.com/s-jcd9tbp/images/stencil/1280x1280/products/10284/54027/HCG-01-SET-16010-300-305-Genuine-Honda-Carburetor-Gasket-Sets-CB750-1969-1976__03559.1738691012.jpg?c=2,Found
3566,BC3IG,BC3 INSULATOR  GASKET,https://asiansealing.in/_next/image/?url=https://static.asiansealing.in/wp-content/uploads/2024/06/Insulation-Gasket02.jpg&w=640&q=75,Found
3567,BC3M5X25,BC3 SCREW M5X25,https://www.coffeeomega.co.uk/wp-content/uploads/2023/04/mythos-gav-screw-head.jpg,Found
3568,BC3PB,BC3 PRIMING BULB,"https://m.media-amazon.com/images/S/aplus-media-library-service-media/c6bf3cb2-1d32-42c5-aca0-f0a1895be330.__CR0,0,970,300_PT0_SX970_V1___.jpg",Found
3569,BC3PB,BC3 PRIMING BULB,"https://m.media-amazon.com/images/S/aplus-media-library-service-media/c6bf3cb2-1d32-42c5-aca0-f0a1895be330.__CR0,0,970,300_PT0_SX970_V1___.jpg",Found
3570,BC3PN,BC3 PISTON,https://bike-lineage.org/wp-content/uploads/2023/11/balancer_piston.jpg,Found
3571,BC3PN,BC3 PISTON,,Not Found
3572,BC3PR,BC3 PISTON RING,https://www.dypistonring.com/data/upload/ueditor/20240629/667fd1a036d30.jpg,Found
3573,BC3PR,BC3 PISTON RING,https://img.yfisher.com/m5443/1712904956645-e-c1.png,Found
3574,BC3RB,BC3 RUBBER -BUMP,https://www.qualitytime-watches.co.uk/gfx/uploads/img_4_05102016155126orisc.jpg.JPG,Found
3575,BC3RB,BC3 RUBBER -BUMP,https://i.ebayimg.com/images/g/lsMAAOSw3uFa-lbZ/s-l1200.jpg,Found
3576,BC3RFT,BC3 RETAINER FUEL,https://ts3saw.com/cdn/shop/files/10-BC3-Retainer_1024x1024.png?v=1770846964,Found
3577,BC3RFT,BC3 RETAINER FUEL,https://ts3saw.com/cdn/shop/files/10-BC3-Retainer_1024x1024.png?v=1770846964,Found
3578,BC3RRB,BC3 RUBBER BUMP,https://www.rubbershox.com/cdn/shop/files/RS_Main_MUB1.jpg?v=1713374549&width=1066,Found
3579,BC3S,BC3 ALUMN TUBE -SHAFT,https://cdn11.bigcommerce.com/s-vg7sd0hmso/images/stencil/1280x1280/products/7556/106420/185349__09743.1764226039.jpg?c=1,Found
3580,BC3SA,BC3 START ASSEMBLY,https://cdn.store-assets.com/s/748078/i/85960198.png?width=1024,Found
3581,BC3SA,BC3 START ASSEMBLY,https://cdn.store-assets.com/s/748078/i/85960198.png?width=1024,Found
3582,BC3SGE,BC3 SPONGE,https://s3-ap-southeast-1.amazonaws.com/img-sociolla/img/p/3/5/7/9/1/35791-large_default.jpg,Found
3583,BC3SPG,BC3 SPARK PLUG,https://i.ebayimg.com/images/g/PB8AAeSw4g9o9wLe/s-l500.jpg,Found
3584,BC3SPG,BC3 SPARK PLUG,https://i.ebayimg.com/images/g/PB8AAeSw4g9o9wLe/s-l500.jpg,Found
3585,BC3SR,BC3 START REEL,https://bts2025.reelstart.org/wp-content/uploads/2025/09/REEL-START-DRAFT-NIGHT-STILL.webp,Found
3586,BC3TCA,BC3 THROTTLE CABLE ASSY,https://accessories.hitchcocksmotorcycles.com/1100230-1-1200.jpg,Found
3587,BC40T,BLADE BRUSH CUTTER 40T,https://www.turfmaster.co.za/wp-content/uploads/2020/10/Forty-tooth-brush-cutter-blade-alloy-s-jpg.webp,Found
3588,BC43CC,BC CARBURATOR HQ 43CC,https://gplawnmowers.co.za/cdn/shop/files/ACARMITTL43.jpg?v=1763649710&width=1100,Found
3589,BC43CS,BC 43CC CYLINDER SET  VERTIGO GOLD,https://sothebys-md.brightspotcdn.com/dims4/default/9de4007/2147483647/strip/true/crop/3543x3543+0+0/resize/4096x4096!/quality/90/?url=http://sothebys-brightspot.s3.amazonaws.com/media-desk/23/9a/49780371463bac12f02a66d35bc1/dbpvt-dfmhf.jpg,Found
3590,BC43CS/1,BC10 CYLINDER SET 43CC,https://6.allegroimg.com/original/0324b2/5c0427c74726b0172be4749dbfb6/CYLINDER-KOMPLETNY-KOSY-BC-43-BC43-NAC-SPS2043-BC-430-WLBC430-40-MM,Found
3591,BC43PS,BC PISTON SET 43CC,https://ae01.alicdn.com/kf/HTB1eLi3aiYrK1Rjy0Fdq6ACvVXaK/5Set-Lot-40mm-Piston-10mm-Pin-Kit-For-43CC-CG430-BC430-40-5-1E40F-5-Gas.jpg_.webp,Found
3592,BC4EE,BC4EE MUFLER GASKET,https://static.nurieyasan.com/media/non_year/img/74ced67448204837ac9d52948c05d4db.png,Found
3593,BC4SH,RUBBER BEARING BC4SH,https://5.imimg.com/data5/SELLER/Default/2023/2/SJ/GA/CM/2498176/rubber-bearing-bush-1000x1000.jpeg,Found
3594,BC50L,BELT COMPRESSOR Z0036/8 1 HP 50 L,https://rrindustrial.co.za/wp-content/uploads/2024/01/Compressor-50L-4.png?v=1721842608,Found
3595,BC52CS,BC 52CC CYLINDER SET,https://i5.walmartimages.com/seo/4-Set-Diameter-45mm-Chainsaw-Cylinder-and-Piston-Set-Fit-52-52Cc-Chainsaw-Spare-Parts-for-Gasoline-Oil-Chainsaw-Spares_197793bc-2c30-4793-a0b2-95f4495fe24b.b5aa12909f86aaaee11a73c2f3b16647.jpeg,Found
3596,BC52CS/1,BC10 CYLINDER SET 52CC,,Not Found
3597,BC52PS,BC PISTION SET  52CC,https://www.agriplexindia.com/cdn/shop/files/52cc-Piston-Set.png?v=1702882193,Found
3598,BC60T,BLADE BRUSHCUTTER 60T,https://csagrolk.com/wp-content/uploads/2024/10/r-1.jpg,Found
3599,BC7436,BC STARTER OMR,https://imgv2-2-f.scribdassets.com/img/document/949073237/original/f181e7bc0d/1?v=1,Found
3600,BC7436,BC STARTER OMR,https://is1-ssl.mzstatic.com/image/thumb/Purple221/v4/a9/3a/d2/a93ad26e-bd71-2f01-221c-7f7f0c2b5e2b/AppIcon-1x_U007emarketing-0-8-0-sRGB-85-220-0.png/1200x630wa.png,Found
3601,BC8,BOLT CUTTER 200MM ULTRAFAST,,Not Found
3602,BCA4,BC CLUTCH CASE ASSY 4 STROKE,https://down-id.img.susercontent.com/file/id-11134207-7qul9-lh6yeh2ll07n06,Found
3603,BCAF,BC AIR FILTER SPONGE SQUARE,https://i5.walmartimages.com/seo/Square-Shaped-Air-Filter-Sponge-Cleaner-Element-For-Harbor-Freight-Tools-Predator-6-5HP-212CC-Gas-Engine_3bc653a6-c5d3-4ecf-b168-fed2cb4ca3b7.de70b3b2f8b800d8c96d6bb58a026024.jpeg,Found
3604,BCAW,BC AB WASHER 2ST,http://hamanaka.jp/img/kumihimo_disk/disk_ouyou.jpg,Found
3605,BCAW,BC AB WASHER 2ST,https://static.wikia.nocookie.net/ea682ce8-2c28-4482-8e2a-49cb84319bbc/scale-to-width/755,Found
3606,BCBA,BRUSH CUTTER BLADE ALLYS,https://n.sinaimg.cn/sinakd20105/789/w1024h1365/20221013/b11b-58bf56f819361a6f66a2bc0be27472bd.jpg,Found
3607,BCBA,BRUSH CUTTER BLADE ALLYS,https://5.imimg.com/data5/SELLER/Default/2023/3/XH/AN/NM/125972849/40-teeth-alloy-metal-brush-cutter-blade-1-1000x1000.jpg,Found
3608,BCBELT,BC BELT DOUBLE  BLACK,https://rukminim1.flixcart.com/image/800/960/belt/h/b/q/medium-36956-bc-belts-belt-thin-web-belt-double-d-ring-buckle-1-original-imaeh93s6mdghchs.jpeg,Found
3609,BCBELT,BC BELT DOUBLE  BLACK,https://rukminim1.flixcart.com/image/800/960/belt/h/b/q/medium-36956-bc-belts-belt-thin-web-belt-double-d-ring-buckle-1-original-imaeh93s6mdghchs.jpeg,Found
3610,BCBELT/S,BC BELT SINGLE HEAVY,https://down-ph.img.susercontent.com/file/sg-11134275-824jl-mdyb59qw4ttzc3,Found
3611,BCBO,BC OILSEAL BIG,https://www.figspeed.com/oil-system/images/z20411-part.jpg,Found
3612,BCCA,BC CAP LID ASSEMBLY,https://down-id.img.susercontent.com/file/sg-11134201-821fq-mgm9srv6atxneb,Found
3613,BCCB,BC CLUTCH BOLT RAJAGRO,https://www.rajegrow.com/admin/sparepartimages/67Fm77enYd.png,Found
3614,BCCDM,BC CLUTCH DRUM,https://5.imimg.com/data5/ECOM/Default/2023/11/361148176/FI/DM/MR/59373149/bc-clutch-drum-heavy-black-1fe133f9-2535-4984-bb5d-ccfef8b7d811-1000x1000.png,Found
3615,BCCDM,BC CLUTCH DRUM,https://5.imimg.com/data5/ECOM/Default/2023/11/361148176/FI/DM/MR/59373149/bc-clutch-drum-heavy-black-1fe133f9-2535-4984-bb5d-ccfef8b7d811-1000x1000.png,Found
3616,BCCP,CARBURATER PACKING BC,https://img.drz.lazcdn.com/static/pk/p/4af75ff462badfb05c5fa021709b2bc1.jpg_720x720q80.jpg,Found
3617,BCCR,BC CLUTCH RED,,Not Found
3618,BCCR,BC CLUTCH RED,,Not Found
3619,BCCYP,BC CYLINDER PACKING,https://www.researchgate.net/profile/Woden_Kusner/publication/257069623/figure/fig8/AS:297352276529154@1447905715142/Packing-cylinders-with-high-density.png,Found
3620,BCD,BC DRUM,https://alpha.uscreencdn.com/1110xnull/images/programs/2166537/horizontal/big_inside-drum-corps-episode-2-stridetv.1680055099.jpg?auto=webp,Found
3621,BCDG,BC DRUM GOOD,https://i.ebayimg.com/images/g/za0AAOSwsStmDfdk/s-l1600.jpg,Found
3622,BCFC,BC FUEL CAP,,Not Found
3623,BCFFS,BC FUEL FILTER SMALL,https://www.lsengineers.co.uk/media/catalog/product/cache/bc91e262b74b816eeee903c912c9e009/l/f/lf98_1.jpg,Found
3624,BCFFS,BC FUEL FILTER SMALL,https://www.lsengineers.co.uk/media/catalog/product/cache/bc91e262b74b816eeee903c912c9e009/l/f/lf98_1.jpg,Found
3625,BCFFS,BC FUEL FILTER SMALL,https://www.lsengineers.co.uk/media/catalog/product/cache/bc91e262b74b816eeee903c912c9e009/l/f/lf98_1.jpg,Found
3626,BCFFS,BC FUEL FILTER SMALL,https://criclegacy.com/news/shreyas-iyer-india-t20i-captain.webp,Found
3627,BCFG,BC FRONT GUARD SET,https://cdn11.bigcommerce.com/s-a0f6sfml69/images/stencil/1280x1280/products/24880/1411240/bc-41505__89038.1716481104.jpg?c=1,Found
3628,BCFG12,BC FRONT GUARD 12,https://i.pinimg.com/originals/d2/84/19/d284193101cceb5f349bc209e38fb98d.jpg?nii=t,Found
3629,BCFG2,BC FRONT GUARD  2 strock,https://2.imimg.com/data2/ML/HQ/MY-2009729/front-guard.jpg,Found
3630,BCFP,BC FUAL PIPE ROLL 100 MTR,https://images.romegamart.com/media/product_image/BLUE_PIPE_ROLL_100_MTR__UpSjl01.jpg,Found
3631,BCFP,BC FUAL PIPE ROLL 100 MTR,,Not Found
3632,BCFP,BC FUAL PIPE ROLL 100 MTR,https://images.romegamart.com/media/product_image/BLUE_PIPE_ROLL_100_MTR__UpSjl01.jpg,Found
3633,BCFP,BC FUAL PIPE ROLL 100 MTR,https://images.romegamart.com/media/product_image/BLUE_PIPE_ROLL_100_MTR__UpSjl01.jpg,Found
3634,BCGH26,GEAR HEAD 26MM  BRUSH CUTTER,https://5.imimg.com/data5/WS/OT/MY-7129955/brush-cutter-gear-head-500x500.jpg,Found
3635,BCGH26,GEAR HEAD 26MM  BRUSH CUTTER,http://www.pngall.com/wp-content/uploads/5/Healthy-Food-Diet-PNG-Clipart.png,Found
3636,BCGS4,BC GEAR CASE ASSY 4 STROKE,https://down-ph.img.susercontent.com/file/ph-11134207-7r98p-lwkwnz9n2l1ge2,Found
3637,BCH26M,BC CLUTCH HOUSING 26MM,https://5.imimg.com/data5/SELLER/Default/2025/5/512573182/DV/EA/QD/8856423/gu-bc-52-clutch-housing-28-26mm-1000x1000.png,Found
3638,BCH28,BC HANGER 28MM,http://www.ewalker.com.sg/cdn/shop/files/4d026e00-e24a-42e2-9dde-b28062117d0c_31d130bd-3fdd-43ad-a213-7740772e24bc.jpg?v=1695703234,Found
3639,BCH28M,BC CLUTCH HOUSING 28MM,https://i.ytimg.com/vi/HxnmTbkQtg4/maxres2.jpg?sqp=-oaymwEoCIAKENAF8quKqQMcGADwAQH4Ac4FgAKACooCDAgAEAEYYiBiKGIwDw==&rs=AOn4CLDmgD22XEf-GioeOv2XDJ_t7NYNqQ,Found
3640,BCH28M,BC CLUTCH HOUSING 28MM,https://www.agriplexindia.com/cdn/shop/files/BC28mmClutchDrumHousing.jpg?v=1682395766,Found
3641,BCH28M,BC CLUTCH HOUSING 28MM,https://www.agriplexindia.com/cdn/shop/files/BC28mmClutchDrumHousing.jpg?v=1682395766,Found
3642,BCH6,BULL CHISEL FLAT 6 INCH,https://www.primetools.co.uk/wp-content/uploads/2023/03/CB68V-641x641.jpg,Found
3643,BCIC,BC IGNITION COIL ST43CC RAJAGRO,https://www.agriplexindia.com/cdn/shop/files/SAM-BC-52CC-Ignition-Coil.png?v=1702882100,Found
3644,BCIC,BC IGNITION COIL ST43CC RAJAGRO,https://www.agriplexindia.com/cdn/shop/files/SAM-BC-52CC-Ignition-Coil.png?v=1702882100,Found
3645,BCIC,BC IGNITION COIL ST43CC RAJAGRO,,Not Found
3646,BCIC,BC IGNITION COIL ST43CC RAJAGRO,https://shopping.c.yimg.jp/lib/hyog-parts/hiaceconsol-02.jpg,Found
3647,BCIR,BC INNER ROD,https://www.palport.co.jp/palport-kinokawa/wp-content/uploads/2024/03/DSC_2503.jpg,Found
3648,BCLH,BC LEFT HANDLE,https://static.vecteezy.com/system/resources/previews/036/224/623/non_2x/uttar-pradesh-district-map-with-neighbour-state-and-country-vector.jpg,Found
3649,BCLH,BC LEFT HANDLE,https://www.agriplexindia.com/cdn/shop/files/SAM-BC-Left-Handle.png?v=1702885892,Found
3650,BCPS,BC PLUG CAP WITH SPRING,,Not Found
3651,BCSA,STARTER ASSY BRUSH CUTTER RAJAGRO,http://shivatools.com/cdn/shop/files/IMG_20230626_134245.jpg?v=1687767202,Found
3652,BCSA,STARTER ASSY BRUSH CUTTER RAJAGRO,http://shivatools.com/cdn/shop/files/IMG_20230626_134245.jpg?v=1687767202,Found
3653,BCSO,BC OIL SEAL SAMLL,https://media.istockphoto.com/id/91382505/es/vector/hombre-sentado-en-el-escritorio.jpg?s=170667a&w=0&k=20&c=hos-35KNMhql_tBqRXyBbapW2HEmRH_-g7QhAajXX8Q=,Found
3654,BCSP,BC SILENCER PACKING,https://knitmeshtechnologies.com/wp-content/themes/knitmesh/img/split-placeholder.jpg,Found
3655,BCSS,SWITCH BATTERY CHAINSAW 4 INCH,https://m.media-amazon.com/images/I/71vgi9Mc8AS._AC_SL1500_.jpg,Found
3656,BCST,BC ST ASSY STEEL RAJ AGRO,https://5.imimg.com/data5/SELLER/Default/2023/11/360697465/NB/ZU/MB/10470256/mild-alloy-steel-ingots-250x250.jpeg,Found
3657,BCST,BC ST ASSY STEEL RAJ AGRO,https://5.imimg.com/data5/SELLER/Default/2023/11/360697465/NB/ZU/MB/10470256/mild-alloy-steel-ingots-250x250.jpeg,Found
3658,BCSTA,BC ST ASSY EASY 12 RAJAGRO,https://www.instacart.com/image-server/1200x1200/www.instacart.com/assets/domains/product-image/file/large_b03a3b5b-2422-4b67-9ac1-effdf68a800b.jpg,Found
3659,BCSTA,BC ST ASSY EASY 12 RAJAGRO,https://i.ytimg.com/vi/dpyFqDHCBr0/maxresdefault.jpg,Found
3660,BCSTA/1,BC ST ASSY EASY 12 RAJAGRO,https://www.instacart.com/image-server/1200x1200/www.instacart.com/assets/domains/product-image/file/large_b03a3b5b-2422-4b67-9ac1-effdf68a800b.jpg,Found
3661,BCTS,BC TANK STAND,https://img.fril.jp/img/139027061/l/394735185.jpg?1523502061,Found
3662,BCTS9T,BC TRANSIT SHAFT 9T 12%,,Not Found
3663,BCW125,CUP WHEEL SEGMENT 5 INCH,http://homdum.com/cdn/shop/products/Homdum5Inch125mmDoubleRowSegmentedRimDiamondCup_1.jpg?v=1628943656&width=2048,Found
3664,BCW125,CUP WHEEL SEGMENT 5 INCH,http://homdum.com/cdn/shop/products/Homdum5Inch125mmDoubleRowSegmentedRimDiamondCup_1.jpg?v=1628943656&width=2048,Found
3665,BCW180,CUP WHEEL SEGMENT 7 INCH,https://www.elitetoolsdirect.com/cdn/shop/files/Photoroom_20240708_133020.jpg?v=1720797533,Found
3666,BCWHS/1,HOSE SLEEVE,https://korepo.com/wp-content/uploads/2016/03/d8b79bc966c4fd476d885493bc458e7f.jpg,Found
3667,BD100445518,B&D PRESSURE WASHER SWICH KIT 1004455-18,https://ultimamac.com/Uploads/models/drawings/PW1300C_MI18_V1D1.webp,Found
3668,BD1004455-91,PRESSURE WASHER SERVICE KIT1004455-91,https://down-my.img.susercontent.com/file/e2136a51206538ed240128a6678bacb9,Found
3669,BD40K,BLACK AND DECKER LI IRON SCREW DRIVER,https://cibpartners.co.za/wp-content/uploads/2022/09/cs3652lc-qw_1-768x768.jpg,Found
3670,BD411007-1,PLUNGER411007-1,https://atlasshipcare.com/cdn/shop/files/UxcellJLXK1-411ParallelRollerPlungerLimitSwitch_3.jpg?v=1713436941&width=1445,Found
3671,BD411007-2,SPRING 411007-2,"https://media.rs-online.com/image/upload/bo_1.5px_solid_white,b_auto,c_pad,dpr_2,f_auto,h_399,q_auto,w_710/c_pad,h_399,w_710/Y0642057-01?pgw=1",Found
3672,BD65RD,BLACK&DECKER BD65RD 6MM DRILLR/F,https://makerbazar.in/cdn/shop/products/Black_Decker6.5mm400WVSROrangeRotaryDrill_BD65RD-IN-1.jpg?v=1666082471&width=1800,Found
3673,BD81588,BLACK AND DECKER COMBINATION PLIER,https://boldindustrial.co.ke/cdn/shop/files/160mm_combination_b_d_1946x.jpg?v=1711354587,Found
3674,BD81593,BLACK AND ECKER HEXKEY SET 8PIC BDHT8159,https://makerbazar.in/cdn/shop/products/81_KnuQmoOL._SL1500.jpg?v=1628217134&width=1500,Found
3675,BD81593,BLACK AND ECKER HEXKEY SET 8PIC BDHT8159,https://makerbazar.in/cdn/shop/products/81_KnuQmoOL._SL1500.jpg?v=1628217134&width=1500,Found
3676,BDC10M,BULL DRILL CHUCK  10MM,https://img.lazcdn.com/g/p/5909c85542d1d329708cbe97802d837f.jpg_720x720q80.jpg,Found
3677,BDCLAMB,MS SHEET CUTTING C-WH{BATHROOM CLAMP},https://5.imimg.com/data5/SELLER/Default/2025/4/504870937/QP/OP/SZ/113684966/ms-sheet-cutting-job-works-1000x1000.jpg,Found
3678,BDH11GC,BULL 11E GREASE CAP,https://5.imimg.com/data5/SELLER/Default/2023/1/MT/KT/WE/22792957/11-e-greece-cap-1000x1000.jpg,Found
3679,BDH11HIB,BULL GOLD DH-11H INSERT BLOCK,https://www.mctbrattberg.com/media/fuvg21zq/reinforcedblock_fibre_tubing.png?mode=max&width=480&height=480&rnd=133509981538470000,Found
3680,BDH11HSL,BULL GOLD DH11H SWITCH LOCK,https://qh-locks.com/wp-content/uploads/2024/04/lock-switch.jpg,Found
3681,BDHT570,BLACK AND DECKER SILICON GUN BDHT81570,https://www.ogashou.ogasawara.ed.jp/wp/wp-content/uploads/2020/10/DSCF6578-1024x768.jpg,Found
3682,BDL/2,BULLET LOCK 8*11  DAMU,https://www.lockstation.co.uk/media/catalog/product/cache/ba2c0c02435992afcba8a1452e287043/e/z/ezlok-oval-bullet-lock.jpg,Found
3683,BDL2,BULLET LOCK 2.1/4,https://5.imimg.com/data5/SELLER/Default/2025/12/566367428/TB/PS/XL/70893975/door-lock-kavach-bullet-2-in-1-4-3-keys-1000x1000.jpg,Found
3684,BDPM1/1,"1/2""  TABLE BRACKET (BUNCH DRILL BASE )",,Not Found
3685,BDU10,BULL CARBON BRUSH DU-10 DRILL,https://m.media-amazon.com/images/I/71ZRbs-ECnL._SL1500_.jpg,Found
3686,BEARING 6000 S/S,BEARING 6000 S/S,https://iirorwxhlkorlq5p-static.micyjz.com/cloud/lmBpkKnnlkSRqjrrimimio/ss6000.jpg,Found
3687,BEARING 6001 S/S,BEARING 6001 S/S,https://i.ytimg.com/vi/ZNcDWSywI0E/maxresdefault.jpg,Found
3688,BEARING 607,BEARING 607,https://ce8dc832c.cloudimg.io/fit/640x480/n@7472e8987990b9c18b4c784c3cd5739f66335a36/_cdn_/37/02/70/00/0/467059_1.jpg?mark_url=_tme-wrk_/tme_new.png&mark_pos=center&mark_size=100pp,Found
3689,BEARING 607,BEARING 607,https://ce8dc832c.cloudimg.io/fit/640x480/n@7472e8987990b9c18b4c784c3cd5739f66335a36/_cdn_/37/02/70/00/0/467059_1.jpg?mark_url=_tme-wrk_/tme_new.png&mark_pos=center&mark_size=100pp,Found
3690,BEARING 608,BEARING 608,https://image.made-in-china.com/2f0j00SKrtVjJGLvpF/Original-SKF-NSK-NTN-Deep-Groove-Ball-Bearing-608-Bearing.jpg,Found
3691,BEC4B,LEFT BOLT BULL EC4,https://bullcraftindustries.com/cdn/shop/files/BCIARESSTRIKERLEFTBoltHandle1.jpg?v=1698434520,Found
3692,BEC4B,LEFT BOLT BULL EC4,https://bullcraftindustries.com/cdn/shop/files/BCIARESSTRIKERLEFTBoltHandle1.jpg?v=1698434520,Found
3693,BENDB,BEND BLUE 1 1/4 INCH SUBMERSIBLE,https://i2.kknews.cc/SwKyod3YRVcQyYLPDIFV5_Od18ikjv2PWbp-Mac/0.jpg,Found
3694,BFD,"BULL DISK PAPPER 60 ,80,100,120",https://bhoomihardware.com/storage/media/IMG_20230807_172852.jpg,Found
3695,BFD,"BULL DISK PAPPER 60 ,80,100,120",https://bhoomihardware.com/storage/media/IMG_20230807_172852.jpg,Found
3696,BFD,"BULL DISK PAPPER 60 ,80,100,120",https://thumb.ac-illust.com/91/910383c31fd8352d4414a3276f6b6c33_w.jpeg,Found
3697,BFMC,BLADE FOR MARBLE CUTTING,https://5.imimg.com/data5/SELLER/Default/2022/10/ZM/XV/SF/8813926/marble-cutting-blades-1000x1000.jpeg,Found
3698,BFT2,BC FUEL TANK 2 STROCK,https://s3.toolsvilla.com/products-brushcutter2strokefueltank/1752057376486/1752057423183-watmrkA.webp,Found
3699,BG0810,BULL CARBON 0810,https://down-id.img.susercontent.com/file/id-11134207-7r990-lx2hy3xo5qy424,Found
3700,BG110,GB GRANITE SEG 110 ORANGE,https://abw-royal.ro/image/cache/catalog/imagini_produse/20250911134604000000_5351-600x600h.jpg,Found
3701,BG14B,BULL GOLD 14V BATTERY,https://www.parkrcracing.com/wp-content/uploads/2025/07/pit-bull-tires-pure-gold-4s-80c-softcase-lipo-battery-14-8v-8000mah-w-battery-life-indicator-ec5-connector-2_875x700.jpg,Found
3702,BG20B,BULL GOLD 20V BATTERY,https://img.lazcdn.com/g/ff/kf/S4ec1e06ae2dc40dab3e3b2439e905bfdg.jpg_720x720q80.jpg,Found
3703,BG500,GREESE 500GM BULL,https://thumb.photo-ac.com/4c/4cd6211217f4f92aaae333708e2e950e_w.jpeg,Found
3704,BG8213,DAMIER BENCH GRINDER 8 INCH BG8213,https://www.thespruce.com/thmb/5Ed6AvoLLQAwJ2DUr1HiEjNG8Ic=/fit-in/1388x1001/filters:no_upscale():max_bytes(150000):strip_icc()/61MyvUyBu0L._AC_SL1500_-2d900003ade343d1803f94bce93c0b5f.jpg,Found
3705,BG83502,INGCO BENCH GRINDER,https://www.courtsmammouth.mu/8850-large_default/ingco-bg83502-bench-grinder.jpg,Found
3706,BGAC24/1,BULL AIR  COMPRESSOR 24 LTR OIL FREE,https://ikade.lk/wp-content/uploads/2025/12/dfce5279-2572-42a4-9bfd-be12bb5a296d.png,Found
3707,BGAC24L,BULL AIR  COMPRESSOR 24 LTR,https://nurie-land.com/wp-content/uploads/2025/07/nurieland-2.png,Found
3708,BGAC24L,BULL AIR  COMPRESSOR 24 LTR,https://down-id.img.susercontent.com/file/900a6de195c56ceadc9a8dc83a097878,Found
3709,BGAC50L,BULL AIR COMPRESSOR BULL 50L,https://down-th.img.susercontent.com/file/th-11134207-7r98p-ltuo2f6ko30o52,Found
3710,BGAC50L/1,BULL AIR COMPRESSOR BULL 50L  OIL FREE,https://leafyeh.com/wp-content/uploads/2022032501-34.jpg,Found
3711,BGAG100/1,BULL GOLD  ANGLE GRINDER 1250W,,Not Found
3712,BGAG100GB,BGAG100 GRINDER GEAR BOX,https://down-ph.img.susercontent.com/file/cn-11134275-820l4-me59da1xnjlw9a,Found
3713,BGAG100GS,BGAG100 GRINDER GEAR BOX,https://down-ph.img.susercontent.com/file/sg-11134275-7rfgu-m9i5id1m0ccxb7,Found
3714,BGAG100LS,BGAG100 LOCK SET,https://down-ph.img.susercontent.com/file/id-11134207-7r98r-lx6awmjglmvyff,Found
3715,BGAG100LS,BGAG100 LOCK SET,,Not Found
3716,BGAG125,BULL GOLD AG-125 ANGLE GRINDER 1200W,https://content.ecogrcn.com/images/products/cz-0003862485/2T3/2T3P4KeNeEk7lKVMN1ED9p5nhV8U77aUsOSiLwWB.jpg,Found
3717,BGAG125,BULL GOLD AG-125 ANGLE GRINDER 1200W,,Not Found
3718,BGAG125BS,BEARING SLEEVE FOR GRINDER 54 INCH  607,https://i5.walmartimages.com/seo/Power-Tool-Bearing-Rubber-Sleeve-607-608-6000-Angle-Grinder-Electric-Hammer-607-Height-10Mm_b935e7d3-0753-4393-b27f-e6d8e17ddd3d.5b3acd1a22e1fda687a6f5a2f83c4630.jpeg,Found
3719,BGAG125BW,BEARING WASHER  FOR GRINDER 5 INCH,https://classroomclipart.com/image/static2/preview2/cute-cartoon-bird-outline-21-34693.jpg,Found
3720,BGAG125C,BULL CARBON BRUSH AG125,,Not Found
3721,BGAG125GB,BULL GOLD  AG-125 GEAR BOX,"https://static.wixstatic.com/media/4e7fac_9827e64c83df4cfcbd95be265a859b15~mv2.jpg/v1/fill/w_1079,h_667,q_90,enc_avif,quality_auto/4e7fac_9827e64c83df4cfcbd95be265a859b15~mv2.jpg",Found
3722,BGAG125GS,BULL GOLD AG-125 GEAR SET,https://i.ytimg.com/vi/COOOtJO-gT0/oardefault.jpg?sqp=-oaymwEkCJUDENAFSFqQAgHyq4qpAxMIARUAAAAAJQAAyEI9AICiQ3gB&rs=AOn4CLCDExf_nvq0zU43-eF_F7Kmzi7IQg,Found
3723,BGAG125LS,BULL GOLD AG-125 LOCK SET,https://i.ytimg.com/vi/COOOtJO-gT0/oardefault.jpg?sqp=-oaymwEkCJUDENAFSFqQAgHyq4qpAxMIARUAAAAAJQAAyEI9AICiQ3gB&rs=AOn4CLCDExf_nvq0zU43-eF_F7Kmzi7IQg,Found
3724,BGAG2100/1,BULL GOLD ANGLE GRINDER 1100W,https://img.amiami.jp/images/product/main/253/GOODS-04686767.jpg,Found
3725,BGAG2100/1,BULL GOLD ANGLE GRINDER 1100W,https://content.ecogrcn.com/images/products/cz-0003862485/2T3/2T3P4KeNeEk7lKVMN1ED9p5nhV8U77aUsOSiLwWB.jpg,Found
3726,BGAG230,ANGLE GRINDER 9INCH 3200W BGAG230,https://dtis8tdmkp4fg.cloudfront.net/products/corded/corded-power-tools/grinding/230mm-9-angle-grinders/ga909n/ga9090n-001.jpg,Found
3727,BGAG3100,BULL GOLD AG3-100 V/S,https://thumbs.dreamstime.com/b/golden-bull-stands-amidst-pile-coins-ai-generated-powerful-glowing-horns-triumphantly-large-gold-s-eyes-345547371.jpg,Found
3728,BGAGS6103,BULL GRINDER STAND,https://s.alicdn.com/@sc04/kf/H3f9808eca6c944548b506016b63eabafj.jpg_960x960q80.jpg,Found
3729,BGAGS6103,BULL GRINDER STAND,https://www.kroger.com/product/images/xlarge/front/0002707707163,Found
3730,BGC14V/1,BULL GOLD CORDLESS DRILL 14V,https://i.ytimg.com/vi/tx-lDFLbpZU/oardefault.jpg?sqp=-oaymwEkCJUDENAFSFqQAgHyq4qpAxMIARUAAAAAJQAAyEI9AICiQ3gB&rs=AOn4CLAUiGEOypTgvWIExVWf-rs-lwXHTg,Found
3731,BGC35/1,BULL GOLD CUT OFF MACHINE 355,https://5.imimg.com/data5/SELLER/Default/2023/7/324918687/QC/VJ/UW/2598630/swastik-gold-sg-355-cutoff-machine-500x500.jpeg,Found
3732,BGC355,BULL GOLD CUT OFF MACHINE 355,https://www.eastmanshop.com/cdn/shop/files/ECM-355a.jpg?v=1718194219,Found
3733,BGCD14V,BULL GOLD CORDLESS DRILL 14V,https://i.ytimg.com/vi/tx-lDFLbpZU/oardefault.jpg?sqp=-oaymwEkCJUDENAFSFqQAgHyq4qpAxMIARUAAAAAJQAAyEI9AICiQ3gB&rs=AOn4CLAUiGEOypTgvWIExVWf-rs-lwXHTg,Found
3734,BGCS52/1,BULL  CHAINSAW  GCS52CC,https://cdn11.bigcommerce.com/s-f4083/images/stencil/1280x1280/products/169374/227897/gcs52202014zz__59576.1643902951.jpg?c=2,Found
3735,BGCS52/1,BULL  CHAINSAW  GCS52CC,https://cdn11.bigcommerce.com/s-f4083/images/stencil/1280x1280/products/169374/227897/gcs52202014zz__59576.1643902951.jpg?c=2,Found
3736,BGCS58CC,BULL  CHAINSAW  GCS58CC,,Not Found
3737,BGDH0835,BULL  DEMOLITION HAMMER 5KG 1400W,https://m.media-amazon.com/images/I/31+e5iMkO1L._AC_.jpg,Found
3738,BGDH0835,BULL  DEMOLITION HAMMER 5KG 1400W,https://m.media-amazon.com/images/I/31+e5iMkO1L._AC_.jpg,Found
3739,BGDH0835,BULL  DEMOLITION HAMMER 5KG 1400W,https://m.media-amazon.com/images/I/31+e5iMkO1L._AC_.jpg,Found
3740,BGDH0835/1,BULL  DEMOLITION HAMMER 5KG 1400W,,Not Found
3741,BGDH0835AT,BULL GOLD ALUMINIUM TUBE  BGDH0835,https://www.grandfintube.com/wp-content/uploads/sites/22/2019/03/Customized-gold-Aluminum-pole-manufacture-1.jpg,Found
3742,BGDH0835G,BULL GEAR BGDH08355,https://cdn11.bigcommerce.com/s-o0303v9byd/images/stencil/original/products/7690/6604/13559__42591.1703793235.jpg,Found
3743,BGDH0835O,SPARE O RING 0835 BULL 5KG..(EVEREST),https://www.rubberandseal.com/wp-content/uploads/2025/02/nbr-o-rings.jpg,Found
3744,BGDH0835O,SPARE O RING 0835 BULL 5KG..(EVEREST),https://m.media-amazon.com/images/I/81bzayGybdL.jpg,Found
3745,BGDH0835P,PISTON BDH0835 BULL 5KG,https://img1.daumcdn.net/thumb/R1280x0/?scode=mtistory2&fname=https://blog.kakaocdn.net/dn/bCuihh/btq3nUv8I1Y/3NAL6MUqkGQM7MpgnbakKK/img.png,Found
3746,BGDH0835TH,BULL GOLD TOOL HOLDER DH0835,https://goldenbullet.co.in/products/electric-corded-ac-power-tools/DH-0835-A.jpg,Found
3747,BGDH11H,BULL GOLD 11E BGDH11H,https://static.vecteezy.com/system/resources/thumbnails/059/556/464/small_2x/3d-whatsapp-icon-green-glossy-square-button-instant-messaging-app-symbol-free-png.png,Found
3748,BGDU10,BULL CARBON DU10,https://seyberts.com/cdn/shop/products/bcl12_1654188521_images_products_secondary_bcl12_1652733702_bcl12_850_96de7535-e562-4175-8dbf-a7edb95fd138_768x.jpg?v=1657131726,Found
3749,BGDU10,BULL CARBON DU10,https://www.billiardsdirect.com/wp-content/uploads/2023/07/Pool-Cue-Bull-Carbon-BCL-LD10.jpg,Found
3750,BGED10,"BULL SCREW DRILL 10MM , 520W   BGED10",https://image.made-in-china.com/2f0j00FuecAoszlbkQ/Fast-Speed-10mm-Lead-Ball-Screw.jpg,Found
3751,BGED10/1,BULL GOLS ED10,https://discoveryalert.com.au/wp-content/uploads/2025/12/e251ae7c-41e4-40df-8c17-ce3a07ed9eea-scaled.jpg,Found
3752,BGED6,BULL GOLD 6MM ELECTRIC DRILL,https://m.media-amazon.com/images/I/41kSrW22SNL.jpg,Found
3753,BGED6H/1,BULL GOLD 6MM ELECTRIC DRILL,https://m.media-amazon.com/images/I/41kSrW22SNL.jpg,Found
3754,BGH28/1,28MM GEAR HEAD RED,http://www.resetagri.in/cdn/shop/products/31ChnGUuLXL.jpg?v=1688078587,Found
3755,BGID13A/1,BULL GOLD  ID 13 IMPACT DRILL 800W,https://5.imimg.com/data5/SELLER/Default/2023/11/361921805/JD/BL/AU/137861131/13mm-hid-eid13f-impact-drill-1000x1000.jpeg,Found
3756,BGID13H,BULL GOLD  ID 13 IMPACT DRILL980W,,Not Found
3757,BGJS65,BULL CARBON  JS65H,https://jscuesales.com/cdn/shop/collections/Bull_Carbon.jpg?crop=center&height=1200&v=1734633704&width=1200,Found
3758,BGLE55D,BULL LEAD VIBRATOR WITH NEEDLE LE-55D,https://asiamachinerystore.com/cdn/shop/files/Untitleddesign_16.png?v=1761836503&width=1200,Found
3759,BGLG355,BULL CARBON LG355,https://5.imimg.com/data5/SELLER/Default/2025/7/525925729/XT/IY/HB/3714767/carbon-ultratouch-lg-355-1000x1000.jpg,Found
3760,BGMC125/1,BULL GOLD MARBLE CUTTER 5 INCH MC125,https://5.imimg.com/data5/SELLER/Default/2024/9/449269543/FX/OO/LY/145871824/15-1000x1000.jpg,Found
3761,BGMC125/45,BULL  MARBLE CUTTER 5 INCH 45 DEGREE  MC125 1500W,https://5.imimg.com/data5/SELLER/Default/2025/10/553486565/JP/DO/MC/183709464/akari-apt-mc-125-marble-cutter-1000x1000.jpg,Found
3762,BGMC125/45,BULL  MARBLE CUTTER 5 INCH 45 DEGREE  MC125 1500W,,Not Found
3763,BGMC125/45,BULL  MARBLE CUTTER 5 INCH 45 DEGREE  MC125 1500W,https://5.imimg.com/data5/SELLER/Default/2025/10/553486565/JP/DO/MC/183709464/akari-apt-mc-125-marble-cutter-1000x1000.jpg,Found
3764,BGMC2,BULL GOLD MC2 -110H    MARBLE CUTTER 1150W,https://www.turtletools.in/wp-content/uploads/2025/08/320-Photoroom-4-9.webp,Found
3765,BGMC2,BULL GOLD MC2 -110H    MARBLE CUTTER 1150W,https://images.fangraphs.com/nobg_small_25702439.png,Found
3766,BGMC2/1,BULL GOLD MC2 -110H    MARBLE CUTTER 1150W,https://www.turtletools.in/wp-content/uploads/2025/08/320-Photoroom-4-9.webp,Found
3767,BGPC43CCIC,BRUSH CUTTER IGNITION COIL43CC,https://images.nexusapp.co/assets/52/14/65/25337078.jpg,Found
3768,BGPH65,BULL CARBON PH65,https://down-id.img.susercontent.com/file/8b3feb494b5b0de96833ab6ca7c68820,Found
3769,BGPH65A,BULL GOLD DEMOLISHION HAMMER 16KG PH65A,https://thiswatchworks.co.uk/wp-content/uploads/2025/09/annotated-diagram-of-Quartz-Movement--1024x683.png,Found
3770,BGPH65A/G,BULL GOLD DEMOLISHION HAMMER 16KG PH65A,https://m.media-amazon.com/images/I/51oYc45w-7L._SL1500_.jpg,Found
3771,BGPH65H,BULL GOLD PH-65H DEMOLITION HAMMER,https://lzd-img-global.slatic.net/g/ff/kf/Sa02a7cee1d5c470e8d504dc6047314c14.jpg_720x720q80.jpg,Found
3772,BGPH65H/1,BULL GOLD PH-65H DEMOLITION HAMMER,https://down-id.img.susercontent.com/file/id-11134207-7r98o-lnjmrctbe264e9,Found
3773,BGPH65H/G,BULL GOLD PH-65H DEMOLITION HAMMER,https://lzd-img-global.slatic.net/g/ff/kf/Sa02a7cee1d5c470e8d504dc6047314c14.jpg_720x720q80.jpg,Found
3774,BGPM12,BULL GOLD PUTTYMIXER PM12,https://5.imimg.com/data5/SELLER/Default/2024/10/460979268/NY/SU/CB/136187178/polymak-2-1000x1000.jpg,Found
3775,BGPT,BUTANE GAS SANPRA PREMIUM,https://5.imimg.com/data5/SELLER/Default/2020/8/LA/NV/LS/1862721/sanpra-premium-butane-gas-cartridge-spray-1000x1000.jpg,Found
3776,BGRH20/1,BULL GOLD RH-20 ROTARY HAMMER,https://rukminim2.flixcart.com/image/416/416/xif0q/hammer-drill/n/w/r/20-eb-rh-20-easy-bull-original-imaguuzrfwznyvg9.jpeg?q=70,Found
3777,BGRH22/1,BULL GOLD RH-22 ROTARY HAMMER,https://5.imimg.com/data5/SELLER/Default/2025/1/479200671/FD/ZZ/KC/4183887/kpt-22mm-rotary-hammer-drill-machine-model-name-number-rh22-1000x1000.jpg,Found
3778,BGRH226,BULL GOLD RH2-26(3 MODE) ROTARY HAMMER,https://static1.industrybuying.com/products/power-tools/electric-hammers-breakers/rotary-hammers/POW.ROT.88047788_1676356586250.webp,Found
3779,BGRH326,BULL GOLD ROTARY HAMMER DRILL RH3-26,https://images.khmer24.co/25-09-25/-3-thc-rh-26b-rotary-hammer-drill-3-modes-319042175877038797077629-b.jpg,Found
3780,BGRH326/1,BULL GOLD ROTARY HAMMER DRILL RH3-26+,https://images.khmer24.co/25-09-25/-3-thc-rh-26b-rotary-hammer-drill-3-modes-319042175877038797077629-b.jpg,Found
3781,BGS18,CHAIN BULL SUPER PVC BOX,https://fbi.cults3d.com/uploaders/23958949/illustration-file/c515a648-f1bc-4371-86fc-4aad90cc8b8d/IMG_4953.jpeg,Found
3782,BGW500N,MASTER GOLD CORDLESS WRENCH  21V 500N,https://www.pwrtools.com/data/watermark/20240320/65fa9ff53e166_.webp,Found
3783,BH12,HAND RIVERTER COMMANDER 9.5 INCH BH12,https://down-ph.img.susercontent.com/file/sg-11134201-22100-pb80eqhfrbjv8d,Found
3784,BH17X280F,SDS FLAT CHISEL 17X280F BULL,https://reisser.ie/wp-content/uploads/flat_plus.jpg,Found
3785,BH17X280P,SDS POINT BIT 17X280P BULL,https://files.idyllic.app/files/static/2308587?width=640&optimizer=image,Found
3786,BH18*400F,BULL GOLD CHISEL BIT 11E,https://2.bp.blogspot.com/-i7nZZkqEHD8/WmwiVyJheFI/AAAAAAAADSI/g_M7liUuVFMciMyD6KblmG4yNoBm2QMtwCLcBGAs/w320-h315/LOGO+UNRAM+FAKULTAS+PERTANIAN.jpeg,Found
3787,BH18*400P,BULL GOLD CHISEL 11E POINT,https://down-my.img.susercontent.com/file/0cf14ec8091819dc1e6241980e859211,Found
3788,BH19M,HINGES BIT 19MM,https://www.housedocer.com/wp-content/uploads/2023/12/Carbide-Forstner-Bit-19mm-Dia-Left-Hand.jpg,Found
3789,BH25,BILL HOOK -25,https://www.farmforestry.co.uk/wp-content/uploads/2023/08/Yorkshire-Bill-hook-1024x768.jpg,Found
3790,BH27,BILL HOOK -27,https://knifeade.com/wp-content/uploads/2023/05/Vintage-Billhook.jpg,Found
3791,BH30*410,SDS 30*410 POINT/FLAT 16KG BIT,"https://p1-634a4370.imageflux.jp/w=768,f=webp:auto,q=78/https://api.domingo.ne.jp/upload/event_category/202103/2f76c65100bdb5104192e0b12933fbc6.jpeg",Found
3792,BH309,BILL HOOK -309 (KATHAL ),,Not Found
3793,BH32M,HINGES BIT 32M,https://www.findbuytool.com/cdn/shop/products/Carbide-Forstner-Bit-32mm-Dia-Left-Hand-Detail1.jpg?v=1740729046&width=1500,Found
3794,BH35,BILL HOOK -35,https://knifeade.com/wp-content/uploads/2023/05/Vintage-Billhook.jpg,Found
3795,BH36,BILL HOOK -36,https://knifeade.com/wp-content/uploads/2023/05/Vintage-Billhook.jpg,Found
3796,BH37,BILL HOOK -37,https://knifeade.com/wp-content/uploads/2023/05/Vintage-Billhook.jpg,Found
3797,BH5,BILL HOOK -05,https://novelasligeras.net/wp-content/uploads/2019/01/Tensei-Shitara-Slime-Datta-Ken-11-2.jpg,Found
3798,BH5,BILL HOOK -05,,Not Found
3799,BH50,BILL HOOK -50,,Not Found
3800,BH50L,ACE FLOOR SWEEPER 50 L  BH50L,https://5.imimg.com/data5/SELLER/Default/2025/8/536224702/GD/CP/VT/250887249/tuqo-bh50l-floor-sweeper-500x500.jpg,Found
3801,BH56,BILL HOOK -56,https://knifeade.com/wp-content/uploads/2023/05/Vintage-Billhook.jpg,Found
3802,BH56,BILL HOOK -56,,Not Found
3803,BH57,BILL HOOK -57,https://permaculturetools.com.au/wp-content/uploads/2013/12/PT17-1.jpg,Found
3804,BH57,BILL HOOK -57,https://knifeade.com/wp-content/uploads/2023/05/Vintage-Billhook.jpg,Found
3805,BH57,BILL HOOK -57,https://permaculturetools.com.au/wp-content/uploads/2013/12/PT17-1.jpg,Found
3806,BH6,BILL HOOK -.06,https://knifeade.com/wp-content/uploads/2023/05/Vintage-Billhook.jpg,Found
3807,BH60,BILL HOOK  -60,https://knifeade.com/wp-content/uploads/2023/05/Vintage-Billhook.jpg,Found
3808,BH63,BILL HOOK  63,https://www.leevalley.com/_next/image?url=https://images.contentstack.io/v3/assets/blt050573defaf102e3/blte18044dad4b3a1fa/669c10a1754581bba7bc5ff0/https_assets.leevalley.com_Size5_10060_PA405-bill-hook-u-02-r.jpg?branch=production&w=3840&q=75,Found
3809,BH64,BILL HOOK  64,https://epicarmoury.com.au/media/image/83/a6/c0/3189-02-bill-hook.jpg,Found
3810,BH7,BILL HOOK -07,https://knifeade.com/wp-content/uploads/2023/05/Vintage-Billhook.jpg,Found
3811,BH7,BILL HOOK -07,,Not Found
3812,BH7,BILL HOOK -07,https://knifeade.com/wp-content/uploads/2023/05/Vintage-Billhook.jpg,Found
3813,BH70,BILL HOOK  70,https://preview.redd.it/70s-billhook-and-2-moras-kinda-beat-up-but-life-be-like-v0-pqu4qm5a2f4b1.jpg?width=1080&crop=smart&auto=webp&s=d7d462372c945ce323f6c716527b6d3a86235a1f,Found
3814,BH75,BILL HOOK  75,https://www.mowermagic.co.uk/acatalog/662_50_BBT12_32664.jpg,Found
3815,BH95,BILL HOOK 95,https://epicarmoury.com.au/media/image/83/a6/c0/3189-02-bill-hook.jpg,Found
3816,BH95,BILL HOOK 95,http://www.clipartbest.com/cliparts/yck/6en/yck6enr7i.png,Found
3817,BH96,BILL HOOK  -96,https://permaculturetools.com.au/wp-content/uploads/2013/12/PT17-1.jpg,Found
3818,BH97,BILL HOOK  97,https://underthebo.com/wp-content/uploads/2022/11/Khmer-rice-billhook-KM97A.jpg,Found
3819,BH97,BILL HOOK  97,https://underthebo.com/wp-content/uploads/2022/11/Khmer-rice-billhook-KM97A.jpg,Found
3820,BH98,BILL HOOK  98,,Not Found
3821,BH99,BILL HOOK  99,https://outdoorlearningresources.co.uk/cdn/shop/files/IMG_7593_jpg.webp?v=1727712031&width=2000,Found
3822,BHC/G5,BRUSH HOLDER CAP ASM02-125B GRINDER,https://ae01.alicdn.com/kf/Sf1c17e33cb464d61b0cae0f3bca6fa9b2/2Pcs-Brush-Holder-Cap-Replace-For-Makita-9528-9527-9523-NB-3707-3708-9523NB-Angle-Grinder.jpg,Found
3823,BHC2414,"BRUSH HOLDER CAP7-18FOR 2414NB, 643700-5",,Not Found
3824,BHG10SS,K-YURI-SPARES-G10SS BEARING HOUSING,https://unboxtools.com/wp-content/uploads/2024/11/06-Hitachi-G10-Ss-Angle-Grinder-100-Mm-Bearing-Housing.png,Found
3825,BHS,BULL HANDSAW,https://img.freepik.com/premium-photo/cozy-rustic-cabin-interior-with-autumn-leaves-warm-lighting_1305105-271.jpg?w=996,Found
3826,BHSO,B HOOK SCREW DRIVER,https://amio.pl/en/img/14544/product.jpg,Found
3827,BIO+,BIOMAX BLOCK REMOVER,https://m.media-amazon.com/images/I/31rbIerjK1L._SY300_SX300_QL70_ML2_.jpg,Found
3828,BIO+,BIOMAX BLOCK REMOVER,https://m.media-amazon.com/images/I/31rbIerjK1L._SY300_SX300_QL70_ML2_.jpg,Found
3829,BIOMAX,BIOMAX,,Not Found
3830,BIOWT,BIO WASTE TREATMENT PVC  SETTLEMENT TANK,https://www.ggbe.in/assets/images/advanced+bio.jpg,Found
3831,BIT,BITS FOR POWERTOOL S,,Not Found
3832,BK,BUDDING KNIFE,https://www.knives-online.com.au/assets/full/KAM108846.jpg?20210309080509,Found
3833,BKP,BUDDING KNIFE PALA,https://cdn.shopify.com/s/files/1/0066/1736/6628/products/12787_1024x1024@2x.jpg?v=1673531260,Found
3834,BKS,BUDDING KNIFE SPECIAL,https://ae01.alicdn.com/kf/S7897bb29cde04369919cbdb661b31479G/Blade-steel-budding-knife-grafting-knife-hand-made-sharp-durable-flower-seedling-grafting-knife-special.jpg,Found
3835,BKUTTY,BATHROOM KUTTY GI,https://m.media-amazon.com/images/I/81Epo7c5MgL._SL1500_.jpg,Found
3836,BL1/2,L BOW,"https://res.cloudinary.com/hype-legal/image/upload/c_lfill,f_auto,q_auto,w_600/gr/images/uploads/episode196-transparent.png",Found
3837,BL300K,BIKE LOCK 300  COMBINATION NO SIZE,https://mir-s3-cdn-cf.behance.net/project_modules/max_1200/a35d6027443089.563653420959c.jpg,Found
3838,BL5,BACK LIFT LADDER 5',https://5.imimg.com/data5/SELLER/Default/2021/1/FI/PS/KE/81475972/alco-back-lift-ladder-1000x1000.jpg,Found
3839,BL5,BACK LIFT LADDER 5',https://5.imimg.com/data5/SELLER/Default/2021/1/FI/PS/KE/81475972/alco-back-lift-ladder-1000x1000.jpg,Found
3840,BL5,BACK LIFT LADDER 5',https://5.imimg.com/data5/SELLER/Default/2021/1/FI/PS/KE/81475972/alco-back-lift-ladder-1000x1000.jpg,Found
3841,BLANK,BLANK,https://media.istockphoto.com/id/450137827/photo/blank-white-page-showing-a-blank-white-page.jpg?s=170667a&w=0&k=20&c=G1vazJRVfZDxMKGmmR0Og_UMJLl1P0necb_Fuh-wxlw=,Found
3842,BLSBD,BIT LOCK SET BENCH DRILL,https://i.pinimg.com/originals/af/36/b5/af36b5034889374b200901507f40babe.jpg,Found
3843,BM1860,BM60 CONTROLLER,https://acid-bakery.com/image/img/el-school-of-graven-mages.webp,Found
3844,BM24/50 VF,COMPRESSOR VALVE FLESK 50 L 26B,https://image.made-in-china.com/2f0j00ZpFcUAsniJgC/Intake-Valve-Jiv-50b-L-Inlet-Valve-Air-Compressor-Intake-Valve-Screw-Compressor-Spare-Parts-Rotary-Compressor-Accessories.jpg,Found
3845,BM24LV,COMPRESSOR VALVE PACK  BM24L-26-2,https://bisoncompressor.com/wp-content/uploads/2023/01/solenoid-valve-24l-non-lubricated-air-compressor-3.jpg,Found
3846,BM24LVP,COMPRESSOR VALVE PLATE BM2426.1,https://www.dycompressorparts.com/wp-content/uploads/Compressor-Plate-Valve.jpg,Found
3847,BM50AFT,COMPRESSOR AIR FILTER BIG THREAD BM50L-30,https://img.lazcdn.com/g/p/abe26a9e0a55c095e6116fe89a6c4c28.jpg_720x720q80.jpg,Found
3848,BM60GB,BM60 GEAR BOX,http://5.imimg.com/data5/SELLER/Default/2023/7/322271335/GK/DV/JE/75358038/single-phase-gear-box-1000x1000.png,Found
3849,BM60LED,BM60 LED,http://www.findaspark.co.uk/wp-content/uploads/2017/06/sir-ken-robinson-ted-talk.jpg,Found
3850,BM60S,BM60 SWITCH,https://m.media-amazon.com/images/I/61n9JYbzVUL.jpg,Found
3851,BM60S,BM60 SWITCH,https://m.media-amazon.com/images/I/61n9JYbzVUL.jpg,Found
3852,BMC2LB,MC2 -110H LEVER BOLT,,Not Found
3853,BMGAC24,BULL AIRCOMPRESSOR OIL FREE 24 LTR,https://hindustantools.in/wp-content/uploads/2023/06/IMG_1555-scaled.jpg,Found
3854,BMGAC50,BULL AIRCOMPRESSOR OIL FREE 501 LTR,https://awtools.pl/72318-large_default/oil-free-compressor-ac6-6l-15hp.jpg,Found
3855,BML4*4,BULL MULTI LADDER 4*4,https://image.made-in-china.com/202f0j00wyZthPalZEos/En131-Aluminium-Folding-Multi-Purpose-Ladder-4X4-Steps-Work-Platform.webp,Found
3856,BMT1/2,T CONNECTER,https://5.imimg.com/data5/SELLER/Default/2024/8/443025723/KW/LS/OQ/148404244/pvc-t-junction-connector-1000x1000.jpg,Found
3857,BMT1/4,T CONNECTOR,https://makerpipe.com/cdn/shop/products/FinalSilverTWithPipes_1200x.jpg?v=1707933723,Found
3858,BMT410AW,AB WASHER MT410 BULL,https://down-my.img.susercontent.com/file/9799c774bcc2804dbfb06cd270523003,Found
3859,BMT410C,CARBON BRUSH MT410 CALTEX,https://cathwell.com/wp-content/uploads/2019/12/Ship-large-with-ICCP-and-protective-current-illustration-adn-background-1024x623.png,Found
3860,BMT410C,CARBON BRUSH MT410 CALTEX,https://img.thecdn.in/332435/SKU-1967_0-1740299377688.jpg?format=webp,Found
3861,BN1900,BELT NORMAL 1900,,Not Found
3862,BNB,BAG NEEDLES BIG (KOTTA SOOCHI ),https://ebuy.com.my/image/cache/data/S1/4941-700x700.jpg,Found
3863,BNS,BAG NEEDLE (KOTTA SOOCHI ) SMALL,https://m.media-amazon.com/images/I/61mdIBkUWwL._SL1200_.jpg,Found
3864,BOARD,EXTENTION  BOARD,https://m.media-amazon.com/images/I/51ZAfq9WU2L.jpg,Found
3865,BODH0835,ORING DH0835 BULL,https://down-id.img.susercontent.com/file/id-11134275-7ra0o-mbq6ufkx49e8e9,Found
3866,BOOKB,NOTE BOOK BIG,https://m.media-amazon.com/images/I/81lKoNKTOiL._SL1500_.jpg,Found
3867,BOOKK,BOOK KING SIZE,https://image.shutterstock.com/z/stock-photo-a-tissue-slide-showing-dense-regular-connective-tissue-commonly-found-in-tendons-1308469318.jpg,Found
3868,BOOKS,BOOK SMALL,https://i.pinimg.com/originals/d2/ba/0e/d2ba0e3d3dae681cd836cd59528c53b2.jpg,Found
3869,BOOT,"GUMBOOT 6 ,8,10",https://www.safetymate.co.za/wp-content/uploads/2022/10/BSGBBM_GUMBOOT-BLACK-MENS_1040.jpg,Found
3870,BOOT10,PVC GUMBOOT BORRIS BULL 10'',https://5.imimg.com/data5/SELLER/Default/2023/6/314322671/ZX/ZJ/VG/180865847/double-bull-dual-density-gumboot-1000x1000.jpg,Found
3871,BOOT10,PVC GUMBOOT BORRIS BULL 10'',https://5.imimg.com/data5/SELLER/Default/2023/6/314322671/ZX/ZJ/VG/180865847/double-bull-dual-density-gumboot-1000x1000.jpg,Found
3872,BOOT10/1,PVC GUM BOOT BORRIS 15/10'',https://i.pinimg.com/originals/93/6a/85/936a85760883c6586fc838d8390100bf.jpg,Found
3873,BOOT10/15W,WALT PVC GUM BOOT 10 INCH BLACK,https://www.safetyfirstgroup.net/wp-content/uploads/2020/09/BLACK-PVC-GUM-BOOT.jpg,Found
3874,BOOT10/WH,WALT PVC BOOT 10 INCHSAFDOT,https://cloudflare-cdn.ncmedical.com/items/fullsize/2011_07_18_12_30_54__14_NC33900_W11.jpg,Found
3875,BOOT10/WH,WALT PVC BOOT 10 INCHSAFDOT,https://cdn.shopify.com/s/files/1/0688/7292/9509/files/1a08c9df67e101f29797e9c2f3bba35c.jpg?v=1721898080,Found
3876,BOOT10/WM,WALT PVC GUMBOOT 10 INCH MARCUS,https://5.imimg.com/data5/SELLER/Default/2024/4/410930126/TM/FM/RP/28300116/gumboot-10-inch-style-1-ft-1000x1000.jpg,Found
3877,BOOT7,BOOT 7 INCH BULL BORRIS,https://silodrome.com/wp-content/uploads/2024/08/Danner-Bull-Run-622-Wedge-Chelsea-Boot-7-740x925.jpeg,Found
3878,BOOT7/W,WALT PVC GUM BOOT 7 INCH HARSH,https://5.imimg.com/data5/SELLER/Default/2024/6/429183726/NR/GG/LD/96118259/20-20-black-red-gumboots-1000x1000.jpg,Found
3879,BOOT8/15W,WALT PVC GUM BOOT SAFEDOT BLACK 15/8 INCH,https://static.vecteezy.com/ti/gratis-vektor/p1/6229602-power-battery-tech-logo-icon-illustration-design-vorlage-vektor.jpg,Found
3880,BOOT8/WC,WALT PVC GUM BOOT 8INCH COMFORT,,Not Found
3881,BOOT8/WM,WALT PVC GUMBOOT SAFEDOT MARCUS 8 INCH /15,https://5.imimg.com/data5/SELLER/Default/2023/1/OH/OS/HH/2677458/double-bull-12-double-color-gumboot-500x500.jpg,Found
3882,BOOT8/WMS,WALT PVC GUMBOOT MARCUS WITH STEEL 8 INCH,https://5.imimg.com/data5/SELLER/Default/2025/7/529258682/LD/CN/OT/179401/duckback-steel-toe-gumboot-500x500.jpeg,Found
3883,BOOT9,PVC GUM BOOT BORRIS 9'' BULL,https://5.imimg.com/data5/SELLER/Default/2024/2/389030676/TE/EV/WT/81303386/pvc-safety-gumboots-1000x1000.jpeg,Found
3884,BOOT9/1,PVC BOOT BORRIS 15/9'',,Not Found
3885,BOOT9/15W,WALT PVC GUM BOOT 9INCH SAFDOT BLACK,https://www.safetyfirstgroup.net/wp-content/uploads/2020/09/BLACK-PVC-GUM-BOOT-640x640.jpg,Found
3886,BOOT9/WC,WALT PVC BOOT 9 INCH COMFORT,https://milansafety.com/cdn/shop/files/IMG_20240524_173518.jpg?v=1716554200&width=1445,Found
3887,BOOT9/WM,WALT PVC GUMBOOT MARCUS 9 INCH,https://5.imimg.com/data5/SELLER/Default/2023/1/OH/OS/HH/2677458/double-bull-12-double-color-gumboot-500x500.jpg,Found
3888,BOOT9/WMS,WALT PVC GUMBOOT MARCUS WITH STEEL 9 INCH,https://5.imimg.com/data5/SELLER/Default/2025/10/552985383/HC/TZ/EB/21647133/ultra-pvc-lightweight-gumboot-size-9-1000x1000.jpg,Found
3889,BORINGIBL,IBELL BIG ORING,,Not Found
3890,BOS0835,FRAME OIL SEAL DH0835,,Not Found
3891,BOS125P,BULL SANDER PAD OS-125 PAD,https://m.media-amazon.com/images/I/71XA4JM5O5L._SL1500_.jpg,Found
3892,BOX1+1,INDUSTRIAL SWITCH BOX 16A. 1+1,https://www.factorworksheets.com/wp-content/uploads/2023/05/prime-factorization-worksheet-6th-grade.png,Found
3893,BOX1+1,INDUSTRIAL SWITCH BOX 16A. 1+1,https://5.imimg.com/data5/SELLER/Default/2025/4/500382731/QO/MB/DY/6962328/2-socket-switch-board-protection-box-1000x1000.jpg,Found
3894,BOX1+1&1+2,INDUSTRIAL SWITCH BOX COMBO 1+1&1+2,,Not Found
3895,BOX1+1&1+2,INDUSTRIAL SWITCH BOX COMBO 1+1&1+2,https://image.made-in-china.com/2f0j00uqckRJzGEsby/Industrial-Switch-Socket-5-3p-32-16A-IP65-280-155-280mm-Electric-Switch-Box.jpg,Found
3896,BOX1+2,INDUSTRIAL SWITCH BOX 10 A1+2,https://eeo.today/media/wp-content/uploads/2025/11/1106kaguya4.jpg,Found
3897,BOX1+2,INDUSTRIAL SWITCH BOX 10 A1+2,https://faryuan.cc/983-large_default/56sw210-2-pole-10a-industrial-switch-with-back-box.jpg,Found
3898,BOX1+2/16,BOX RED 1+2 16 AMP,,Not Found
3899,BOX1+5,INDUSTRIAL SWITCH BOX 10A 1+5,https://faryuan.cc/983-large_default/56sw210-2-pole-10a-industrial-switch-with-back-box.jpg,Found
3900,BOX1+5,INDUSTRIAL SWITCH BOX 10A 1+5,https://faryuan.cc/983-large_default/56sw210-2-pole-10a-industrial-switch-with-back-box.jpg,Found
3901,BOX2+2,INDUSTRIAL SWITCH BOX 16A 2+2,https://5.imimg.com/data5/SELLER/Default/2025/12/565362939/YF/NN/CP/25446056/16a-2-2-industrial-switch-box-for-electrical-applications-with2-switches-2-sockets-of-16-amps-500x500.jpg,Found
3902,BP10*4,BOX PVC 10*4 CON,https://5.imimg.com/data5/SELLER/Default/2021/1/XP/AR/IO/3811343/10x4-inch-pp-concealed-box-1000x1000.jpg,Found
3903,BP509,BASE PLATE 1619P13509,https://gwequip.com.au/wp-content/uploads/2022/05/Base-Plate.jpg,Found
3904,BP5PCS,"BULL POWER TOOLS 5 PCS DRILL ,GRINDER,BLOWER ,HEATGUN ,TILE CUTTER",https://cuttermasters.com/wp-content/uploads/2025/07/PXL_20250711_180952738.jpg,Found
3905,BP8*6,BOX PVC 8*6 CON,,Not Found
3906,BP8LSS,ALCO BIG PLAT FORM LADDER 8 ' A TYPE,,Not Found
3907,BP90MM,BELT PVC 90MM PLANNER,https://5.imimg.com/data5/SELLER/Default/2025/8/540928952/KO/UP/CL/4329724/8-500x500.png,Found
3908,BPA05,ACE FLOOR POLISHER PADS BPA05,http://acevacuums.com/cdn/shop/files/floor-polishing-pads-1000x763.1551734926__27172_1200x1200.jpg?v=1762761858,Found
3909,BPAD17,BUFFER PAD 17 INCH RED SURIE,https://m.media-amazon.com/images/I/71Jgr8MGPUL._SL1500_.jpg,Found
3910,BPAD17W,BUFFER PAD 17 INCH WHITE SURIE,,Not Found
3911,BPAG801/1,BULL PRO ANGLE GRINDER 950W 4 INCH,https://media.babesource.com/galleries/68d661f2dc1c9/nic100GBP_415950051.jpg,Found
3912,BPB102,BLOCK PLANE BULLET 102,https://thumbs.worthpoint.com/zoom/images1/1/0519/16/lie-nielsen-102-block-plane-excellent_1_0334e25fa90845f74253218ff35ae264.jpg,Found
3913,BPCM4SA,CM4SA BASE PLATE,https://m.media-amazon.com/images/I/71JGmZS3kLL.jpg,Found
3914,BPCM4SA,CM4SA BASE PLATE,https://flawlesshair.com/wp-content/uploads/2023/03/blunt-cut-choppy-bob-823x1024.jpg.webp,Found
3915,BPDH0810/1,BULL GOLD DEMOLITION HAMMER 0810 5KGV 1300W,https://pilottools.in/cdn/shop/files/PL-DH810_3868x2576.png?v=1771576773,Found
3916,BPDH0835,BULL  DEMOLITION HAMMER 7KG 1550W,https://www.oreb.com/10763-large_default/milwaukee-k-750-s-7kg-1550w-demolition-drill-hammer.jpg,Found
3917,BPDH0835/1,BULL PRO DEMOLITION HAMMER DH835,https://unboxtools.com/wp-content/uploads/2025/03/01-Akari-1400-W-Demolition-Hammer-7-Kg-Apt-Dh-835-Hq.jpg,Found
3918,BPH65C,CARBON BRUSH PH65C BULL,https://down-id.img.susercontent.com/file/3d3d66aa5402bc8bb2fcbab1284dde90,Found
3919,BPH65C,CARBON BRUSH PH65C BULL,https://down-id.img.susercontent.com/file/3d3d66aa5402bc8bb2fcbab1284dde90,Found
3920,BPH65M,PH65 MOUTH  BULL,,Not Found
3921,BPH65M,PH65 MOUTH  BULL,https://www.static-src.com/wcsstore/Indraprastha/images/catalog/full/catalog-image/101/MTA-168255542/bull_mouth-seal-sparepart-jack-demolition-hammer-ph65-ph65a-ph-65-a-bull_full01.jpg,Found
3922,BPH65O,PH-65 ORING,https://images.tokopedia.net/img/cache/500-square/VqbcmM/2023/10/19/f08414b7-74a3-40a6-8fd0-957a4e2c7fdd.jpg,Found
3923,BPIPE,BLOWER PIPE RUBBER,https://m.media-amazon.com/images/I/71erskSIwNS._AC_.jpg,Found
3924,BPIPE/6B,BEND PIPE GBP /6/B GROZ,https://www.liontoolsmart.com/cdn/shop/products/GROZ-GREASE-GUN-BEND-PIPE-GBP-6-B_c90b1723-f071-477f-9cf2-174ed4d690df.jpg?v=1612522694,Found
3925,BPIPE/E,RUBBER PIPE BLOWER  EBC40,,Not Found
3926,BPM82A,BULL CARBON PM82A,https://www.billiardsdirect.com/wp-content/uploads/2023/08/Bull-Carbon-Cues-Shafts-Insert3s.jpg,Found
3927,BPM82A,BULL CARBON PM82A,https://www.biggelbachs.com/wp-content/uploads/2025/03/bcl12_1654188521_images_products_secondary_bcl12_1652733702_bcl12_850_96de7535-e562-4175-8dbf-a7edb95fd138.png,Found
3928,BPN100,EM HAMMER BALL PEIN 100 GM,https://wimg.rule34.xxx/samples/7661/sample_5ecc4f57af2aff0df2048bbe1edea5e4.jpg?8743873,Found
3929,BPN100,EM HAMMER BALL PEIN 100 GM,https://assets.katogroup.eu/i/katogroup/HF821052_02_hultafors,Found
3930,BPOLA,BATHROOM POLA GI  KG RATE,https://i5.walmartimages.com/seo/HEALTHCRAFT-Bariatric-SuperBar-Tension-Mounted-Floor-Ceiling-Grab-Bar-8Ft-Transfer-Pole-Seniors-Elderly-Adults-Handicapped-Bedroom-Kitchen-Bath-Showe_625163ee-f838-4c1c-b685-4a6e6f2467e9.d6e5509e8f9a722c099c0dce29f4ac00.jpeg,Found
3931,BPOLA,BATHROOM POLA GI  KG RATE,https://i5.walmartimages.com/seo/HEALTHCRAFT-Bariatric-SuperBar-Tension-Mounted-Floor-Ceiling-Grab-Bar-8Ft-Transfer-Pole-Seniors-Elderly-Adults-Handicapped-Bedroom-Kitchen-Bath-Showe_625163ee-f838-4c1c-b685-4a6e6f2467e9.d6e5509e8f9a722c099c0dce29f4ac00.jpeg,Found
3932,BPS8M,POWER CABLE,https://m.media-amazon.com/images/I/61Y0OejCLfL._AC_SL1500_.jpg,Found
3933,BPSFT8,BULL PRUNING SAW 8 INCH FOLDING TYPE,https://cdn11.bigcommerce.com/s-kho8nz8/images/stencil/1280x1280/products/3717/4031/Jameson_SB-8TE-F_8-inch_Folding_Pruning_Saw__43430.1603717144.jpg?c=2,Found
3934,BPSG,POWER CABLE,,Not Found
3935,BPSSM,BOARD,https://i.pinimg.com/736x/0f/f1/3a/0ff13a33f17a2c5c21244f4993dad264.jpg,Found
3936,BPSWH10,PRUNING SAW 10 INCH WOODEN HANDLE,https://i.ebayimg.com/images/g/kbAAAeSwJxBouUkB/s-l960.jpg,Found
3937,BR02,TYRE PRESSURE GUAGE,https://wonderfulengineering.com/wp-content/uploads/2018/04/Best-Digital-Tire-Pressure-Gauges-1.jpg,Found
3938,BR1900,BELT RUBBER 1900 PLANNER,http://d2u4q3iydaupsp.cloudfront.net/S5i6Ut0x0KmAB43WmVL7NBl9tjppZ3qN4V92g8l6XVwQZxqUJksdOhDryq1VD0ajbAZIBYsuBCrcn1nS9xJmASTU4pFH0ZgtHiHAFaMxxoRGHWoYtimRH7W7Mgo1RQiz,Found
3939,BR200,BLOCK REMOVER,https://m.media-amazon.com/images/I/51N3tn8DNUL._SL1001_.jpg,Found
3940,BR3/4,BLIND RIVET 3/16*3/4,https://i5.walmartimages.com/seo/Uxcell-50Pcs-3-16-x3-4-Aluminum-Blind-Rivets-Large-Head-Multi-Grip-Fasteners-Silver_697bc593-c6ad-4526-a519-82721784dae1.760f6ab13d443f8f4c1b5221d6e7b2cb.jpeg,Found
3941,BR5,"JP56 ARMATURE BERAING PULLER 5""",https://m.media-amazon.com/images/I/71njPkYFI4L._SL1500_.jpg,Found
3942,BR850,TYRE PRESSURE GUAGE KIT,https://m.media-amazon.com/images/M/MV5BMGQ0MjFkMzgtMWYwMS00ZTJlLWJjMDQtMTc0ODk4YmJiOGQ3XkEyXkFqcGc@._V1_.jpg,Found
3943,BR90MM,BELT RUBBER 90MM PLANNER,https://i.ytimg.com/vi/G1nPFCaR6Kg/maxresdefault.jpg,Found
3944,BRB4,BULL RAINBOW BLADE VERTIFIDE,,Not Found
3945,BRB8,"BRACKET WITH BEARING 8""",,Not Found
3946,BRC5,VELCRO PAD 5 INCH,https://www.hardwarespecialist.com.sg/10971-superlarge_default/5-inch-velcro-sanding-pad-for-air-sander-6-hole.jpg,Found
3947,BRDH11E,CIRCLIP RING DH11H,https://image.made-in-china.com/2f0j00hFnVmNtRECrQ/Circlip-Internal-Cirlcip-External-Circlip-DIN472-Retaining-Ring.webp,Found
3948,BRF,G10SS2 BEARNG FLANGE,https://down-ph.img.susercontent.com/file/sg-11134201-7rcej-m6m48dhuybdt3a,Found
3949,BRH20O,RH20 ORING SET,https://images.bfmtv.com/WeSWM7WME78sKLWiwRAlRX-Xmd8=/7x111:2039x1254/2032x0/images/La-presidente-du-Conseil-des-ministres-d-Italie-Giorgia-Meloni-a-Rome-le-10-fevrier-2025-2036430.jpg,Found
3950,BRH20OG,BULL RH20-ORING,https://www.cleaningspot.co.uk/6017-large_default/replacement-end-cap-o-ring-for-rh20-anf-rh40.jpg,Found
3951,BRH20OG,BULL RH20-ORING,https://pic.nximg.cn/file/20221114/32639801_184958258109_2.jpg,Found
3952,BRH2-20,BULL CARBON BRUSH RH2-20,https://img.kleinanzeigen.de/api/v1/prod-ads/images/7c/7c3ad57c-42d8-4e6d-99f3-c0a9fb5d048c?rule=$_59.AUTO,Found
3953,BRH220S,SWITCH 2-20,https://images.nintendolife.com/d2896dfd2db8e/switch-2-20.large.jpg,Found
3954,BRH226,BULL CARBON BRUSH 2-26,https://down-id.img.susercontent.com/file/id-11134207-7r98s-lo0ju3pajon0a6,Found
3955,BRH2-26OS,BULL GOLD OIL SEAL 41*30*7 RH2-26,https://ijrorwxhjiillk5q.ldycdn.com/cloud/nmBpoKjiRljSlnjorilrr/50.png,Found
3956,BRH2-26OS,BULL GOLD OIL SEAL 41*30*7 RH2-26,https://ijrorwxhjiillk5q.ldycdn.com/cloud/nmBpoKjiRljSlnjorilrr/50.png,Found
3957,BRH28,BUTTOM FOR HAMMER DRILL MALRH28,,Not Found
3958,BRNC,ROTOR NOZZLE CERAMIC,https://keyequipment.com/wp-content/uploads/2022/08/Rotor-Nozzle.png,Found
3959,BRUSH,BATHROOM BRUSH,https://m.media-amazon.com/images/I/61SC-rrDVUL._AC_SL1500_.jpg,Found
3960,BRUSH,BATHROOM BRUSH,https://m.media-amazon.com/images/I/61SC-rrDVUL._AC_SL1500_.jpg,Found
3961,BRUSH DOUBLE HOCKEY,BRUSH DOUBLE HOCKEY,,Not Found
3962,BRUSH T,BRUSH TOILET CLEANING,https://m.media-amazon.com/images/I/61SC-rrDVUL._AC_SL1500_.jpg,Found
3963,BS08,IBELL CHAIN BS08  IBLBS2008,,Not Found
3964,BS08B,BS08 GUID BAR,https://ae01.alicdn.com/kf/Sbc0d8aeb17b5420d93c7f950eae153een/16CM-Taimanin-Asagi-Igawa-Asagi-Igawa-Sakura-Second-Axe-Type-Native-Hentai-Anime-Action-Figures-PVC.jpg_.webp,Found
3965,BS220,ROTARY HAMMER RH2-20 500W BS220,https://5.imimg.com/data5/SELLER/Default/2023/1/HK/DF/NJ/1868389/forte-f-rh-2-20-re-2-20mm-rotary-hammer-500x500.png,Found
3966,BS226,ROTARY HAMMER RH2-26  BS226,,Not Found
3967,BS226,ROTARY HAMMER RH2-26  BS226,,Not Found
3968,BS451,FIBER DISK SANDING KIT BS451  12PCS,https://m.media-amazon.com/images/I/91x0bOozeML._SL1500_.jpg,Found
3969,BS800,METSO DRILL BIT SHARPNER BS800,https://images.indianexpress.com/2026/01/Devoleena-Bhattacharjee-Mumbai-home.jpg?w=270,Found
3970,BS810,METSO DRILL BIT SHARPNER BS810,https://5.imimg.com/data5/SELLER/Default/2025/12/572160378/SU/WZ/PH/250887249/khetool-portable-diamond-drill-bits-sharpner-drill-bits-sharpening-polishing-and-grinding-tool-used-1000x1000.jpg,Found
3971,BSA,BED SWITCH ANCHOR,https://5.imimg.com/data5/SELLER/Default/2023/12/368896268/CV/CA/LY/119837381/anchor-bed-switch-1000x1000.jpg,Found
3972,BSB,BACK STOP BRACKET,https://steinservicesupply.com/wp-content/uploads/img_back-stop-beam.jpg,Found
3973,BSCP10,WIRE PULLER 10 MTR BULL,,Not Found
3974,BSCP15,WIRE PULLER 15 MTRBULL,https://m.media-amazon.com/images/I/515v2EckVqL._SL1500_.jpg,Found
3975,BSCP20,CABLE PULLER 20MTR3.2 BULL,https://down-id.img.susercontent.com/file/3074dcc32e998a3e899e43064f103335,Found
3976,BSCP20,CABLE PULLER 20MTR3.2 BULL,https://down-id.img.susercontent.com/file/3074dcc32e998a3e899e43064f103335,Found
3977,BSCP25,WIRE PULLER 25 MTR BULL,https://m.media-amazon.com/images/I/41J6FQNm6zL.jpg,Found
3978,BSCP30,WIRE PULLER 30 MTR BULL,https://m.media-amazon.com/images/I/41Si9l5PQxL.jpg,Found
3979,BSD21VB,BATTERY FOR PORTABLE DRILL MACHINE 21V,https://m.media-amazon.com/images/I/71uHG7jT+tL._AC_.jpg,Found
3980,BSD21VS,SWITCH FOR PORTABLE DRILL MACHJINE,,Not Found
3981,BSH12,BSH 12 SOCKET,https://auctions.c.yimg.jp/images.auctions.yahoo.co.jp/image/dr000/auc0309/users/e8c6ba02654a091e45f07a8dc61a8327bebde832/i-img1200x675-1663553261wshklu113555.jpg,Found
3982,BSHEET,BLACK SHEET,https://www.bedsheet.com.pk/wp-content/uploads/2020/05/Plain-Black-Bed-Sheet.jpg,Found
3983,BSHEET,BLACK SHEET,https://www.bedsheet.com.pk/wp-content/uploads/2020/05/Plain-Black-Bed-Sheet.jpg,Found
3984,BSHEET,BLACK SHEET,https://www.zlclinic.com.tw/archive/image/article31/article65/5ebee4dad929d20c.jpg,Found
3985,BSHEET,BLACK SHEET,https://i.etsystatic.com/32609637/r/il/7b91f9/5051037397/il_fullxfull.5051037397_egju.jpg,Found
3986,BSHEET,BLACK SHEET,https://www.bedsheet.com.pk/wp-content/uploads/2020/05/Plain-Black-Bed-Sheet.jpg,Found
3987,BSHEET,BLACK SHEET,https://www.bedsheet.com.pk/wp-content/uploads/2020/05/Plain-Black-Bed-Sheet.jpg,Found
3988,BSHEET,BLACK SHEET,https://i.etsystatic.com/32609637/r/il/7b91f9/5051037397/il_fullxfull.5051037397_egju.jpg,Found
3989,BSHEET,BLACK SHEET,http://p6.itc.cn/images01/20201021/cdd226c19ccf4f7fbac914813a2746ed.jpeg,Found
3990,BSHEET,BLACK SHEET,https://wallpapers.com/images/hd/dark-romance-aesthetic-collage-jpg-qs97llspkfgcir3u.jpg,Found
3991,BSM330,SPIRIT LEVEL RED 30 CM BSM330,https://5.imimg.com/data5/SELLER/Default/2025/2/492183682/PZ/QI/GR/237577161/freeman-spirit-level-red-500x500.jpg,Found
3992,BSRH28,BUTTOM SLIDER FOR HAMMER DRILL MALRH28,https://s.alicdn.com/@sc04/kf/Hf9e337a7882646c7921cb1e03b311d226.jpg_960x960q80.jpg,Found
3993,BSSRH28,BUTTOM SLIDER SPRING FOR MALRH28,https://jimsreelshop.co.uk/WebRoot/Store15/Shops/50de3a2f-b72e-4eac-861b-30c18ef9512f/6913/A3A2/330F/E950/B3E3/0A48/35D4/DD51/81071.jpg,Found
3994,BT1/2,BLUE TACKS 1/2'',https://5.imimg.com/data5/SELLER/Default/2023/5/310289711/YB/CT/QE/3446779/zinc-polish-tacks-1000x1000.jpeg,Found
3995,BT1000CHPW,BITALI PRESSURE WASHER 2000W  BT1000CHPW,https://5.imimg.com/data5/ANDROID/Default/2026/1/573143417/YE/RM/SV/4156378/product-jpeg-1000x1000.jpg,Found
3996,BT1000CHPW,BITALI PRESSURE WASHER 2000W  BT1000CHPW,https://5.imimg.com/data5/ANDROID/Default/2026/1/573143417/YE/RM/SV/4156378/product-jpeg-1000x1000.jpg,Found
3997,BT1000HPW,BTALI PRESSURE WASHER  1600W BT1000HPW,https://5.imimg.com/data5/SELLER/Default/2024/1/375213063/EC/PP/NM/25670947/bt-1000-hpw-btali-high-pressure-washer-1000x1000.jpg,Found
3998,BT1000SK,SEAL KIT BT1000 HPW,http://toolsandmachines.in/cdn/shop/files/BT-1000-E-HPW_10_11zon-scaled-1.webp?v=1759224583,Found
3999,BT1000SK,SEAL KIT BT1000 HPW,https://3.bp.blogspot.com/-mHD2hlTOC98/VUCG_gGANsI/AAAAAAAACis/TQTgY6hXTJs/s1600/rosehip-oil-before-after.png,Found
4000,BT1000VK,VALVE KIT BT1000,https://d2nv0xhynkcfe3.cloudfront.net/thumbimage/840/0/1/01-02-08_BT-V28-(2-pc-Ball-Valve-1000psi---Economic-type).jpg,Found
4001,BT1060HPW,BITALI PRESSURE WASHER BT1060 2000W/170 BAR,https://m.media-amazon.com/images/I/41+Fjml40UL._SY300_SX300_QL70_ML2_.jpg,Found
4002,BT1400CV,CHECKING VALVE  BT1400 HPW  BT14003,https://images.rouseservices.com/ImageProcessor/get/getimage.aspx?guid=bf7a8fee-44c8-d8f1-06ba-4f3f6d3b5f46,Found
4003,BT1400HPW,BTALI HIGH PRESSURE WASHER 2400W/250BAR,https://5.imimg.com/data5/SELLER/Default/2026/1/574389156/EB/LG/FT/249662424/bt-2400hpw-pdf-1000x1000.jpeg,Found
4004,BT1400V,BT1400 HPW CHECKING VALVE BT14003,https://gpxthailand.com/wp-content/uploads/2023/02/รีวิว-GPX-Tuscany-150-2.jpg,Found
4005,BT16,CHAIN 16 INCH  TIGER,https://lookaside.fbsbx.com/lookaside/crawler/media/?media_id=642864657882363,Found
4006,BT16,CHAIN 16 INCH  TIGER,https://5.imimg.com/data5/SELLER/Default/2023/3/296677269/RP/SQ/YQ/114143495/tiger-chain-16-inch-1000x1000.jpg,Found
4007,BT16,CHAIN 16 INCH  TIGER,https://images.mid-day.com/images/images/2020/aug/smriti-7_l.jpg,Found
4008,Bt2,Angle Grinder Gws900-125,https://dungtienvn.com/upload/images/sanpham/bosch/may-mai-goc/GWS-900-125.jpg,Found
4009,BT56,BULLWARK STAINLESS STEEL TWEEZER 6PCS SE,https://get.pxhere.com/photo/seating-interior-plane-aircraft-jet-transport-vehicle-airline-aviation-cabin-empty-lighting-public-transport-design-passenger-passenger-jet-aircraft-cabin-storage-space-luggage-compartments-1141808.jpg,Found
4010,Bt6,Router Pof 1400 Ace,https://fatafatsewa.com/storage/media/294/6WYRZ26312.jpg,Found
4011,BTAG04,BTALI ANGLE GRINDER BTAG04 1200 PRO,https://5.imimg.com/data5/SELLER/Default/2023/11/362810294/NW/CE/QY/33090758/powerbilt-pbt-ag4-1200-angle-grinder-1000x1000.jpg,Found
4012,BTAG04/1350,BTALI ANGLE GRINDER BTAG04-1350,https://btaliinternational.com/wp-content/uploads/2026/03/BT-AG4-1350-PRO-CATALOGUE-SINGLE.jpg,Found
4013,BTAG4,"GLOBAL CORDLESS ANGLE GRINDER 4 INCH GPGBTAG4, 21V",https://5.imimg.com/data5/ANDROID/Default/2026/1/576476271/TS/IV/ZO/139617797/product-jpeg-1000x1000.jpg,Found
4014,BTAG4,"GLOBAL CORDLESS ANGLE GRINDER 4 INCH GPGBTAG4, 21V",https://5.imimg.com/data5/ANDROID/Default/2026/1/576476271/TS/IV/ZO/139617797/product-jpeg-1000x1000.jpg,Found
4015,BTCB127*450,CORE BIT 127MM*450 BIT WORLD,https://jawad-alsaffar.com/shop/91362-medium_default/diamond-wet-core-drill-bit-127-x-450-mm.jpg,Found
4016,BTCB16,SLAB CUTTING BLADE 16 INCH SEG BIT WORLD,https://img.freepik.com/premium-vector/oiu-logo-design-initial-letter-oiu-monogram-logo-using-hexagon-shape_1101554-42447.jpg?w=2000,Found
4017,BTCB203*450,CORE BIT 203MM*450 BIT WORLD,https://www.milwaukeetool.com.au/dw/image/v2/BCSS_PRD/on/demandware.static/-/Sites-mwt-master-catalog/default/dw3e37470c/Equipment/Accessories/48173080/48173080_FEAT_01.png?sw=593&sh=593,Found
4018,BTCH,BRUSH CUTTER TRIMMER HEAD,https://greenkraftagritech.com/wp-content/uploads/2021/02/TAP-GO.jpeg,Found
4019,BTCT8*40,BULL GOLD TCT 8*40,https://thumbs.dreamstime.com/b/golden-bull-stands-amidst-pile-coins-ai-generated-powerful-glowing-horns-triumphantly-large-gold-s-eyes-345547371.jpg,Found
4020,BTCT8*60,BULL GOLD TCT 8*60,https://pcdn.cstatic.io/media/f6/cc/ac/1663250552/8xREd-Bull-Gold-Blend-mit-ohne-fz.jpg,Found
4021,BTDH7,BTALI DEMOLITION HAMMER BT DH7PRO 1200,https://btaliinternational.com/wp-content/uploads/2026/03/BT-DH7-1200-HEX-PRO-CATALOGUE-SINGLE.jpg,Found
4022,BTG150,GREESE TUBE 150 GRM BULL,https://m.media-amazon.com/images/I/61XO1ZHYqSL._AC_SL1500_.jpg,Found
4023,BTIW41,GLOBAL IMPACT WRENCH 430,"https://m.media-amazon.com/images/S/aplus-media-library-service-media/2c6e214c-102b-49a6-93b6-7406b901cce2.__CR0,0,970,600_PT0_SX970_V1___.jpg",Found
4024,BTIW6,GLOBAL IMPACT WRENCH 600 N GPG-BTIW6,https://5.imimg.com/data5/SELLER/Default/2024/9/449994920/TS/SC/WB/22118169/gpg-btiw-6-1000x1000.jpg,Found
4025,BTMACCVSS,COMMON VALVE SHEET BTMACCVS,https://i.pinimg.com/originals/1e/38/1c/1e381c8b6b44cd231702d68d4602e397.jpg,Found
4026,BTMACG,COMMON GASKET 24/50 LTR BTMACG,https://cdn11.bigcommerce.com/s-z1s2kg6/images/stencil/1440x1440/products/395/1180/inspection-cover-gasket-for-redline-50-100-200__77711.1699981173.png?c=2,Found
4027,BTMACG,COMMON GASKET 24/50 LTR BTMACG,https://cdn11.bigcommerce.com/s-z1s2kg6/images/stencil/1440x1440/products/395/1180/inspection-cover-gasket-for-redline-50-100-200__77711.1699981173.png?c=2,Found
4028,BTMACR,RING COMMON 24/50LTR BTMACR,https://www.kreatives.co.ke/public/uploads/all/6WZZBz9jK4MQ13prwM4GomoKKocVZf44HUEAGbZx.png,Found
4029,BTMAS,COMMON VALVE SHEET BTMACCVS,https://i.pinimg.com/originals/1e/38/1c/1e381c8b6b44cd231702d68d4602e397.jpg,Found
4030,BTORCH,BRAZING TORCH ASI,https://m.media-amazon.com/images/I/61Wc2GVM3iL._AC_SL1500_.jpg,Found
4031,BTORCH/1,BRAZING TORCH WELDCRAFT MONKEY,https://5.imimg.com/data5/SELLER/Default/2025/6/518218479/KU/TF/EX/3409226/brazing-torch-1000x1000.jpeg,Found
4032,BTP43,GLOBAL CORDLESS  PRUNER 25 MM  BTP43,https://i5.walmartimages.com/seo/25mm-Cordless-Electric-Pruner-16-8V-Lithium-ion-Pruning-Shear-Efficient-Fruit-Tree-Bonsai-Pruning-Branches-Cutter-Garden-Tree-Pruner-Branch_b342a2ec-9035-49c8-ac75-a175c6553d36.c7f18a25ec18bdbe50cae048e03b631a.jpeg,Found
4033,BTRH20650,BTALI ROTARY HAMMER BTRH20-650,https://btaliinternational.com/wp-content/uploads/2026/03/BT-RH20-650-CATALOGUE-SINGLE.jpg,Found
4034,BTRH26800,BTALI ROTARY HAMMER DRILL BTRH26800,https://btaliinternational.com/wp-content/uploads/2026/03/BT-RH26-900-PRO-CATALOGUE-SINGLE.jpg,Found
4035,BTRH7,GLOBAL ROTARY HAMMER DRILL BTRH7,https://tiimg.tistatic.com/fp/2/009/699/rotary-hammer-drill--127.jpg,Found
4036,BTRM4.5,SEGMENT BLADE 4.5MM GENIUS,https://d91ztqmtx7u1k.cloudfront.net/ClientContent/Images/Catalogue/powerbit-segment-blade-45-114mm20230916100449.jpeg,Found
4037,BTRMB,powerbilt CERAMIC BLADE 4 INCH BITWORLD,https://5.imimg.com/data5/SELLER/Default/2025/1/485151042/YL/WV/ZP/1628653/4-inch-powerbilt-ceramic-diamond-saw-blade-1000x1000.jpg,Found
4038,BTS100,ACE TUQO HOLESAW MASONARY BTS100,https://images.tokopedia.net/img/cache/700/VqbcmM/2023/7/26/e2a08f67-73c6-411f-8a35-ef689832a499.jpg,Found
4039,BTS125,ACE TUQO HOLESAW MASONARY BTS125,https://scs-phinf.pstatic.net/MjAyNTA0MjJfMjU3/MDAxNzQ1MjQ3NzAyMDU0.8nBP9Vu8yHHmAFIbqwcgNZ2a3JuS5_qPlywOI8HGJDsg.weQ8wS7LsdmHwgOTHPFS6JGZ_mlG0RaZJEaxx4dhk9og.PNG/image|premium|thumbnail|respectsoldier_mileaders|2025|04|22|1745247702012.png?type=w800,Found
4040,BTS30,ACE TUQO HOLESAW MASONARY BTS30,https://hiproace.com/cdn/shop/files/184bf4e7-0bc1-4652-a123-1b1a650fbd0d_530x@2x.jpg?v=1687529864,Found
4041,BTS35,ACE TUQO HOLESAW MASONARY BTS35,https://hosting.photobucket.com/images/i/DinubaLumber/24322.jpg,Found
4042,BTS50,ACE TUQO HOLESAW MASONARY BTS50,https://acecutting.com/cdn/shop/files/CC2500_pic2.jpg?v=1719329078&width=1426,Found
4043,BTS55,ACE TUQO HOLESAW MASONARY BTS55,https://images.tokopedia.net/img/cache/700/VqbcmM/2023/7/26/e2a08f67-73c6-411f-8a35-ef689832a499.jpg,Found
4044,BTS60,ACE TUQO HOLESAW MASONARY BTS60,https://hosting.photobucket.com/images/i/DinubaLumber/24301.jpg,Found
4045,BTS65,ACE TUQO HOLESAW MASONARY BTS65,https://cdn-tp3.mozu.com/24645-37138/cms/37138/files/4da8c076-2b35-4fff-ac1b-b584933c2763?quality=60&_mzcb=_1649148331752,Found
4046,BTS70,ACE TUQO HOLESAW MASONARY BTS70,https://images.tokopedia.net/img/cache/700/VqbcmM/2023/7/26/e2a08f67-73c6-411f-8a35-ef689832a499.jpg,Found
4047,BTS75,ACE TUQO HOLESAW MASONARY BTS75,https://lookaside.fbsbx.com/lookaside/crawler/media/?media_id=754452112645128,Found
4048,BTW,BARICADE TAPE WHITE,https://5.imimg.com/data5/SELLER/Default/2021/3/CC/IO/ON/122932292/barricade-tape-1000x1000.PNG,Found
4049,BTY,BARICADE TAPE YELLOW,https://static.grainger.com/rp/s/is/image/Grainger/15Y425_AS01,Found
4050,BUBBLE,BUBBLE``,https://cdn.wallpapersafari.com/88/34/s4phNZ.jpg,Found
4051,BULL BLOWER,BULL BLOWER,https://mobileimages.lowes.com/productimages/cfaad319-cacc-4ef3-8971-2a872a0be7ee/76886617.jpeg?size=pdhism,Found
4052,BULL BLOWER,BULL BLOWER,https://mobileimages.lowes.com/productimages/cfaad319-cacc-4ef3-8971-2a872a0be7ee/76886617.jpeg?size=pdhism,Found
4053,BULL HEAT GUN,BULL HEAT GUN,https://down-id.img.susercontent.com/file/f9acd1c687b93edeae7980dafc2a1e28,Found
4054,BUSH 30MM,BUSH30MM,https://5.imimg.com/data5/SELLER/Default/2021/11/TX/JQ/MR/30121116/30mm-white-nylon-bush-1000x1000.jpg,Found
4055,BUSH1,BUSH,http://static4.depositphotos.com/1017265/383/i/950/depositphotos_3832556-Garden-bush.jpg,Found
4056,BUSH1,BUSH,https://gifdb.com/images/high/super-mario-odyssey-jumped-with-confetti-tewt1zmb9q067onx.gif,Found
4057,BUSH1.5,BUSH1.5,https://5.imimg.com/data5/ECOM/Default/2024/2/384635848/PA/BQ/XM/46987186/bush-15125-1706949299893-sku-0142-0-500x500.jpg,Found
4058,BUSH20MM,BUSH,https://cdn.pixabay.com/photo/2014/01/18/09/24/bush-247374_960_720.jpg,Found
4059,BUSH25MM,BUSH 25MM,https://www.electriccentre.com/image/cache/catalog/bush+long-550x550.png,Found
4060,BUSHBL,BUSH BACKLIFT LADDER RT 18%,https://thebushcompanyusa.com/wp-content/uploads/2025/02/Deluxe-Telescopic-Ladder-8.jpg,Found
4061,BUSHBL,BUSH BACKLIFT LADDER RT 18%,https://thebushcompanyusa.com/wp-content/uploads/2025/02/Deluxe-Telescopic-Ladder-8.jpg,Found
4062,BUSHDSL,BUSH DOUBLE SIDE LADDER,https://pisces.bbystatic.com/image2/BestBuy_US/images/products/da29dc20-db07-482a-8d19-9d784de68c19.jpg;maxHeight=1920;maxWidth=900?format=webp,Found
4063,BUSHSL,BUSH STRIGHT LADDER RT 18%,https://cpimg.tistatic.com/11491169/b/5/frp-stright-ladder.jpeg,Found
4064,BUSHSL,BUSH STRIGHT LADDER RT 18%,https://cpimg.tistatic.com/11491169/b/5/frp-stright-ladder.jpeg,Found
4065,BUSHST,SUPER STRONG BUSH RT,https://www.australiangeographic.com.au/wp-content/uploads/2023/01/Australian_Bush_Rat_5783-1.jpg,Found
4066,BUSHST,SUPER STRONG BUSH RT,https://lookaside.fbsbx.com/lookaside/crawler/media/?media_id=122298626900205290,Found
4067,BUSINESS PREMOTION EXP,BUSINESS PREMOTION EXP,https://c8.alamy.com/comp/2R95FHN/home-delivery-service-poster-template-for-business-promotion-express-delivery-service-social-media-post-vector-with-creative-shapes-home-delivery-bu-2R95FHN.jpg,Found
4068,BV2,BENCH VICE 2,http://livedoor.blogimg.jp/nwknews/imgs/4/8/48f00e2b.jpg,Found
4069,BVRN1,VIBRATOR  NEEDLE 1MTR BULL,https://m.media-amazon.com/images/I/61vqo44HANL._SL1487_.jpg,Found
4070,BVRN1.5,VIBREATET NEEDLE 1.5 MTR BULL,https://dragon-ball-official.com/dragonball/jp/news/2024/09/19/HP_DB_img.jpg,Found
4071,BW6202,CARBON HOLDER EBC40 OMR,https://lookaside.fbsbx.com/lookaside/crawler/media/?media_id=525979240770689,Found
4072,BW6203,HOLDER SPRING EBC40 OMR,https://imgv2-1-f.scribdassets.com/img/document/892020475/original/9368783f06/1?v=1,Found
4073,BW6207,FAN BODY EBC40 OMR,https://5.imimg.com/data5/SELLER/Default/2023/1/NC/AD/TQ/22792957/ebc-40-blower-fan-1000x1000.jpg,Found
4074,BW6209,MOTOR BODY EBC40 OMR,https://5.imimg.com/data5/SELLER/Default/2024/4/411241905/BE/CR/LV/154588982/1-hp-motor-body-500x500.jpg,Found
4075,BWBP,WELDING TORCH,https://i5.walmartimages.com/asr/1fb3958e-e652-458b-9b91-66ba902e1994.49e4b8c68f7ba321a3a9fa2fb8214a45.jpeg,Found
4076,BWC114,BROWN SEGMENTED WALL CHASER 114MM,https://imgv2-2-f.scribdassets.com/img/document/705203470/original/7b7cc3f4ec/1710570084?v=1,Found
4077,BWN,BRASS WELDING NOZZLE,https://5.imimg.com/data5/SELLER/Default/2023/1/SW/YQ/JN/160321388/mig-welding-nozzle-500x500.jpeg,Found
4078,BWW,BATHROOM & WINDOW WIPER,https://down-my.img.susercontent.com/file/sg-11134201-22110-7asxppidq0jv60,Found
4079,C0,KARANDI,https://www.muhajarcloth.com/wp-content/uploads/2021/12/MuhajarCloth.com_166.jpg,Found
4080,C0,KARANDI,https://she9.pk/wp-content/uploads/2023/09/Taana-Baana-Karandi-Fabric.jpg,Found
4081,C0,KARANDI,https://www.muhajarcloth.com/wp-content/uploads/2021/12/MuhajarCloth.com_166.jpg,Found
4082,C05,LANCE CONNECTER BRASS CARWASHER,https://ae01.alicdn.com/kf/H78f5f84e48aa42b2b4ae73df9e7b4c954/WAERTA-1-4-Foam-Lance-Copper-Quick-Connector-Brass-Pipe-Fittings-High-Pressure-Foam-Gun-Car.jpg,Found
4083,C1,KARANDI,https://c.pxhere.com/photos/e3/97/balance_ballerina_ballet_classic_dance_dancer_don_quixote_elegant-945447.jpg!d,Found
4084,C1,KARANDI,https://img.freepik.com/premium-vector/bangladesh-flag-vector-illustration_1300495-29.jpg?semt=ais_hybrid,Found
4085,C10FCE2,HIKOKI METER SAW  C10FCE2,https://cdn1.npcdn.net/images/16721340448c5b883009f915c6b2977d38a079ea45.webp?md5id=f51cf26546d2015352cabae5d9b01b81&new_width=1000&new_height=1000&size=max&w=1681968083&from=jpg&type=1,Found
4086,C110*30T,K2 CORE CUT WOOD CUTTING 110*30T,https://m.media-amazon.com/images/I/91qhkkRZ-PL.jpg,Found
4087,C110*40T,K2 CORE CUT WOOD CUTTING 110*40T,https://images.nexusapp.co/assets/b1/52/23/215871300.jpg,Found
4088,C12,LANCE CONNECTOR C 12,https://00c9c0f6.img.yafex.com/upload/product/2022/12/28/UUU0178504/original/e60f570fba56633fbac13fda654077e4.jpeg,Found
4089,C125,PATTA DRY WALL3/4(19*6),https://dms.mydukaan.io/original/webp/media/fb6098a3-70df-4f7b-bdf0-25fc25f629e3.jpg,Found
4090,C125,PATTA DRY WALL3/4(19*6),https://cdn11.bigcommerce.com/s-z1j8jc5ejl/images/stencil/1280x1280/products/157548/307863/patta_gypblkcor_01_1__63518.1652101554.jpg?c=1,Found
4091,C125,PATTA DRY WALL3/4(19*6),https://dms.mydukaan.io/original/webp/media/fb6098a3-70df-4f7b-bdf0-25fc25f629e3.jpg,Found
4092,C150,ORING HOSE 21*2 MM,https://rapidhydraulichoses.co.uk/images/Measure-Final-img-10.png,Found
4093,C1773,SOCKET 1773(UNIVERSAL JOINT ),http://5.imimg.com/data5/SELLER/Default/2024/6/429616583/ZD/ZA/BC/75336779/taparia-1773-75mm-universal-joint-socket-accessories-1000x1000.jpg,Found
4094,C2.,KARANDI,https://png.pngtree.com/png-clipart/20230423/original/pngtree-simple-abstract-line-art-png-image_9077462.png,Found
4095,C2.,KARANDI,https://www.thefabricstore.pk/cdn/shop/files/FSE379-SKY-BLUE-_4_800x.png?v=1696830699,Found
4096,C3,KARANDI,https://www.muhajarcloth.com/wp-content/uploads/2021/12/MuhajarCloth.com_166.jpg,Found
4097,C3,KARANDI,https://www.muhajarcloth.com/wp-content/uploads/2021/12/MuhajarCloth.com_166.jpg,Found
4098,C362,13MM CHUCK KEY CALTEX,https://5.imimg.com/data5/SELLER/Default/2024/8/447340757/QF/DX/LM/25746288/13mm-caltex-drill-chuck-key-500x500.jpeg,Found
4099,C362,13MM CHUCK KEY CALTEX,https://5.imimg.com/data5/SELLER/Default/2024/8/447340757/QF/DX/LM/25746288/13mm-caltex-drill-chuck-key-500x500.jpeg,Found
4100,C4,KARANDI,https://www.muhajarcloth.com/wp-content/uploads/2021/12/MuhajarCloth.com_166.jpg,Found
4101,C4,KARANDI,https://www.muhajarcloth.com/wp-content/uploads/2021/12/MuhajarCloth.com_166.jpg,Found
4102,C5,KARANDI,https://www.muhajarcloth.com/wp-content/uploads/2021/12/MuhajarCloth.com_166.jpg,Found
4103,C5025,ALF CORDLESS CHAINSAW 21VC5025,https://m.media-amazon.com/images/I/81zXfl-DO-L._AC_.jpg,Found
4104,C6,KARANDI,https://www.muhajarcloth.com/wp-content/uploads/2021/12/MuhajarCloth.com_166.jpg,Found
4105,C7SS,SPINDLE &GEAR -C7SS,https://www.maina.it/wp-content/uploads/gear-spindles-maina-5-1000x667.jpg,Found
4106,CA400V,MMA CAPACITOR 470UF400V 105 DEGREE,https://http2.mlstatic.com/D_NQ_NP_943318-MLB82616398523_022025-O.webp,Found
4107,CABLI2001,INGCO CORDLESS ASPIRATOR BLOWER,https://toolz4industry.com/wp-content/uploads/2023/02/ingco-cordless-blower-cabli2001-42.png,Found
4108,CABLI20028,INGCO CORDLESS BLOWER,https://m.media-amazon.com/images/I/61A7rywSYPL._SL1500_.jpg,Found
4109,CAGLI201008BG,BEVEL GEAR FOR CAGLI201008-SP-2,https://img.freepik.com/premium-photo/blooming-wildflowers-with-rainbow-background_1077802-87627.jpg,Found
4110,CAGLI2210032,INGCO CORDLESS ANGLE GRINDER,https://www.hardwarespecialist.com.sg/22326-superlarge_default/ingco-20v-lithium-ion-100mm-brushless-cordless-angle-grinder.jpg,Found
4111,CAGLI261021,INGCO CORDLESS ANGLE GRINDER,https://www.hardwarespecialist.com.sg/22326-superlarge_default/ingco-20v-lithium-ion-100mm-brushless-cordless-angle-grinder.jpg,Found
4112,CAGLI261021,INGCO CORDLESS ANGLE GRINDER,https://toolz4industry.com/wp-content/uploads/2022/02/ingco-cordless-angle-grinder-cagli1001-55.png,Found
4113,CAGLI261021-SP-10,INGCO SPARE CAGLI261021-SP-10,https://down-th.img.susercontent.com/file/sg-11134201-7rd5a-m7c4hapud02x13,Found
4114,CAGLI261021-SP-15/29,INGCO SPARE  CAGLI261021-SP-15/29,https://res-sg.togroup.com/stc/home_product/ingco/userfiles/1/images/photo/20250121160023136/CAGLI261021.jpg,Found
4115,CAGLI261021-SP-3,INGCO SPARE CAGLI261021-SP-3/4/7/9,https://wallpapercave.com/wp/PCT4etm.jpg,Found
4116,CAGLI261021-SP-5,INGCO SPARE CAGLI261021-SP-5,https://cdn.image.st-hatena.com/image/scale/7dcc3dddb811210f9a2961f59ba750e02a957725/backend=imagemagick;version=1;width=1300/https://cdn-ak.f.st-hatena.com/images/fotolife/m/mamirin_chuzuma/20250124/20250124054537.jpg,Found
4117,CAGLI261021-SP-6,INDCO SPARE CAGLI261021-SP-6,https://talentbreakthrough.com/wp-content/uploads/2016/03/infographic-useful-google-search-tips.png,Found
4118,CAGLI261021-SP-8,INGCO  SPARE CAGLI261021-SP-8,https://res-sg.togroup.com/stc/home_product/ingco/userfiles/1/images/photo/20250121160023136/CAGLI261021.jpg,Found
4119,CAH,ALUMINIUM HANDLE,https://5.imimg.com/data5/SELLER/Default/2024/8/444994951/VY/YW/CD/192824482/1007-aluminum-door-handle-1000x1000.jpg,Found
4120,CAL1908,CALTEX COLD CHISEL 19MM*8 INCH  1908,https://5.imimg.com/data5/SELLER/Default/2021/4/JC/BA/YJ/25746288/chisel-with-wooden-hand-500x500.jpg,Found
4121,CAL1910,CALTEX COLD CHISEL PVC POINT 19*250,https://cdn11.bigcommerce.com/s-1qmaqa25jp/images/stencil/1280x1280/products/12121/41549/64681_BD5G-AP__06973.1680784684.jpg?c=1,Found
4122,CAL1910,CALTEX COLD CHISEL PVC POINT 19*250,https://cdn11.bigcommerce.com/s-1qmaqa25jp/images/stencil/1280x1280/products/12121/41549/64681_BD5G-AP__06973.1680784684.jpg?c=1,Found
4123,CAL1910F,CALTEX COLD CHISEL PVC GRIP FLAT 19*250,https://enson.co.za/wp-content/uploads/2024/11/siproduct-1995-13118-17da3f067f66a739c75004686f85dd885452ef7a.jpg,Found
4124,CAL1910F,CALTEX COLD CHISEL PVC GRIP FLAT 19*250,https://www.anviltool.co.uk/wp-content/uploads/2021/05/CC32G_DFC0420405.png,Found
4125,CAL1910F,CALTEX COLD CHISEL PVC GRIP FLAT 19*250,https://enson.co.za/wp-content/uploads/2024/11/siproduct-1995-13118-17da3f067f66a739c75004686f85dd885452ef7a.jpg,Found
4126,CAL1910P,CALTEX COLD CHISEL PVC GRIT POINT 19*250,https://powerhouse.com.ph/cdn/shop/files/IMG_6180_fd415196-f474-42c4-93c0-5a5eba70197d_400x@2x.png?v=1740621446,Found
4127,CALI2610,INGCO CORDLESS ANGLE GRINDER CAGLI261021,https://5.imimg.com/data5/SELLER/Default/2025/3/499305211/GI/HR/MT/51779327/cagli261021-ingco-cordless-angle-grinder-1000x1000.jpg,Found
4128,CALT055,TELESCOPIC ALUMINIUM LADDER CALT055 14 STEP,https://5.imimg.com/data5/SELLER/Default/2024/8/439480155/SJ/OI/SQ/75336779/corvids-18-ft-portable-and-compact-aluminium-telescopic-ladder-with-14-steps-calt-055-1000x1000.jpg,Found
4129,CALT062,TELESCOPIC ALUMINIUM LADDER CALT062 16 STEP,https://5.imimg.com/data5/SELLER/Default/2024/4/409005278/GT/ET/TB/129223657/01-500x500.jpeg,Found
4130,CALT065,TELESCOPIC ALUMINIUM LADDER CALT065 16 STEP,https://www.ewarehouse.my/image/cache/catalog/Home_Store/Telescopic_Extension_Ladder_4-1200x1200.jpg,Found
4131,CALTD44,TELESCOPIC LADDER ALUMINIUM CALT-D44,https://static1.industrybuying.com/products/material-handling-and-packaging/ladder/telescopic-ladder/MAT.TEL.35447853_1668182826542.webp,Found
4132,CALTD56,TELESCOPIC ALUMINIUM LADDER CALT-D56,https://5.imimg.com/data5/SELLER/Default/2024/1/380354214/MP/HW/RN/75336779/mat-tel-95447876-1-1000x1000.jpg,Found
4133,CALTFP44,TELESCOPIC ALUMINIUM LADDER CALT FP44 11 STEP,https://5.imimg.com/data5/SELLER/Default/2023/11/364300651/TC/QN/DQ/147135535/3-2-m-150kg-11-step-telescopic-aluminium-folding-step-ladder-500x500.jpeg,Found
4134,CALTFP50,TELESCOPIC ALUMINIUM LADDER CALT FP50 13 STEP,https://isopllc.com/uk/wp-content/uploads/sites/2/2025/08/prof-telescopic-ladder.jpg,Found
4135,CAN10,CALTEX AVIATION SNIP 10 INCH,https://5.imimg.com/data5/SELLER/Default/2021/4/RR/JT/NV/25746288/aviation-snip-cutter-1000x1000.jpg,Found
4136,CAP,CAP (250/120,https://m.media-amazon.com/images/I/31EuaAshIQL.jpg,Found
4137,CAP1.5/440,CAPACITOR RW 1.50/440,https://5.imimg.com/data5/SELLER/Default/2023/1/JU/HN/CZ/1760152/50-kvar-440-volt-6-terminal-power-capacitor-with-mcb-for-agriculture-use-1000x1000.jpeg,Found
4138,CAP1.85/440,CAPACITOR 1.85/440,https://cpimg.tistatic.com/2636934/b/4/1-85-mfd-440-volt-fan-capacitors.jpg,Found
4139,CAP10,KELTRON 15MFD CAPACTOR,https://m.media-amazon.com/images/I/81J5GOcQgmL._SL1500_.jpg,Found
4140,CAP100/120,KELTRON CAPASITOR100/120,https://5.imimg.com/data5/SELLER/Default/2020/8/HO/MD/EP/1760152/new-product-1000x1000.jpeg,Found
4141,CAP12.5UF,CAPASITER,https://thumbs.dreamstime.com/z/structure-capacitor-dielectric-material-placed-two-conducting-electrodes-vector-illustration-structure-172005298.jpg,Found
4142,CAP120/150,CAPASITER,https://thumbs.dreamstime.com/z/structure-capacitor-dielectric-material-placed-two-conducting-electrodes-vector-illustration-structure-172005298.jpg,Found
4143,CAP15,CAPASITERCAP1,https://images.tcdn.com.br/img/img_prod/648216/kit_1000_pecas_super_capacitor_cap_60f_2_7v_radial_pth_18x40_verde_218386_1_c7bc7d6e0049185fd64618a6b2530f54.jpg,Found
4144,CAP2.25/440,CAPACITOR 2.25/440,https://www.capacitorindustries.com/wp-content/uploads/CPP2X254-4.40C_2-scaled.jpg,Found
4145,CAP2.5,KELTRON 2.5 MFD CAPACTOR,https://m.media-amazon.com/images/I/61F-yBZ-TmL._AC_SS450_.jpg,Found
4146,CAP2.5,KELTRON 2.5 MFD CAPACTOR,https://m.media-amazon.com/images/I/61F-yBZ-TmL._AC_SS450_.jpg,Found
4147,CAP2.5/440,CAPACITOR 2.50/440,https://images.tcdn.com.br/img/img_prod/697864/capacitor_duplo_50_2_5uf_440_450vca_50_2_5uf_55x105mm_cbb65_tk_25841_2_c562cfab3e36a065dcf63fec04326363.jpeg,Found
4148,CAP2/440,CAPACITOR 2.00/440,https://electricalfusesandcontactors.com/wp-content/uploads/2025/06/abb-heavy-duty-cylindrical-capacitor-2kvar-440v-60hz-model-1hyc414007-102-1-closeup-1024x1024.jpg,Found
4149,CAP200UF,CAPACITOR FOR 200UF,https://image.made-in-china.com/2f0j00SBpkgRTnZjqh/200UF-450VAC-Film-Capacitor-for-Power-Electronics.jpg,Found
4150,CAP20UF,CAPASITER 20UF,https://as1.ftcdn.net/v2/jpg/02/30/37/36/1000_F_230373692_TcVgOxIBYOgChnAco1YQxHji7ITv3SUN.jpg,Found
4151,CAP20UF,CAPASITER 20UF,https://i5.walmartimages.com/seo/CBB65-20uf-Run-Capacitor-20mfd-1pack-AC-450V-Aluminum-Case-Motor-Start-Capacitor_fa734aba-370f-4cc5-8ed9-a009c735d970.3a7d2c636f76b46be15b47d2c24a2a81.jpeg,Found
4152,CAP25UF,CAPASITER,https://thumbs.dreamstime.com/z/structure-capacitor-dielectric-material-placed-two-conducting-electrodes-vector-illustration-structure-172005298.jpg,Found
4153,CAP25UF,CAPASITER,https://img.freepik.com/premium-vector/basic-structure-capacitor-capacitor-construction-electronic-electrical-physics_786898-81.jpg?w=1800,Found
4154,CAP3,CAPASITOR PPW 3.,https://lookaside.fbsbx.com/lookaside/crawler/media/?media_id=1048406137284669,Found
4155,CAP3.5UF,CAPASITOR,https://cf.shopee.co.id/file/28e8bf9b0c3e973d64d1805b27a03199,Found
4156,CAP30UF,CAPASITER  30UF,https://image.made-in-china.com/2f0j00tYcqfVSgvEke/Cbb65-30UF-450VAC-Capacitor.jpg,Found
4157,CAP30UF,CAPASITER  30UF,https://image.made-in-china.com/2f0j00tYcqfVSgvEke/Cbb65-30UF-450VAC-Capacitor.jpg,Found
4158,CAP30UF,CAPASITER  30UF,https://image.made-in-china.com/2f0j00tYcqfVSgvEke/Cbb65-30UF-450VAC-Capacitor.jpg,Found
4159,CAP30UF,CAPASITER  30UF,https://image.made-in-china.com/2f0j00tYcqfVSgvEke/Cbb65-30UF-450VAC-Capacitor.jpg,Found
4160,CAP36UF,CAPASITER,https://m.media-amazon.com/images/I/A13yQFcZGEL.jpg,Found
4161,CAP4,KELTRON 4MFD CAPACTOR,http://shivatools.com/cdn/shop/products/IMG_20220421_111805.png?v=1650520514,Found
4162,CAP40,CAPASITER,https://thumbs.dreamstime.com/z/structure-capacitor-dielectric-material-placed-two-conducting-electrodes-vector-illustration-structure-172005298.jpg,Found
4163,CAP40UF,CAPASITER,https://img.freepik.com/premium-vector/basic-structure-capacitor-capacitor-construction-electronic-electrical-physics_786898-81.jpg?w=1800,Found
4164,CAP40UF,CAPASITER,https://thumbs.dreamstime.com/z/structure-capacitor-dielectric-material-placed-two-conducting-electrodes-vector-illustration-structure-172005298.jpg,Found
4165,CAP45UF,CAPASITER,https://thumbs.dreamstime.com/z/structure-capacitor-dielectric-material-placed-two-conducting-electrodes-vector-illustration-structure-172005298.jpg,Found
4166,CAP470UF,CAPASITOR  450V X470UF SLIM TYPE,https://makerselectronics.com/wp-content/uploads/2020/01/s-l1600-2023-12-05T113213.764-1600x1600.jpg,Found
4167,CAP5,CAPACITOR PPW 5,https://thumbs.dreamstime.com/b/rough-plaster-wall-yellow-obvious-divorces-surface-texture-rough-plaster-wall-yellow-obvious-divorces-150536944.jpg,Found
4168,CAP50UF,CAPASITER,https://thumbs.dreamstime.com/z/structure-capacitor-dielectric-material-placed-two-conducting-electrodes-vector-illustration-structure-172005298.jpg,Found
4169,CAP6,CAPACITOR 6,https://procoffeegear.com/cdn/shop/files/2Capacitor.png?v=1694133483,Found
4170,CAP60MF,CAPASITER,https://thumbs.dreamstime.com/z/structure-capacitor-dielectric-material-placed-two-conducting-electrodes-vector-illustration-structure-172005298.jpg,Found
4171,CAP72,KELTRON 72MFD CAPACTOR,https://5.imimg.com/data5/XE/IV/SY/SELLER-46652879/keltron-capa-v1-250x250.jpg,Found
4172,CAP8,KELTRON 8MFD CAPACTOR,https://m.media-amazon.com/images/I/81aCv+yRYDL._SL1500_.jpg,Found
4173,CAR1R,RENTAL CAR WASH  VOYLET,https://images.turo.com/media/vehicle/images/gST4gUYwSqeoFDZW1guqTQ.1200x630.jpg,Found
4174,CAR1R,RENTAL CAR WASH  VOYLET,https://images.turo.com/media/vehicle/images/gST4gUYwSqeoFDZW1guqTQ.1200x630.jpg,Found
4175,CARBON S/S,CARBON S/S,https://www.alexanderjarvis.com/wp-content/uploads/2023/10/Do-Schools-Kill-Creativity-SPEECH-collection-1-.jpg,Found
4176,CARBURATER,CARBURATER ASSY HUSQ.,https://blog-imgs-101-origin.2nt.com/w/i/f/wifemaniac/6000_00723_04.jpg,Found
4177,CARTOOLS,MAISON TOOLS KIT,https://www.maisonwhite.co.uk/wp-content/uploads/2024/11/GEN826UK_2_cb5bfb1c-a552-4f81-8760-332502b2fe49_1800x1800.jpg.webp,Found
4178,CASH COVER,CASH COVER,https://i.etsystatic.com/46615419/r/il/7cef69/5411512218/il_fullxfull.5411512218_bgu7.jpg,Found
4179,CATCHER,CHAIN CATCHER,"https://i0.wp.com/cycletechreview.com/wp-content/uploads/2013/05/K-Edge-Chain-Catcher1.jpg?fit=2028,1521&ssl=1",Found
4180,CB0810,K DAMIER CARBON BRUSH 0810T,https://5.imimg.com/data5/ANDROID/Default/2024/11/465495051/XU/QM/HB/45942796/product-jpeg-500x500.jpg,Found
4181,CB0810,K DAMIER CARBON BRUSH 0810T,https://5.imimg.com/data5/ANDROID/Default/2024/11/465495051/XU/QM/HB/45942796/product-jpeg-500x500.jpg,Found
4182,CB0810,K DAMIER CARBON BRUSH 0810T,https://5.imimg.com/data5/ANDROID/Default/2024/11/465495051/XU/QM/HB/45942796/product-jpeg-500x500.jpg,Found
4183,CB1/4,CORE BIT 1/4 INCH  SUN EVEREST,https://i5.walmartimages.com/seo/1-4-Diamond-Drill-Bit-1-4-inch-3-Pack-Porcelain-Tile-Drill-Bit-Glass-Drill-Bit-Diamond-Tip-Bit-Core-Guide-Hold-Place-Prevent-Jumping-6mm-Porcelain-Dr_3abbf3e2-3b08-499b-b0c1-a0b9cf379b21.3a05c28f2152190548ef24091c7533fe.jpeg,Found
4184,CB1/4,CORE BIT 1/4 INCH  SUN EVEREST,https://i5.walmartimages.com/seo/1-4-Diamond-Drill-Bit-1-4-inch-3-Pack-Porcelain-Tile-Drill-Bit-Glass-Drill-Bit-Diamond-Tip-Bit-Core-Guide-Hold-Place-Prevent-Jumping-6mm-Porcelain-Dr_3abbf3e2-3b08-499b-b0c1-a0b9cf379b21.3a05c28f2152190548ef24091c7533fe.jpeg,Found
4185,CB102*450,CORE BIT 102MM *450MM 4 INCH,https://jawad-alsaffar.com/shop/30726-large_default/diamond-wet-core-drill-bit-102-x-450-mm.jpg,Found
4186,CB102M,CORE BIT 102MM 111/4 PPT,"https://m.media-amazon.com/images/S/aplus-media-library-service-media/572e2230-9a03-4585-a583-b7c4b05681bf.__CR0,0,1464,600_PT0_SX1464_V1___.jpg",Found
4187,CB10MM,CALTEX GLASS CORE BIT 10MM,https://jawad-alsaffar.com/shop/41244-product_main_2x/glass-bit-10-mm.jpg,Found
4188,CB12,CB 12,"https://assets.truemeds.in/Images/ProductImage/TM-INON2-009120/cb12-injection-2-ml_cb12-injection-2-ml--TM-INON2-009120_2.png?tr=cm-pad_resize,bg-FFFFFF,lo-true,w-315",Found
4189,CB12MM,CALTEX GLASS CORE BIT 12MM,https://5.imimg.com/data5/SELLER/Default/2022/1/NU/TU/TG/145172493/caltex-granite-core-bit-500x500.jpg,Found
4190,CB16,MARBLE CUTTING BLADE 16 INCH AVATAR,https://5.imimg.com/data5/SELLER/Default/2022/10/ZM/XV/SF/8813926/marble-cutting-blades-1000x1000.jpeg,Found
4191,CB18,CHAIN SAW 18 BAR BULLET,https://i.ytimg.com/vi/g8K-t7033sE/maxresdefault.jpg,Found
4192,CB19,CORE BIT 3/4INCH,https://static.grainger.com/rp/s/is/image/Grainger/54FH80_1,Found
4193,CB20M,CHAIR BUSH 3/4 INCH,https://5.imimg.com/data5/SELLER/Default/2023/2/AJ/PF/YW/70525739/3-4-inch-square-inner-plastic-chair-bush-1000x1000.jpg,Found
4194,CB20MM,CALTEX GLASS CORE BIT 20MM,https://gundlachtools.com/cdn/shop/files/fav20_1200x900.png?v=1743635068,Found
4195,CB22E,CROW BAR 22 ELAPANK,https://facts.net/wp-content/uploads/2024/01/7-best-crowbar-1706505919.jpg,Found
4196,CB22E,CROW BAR 22 ELAPANK,https://facts.net/wp-content/uploads/2024/01/7-best-crowbar-1706505919.jpg,Found
4197,CB25,CORE BIT 1 INCH,https://gtadiamondtools.com/image/cache/catalog/Diamond-Core-Bit-1-inch-250x250w.jpeg.webp,Found
4198,CB25E,CROW BAR  (ELAVANK ),https://wallpapers.com/images/hd/majestic-crow-in-silhouette-s7vs41h6x5g8zk5l.jpg,Found
4199,CB25E,CROW BAR  (ELAVANK ),https://facts.net/wp-content/uploads/2024/01/7-best-crowbar-1706505919.jpg,Found
4200,CB25M,CHAIR BUSH 25 MM 1 INCH,https://5.imimg.com/data5/SELLER/Default/2023/2/FP/OZ/NK/85065823/1-inch-chair-square-inner-bush-500x500.jpg,Found
4201,CB25MM,CALTEX GLASS CORE BIT 25MM,https://img.vevorstatic.com/us/QXZT1JM161INOJHZT001V0/original_img-v1/diamond-core-drill-bits-f1.jpg?timestamp=1762850884000&format=webp&format=webp,Found
4202,CB30M,CHAIR BUSH 30 MM 11/4 INCH,https://5.imimg.com/data5/SELLER/Default/2023/2/AJ/PF/YW/70525739/3-4-inch-square-inner-plastic-chair-bush-1000x1000.jpg,Found
4203,CB32E,CROW BAR 32MM (ELAVANK ),https://www.cashbuild.co.za/17494-large_default/crow-bar-32mm-x-18m.jpg,Found
4204,CB32MM,CALTEX GLASS CORE BIT 32MM,https://awtools.pl/69983-large_default/diamond-core-drill-bit-m14-32mm.jpg,Found
4205,CB38M,CHAIR BUSH 11/2 INCH 38MM,https://m.media-amazon.com/images/I/41I0t0KCmJL._SL1000_.jpg,Found
4206,CB38MM,CALTEX GLASS CORE BIT 38MM,https://5.imimg.com/data5/SELLER/Default/2022/1/NU/TU/TG/145172493/caltex-granite-core-bit-1000x1000.jpg,Found
4207,CB3T,CUP BRUSH CRIMPED,https://maxsellpowertools.com/wp-content/uploads/2017/11/Cup-Brush_CRIMPED_MBK-7510_MBK-7612_MCB-6303_MCB-6503_MCB-6604-1.png,Found
4208,CB3T,CUP BRUSH CRIMPED,https://maxsellpowertools.com/wp-content/uploads/2017/11/Cup-Brush_CRIMPED_MBK-7510_MBK-7612_MCB-6303_MCB-6503_MCB-6604-1.png,Found
4209,CB3TON,CHAIN BLOCK 3 TON,https://azukichi.net/season/img/autumn/aki-back015.jpg,Found
4210,CB419,ED60 CARBON BRUSH CB-419,https://us.evocdn.io/dealer/1478/catalog/product/images/MAK-CB419.png,Found
4211,CB5.5*25M,CROW BAR HEX 5.5*25MM PYTHON,https://5.imimg.com/data5/SELLER/Default/2020/12/KO/AJ/TS/120215381/crowbar-500x500.jpg,Found
4212,CB50MM,CHAIR BUSH 50 MM 2 INCH,https://5.imimg.com/data5/ANDROID/Default/2026/1/575755943/UJ/DA/AE/130105431/product-jpeg-500x500.jpg,Found
4213,CB5TX3M,CHAIN BLOCK 5TON 3 MTR KING,https://jawad-alsaffar.com/shop/95253-product_main_2x/li0113-vital-chain-block-5-ton-x-3-mtr.jpg,Found
4214,CB5TX3Y,CHAIN BLOCK 5 TON 3M YELLOW,https://vohsuppliers.co.ke/wp-content/uploads/2024/04/0029302_hcbk0205_550.png,Found
4215,CB78G,CB78 GUARD,https://www.probrake.de/media/image/product/416910/lg/l03730_lever-guard-track2-fuer-honda-cb-750-a-76-78-cb750a.jpg,Found
4216,CB78GR,CB78 GRASS ROPE,https://alexnld.com/wp-content/uploads/2023/12/TBD0604097604.jpg,Found
4217,CB78S,CB78 SPRING,https://i5.walmartimages.com/seo/Belltech-KW-Automotive-02-05-Dodge-Ram-Std-Cb-3-5in-Leaf-Spring-Fits-select-2003-2006-DODGE-RAM-1500-ST-SLT-2002-DODGE-RAM-1500_5a037c65-3c78-4b74-b49e-43814cb1f627.d0a8c26af14d5427064c00d19f97f330.jpeg,Found
4218,CB78SBW,CB78 STOP BLOCK OF WHEEL,https://www.cabletiesandmore.ca/uploads/Traffic+Kontrol+Parking+Block-2.jpg,Found
4219,CB78WB,CB78 WIND BLADERS,https://jmhpower.com/wp-content/uploads/2025/10/Blade-Types-for-Wind-Turbine.jpg,Found
4220,CB78WBB,CB78 WIND BLADE BLOCK,https://nutechwindparts.com/assets/images/products/17112025111649_2404_1.jpg,Found
4221,CB78WW,CB78 WIRE WHEEL,https://www.ninjatire.com/wp-content/uploads/2023/11/26-inch-wire-wheel-bolt-on.jpg,Found
4222,CBAM7236,AM7236-38 CARBON BRUSH,https://ufcarbon.com/wp-content/uploads/2023/11/电机碳刷.png,Found
4223,CBBGAG100,BULL GOLD AG-100 CARBON BRUSH,https://down-ph.img.susercontent.com/file/ph-11134207-7r98y-lvd0ct778v9rdf,Found
4224,CBBGAG100,BULL GOLD AG-100 CARBON BRUSH,https://down-ph.img.susercontent.com/file/ph-11134207-7r98y-lvd0ct778v9rdf,Found
4225,CBBGAG2100,BULL GOLD AG2-100 CARBON BRUSH,https://down-id.img.susercontent.com/file/8b3feb494b5b0de96833ab6ca7c68820,Found
4226,CBC,CLUTCH BRUSH CUTTER S/S,https://5.imimg.com/data5/SELLER/Default/2020/10/JT/TO/TK/4906337/img-20201025-150741-1000x1000.jpg,Found
4227,CBC12,WALL CUTTING CAIN  12 INCH,https://i5.walmartimages.com/asr/721a53e9-226f-49f9-a415-a5c14a0a5489.6f1502d90088c73a810cb770cba34dcc.jpeg?odnHeight=372&odnWidth=372&odnBg=FFFFFF,Found
4228,CBC12B,WALL CUTTING CHAINSAW BAR,https://down-my.img.susercontent.com/file/sg-11134201-7rcch-m6a5m5hxg9gef1,Found
4229,CBCC14STD,CARBON BRUSH  CC14STD,https://powercarbonspares.com/cdn/shop/products/Hikoki_Hitachi_CC14STD.jpg?v=1637279563,Found
4230,CBCLIP,CROCODLE CLIP,https://media.diy.com/is/image/KingfisherDigital/12-pack-55mm-small-crocodile-clips-six-pairs-10-amps-max-red-black~5056524269183_01c_MP?$MOB_PREV$&$width=1200&$height=1200,Found
4231,CBD6,COTBOLT GOLD 6 INCH,https://www.picclickimg.com/~CoAAeSw6lZo575S/3-Meissen-8-Inch-Plates-Cobalt-Blue-Gold.webp,Found
4232,CBD7,COTBOLT DAMODAR 7 INCH,https://mayapur.store/10547-large_default/damodar-5-7-inch-lamination.jpg,Found
4233,CBD7,COTBOLT DAMODAR 7 INCH,https://cdn.roomclip.jp/photo/640/160e8f9ef9df696291337dfac933b9c3221a4808.jpg,Found
4234,CBD8,COTBOLT DAMODAR 8 INCH,https://pbs.twimg.com/media/ErDCTziUYAIUiOM.jpg,Found
4235,CBDH20,DH20 CARBON BRUSH,https://cdn.shopify.com/s/files/1/0067/8582/6887/products/Carbon-Brushes-for-Hitachi-C8FSE-C8FSHE-Slide-Compound-Mitre-Saw-999-021-999021_9ed6869e-b398-40a3-8896-653770885f02_1024x1024@2x.jpg?v=1588502772,Found
4236,CBDH20,DH20 CARBON BRUSH,https://cdn.shopify.com/s/files/1/0067/8582/6887/products/Carbon-Brushes-for-Hitachi-C8FSE-C8FSHE-Slide-Compound-Mitre-Saw-999-021-999021_9ed6869e-b398-40a3-8896-653770885f02_1024x1024@2x.jpg?v=1588502772,Found
4237,CBDH20,DH20 CARBON BRUSH,https://cdn.shopify.com/s/files/1/0067/8582/6887/products/Carbon-Brushes-for-Hitachi-C8FSE-C8FSHE-Slide-Compound-Mitre-Saw-999-021-999021_9ed6869e-b398-40a3-8896-653770885f02_1024x1024@2x.jpg?v=1588502772,Found
4238,CBDH4566,11E CARBON BRUSH,,Not Found
4239,CBH500,CALTEX CLAW HAMMER FIBER HANDLE 500G,https://sskqatar.com/cdn/shop/files/ClawHammerFiberHandle500Gms_1.jpg?v=1729502572&width=1206,Found
4240,CBH500,CALTEX CLAW HAMMER FIBER HANDLE 500G,https://sskqatar.com/cdn/shop/files/ClawHammerFiberHandle500Gms_1.jpg?v=1729502572&width=1206,Found
4241,CBH500,CALTEX CLAW HAMMER FIBER HANDLE 500G,https://sskqatar.com/cdn/shop/files/ClawHammerFiberHandle500Gms_1.jpg?v=1729502572&width=1206,Found
4242,CBJCB12,CORDLESS BATTERY JCB 12V,,Not Found
4243,CBMARK180,DRY WALL SANDER CARBON BRUSH,https://image.made-in-china.com/2f0j00FBHVinshyOgW/869734-879058-N119739-Motor-Carbon-Brush-Replacement-for-Porter-Cable-7800-Drywall-Sander.jpg,Found
4244,CBP200,STAR GOLD COMBINATION PLIER 200M,https://www.georgetufts.co.uk/cdn/shop/products/StanleyCombi200mm.jpg?v=1667471929,Found
4245,CBP200,STAR GOLD COMBINATION PLIER 200M,https://www.georgetufts.co.uk/cdn/shop/products/StanleyCombi200mm.jpg?v=1667471929,Found
4246,CBPSCAG125,LASERTECH CARBON  BRUSH,https://www.eastcarb.com/wp-content/uploads/2024/10/Solid-One-piece-Carbon-Brushes.png,Found
4247,CBSET,CLEANING BRUSH SET,https://m.media-amazon.com/images/I/51Kh3LgSNRL._AC_SL1001_.jpg,Found
4248,CBSTG850,CARBON BRUSH STG850W,https://jinsuncarbon.com/wp-content/uploads/2025/02/carbon-brush-types.jpg,Found
4249,CBSTGT,STGT8100 BRUSH PAIR 4141406601,https://www.gigatools.ph/cdn/shop/products/Stanley_CB-_4141406601_1.jpg?v=1587399795,Found
4250,CBSTGT,STGT8100 BRUSH PAIR 4141406601,https://www.gigatools.ph/cdn/shop/products/Stanley_CB-_4141406601_1.jpg?v=1587399795,Found
4251,CBTM6,CARBON  TRIMMER,https://egopowerplus.com/media/catalog/product/m/h/mhc1603_ego_power-head-16in-carbon-fiber-string-trimmer-and-edger-attachment-combo-kit_23-1129_on-white.png,Found
4252,CC1025F,CONNECTER FEMALE,https://www.flowfitonline.com/images/products/zoom_160808083510511.jpg,Found
4253,CC1025F,CONNECTER FEMALE,https://www.flowfitonline.com/images/products/zoom_160808083510511.jpg,Found
4254,CC1025F,CONNECTER FEMALE,https://www.flowfitonline.com/images/products/zoom_160808083510511.jpg,Found
4255,CC1025F,CONNECTER FEMALE,https://www.flowfitonline.com/images/products/zoom_160808083510511.jpg,Found
4256,CC1025M,CABLE CONNECTOR  CC1025M,https://www.shineindustrygroup.com/wp-content/uploads/2025/06/Cable-connector-types-800x533.png,Found
4257,CC1025M,CABLE CONNECTOR  CC1025M,https://img.viox.com/professional-3d-product-render-of-industrial-m12-cable-connector-showing-mating-halves-with-visible-electrical-contact-pins.webp,Found
4258,CC14STD,HIKOKI CUT OFF MACHINE  CC14STDS9Z,https://5.imimg.com/data5/FX/UP/MY-4137993/hitachi-high-speed-cut-off-machine-cc14std-1000x1000.jpg,Found
4259,CC14STDDR,DISTANCE RING CUTT OFF SAW CC14STD,https://www.hikoki-powertools.com/products/powertools/ac-cut/cc14st/cc14st.jpg,Found
4260,CC15*50M,CORE CUTTER TCT BROACH CUTTER 15*50MM,https://www.1kampo.com/cancer-1.jpg,Found
4261,CC17*50M,CORE CUTTING TCT BROACH CUTTER17*50MM,https://www.amosindustries.com.au/wp-content/uploads/2020/05/C2A800CF-B82A-46E4-93A0-C52CE46A71E7.jpeg,Found
4262,CC18,UNIVERSAL TAP ADAPTER CC18  ACE,https://m.media-amazon.com/images/I/61zux3HUGxL._AC_SL1500_.jpg,Found
4263,CC19*50M,CORE CUTTER TCT BROACH CUTTER 19*50MM,https://5.imimg.com/data5/SELLER/Default/2023/7/327778283/FT/OP/RW/4745350/tct-core-broach-cutter-500x500.jpg,Found
4264,CC20*50M,CORE CUTTER TCT BROACH CUTTER 20*50MM,https://image.made-in-china.com/2f0j00GiwlrCanCBYc/Tungsten-Carbide-Broach-Cutter-Tct-Annular-Core-Drill-with-Weldon-Shank.jpg,Found
4265,CC22*50M,CORE CUTTER TCT BROACH CUTTER 22*50 MM,http://www.bestomart.com/cdn/shop/files/1000017662-1_grande.jpg?v=1690280584,Found
4266,CC25*50M,CORE CUTTER TCT BROACH CUTTER  25*50MM,,Not Found
4267,CC28*50M,CORE CUTTER TCT BROACH CUTTER 28*50MM,,Not Found
4268,CC30*50M,CORE CUTTER TCT BROACH CUTTER 30*50MM,https://5.imimg.com/data5/SELLER/Default/2023/7/327778283/FT/OP/RW/4745350/tct-core-broach-cutter-500x500.jpg,Found
4269,CC35*50M,CORE CUTTER TCT BROACH CUTTER B35*50MM,https://www.amosindustries.com.au/wp-content/uploads/2020/05/C2A800CF-B82A-46E4-93A0-C52CE46A71E7.jpeg,Found
4270,CC3550F,CABLE CONNECTOR  35-50 FEMALE,https://www.thenuthut.co.za/wp-content/uploads/2021/11/Cable-Conn-Dinse-Pnl-Socket-35-50-Matweld-MAT1025-768x738.jpg,Found
4271,CC3550F,CABLE CONNECTOR  35-50 FEMALE,https://www.thenuthut.co.za/wp-content/uploads/2021/11/Cable-Conn-Dinse-Pnl-Socket-35-50-Matweld-MAT1025-768x738.jpg,Found
4272,CC3550F,CABLE CONNECTOR  35-50 FEMALE,,Not Found
4273,CC3550F,CABLE CONNECTOR  35-50 FEMALE,https://www.thenuthut.co.za/wp-content/uploads/2021/11/Cable-Conn-Dinse-Pnl-Socket-35-50-Matweld-MAT1025-768x738.jpg,Found
4274,CC3550F.,CABLE CONNECTOR  35-50 FEMALE,https://www.thenuthut.co.za/wp-content/uploads/2021/11/Cable-Conn-Dinse-Pnl-Socket-35-50-Matweld-MAT1025-768x738.jpg,Found
4275,CC3550F.,CABLE CONNECTOR  35-50 FEMALE,https://www.thenuthut.co.za/wp-content/uploads/2021/11/Cable-Conn-Dinse-Pnl-Socket-35-50-Matweld-MAT1025-768x738.jpg,Found
4276,CC3550M..,CABLE CONNECTOR 35-50 MALE,https://www.thebossshop.com.au/images/thumbs/0015371_cable-connector-35-50-large-male-weldclass_1170.png,Found
4277,CC38*50M,CORE CUTTER TCT BROACH CUTTER 38*50MM,https://www.amosindustries.com.au/wp-content/uploads/2020/05/C2A800CF-B82A-46E4-93A0-C52CE46A71E7.jpeg,Found
4278,CC38C,CARBON BRUSH CC38 16 INCH CUTTER,,Not Found
4279,CC38SS,CC38 SOFT START,https://m.media-amazon.com/images/I/61giBQQLZNL._AC_SL1500_.jpg,Found
4280,CC40*50M,CORE CUTTER TCT CUTTER 40*50MM,https://sydneytools.com.au/assets/images/products/4/6/8/4/46844/8B788277A3F558E0490A8BC1254B23137D994642BCDB1C89EFC80B9A7E892F08.jpeg,Found
4281,CC4FT,CARPENTER CLAMP 4 FT,https://kaigoshoku.mynavi.jp/contents/kaigonomirailab/recreation/2022/10/sunflower.jpg,Found
4282,CC58,CARBORATOR 58CC EMTEX HQ,https://sialkotmachinerystore.com/wp-content/uploads/2025/12/CAR-scaled-1-1024x742.jpg,Found
4283,CC6FT,CARPENTER CLAMP 6FT,https://down-my.img.susercontent.com/file/my-11134207-7r98o-lxc0lartyjxm0e,Found
4284,CC6FT,CARPENTER CLAMP 6FT,https://down-my.img.susercontent.com/file/my-11134207-7r98o-lxc0lartyjxm0e,Found
4285,CC6P,CRIMPING TOOL CHAKRA 6 PRIME,,Not Found
4286,CC8M,"CABLE CUTTER 8""",https://i.pinimg.com/originals/42/7e/7d/427e7dabf67ecc1cc00496118179e177.jpg,Found
4287,CCAM22F*11/4,CORE CUTTER ADAPTER M22-F*11/4,,Not Found
4288,CCAM22M*11/4,CORE CUTTER ADAPTER M22-M*11/4,https://www.shopbuildmate.com/cdn/shop/products/5efced7991e18d0e0d56b3de61351a08_1200x1200.jpg?v=1665822239,Found
4289,CCB14,CONCRETE CUTTER BLADE 14 INCH (LASER CUT ),https://image.made-in-china.com/2f0j00plLcCPZDYEqI/Laser-Welded-14-Inch-Concrete-Saw-Blade-with-17mm-Arix-Segments.jpg,Found
4290,CCB3,CALTEX  CUP WIRE BRUSH 3INCH TWISTED,https://thumbs.dreamstime.com/z/wuxi-china-apr-aerial-view-yuantouzhu-park-surrounded-cherry-blossoms-237521320.jpg,Found
4291,CCBW55,SPARE PARTS OF CARWASHER MACHINE,https://www.leisuwashco.com/Uploads/car-wash-95/leisuwash-360-rotate-arm.jpg,Found
4292,CCGCN110,GRANITE CUTTING BLADE,https://www.diamondsaw-blade.com/photo/ps25693042-5_inch_granite_diamond_stone_cutting_blades_125mm_diamond_tip_circular_saw_blade.jpg,Found
4293,CCHAIN,CARLTON  CHAIN,https://m.media-amazon.com/images/I/71kj9rrM33S._AC_SL1500_.jpg,Found
4294,CCJCB12,CORDLESS CHARGER 12V JCB,https://m.media-amazon.com/images/I/51ab5Ip+8JL._AC_SL1000_.jpg,Found
4295,CCLM,COCONUT PLUCKER,https://5.imimg.com/data5/SELLER/Default/2025/7/528349336/KK/MU/GG/38364625/24-feet-festel-skytuch-full-set-pole-saw-coconut-plucker-fruit-picking-1000x1000.png,Found
4296,CCLM/3,COCONUT CLIMBER 3 ROD,https://raidco.in/agro/wp-content/uploads/2023/10/climber3rod.png,Found
4297,CCLM/3,COCONUT CLIMBER 3 ROD,https://raidco.in/agro/wp-content/uploads/2023/10/climber3rod.png,Found
4298,CCLUCH,COMPACT CLUCH,https://t3.ftcdn.net/jpg/03/58/10/34/360_F_358103469_VGscoajr1qMIjGuPj9JvCWrijtBtquQC.jpg,Found
4299,CCM1025,CABLE CONNECTER MALE 10-25,https://embed.pixiv.net/artwork.php?illust_id=92100942,Found
4300,CCM3550/1,CABLE CONNECTER MALE 35-50,https://www.thebossshop.com.au/images/thumbs/0015371_cable-connector-35-50-large-male-weldclass_1170.png,Found
4301,CCMS/1,CCMS FILLER ROD,https://weldingireland.ie/wp-content/uploads/2021/09/7461.jpg,Found
4302,CCMS1.6,CCMS FILLER ROD 1.6MM,https://weldingireland.ie/wp-content/uploads/2021/09/7461.jpg,Found
4303,CCP150,CALTEX COMBINATION PLIER 150MM,https://rockforce.ae/wa-data/public/shop/products/71/36/13671/images/15457/15457.970.jpg,Found
4304,CCP150,CALTEX COMBINATION PLIER 150MM,https://rockforce.ae/wa-data/public/shop/products/71/36/13671/images/15457/15457.970.jpg,Found
4305,CCP200,CALTEX COMBINATION PLIER 200MM,https://store.northwesthardware.co.uk/image/cache/5973/NWH_website_200mm-8-Combination-Plier-02-1100x1100.jpg,Found
4306,CCP200,CALTEX COMBINATION PLIER 200MM,https://store.northwesthardware.co.uk/image/cache/5973/NWH_website_200mm-8-Combination-Plier-02-1100x1100.jpg,Found
4307,CCU440*10P,CORE CUT TILE REGULATER PLAIN,http://www.contractorsdirect.com/cdn/shop/files/60643_01.webp?crop=center&height=1200&v=1757614061&width=1200,Found
4308,CCW3,CALTEX CUP WIRE BRUSH 3 INCH TWISTED,https://5.imimg.com/data5/ANDROID/Default/2023/11/360550700/UA/AI/UO/183137605/product-jpeg-500x500.jpg,Found
4309,CCWC110*30,TCT WOOD CUTTING BLADE 110*30T,https://operatools.in/wp-content/uploads/2021/02/IMG_20210219_141341_458.jpg,Found
4310,CCWC110*40T,TCT WOOD CUTTING BLADE 100*40T,"https://straumannprod-h.assetsadobe2.com/is/image/content/dam/media-center/straumann/ja-jp/images/photography/neogen/NeoGen_feature_.png?crop=0,41,1331,998&fmt=png-alpha&wid=720",Found
4311,CD100,WOOD CARVING DISK CD100 4 INCH,,Not Found
4312,CD121B,BLACK & DECKER 12V DRILL  CD121B3,https://cdn.shopify.com/s/files/1/0640/1409/0461/files/dbc09a9c0540772889380334960e43d11daa4a6d_8da7b913-a8a2-4ffa-9f78-fafeac091ff7.jpg,Found
4313,CD74B,CD74 BATTERY,https://www.frontiersin.org/files/Articles/1049143/fcvm-09-1049143-HTML/image_m/fcvm-09-1049143-g005.jpg,Found
4314,CD74CH,AC3 CURVED HEAD,https://i.ytimg.com/vi/9mm3XNpVqcQ/hqdefault.jpg,Found
4315,CD74M,CD74 MOROR,,Not Found
4316,CD74M,CD74 MOROR,https://image.made-in-china.com/2f0j00LGCBybnzyvqF/Original-L2-105-1022-Pile-Drive-CD74-Motor-Original-Used-for-Heidelberg-Printing-Machine.jpg,Found
4317,CD74S,CD74 SWITCH WITH PROTECT PCB,https://www.frontiersin.org/files/Articles/1049143/fcvm-09-1049143-HTML/image_m/fcvm-09-1049143-g005.jpg,Found
4318,CD74SN,CD74 SWITCH NEW,,Not Found
4319,CD74SWT,CD74 SWITCH  WITHOUT PROJECT PCB,https://www.frontiersin.org/files/Articles/1049143/fcvm-09-1049143-HTML/image_m/fcvm-09-1049143-g003.jpg,Found
4320,CDB102*11/4,CORE DRILL BIT 102MM  4 inch 11/4 XTRAPOWER,https://m.media-amazon.com/images/I/611GqecKNgL.jpg,Found
4321,CDB102*11/4,CORE DRILL BIT 102MM  4 inch 11/4 XTRAPOWER,https://wallpaperaccess.com/full/1238364.jpg,Found
4322,CDB127*11/4,CORE DRILL BIT 127*450MM 5 inch 11/4 XTRAPOWER,https://gpttools.com.au/wp-content/uploads/2022/01/18662012-18662037-DiamondCrowns12mm-37mm-Web.png,Found
4323,CDB152*450,CORE DRILL BIT RAIN NOW 152MM*450MM,https://5.imimg.com/data5/SELLER/Default/2025/6/517921422/FY/ST/HE/11404511/152mm-x-450mm-diamond-core-drill-bit-1000x1000.jpeg,Found
4324,CDB25*450,CORE DRILL BIT 25*450*11/4  1 inchEXTRAPOWER,,Not Found
4325,CDB25*450,CORE DRILL BIT 25*450*11/4  1 inchEXTRAPOWER,https://d2qc09rl1gfuof.cloudfront.net/product/J14.25IN9.5INXRU6/core-drill-bit-m100-1.2.jpg,Found
4326,CDB32*450,CORE DRILL BIT 32*450*11/4 YURI,,Not Found
4327,CDB40*11/4,CORE DRILL BIT 40MM11/4 XTRAPOWER,https://implemental.in/wp-content/uploads/2023/02/Xtra-Power-Diamond-Core-Drill-Bit-32mm-2-compressed.jpg,Found
4328,CDB51*11/4,CORE DRILL BIT 51MM11/4 XTRAPOWER,https://dropforyou.com/images/D/14324-mouth.jpg,Found
4329,CDBS13.,CALTEX HSS DRILL BIT SET 13PCS,https://www.makersbd.com/public/uploads/product/1766175705-hss-twist-drill-bits-set-for-drill-machine-1.webp,Found
4330,CDBS13.,CALTEX HSS DRILL BIT SET 13PCS,https://www.makersbd.com/public/uploads/product/1766175705-hss-twist-drill-bits-set-for-drill-machine-1.webp,Found
4331,CDC13M,DRILL CHUCK 13MM CALTEX 20 UNF,https://fi.makitamedia.com/images/3_Makita/304_accessories_GS1/30410_JPG_zoom/196008-1_C8C0.jpg,Found
4332,CDCARW,CORDLESS CARWASHER,"https://res.cloudinary.com/roundglass/image/upload/f_auto/q_auto/f_auto/c_limit,w_auto:breakpoints_200_2560_100_5:1265/v1645426090/rg/collective/media/dugong--1--1645426089209.jpg",Found
4333,CDLI1228,INGCO CORDLESS DRILL CDLI1228 FULL SET,http://www.toolsmart.pk/cdn/shop/files/CDLI1228.jpg?v=1728044223,Found
4334,CDLI12456,INGCO DRILL 12 V CDLI12456,https://septfourindustrialsupply.com/cdn/shop/files/CDLI12456_1200x1200.webp?v=1754018468,Found
4335,CDLI205581,INGCO CORDLESS DRILL CDLI205581,https://res-sg.togroup.com/stc/home_product/ingco/userfiles/1/images/photo/20241224200023179/CDLI205581.jpg,Found
4336,CDM1,CORDLESS DRILL,https://m.media-amazon.com/images/I/81ijbdgIuqL._AC_SL1500_.jpg,Found
4337,CDM2,POWER GRIP -4.8V CORDILESS DRILL,https://images.squarespace-cdn.com/content/v1/622186429d03793fcf6f5e80/19c372ce-6b18-43b5-8e42-a817495e1c73/cordless+power+drill+and+impact+driver.jpg?format=2500w,Found
4338,CDMP,COCONUT DEHUSKER MULTI PURPOSE,https://probproducts.com/wp-content/uploads/2023/06/Dehusker.png,Found
4339,CDP,PERMENENT MARKER  CD,https://makerbazar.in/cdn/shop/products/09Mar_OHPCDDVDPermanentMarkerPen_3_1024x.jpg?v=1646825123,Found
4340,CDRP,COCONUT DEHUSKER ROUND PIPE,https://tsukatte.com/wp-content/uploads/2024/02/lemon-tea_white_a.png,Found
4341,CDRP,COCONUT DEHUSKER ROUND PIPE,https://probproducts.com/wp-content/uploads/2023/06/Dehusker.png,Found
4342,CDS1,ARMATURE 8456,https://as1.ftcdn.net/v2/jpg/02/48/64/14/1000_F_248641460_S5nVz9CiMHq3zL9yccuoeOGq2h9RxRRF.jpg,Found
4343,CDS110*10,K2 TILE SPECIAL SHARP CUT 110*8,https://cdn.tilesworldtrading.com/wp-content/uploads/k2_stone_series_h.jpg,Found
4344,CDS125*10,K2 TILE SPECIAL SHARP CUT 125*10,https://ik.imagekit.io/fepy/cdn/catalog/product/9/-/9-tile_cutting_disc_4_5_k2_segment_12911-nos_1_.png?format=webp,Found
4345,CDSI110*10,K2 TILE CUTTING SLOT REGULAR,https://ik.imagekit.io/fepy/cdn/catalog/product/9/-/9-tile_cutting_disc_4_5_k2_segment_12911-nos_1_.png?format=webp,Found
4346,CDSP,COCONUT DEHUSKER SQUARE PIPE,https://umalife.in/wp-content/uploads/2024/01/E5244BD1-ECAF-49F7-8F23-6554BA6BA577.png,Found
4347,CDSP,COCONUT DEHUSKER SQUARE PIPE,,Not Found
4348,CDSU110*8,k2 TILE  SPECIAL NARROW CUT U 110*8,https://k2-systems.com/wp-content/uploads/2023/02/YouTube-Vimeo-Video-Thumbnail-TileHook3S.jpg,Found
4349,CDTT,COCONUT DEHUSKER TWO TEETH,https://umalife.in/wp-content/uploads/2024/01/E5244BD1-ECAF-49F7-8F23-6554BA6BA577.png,Found
4350,CDW400,CORDLESS HIGH PRESSURE WASHER CDW400,https://5.imimg.com/data5/SELLER/Default/2025/8/536227103/UH/JH/AR/250887249/tuqo-cdw400-cordless-high-pressure-washer-500x500.jpg,Found
4351,CDW400,CORDLESS HIGH PRESSURE WASHER CDW400,https://5.imimg.com/data5/SELLER/Default/2025/8/536227103/UH/JH/AR/250887249/tuqo-cdw400-cordless-high-pressure-washer-500x500.jpg,Found
4352,CE29,COLOUR WEEDER( KAMBI CHOOL ),https://m.media-amazon.com/images/I/51T+s9Xjz0L._AC_SL1500_.jpg,Found
4353,CE29,COLOUR WEEDER( KAMBI CHOOL ),https://m.media-amazon.com/images/I/51T+s9Xjz0L._AC_SL1500_.jpg,Found
4354,CEB69,EB69 CARBON BRUSH,,Not Found
4355,CED30,ED30 CARBON BRUSH,https://www.eastcarb.com/wp-content/uploads/2024/10/Graphite-Carbon-Brushes.png,Found
4356,CED60,ED60 CARBON BRUSH CB-419,,Not Found
4357,CEG10,SAW MASTER GRINDER ARMATURE,https://i.ytimg.com/vi/l05QVBl-JI0/hqdefault.jpg,Found
4358,CEL1/2X1/2,CONNECTOR,https://m.media-amazon.com/images/I/71azGh4a0iL._AC_SL1500_.jpg,Found
4359,CER16MM/1,1520 GREAVES ENGINE,https://www.machinerydukaan.com/assets/images/products/62_201030134353.jpeg,Found
4360,CER6M,CERAMIC DRILL BIT,http://i.ytimg.com/vi/FaHHa40b8PQ/hqdefault.jpg,Found
4361,CF09,FILTER WRENCH CHAIN TYPE CF09 9INCH,,Not Found
4362,CFB150M,CALTEX FLAT BASTED 150MM WH,https://mahinelectricals.com/wp-content/uploads/2024/05/caltex-flat-bit-wooden-3.jpg,Found
4363,CFB200M,CALTEX FLAT BASTARD 200MM WH,https://paulimot-sw6.b-cdn.net/media/b5/23/aa/1717151292/000002057701paulimot_23514_Flachfeile_Hieb_1_1.jpg?ts=1717151292,Found
4364,CFB200M,CALTEX FLAT BASTARD 200MM WH,https://paulimot-sw6.b-cdn.net/media/b5/23/aa/1717151292/000002057701paulimot_23514_Flachfeile_Hieb_1_1.jpg?ts=1717151292,Found
4365,CFB250M,CALTEX FLAT BASTARD 250MM WH,http://templestowetimber.com.au/cdn/shop/products/flat_bastard_1200x1200.png?v=1603944004,Found
4366,CFB250M,CALTEX FLAT BASTARD 250MM WH,http://templestowetimber.com.au/cdn/shop/products/flat_bastard_1200x1200.png?v=1603944004,Found
4367,CFB300M,CALTEX FLAT BASED 300MMWH,https://mahinelectricals.com/wp-content/uploads/2024/02/Caltex-Xtra-power-Steel-File-10-Flat-fr.jpg,Found
4368,CG430,CLUTCH DRUM FOR BRUSHCUTTER,https://gardentoolspares.com/wp-content/uploads/2015/05/140631_2-scaled.jpg,Found
4369,CG430/520,CARBURATOR SS BRUSH CUTTER,https://i5.walmartimages.com/seo/SK-C52E-SS-Carburetor-for-Brushcutter-for-Homelite-HBC45SB-5134000009_2a331780-16ff-4cbc-9230-87de638cfc84.ed86a19e6986bac13c29a72e2fdf2566.jpeg,Found
4370,CG430/520,CARBURATOR SS BRUSH CUTTER,https://i5.walmartimages.com/seo/SK-C52E-SS-Carburetor-for-Brushcutter-for-Homelite-HBC45SB-5134000009_2a331780-16ff-4cbc-9230-87de638cfc84.ed86a19e6986bac13c29a72e2fdf2566.jpeg,Found
4371,CG520,WOOD CUTTER  BRUSH CUTTER 52CC,https://kraftdecker.com/wp-content/uploads/2023/12/Debroussailleuse-52cc1.png,Found
4372,CGC4,C CLAMP 4 INCH  RAJ,https://i5.walmartimages.com/seo/Hyper-Tough-4-Inch-C-Clamp-with-Steel-Threaded-Screw-and-Swivel-Jaw-Pad_76eaca00-3596-4a70-afd7-bfb7a5c4db3c_1.0e354540bd07a829d92c4a02be697cec.jpeg,Found
4373,CGC6,C CLAMP 6 INCH  RAJ,,Not Found
4374,CGK,GATE VALVE,,Not Found
4375,CGS,CHAINSAW GRINDING STONE,,Not Found
4376,CGSLI20042,INGCO CORDLESS SPRAY GUN  CGSLI20042,,Not Found
4377,CGT,COCONUT SCRAPPER FLOOR TYPE MEDIUM,https://down-my.img.susercontent.com/file/vn-11134207-7ras8-mdhsq5hq471of1,Found
4378,CGT/1,COCCOUNT GREATER TABLE,https://wallpapers.com/images/hd/android-desk-background-xq30a5mi07wwx7k7.jpg,Found
4379,CGT/1,COCCOUNT GREATER TABLE,https://i.pinimg.com/originals/5e/88/c3/5e88c3fe6e8d651f85be66001e96fe44.jpg,Found
4380,CH1/4LB,GRAND CLAW HAMMER 1/4 LB WITH HANDLE,https://5.imimg.com/data5/SELLER/Default/2025/7/525254468/UN/GC/BF/3714767/claw-hammer-with-handle-grip-1000x1000.jpg,Found
4381,CH10C,CH10 CONTROLLER,https://www.jesstechnology.com/wp-content/uploads/2022/03/20200824_161349-scaled.jpg,Found
4382,CH10M,MOTOR FOR CORDLESS CHAINSAW CH2010,https://i5.walmartimages.com/seo/WETS-16-Inch-Cordless-Chainsaw-Brushless-Motor-Electric-Chainsaw-Battery-Powered-Chainsaw-2-x-4Ah-Batteries-Auto-Lubrication-Chain-Saw-Tree-Felling-P_977de7ca-f3b4-4247-a825-e4c2eb1221d1.4c30a7dc5fdc7cd781656f75d7228554.jpeg,Found
4383,CH10S,CH10 SWITCH,,Not Found
4384,CH180,STHIL CHAIN 180 36380001840,,Not Found
4385,CH2020,BULLET BATTERY 2.0AH 2020,https://www.rmtools.eu/web/image/product.template/74769/image_1024?unique=b87666d,Found
4386,CH210,63  STIHL CHAIN 210 36170001640,https://mypartsstore.com/cdn/shop/files/Stihl16inchChain63PM355OEM-Photoroom.png?v=1748544345,Found
4387,CH250,STHIL CHAIN 250  36360001640,https://www.sma.co.jp/files/15/artist/169/575/260123_BL_face_Bachira_FIX_ol_rgb.jpg,Found
4388,CH2M,CHAIN MBS 2MM ANKER NO14,https://crossjewellia.co.jp/cdn/shop/files/62e7da3235268bbaece8aaab2df78e40.jpg?v=1743476758&width=990,Found
4389,CH3,"CHAIN WRENCH 3""",https://media.gamepedia.jp/wp-content/uploads/sites/157/2024/09/25233550/71f8ca68f7099b6d69a3d5c557ce50f0.png,Found
4390,CH35MM,CONCRETE  HOLESAW 35MM,https://i5.walmartimages.com/seo/35mm-1-3-Concrete-Hole-Saw-with-110mm-Tungsten-Steel-SDS-Plus-Shank-And-High-strength-tungsten-alloy-teeth-Saw-Cement-Stone-Wall-Foam-Brick_766a067b-13d8-46f3-ae6b-79cfa72dce41.ff8c11d362b462b9f9629c8465e6924f.jpeg,Found
4391,CH35MM,CONCRETE  HOLESAW 35MM,,Not Found
4392,CH40MM,CONCRETE HOLESAW 40MM,https://facts.net/wp-content/uploads/2023/06/Structure-of-atom-with-nucleus-of-protons-and-neutrons-orbital-electrons.jpeg,Found
4393,CH50MM,CONCRETE HOLESAW 50MM,https://i5.walmartimages.com/seo/50mm-2inch-Concrete-Hole-Saw-with-110mm-SDS-Plus-Shank-Connecting-Rod-Cement-Hole-Saw-for-Cement-Brick-Concrete-Stone-Wall-50mm_c6162db4-0639-47ad-9393-02776b998cca.842ef32cea1b28e61b75ed57e54ae6d0.jpeg,Found
4394,CH5MM,CHAIN ML 5MM GI 3OOKG TESTED,https://img-s-msn-com.akamaized.net/tenant/amp/entityid/AA22qwJG.img?w=768&h=512&m=6,Found
4395,CH650P,CLAW HAMMER 650GMS,https://www.totaltools.com.au/media/catalog/product/1/3/130608-mastercraft-20oz-fibeglass-claw-hammer-hero-2-mch020.jpg?optimize=medium&bg-color=255,Found
4396,CH65MM,CONCRETE HOLESAW 65MM,https://5.imimg.com/data5/SELLER/Default/2024/5/416723206/UT/EP/TP/48364752/65mm-concrete-hole-saw-1000x1000.jpg,Found
4397,CH6MM,CHAIN 6MM GI 6/24,https://5.imimg.com/data5/FN/IK/MY-37837222/6mm-mild-steel-chain-500x500.jpg,Found
4398,CH6MM,CHAIN 6MM GI 6/24,https://5.imimg.com/data5/FN/IK/MY-37837222/6mm-mild-steel-chain-500x500.jpg,Found
4399,CH75MM,CONCRETE HOLE SAW 75MM,https://i5.walmartimages.com/seo/CERPXFF-75mm-3-inch-Concrete-Hole-Saw-220mm-SDS-Plus-Shank-Connecting-Rod-Tungsten-Carbide-Teeth-7-7mm-x-4mm-Cement-Hole-Saw-Concrete-Cement-Brick-Wa_d9a7a017-969f-40c2-be19-c6e93d2d575d.09a7ebef1947a6b74db4ca3ee7ddb3cb.jpeg?odnHeight=573&odnWidth=573&odnBg=FFFFFF,Found
4400,CHAIN,CHAIN,https://cdn.shopify.com/s/files/1/2417/4137/files/IcedOutCubanChain10mmSilver_e7d0e1fb-c212-47d5-8bec-971c87c55471.jpg?v=1726508669&width=1800&height=2250&crop=center,Found
4401,CHAIN 21 LPX (84679100),CHAIN 18 INCH  21 LPX (84679100),https://cdn.media.amplience.net/s/hottopic/33628664_hi?$productMainDesktop$&fmt=auto,Found
4402,CHAIN 4 LEG,CHAIN 4 LEG,https://img.rawpixel.com/s3fs-private/rawpixel_images/website_content/v497-katie-13-abstractbackground_1.jpg?w=800&dpr=1&fit=default&crop=default&q=65&vib=3&con=3&usm=15&bg=F4F4F3&ixlib=js-2.2.1&s=8fec252f90017e26379166279dc18c41,Found
4403,CHAIN6M,CHAIN  6MM GI TESTED 450KG,https://micmaronline.com/cdn/shop/files/20285.webp?v=1745400681&width=1946,Found
4404,CHARGER 20V,CHARGER 20V,https://m.media-amazon.com/images/I/71u6wQ7w0IL._AC_.jpg,Found
4405,CHARGER12V,CHARGER12V,https://images-na.ssl-images-amazon.com/images/I/71hh0YwYSdL._SL1500_.jpg,Found
4406,CHCM4SA,CARBON HOLDER CM4,https://sparepartwala.in/wp-content/uploads/2022/01/31-1.jpg,Found
4407,CHCV81,CV81 BRUSH HOLDER,https://cdn.shopify.com/s/files/1/0049/8063/7786/files/Phone_brush_holder.jpg,Found
4408,CHISEL COIL  STD,CHISEL COIL  STD,,Not Found
4409,CHL6000,CHL BEARING 6000 2RS,,Not Found
4410,CHL6000,CHL BEARING 6000 2RS,,Not Found
4411,CHL6001,CHL BEARING 6001 2RS,https://cdn.elektro-motory.cz/images/0/54af224898790507/25/ball-bearing-6001-2rs-c3-chl.jpg?hash=-1428296135,Found
4412,CHL6001,CHL BEARING 6001 2RS,https://cdn.elektro-motory.cz/images/0/54af224898790507/25/ball-bearing-6001-2rs-c3-chl.jpg?hash=-1428296135,Found
4413,CHL6002,CHL6002 BEARING,https://wkwkjapan.com/wp-content/uploads/2018/03/top_image_02.jpg,Found
4414,CHL6003,CHL BEARING 6003 2 RS,https://rodavictoriausa.com/wp-content/uploads/2020/10/6003-2RS-C3-SKF-3-1024x780.jpg,Found
4415,CHL6004,6004 2RS  CHL BEARING,https://smwiko-bearing.com/wp-content/uploads/2023/10/6004-2RS-1.jpg,Found
4416,CHL6005,CHL BEARING 6005 2 RS,https://www.2rsr.com/81032-large_default/6005-2rs-c4-rpk-rich-deep-groove-ball-bearing-25x47x12.jpg,Found
4417,CHL606,606 CHL BEARING 2 RS,"https://assets.rs-online.com/f_auto,q_auto/72090782.jpg",Found
4418,CHL607,CHL BEARING 607 2RS,https://down-th.img.susercontent.com/file/th-11134207-7qul3-lharveofn9x03f,Found
4419,CHL607,CHL BEARING 607 2RS,,Not Found
4420,CHL607,CHL BEARING 607 2RS,https://wallup.net/wp-content/uploads/2017/03/28/452261-landscape-tropical-beach-palm_trees.jpg,Found
4421,CHL608,CHL BEARING 608 2RS,https://www.yuanhecd.com/wp-content/uploads/2022/02/608-2RS-Miniature-deep-groove-bearing-1.jpg,Found
4422,CHL608,CHL BEARING 608 2RS,https://mm.digikey.com/Volume0/opasdata/d220001/medias/images/3821/608-2RS-WCHEVRONSRI2.jpg,Found
4423,CHL609,609 BEARING,"https://res.cloudinary.com/rsc/image/upload/b_rgb:FFFFFF,c_pad,dpr_1.0,f_auto,q_auto,w_700/c_pad,w_700/F2850649-01",Found
4424,CHL6200,6200 CHL BEARING,https://down-th.img.susercontent.com/file/th-11134207-7ras8-m8ofnxw8vtopf4,Found
4425,CHL6200.,CHL BEARING 62002 2RS,https://www.sgb.co.th/media/catalog/product/cache/02b13140447e0a1397917f6bfaffbb1c/b/e/bearing-62002rs-1.jpg,Found
4426,CHL62001,62001 2RS TN CHL,https://www.nzminiaturebearings.com/product_img/photos/122810003/12x28x10-mm-62001-2rs-bearing-1.jpg,Found
4427,CHL62001,62001 2RS TN CHL,https://www.nzminiaturebearings.com/product_img/photos/122810003/12x28x10-mm-62001-2rs-bearing-1.jpg,Found
4428,CHL62001,62001 2RS TN CHL,https://www.nzminiaturebearings.com/product_img/photos/122810003/12x28x10-mm-62001-2rs-bearing-1.jpg,Found
4429,CHL6201,6201 2RS TN CHL,https://down-th.img.susercontent.com/file/th-11134207-7qul9-lhc1em3nkppk32,Found
4430,CHL6201,6201 2RS TN CHL,https://static.vecteezy.com/system/resources/previews/054/929/429/non_2x/majestic-iceberg-reflecting-in-calm-waters-under-moody-sky-free-photo.jpg,Found
4431,CHL6201,6201 2RS TN CHL,https://img.lazcdn.com/g/ff/kf/S5cd4a3ea9d4746bcbc90dfee702b2609s.jpg_720x720q80.jpg,Found
4432,CHL6202,6202 BEARING 2RS CHL,https://carisinyal.com/wp-content/uploads/2024/01/ig-feed_.webp,Found
4433,CHL6202,6202 BEARING 2RS CHL,http://vxb.com/cdn/shop/files/6202-2rs-bearing-deep-groove-6202-2rs-vxb-ball-bearings-1.jpg?v=1697118134,Found
4434,CHL6203,CHL6203 BEARING,,Not Found
4435,CHL6203,CHL6203 BEARING,,Not Found
4436,CHL6204,CHL BEARING 6204 2 RS TN GREEN,https://down-th.img.susercontent.com/file/th-11134207-7qul3-lhc7zcw5i29g7c,Found
4437,CHL6205,6205 2RS CHL BEARING,https://rodavictoriausa.com/wp-content/uploads/2023/10/s-l1600-109.jpg,Found
4438,CHL625,CHL BEARING 625 2RS,https://cdn.shopify.com/s/files/1/0552/4786/3869/products/625-2RS-1.jpg?v=1638444410&width=1600,Found
4439,CHL626,CHL BEARING 626 2RS,https://parks2.bandainamco-am.co.jp/client_info/BNAM_LBC_EC/itemimage/ITEM_4977629152310/DP_ITEM_4977629152310.jpg,Found
4440,CHL626,CHL BEARING 626 2RS,,Not Found
4441,CHL627,CHL BEARING 627 2RS,https://www.witmermotorservice.com/627-2RS-RBL-Ball-Bearing-7mm-x-22mm-x-7mm/image/item/627-2RS?image=02,Found
4442,CHL628,628 2RS CHL BEARING,https://bywbbearing.com/wp-content/uploads/2024/10/628-2RS-Miniature-Ball-Bearing.jpg,Found
4443,CHL629,CHL BEARING 629 2RS,"https://www.freewheel.co.uk/media/catalog/product/f/t/ftp_f_freewheel_imagesmadisonfwaccessoriescb-058.jpg?quality=80&bg-color=255,255,255&fit=bounds&height=&width=&canvas=:",Found
4444,CHL629,CHL BEARING 629 2RS,https://5.imimg.com/data5/SELLER/Logo/2024/9/453381625/NE/CY/ER/1993407/logo2.jpg,Found
4445,CHL629,CHL BEARING 629 2RS,https://laz-img-sg.alicdn.com/p/e3611ac87cacef5af39eecc7acebbbc5.png,Found
4446,CHL6301,CHL BEARING 6301 2RS,https://krmcorporation.com/pub/media/catalog/product/cache/0f831c1845fc143d00d6d1ebc49f446a/k/r/krm-k-sctl--_-10238.jpg,Found
4447,CHL6302,CHL BEARING 6302 2 RS,"https://res.cloudinary.com/rsc/image/upload/b_rgb:FFFFFF,c_pad,dpr_1.0,f_auto,q_auto,w_700/c_pad,w_700/F6190200-01",Found
4448,CHL6303,CHL 6303 BEARING,https://rodavictoriausa.com/wp-content/uploads/2020/10/NSK-6303-DDU-C3-2.jpg,Found
4449,CHL6303,CHL 6303 BEARING,https://rodavictoriausa.com/wp-content/uploads/2020/10/NSK-6303-DDU-C3-2.jpg,Found
4450,CHL6304,CHL BEARING 6304 2RS,https://www.hinosparepart.com/Uploads/pro/6304-2RS.1473.3-1.jpg,Found
4451,CHL6306,CHL BEARING 6306 2 RS,https://www.fiyo.co.uk/media/catalog/product/cache/19/image/9df78eab33525d08d6e5fb8d27136e95/0/_/0.00.15.46-1_2.png,Found
4452,CHL6900,6900 CHL BEARING  2RS,https://www.airevelobearings.com/wp-content/uploads/2018/03/6900-2RS-768x768.jpg,Found
4453,CHL698,698 2RS CHL BEARING,,Not Found
4454,CHNAIL,CHARNAIL,https://lookaside.fbsbx.com/lookaside/crawler/media/?media_id=100079789960841,Found
4455,CHNAIL/,CHAIR NAIL,https://vandincinternational.com/wp-content/uploads/2023/06/Chair-Nail-2-800x800.png,Found
4456,CHOOK/1,CARABINER HOOK,https://m.media-amazon.com/images/I/719By0AJnYL._AC_SL1500_.jpg,Found
4457,CHOOK/1,CARABINER HOOK,https://m.media-amazon.com/images/I/719By0AJnYL._AC_SL1500_.jpg,Found
4458,CHOOK/1,CARABINER HOOK,https://static.takeda.tv/uploads/2024/03/rOOBHvxnpHslIoYzijE0qkqcPwJkNua5pO7c9Cox.jpeg,Found
4459,CHOOL,WEEDER BROOM CHOOL,https://i5.walmartimages.com/seo/TFCFL-Gas-Power-Sweeper-Broom-Cleaning-Driveway-Turf-2Stroke-52CC-2-3HP-Handheld_55cf6cf5-d17c-44e7-928b-93839184bae4.88163241421c92ede1af5df21daa7b18.jpeg,Found
4460,CHOOL P V C,CHOOL P V C,,Not Found
4461,CHOSE,BILLION CONSTRUCTION HOSE,,Not Found
4462,CHPS,EMTEX SPARE HOSE PROTECTION  SLEEVE SMALL,https://www.sinopulse.cn/wp-content/uploads/2024/10/arc-surface-PP-protective-sleeve-1.jpg,Found
4463,CHR2765,BULLET CORDLESS RICVERTER CHR2765,https://5.imimg.com/data5/SELLER/Default/2025/8/533073945/FC/UA/OD/146910803/cordless-riveter-gun-without-battery-chr2765-bullet-1000x1000.jpg,Found
4464,CHR2765B,BATTERY FOR BULLET 2.AH 20V RIVERTGUN,https://m.media-amazon.com/images/I/61aCeVnkMbL._AC_SL1500_.jpg,Found
4465,CHS32,CALTEX HOLE SAW BIT 32MM,https://media.rs-online.com/F1985112-01.jpg,Found
4466,CHS38,CALTEX BIMETAL HOLE SAW BIT 38MM,https://www.4gamer.net/games/614/G061419/20250502054/SS/001.jpg,Found
4467,CHS50,CALTEX BIMETAL HOLE SAW BIT 50MM,https://cdn.pixabay.com/photo/2017/05/11/16/40/emoji-2304720_1280.png,Found
4468,CHSL,BIG STHIL CHAIN 3621000164036RSC QUALITY,https://www.alldadelawnmowers.com/cdn-cgi/image/quality=85/assets/images/stihl+chain.jpg,Found
4469,CHSL,BIG STHIL CHAIN 3621000164036RSC QUALITY,https://www.alldadelawnmowers.com/cdn-cgi/image/quality=85/assets/images/stihl+chain.jpg,Found
4470,CHSL,BIG STHIL CHAIN 3621000164036RSC QUALITY,https://www.alldadelawnmowers.com/cdn-cgi/image/quality=85/assets/images/stihl+chain.jpg,Found
4471,CHSL,BIG STHIL CHAIN 3621000164036RSC QUALITY,https://www.alldadelawnmowers.com/cdn-cgi/image/quality=85/assets/images/stihl+chain.jpg,Found
4472,CHSL,BIG STHIL CHAIN 3621000164036RSC QUALITY,https://www.alldadelawnmowers.com/cdn-cgi/image/quality=85/assets/images/stihl+chain.jpg,Found
4473,CHSL,BIG STHIL CHAIN 3621000164036RSC QUALITY,https://fireandsaw.com/wp-content/uploads/2021/11/stihl-500i-biggest-stihl-chainsaw.jpg,Found
4474,CHSL,BIG STHIL CHAIN 3621000164036RSC QUALITY,https://www.alldadelawnmowers.com/cdn-cgi/image/quality=85/assets/images/stihl+chain.jpg,Found
4475,CHSL,BIG STHIL CHAIN 3621000164036RSC QUALITY,https://www.alldadelawnmowers.com/cdn-cgi/image/quality=85/assets/images/stihl+chain.jpg,Found
4476,CHSL/1,CHAINA CHAIN  STIHL,https://m.media-amazon.com/images/I/711T7HtIJcL._AC_SL1500_.jpg,Found
4477,CHSL/36,CHAIN STIHL,https://m.media-amazon.com/images/I/811SDI2kZRL._AC_.jpg,Found
4478,CHSL/63,63 PS3 CHAIN REEL PCS,https://www.lsengineers.co.uk/media/catalog/product/cache/7901d8c19ee5046a3beec7c19ef26631/3/6/3622_000_1640_1_3.jpg,Found
4479,CHTR125,FOLDING HAND TRUCK (PNEUMATIC WHEEL ),https://m.media-amazon.com/images/I/71Y8kp4PYKL._AC_SL1500_.jpg,Found
4480,CIA3,"CI ADAPTOR 3""",,Not Found
4481,CID1664S,SWITCH FOR BULLET CORDLESS DRILL CID1664,https://yachtharbour.com/static/uploads/scale_1168_f2be3.jpg,Found
4482,CIDLI201668,INGCO CORDLESS IMPACT DRILL,https://www.toolsmart.pk/cdn/shop/files/CIDLI206681.jpg?v=1728039927&width=2000,Found
4483,CIDLI205581,INGCO COMPACT CORDLESS DRILL,https://imggen.eporner.com/14520035/1920/1080/13.jpg,Found
4484,CIDLI205581GC,GEAR CASE FOR CIDLI205581-SP-4,https://mall.icbc.com.ar/39201591-thickbox_default/taladro-percutor-13mm-20v-industrial-ingco-cidli205581.jpg,Found
4485,CIDLI20668,INGCO COMPACT BRUSHLESS CORDLESS DRILL,,Not Found
4486,CIDLI20668DC,DRILL CHUCK FOR CIDLI20668 DRILL,https://5.imimg.com/data5/SELLER/Default/2025/12/564789625/CT/VO/YR/110775319/ingco-cidli20668-compact-brushless-cordless-impact-drill-machine-1000x1000.png,Found
4487,CIDLI9681F,STATOR AND ELECTRIC ASSEMBLY CIDLI209681-SP-10,https://media.istockphoto.com/id/1405564565/photo/electric-motor-housing-assembly-with-copper-coil-stator-3d-illustration-isolated-on-white.jpg?s=1024x1024&w=is&k=20&c=1sH59-As2B0ZphdU3FP6WHszB1yGOIcRqJUjH2OBlEs=,Found
4488,CIDLI9681R,ARMATURE FOR CIDLI209681 SP10,https://res-sg.togroup.com/stc/home_product/ingco/userfiles/1/images/photo/20241026020124717/CIDLI209681.jpg,Found
4489,CIDLI9681S,SWITCH FOR CIDLI209681 SP-10,https://koncarelektro.rs/wp-content/uploads/2024/12/CIDLI209681-2-600x600.jpg,Found
4490,CIRLI12015,INGCO CORDLESS IMPACT DRIVER,https://www.northernbolt.co.za/cdn/shop/files/NB_T-2024-07-04T141338.742_263c2149-905c-485d-a4bf-218b64d85419.png?v=1720681620&width=1946,Found
4491,CIW4291,BULLET CORDLESS IMPACT WRENCH CIW4291,https://5.imimg.com/data5/SELLER/Default/2022/4/EL/EE/ZD/86915491/cordless-impact-wrench-golden-bullet-1000x1000.jpeg,Found
4492,CIW4291S,SWITCH SET ASSY CIW4291,https://5.imimg.com/data5/SELLER/Default/2022/6/LR/NO/OQ/3253372/whatsapp-image-2022-06-06-at-1-16-36-pm-121-500x500.jpg,Found
4493,CIWLI20351,INGCO CORDLESS IMPACT WRENCH,http://www.zastavki.com/pictures/originals/2014/Nature___Islands_Hawaii_076378_.jpg,Found
4494,CIWLI20351,INGCO CORDLESS IMPACT WRENCH,https://www.toolsmart.pk/cdn/shop/files/CIWLI2085.jpg?v=1728116748&width=2000,Found
4495,CIWLI20351GC,GEAR CASE FOR INGCO CORDLESS IMPACT WRENCH,https://lookaside.fbsbx.com/lookaside/crawler/media/?media_id=1201414901196844,Found
4496,CIWLI20501/1,INGCO CORDLESS IMPACT WRENCH 500NM,,Not Found
4497,CIWLI20501GB,GEAR BOX ASSY INGCO CORDLESS IMPACT WRENCH,https://buytoolkit.in/wp-content/uploads/2024/07/CIWLI2001-SP-2-scaled.jpg,Found
4498,CIWLI20501RA,ROTOR ASSY FOR CIWLI20501-SP-3/4,https://down-th.img.susercontent.com/file/th-11134207-7r98o-ly1zx25od4gfb8,Found
4499,CIWLI2085EH,ELECTRONIC HOLDER CIWLI2085,,Not Found
4500,CIWLI2085F,FIELD FOR CIWLI2085-SP-24,https://mybayutcdn.bayut.com/mybayut/wp-content/uploads/dance-class-kids-cover.jpg,Found
4501,CIWLI2085FCA,INGCO FIELD AND ELECTRIC CONTROL ASSY  CIWLI2085,,Not Found
4502,CIWLI2085GB,GEAR BOX CIWLI2085-SP123,https://res-sg.togroup.com/stc/home_product/ingco/userfiles/1/images/photo/20250709220023719/CIWLI2085.jpg,Found
4503,CIWLI2085GC,GEAR CASE CIWLI2085-SP21,https://res-sg.togroup.com/stc/home_product/ingco/userfiles/1/images/photo/20250709220023719/CIWLI2085.jpg,Found
4504,CIWLI2085OS,OUTPUT SHAFT ASSY CIWLI2085-SP7,https://www.aspshop.eu/data/product/1024_1024/img-20211020-082724.jpg,Found
4505,CIWLI2085PCB,PCB CIWLI2085,https://res-sg.togroup.com/stc/home_product/ingco/userfiles/1/images/photo/20250709220023719/CIWLI2085.jpg,Found
4506,CIWLI2085R,ARMATURE  FOR CIWLI2085,https://res-sg.togroup.com/stc/home_product/ingco/userfiles/1/images/photo/20250709220023719/CIWLI2085.jpg,Found
4507,CIWLI2085S,SWITCH  FOR CIWLI2085-SP-30,https://buytoolkit.in/wp-content/uploads/2024/10/CIWLI2085-SP-30.png,Found
4508,CK1,CHALK 12 PCS  1 PKT,https://media.karousell.com/media/photos/products/2023/3/21/chalk_12pcspkt_1679374639_c9859e45,Found
4509,CK1,CHALK 12 PCS  1 PKT,https://media.karousell.com/media/photos/products/2023/3/21/chalk_12pcspkt_1679374639_c9859e45,Found
4510,CK1,CHALK 12 PCS  1 PKT,https://media.karousell.com/media/photos/products/2023/3/21/chalk_12pcspkt_1679374639_c9859e45,Found
4511,ck1/1,COLOUR CHALK 12 PCS,https://m.media-amazon.com/images/I/71qY+JySEjL._AC_.jpg,Found
4512,ck1/1,COLOUR CHALK 12 PCS,https://m.media-amazon.com/images/I/71qY+JySEjL._AC_.jpg,Found
4513,ck1/1,COLOUR CHALK 12 PCS,https://m.media-amazon.com/images/I/71qY+JySEjL._AC_.jpg,Found
4514,CK62CC,CYLINDER KIT,https://5.imimg.com/data5/ECOM/Default/2024/12/475465136/EX/WO/PW/48876485/original-piston-cylinder-kit-for-bajaj-avenger-180-dtsi-engine-block-775-1000x1000.jpg,Found
4515,CK74CC,EMTCS74-18 CYLINDER KIT,https://www.cattaniesam.co.uk/wp-content/uploads/2024/02/SERV-AIR18-BH-18-Cylinder-Compressor-3-year-kit82380_nobg.png,Found
4516,CK74CC,EMTCS74-18 CYLINDER KIT,https://www.cattaniesam.co.uk/wp-content/uploads/2024/02/SERV-AIR18-BH-18-Cylinder-Compressor-3-year-kit82380_nobg.png,Found
4517,CKLI2027,INGCO CORDLESS 2 PCS COMBO KIT CKLI2027310,https://res-sg.togroup.com/stc/dtc_web/files/upload/INGCO-EC-INDIA/1747210978231/CKLI2027310_1.jpg,Found
4518,CKOTTA,CHOORAL KOTTA,https://m.media-amazon.com/images/I/81cw6Y7wYIL._SL1500_.jpg,Found
4519,CKTCM5,CHECKMATE MARBLE CUTTER CKTCM5,https://noithatbinhminh.com.vn/wp-content/uploads/2022/08/tranh-phong-canh-que-huong-27.jpg,Found
4520,CKTGCS84,CHECKMATE CHAINSAW 18 INCH 84 CC,https://5.imimg.com/data5/SELLER/Default/2021/11/AH/BE/KQ/3416928/checkmate-chainsaw-3-6kw-1000x1000.jpeg,Found
4521,CKTGCS86,CHECKMATE CHAINSAW 18 INCH 86CC,,Not Found
4522,CL,CABLE LOCK,,Not Found
4523,CL1.5LBH,CALTEX SLEDGE HAMMER 1.5 LB WITH HANDLE,https://www.toolusa.com/cdn/shop/files/PH281F-20-FF_0e7d571b-15bb-4261-8b8a-fde41ed8cfaa.jpg?v=1709668087&width=1445,Found
4524,CL1.5LBH,CALTEX SLEDGE HAMMER 1.5 LB WITH HANDLE,https://www.toolusa.com/cdn/shop/files/PH281F-20-FF_0e7d571b-15bb-4261-8b8a-fde41ed8cfaa.jpg?v=1709668087&width=1445,Found
4525,CL10MM,COPPER LUG 10MM,,Not Found
4526,CL10MM,COPPER LUG 10MM,,Not Found
4527,CL2LBH,CALTEX SLEDGE HAMMER 2 LB WITH HANDLE,https://www.toolusa.com/cdn/shop/files/PH281F-20-FF.jpg?v=1709667537&width=1445,Found
4528,CL35MM,COPPER LUG 35MM,https://d1nmsnm7jsf6f9.cloudfront.net/wp-content/uploads/2013/08/13140150/p_7_3_8_738-thickbox_default-35mm-copper-cable-lug.jpg,Found
4529,CL3LBH,CALTEX SLEDGE HAMMER 3LB WITH HANDLE,https://hardentools.com.ph/cdn/shop/products/Untitled1_569c2141-254d-4c65-b583-9db2e6705a57_1024x1024.png?v=1643694316,Found
4530,CL40L,CALTEX PREMIUM LOCK 40MM L/S 4KEY,https://5.imimg.com/data5/SELLER/Default/2021/4/IB/EA/KK/25746288/lock-1-500x500.jpg,Found
4531,CL40L,CALTEX PREMIUM LOCK 40MM L/S 4KEY,https://5.imimg.com/data5/SELLER/Default/2021/4/IB/EA/KK/25746288/lock-1-500x500.jpg,Found
4532,CL40MM,CALTEX PREMIUM LOCK 40MM 4KEY,https://5.imimg.com/data5/SELLER/Default/2021/4/IB/EA/KK/25746288/lock-1-500x500.jpg,Found
4533,CL40MM,CALTEX PREMIUM LOCK 40MM 4KEY,https://5.imimg.com/data5/SELLER/Default/2021/4/IB/EA/KK/25746288/lock-1-500x500.jpg,Found
4534,CL40MM,CALTEX PREMIUM LOCK 40MM 4KEY,https://5.imimg.com/data5/SELLER/Default/2021/4/IB/EA/KK/25746288/lock-1-500x500.jpg,Found
4535,CL44,COOL PACK NO 44,https://m.media-amazon.com/images/I/61J-F2IApbL._AC_SL1500_.jpg,Found
4536,CL4LBH,CALTEX SLEDGE HAMMER 4LBH WITH HANDLE,,Not Found
4537,CL4LBH,CALTEX SLEDGE HAMMER 4LBH WITH HANDLE,,Not Found
4538,CL4MM,COPPER LUG 4MM,,Not Found
4539,CL4MM,COPPER LUG 4MM,https://img.drz.lazcdn.com/static/pk/p/2039c355bc8a1605655ed725ebfc8cdc.jpg_720x720q80.jpg,Found
4540,CL50 MM,COPPER LUG 50 MM,https://5.imimg.com/data5/SELLER/PDFImage/2025/11/557216328/WR/RJ/JC/27183258/copper-ring-type-lug-1000x1000.png,Found
4541,CL50 MM,COPPER LUG 50 MM,https://5.imimg.com/data5/SELLER/PDFImage/2025/11/557216328/WR/RJ/JC/27183258/copper-ring-type-lug-1000x1000.png,Found
4542,CL50/4KEY,CALTEX PREMIUM LOCK 50MM 4KEY,,Not Found
4543,CL50L,CALTEX PREMIUM LOCK 50MM L/S 4KEY,https://gonpachi.jp/wp-content/uploads/sites/18/2020/01/gonpachi-sushi-shibuya2.jpg,Found
4544,CL58CC,CLUTCH M23  CHAINSAW 58CC,https://ae01.alicdn.com/kf/S4300088750d545729e78c4f2d1af5a52J.jpg,Found
4545,CL63,CALTEX PREMIUM 63MM 4 KEYS,https://5.imimg.com/data5/SELLER/Default/2021/4/IB/EA/KK/25746288/lock-1-500x500.jpg,Found
4546,CL63,CALTEX PREMIUM 63MM 4 KEYS,https://5.imimg.com/data5/SELLER/Default/2021/4/IB/EA/KK/25746288/lock-1-500x500.jpg,Found
4547,CL63,CALTEX PREMIUM 63MM 4 KEYS,https://5.imimg.com/data5/SELLER/Default/2021/4/IB/EA/KK/25746288/lock-1-500x500.jpg,Found
4548,CL6MM,COPPER LUG 6MM,https://5.imimg.com/data5/SELLER/Default/2024/2/390797512/XN/RX/FL/45988511/6mm-aluminium-luggs-ring-type-1000x1000.jpg,Found
4549,CLAS9,CALTEX  STAR ALLENKEY SET LONG 9 PCS,https://m.media-amazon.com/images/I/71xhsFKdb0L._AC_SL1500_.jpg,Found
4550,CLASE9,CALTEX ALLENKEY SET EXTRA LONG 9 PCS,https://auctions.c.yimg.jp/images.auctions.yahoo.co.jp/image/dr000/auc0502/users/a627099532ed7cfb00dad7c778859bf4d7344168/i-img900x1200-17073823745bnf5i284715.jpg,Found
4551,CLAW10,CALTEX ADJUSTABLE WRENCH WITH GRIP 10 INCH,https://5.imimg.com/data5/SELLER/Default/2025/9/545992561/RM/NV/ZG/67319782/10-inch-caltex-mild-steel-adjustable-wrench-500x500.jpeg,Found
4552,CLAW12,CALTEX ADJUSTABLE WRENCH 12 INCH,https://i5.walmartimages.com/seo/Hyper-Tough-12-inch-Adjustable-Wrench-with-Ergonomic-Soft-Grip-Red-5371V_8f5cb282-cd19-4dc3-92fe-2c6c6ce38572.391342d24180dacd081aa92d27ad9be2.jpeg,Found
4553,CLAW8,CALTEX ADJUSTABLE WRENCH WITH GRIP 8 INCH,https://workprotools.com/bocupload/2023/09/08/16941613142466gqt9p.jpg,Found
4554,CLB200,BULLET CORDLESS LEAF BLOWER CLB200,https://5.imimg.com/data5/SELLER/Default/2025/2/487618293/FD/FR/MY/123781501/200-mph-golden-bullet-clb-200-cordless-leaf-blower-500x500.jpg,Found
4555,CLBCG45,CLUTCH KSK BC G45,https://ae01.alicdn.com/kf/Hb39f1f8911dc405786f0d75c7d893af5L/Clutch-for-ZENOAH-G35-G45-G35L-G45L-BC3410-4310-BK4302-436R-443R-Brush-Cutter-Grass-Trimmer.jpg,Found
4556,CLD,COTTON LINE DHOORI,https://img3.exportersindia.com/product_images/bc-full/2022/3/9658727/cotton-line-dori-1646891561-6237423.png,Found
4557,CLD1,COTTON LINE DHOORI,https://img3.exportersindia.com/product_images/bc-full/2022/3/9658727/cotton-line-dori-1646891561-6237423.png,Found
4558,CLEAR BOX,CLEAR BOX,https://image.made-in-china.com/2f0j00scdlJtygQBYm/Big-Transparent-Plastic-Storage-Box-Clear-Plastic-Storage-Boxes-Large.webp,Found
4559,CLIX,CALTEX LOCK INSTALLATION KIT XTREAPOWER,https://xtrapowertools.com/site-img/product/1672663666138802652363b2d272aa5db.jpg,Found
4560,CLPBL,CALTEX PLUM BOB LARGE (THUKKU KATTA ),https://cdn.shopify.com/s/files/1/1038/1798/files/3._Angled_Plum_Bob_with_Textured_Layers_Short_Bob_Hair.jpg?v=1750054689,Found
4561,CLPBL,CALTEX PLUM BOB LARGE (THUKKU KATTA ),https://i.etsystatic.com/11236996/r/il/7d6df0/7045904949/il_1080xN.7045904949_gjcc.jpg,Found
4562,CLPBP,CALTEX PLUMBOB PREMIUM CP,https://5.imimg.com/data5/SELLER/Default/2025/5/514095013/NM/KS/IV/127086719/1000080073-1000x1000.jpg,Found
4563,CLPC2,CALTEX PAINT SCRAPPER 2INCH,,Not Found
4564,CLR130,CHALK LINE SET BULLET,"https://images.123cards.com/ecards/122058/thoughtful--thank-you-ecards-122058-image.png?auto=compress,format&fit=crop&fm=jpeg&h=285&ixlib=php-3.3.1&rect=174,171,1198,960&v=1687939552&w=356&s=72c4b2c59cba041c2ebbfff07d84a7bc",Found
4565,CLR130/Q,CHALK LINE SET BULLET QUALITY,https://timbertown.ca/wp-content/uploads/2024/01/set-1.jpg,Found
4566,CLS12,CALTEX SCALE 12 INCH,https://5.imimg.com/data5/SELLER/Default/2021/4/HK/NO/IW/25746288/stainless-steel-dual-measurment-scale-1000x1000.jpg,Found
4567,CLTH58,CLUTCH 58CC,https://down-ph.img.susercontent.com/file/d3796a262e0b9198da0ee1cca2bb3ce3,Found
4568,CLUTCH143,CLUTCH  NEW FOR 143,https://i.ebayimg.com/images/g/O~QAAOSwqF9oSIZk/s-l1600.jpg,Found
4569,CM14LG,ETERNITY CUT OFF MACHINE 14 INCH,https://m.media-amazon.com/images/I/71edMHm5ULL._SL1500_.jpg,Found
4570,CM24BC,BRUSH COVER CM24,https://5.imimg.com/data5/SELLER/Default/2025/11/558542997/DA/UM/LX/71611655/001-1000x1000.jpg,Found
4571,CM24CB,CARBON BRUSH CM24,https://www.eastcarb.com/wp-content/uploads/2024/10/Electrographitic-Carbon-Brushes.png,Found
4572,CM45,CONVEX MIRROR 45CM /18 INCH,https://5.imimg.com/data5/SELLER/Default/2025/1/482609021/HP/CD/RF/72452246/18-inch-convex-mirror-1000x1000.jpg,Found
4573,CM4SAB,CM4SA BODY,https://image.made-in-china.com/2f0j00HpNqzngaaVoY/Cm4SA-Cm4sb-Portable-Electric-Power-Concrete-Saw-Marble-Cutter.jpg,Found
4574,CM4SABG,E- TOOL KRAFT SPARE -CM4SA BEARING DUMMY,https://img.freepik.com/premium-photo/bearing-spare-part-isolated-white-background-3d-metal-ball-bearing_846215-2012.jpg?w=2000,Found
4575,CM4SADR,DISTANCE RING  CM4SA,https://dukaan.b-cdn.net/700x700/webp/upload_file_service/df9b522f-6bab-4bb2-8d26-10e491bc578b/1679805718149.jpeg,Found
4576,CM4SAG,SPARES CM4SA GEAR,https://dukaan.b-cdn.net/1000x1000/webp/upload_file_service/9f8c27a6-2504-4007-8772-ec0e3e0e1181/1681981454638.jpeg,Found
4577,CM4SAGB,STAR SPARES CM4SA GEAR BOX,https://5.imimg.com/data5/SELLER/Default/2025/8/539982194/IC/RY/HC/13429151/cm4sa-gear-box-1000x1000.png,Found
4578,CM4SAGK,GEAR KEY,https://www.planetaryreducer.com/wp-content/uploads/Construction-of-VRB-planetary-gearbox-1.png,Found
4579,CM4SAHC,CARBON BRUSH HOLDER CAP FOR CM4SA,https://i5.walmartimages.com/seo/Uxcell-Carbon-Brush-Holder-Cap-Motor-Electric-Brush-Plastic-Cover-Thread-Black-15mm-OD-8mm-Height-Pack-of-4_565dc4db-c34d-4692-8faa-9ab47a8d1f98.b6b76741ca4a51bcf302b372b8a02ff1.jpeg,Found
4580,CM4SAS,CM4SA SWITCH  EVEREST,https://akshajtoolsllp.com/wp-content/uploads/2024/06/1-24-scaled.jpg,Found
4581,CM4SAS,CM4SA SWITCH  EVEREST,https://img.sysgeek.cn/img/2024/01/ram-type-p2.jpg,Found
4582,CM4SASP,SPRING FIELD FOR CM4SA  GALAXY,https://image.made-in-china.com/2f0j00HpNqzngaaVoY/Cm4SA-Cm4sb-Portable-Electric-Power-Concrete-Saw-Marble-Cutter.jpg,Found
4583,CM4SBB,CM4SB BODY,https://cellphones.com.vn/sforum/wp-content/uploads/2024/04/anh-bia-facebook-42.jpg,Found
4584,CM4SBDR,DISTANCE RINF FOR CM4SB,,Not Found
4585,CM4SBDS,DISTANCE SPRING FOR CM4SB,https://lzd-img-global.slatic.net/g/p/4e5595cc9bd285639546a514270ef7ef.png_720x720q80.png,Found
4586,CM4SBS,SPARE  CM4SB SWITCH  MT410,https://www.flackbox.com/wp-content/uploads/2017/09/word-image-21.png,Found
4587,CM4SD,HIKOKI MARBLE CUTTER CM4SDS9Z,https://5.imimg.com/data5/SELLER/Default/2025/9/548557980/WJ/EE/NY/252680441/12-rpm-hikoki-cmsc-marble-cutter-1000x1000.jpg,Found
4588,CM4SS,CM4SA SPANNER SET (2MM FLAT/T),https://static1.industrybuying.com/products/hand-tools/spanners/combination-spanner/HAN.COM.535267375_1757930614701.webp,Found
4589,CM5SC,HIKOKI MARBLE CUTTER 5INCH CM5SC,https://5.imimg.com/data5/SELLER/Default/2025/5/508679924/SV/HX/ZT/2598630/cm5sc-500x500.jpg,Found
4590,CM60,CONVEX MIRROR  60CM /24,https://static1.industrybuying.com/products/safety/road-safety-equipments/convex-mirrors/SAF.CON.434481018_1755168724979.webp,Found
4591,CM7701,"OMR NON RETURN VALVE 8,16,24,30,50-1601",https://fergo.shop/media/d0/2a/93/1713188003/ZV116-Flanged-Ruckschlägventile-GG25-Fergo.png?1723468573,Found
4592,CM7712,ELBOW BIG 50L OMR,https://imgv2-1-f.scribdassets.com/img/document/963003946/original/462cd38f5b/1?v=1,Found
4593,CM7713,"ELBOW SMALL 24,30,50 OMR",,Not Found
4594,CM7716,OMR AIR FILTER 50L 1/2 CM7716,https://i5.walmartimages.com/seo/RIH-Pneumatics-1-2-NPT-Air-Filter-Pressure-Regulator-Combo-Piggyback-5-Micron-Brass-Element-0-150-PSI-Gauge-Air-Tool-Compressor-Filter_7c94bf38-24af-4524-82cc-6f0a0df32c4c.ea190f95c072fd87386a0d541132af5f.jpeg,Found
4595,CM7753,DRAIN VALVE OMR,https://ganelec.co.za/cdn/shop/files/DrainValve2.png?v=1726128444&width=1946,Found
4596,CM7760,OMR OIL LEVELER METAL BIG,https://omr-oil.net/assets/media/news/1000/vav11.jpg,Found
4597,CM7769,OMR OIL FREE COMPRESSOR AIR FILTER 1/4,https://m.media-amazon.com/images/I/516lPX5wc8L.jpg,Found
4598,CM80,CONVEX MIRROR 80CM/32,https://down-my.img.susercontent.com/file/e00a08b417e2667140a398567e434785,Found
4599,CM80018,BRUSH CAP SIMM H3100B CM80018,https://thumbs.dreamstime.com/b/animated-cute-kitten-begging-to-be-hugged-transparent-background-cute-kitten-begging-animation-transparent-background-320442523.jpg,Found
4600,CMESH1/4*1/4B,PVC MESH 1/4*1/4 3' BLACK,https://www.sure-green.com/media/catalog/product/b/l/black_wire_mesh_panels_1__2.png,Found
4601,CMESH5*5,PVC COATED MESH 5',,Not Found
4602,CMESH5*5,PVC COATED MESH 5',https://5.imimg.com/data5/SELLER/Default/2025/5/511415483/KM/LX/LL/37147334/5-feet-pvc-coated-wire-mesh-1000x1000.jpg,Found
4603,CMESH5X3,WELDMESH COATED 0.5X3,https://cdn11.bigcommerce.com/s-0esxpuxvq8/images/stencil/1280x1280/products/106317/418190/WELDMESH-PAN-50X50MM-MESH-0.6X0.9M__79463.1769432028.jpg?c=1,Found
4604,CMESH5X3,WELDMESH COATED 0.5X3,,Not Found
4605,CMESH5X3,WELDMESH COATED 0.5X3,https://cdn11.bigcommerce.com/s-0esxpuxvq8/images/stencil/1280x1280/products/106317/418190/WELDMESH-PAN-50X50MM-MESH-0.6X0.9M__79463.1769432028.jpg?c=1,Found
4606,CMESH5X3,WELDMESH COATED 0.5X3,https://cdn11.bigcommerce.com/s-0esxpuxvq8/images/stencil/1280x1280/products/106317/418190/WELDMESH-PAN-50X50MM-MESH-0.6X0.9M__79463.1769432028.jpg?c=1,Found
4607,CMESH5X3,WELDMESH COATED 0.5X3,,Not Found
4608,CMESH5X4,WELDMESH COATED 0.5X4,,Not Found
4609,CMESH5X4,WELDMESH COATED 0.5X4,https://www.tiktok.com/api/img/?itemId=7206426905791319301&location=0&aid=1988,Found
4610,CMESH5X4,WELDMESH COATED 0.5X4,https://cdn11.bigcommerce.com/s-0esxpuxvq8/images/stencil/1280x1280/products/106317/418190/WELDMESH-PAN-50X50MM-MESH-0.6X0.9M__79463.1769432028.jpg?c=1,Found
4611,CMGB,TILE CUTTER GEAR BOX,https://samnantools.in/wp-content/uploads/2023/09/ger-box.png,Found
4612,CN15,FIBER CHATTY,https://charpindustries.com/wp-content/uploads/2014/02/EL-0068-1024x693.jpg,Found
4613,CN15,FIBER CHATTY,https://i.ytimg.com/vi/LYh4mQqQaJ8/maxresdefault.jpg,Found
4614,CN16,FIBER CIMENT CHATTY  CN16,https://sulfycor.com/wp-content/uploads/2025/10/Fiber-Cement-Boards.jpg,Found
4615,CN16SA,HIKOKI NIBBLER-CN16SAS9Z,https://genpumps.com/cdn/shop/files/CN16SA_2122x1400.jpg?v=1729074942,Found
4616,CN17,FIBER CHATTY,https://i.ytimg.com/vi/LYh4mQqQaJ8/maxresdefault.jpg,Found
4617,CN17,FIBER CHATTY,https://i.ytimg.com/vi/LYh4mQqQaJ8/maxresdefault.jpg,Found
4618,CN17,FIBER CHATTY,https://i.ytimg.com/vi/LYh4mQqQaJ8/maxresdefault.jpg,Found
4619,CN1F,CHAIN 1FT,https://m.media-amazon.com/images/I/71YTD0rhB8L.jpg,Found
4620,CN24,POWERX AIR COMPRESSOR 24L JETPOWER CN24,https://thumbs.dreamstime.com/z/okapi-okapia-johnstoni-forest-giraffe-sptripes-buttom-striped-pattern-congo-africa-okapi-okapia-johnstoni-forest-giraffe-132083997.jpg,Found
4621,CNB,CLUTCH NEEDLE BEARING  58CC,https://m.media-amazon.com/images/I/81m1+X5TvZL._AC_SL1500_.jpg,Found
4622,CNB100,ACE ULTRA TOUCH NYLON BURSH 100MM (SPINDLE MOUNDED),,Not Found
4623,CNRV,NRV VALVE,https://5.imimg.com/data5/SELLER/Default/2024/2/387838857/UI/MR/HH/3468153/ci-non-return-valve-100mm-1000x1000.jpg,Found
4624,COAT/R,COAT PIDI ILLATHATHU TATA RED,"https://i0.wp.com/getthemthis.com.au/wp-content/uploads/2023/07/older-girl-blond-compress.jpg?fit=744,640&ssl=1",Found
4625,COAT1.8,COAT1.8 PIDI ILLATHATHU,https://lookaside.fbsbx.com/lookaside/crawler/media/?media_id=2327476507750829,Found
4626,COAT1.8,COAT1.8 PIDI ILLATHATHU,,Not Found
4627,COB,O RING COMPACTER BIG,https://www.ozseals.com/wp-content/uploads/2013/10/bigoring_featured_web.jpg,Found
4628,COC,OIL CAP,,Not Found
4629,COCR,COURIER CHARGE,https://d2kh7o38xye1vj.cloudfront.net/wp-content/uploads/2017/07/Comparison-of-shipping-rates.png,Found
4630,COCR,COURIER CHARGE,https://item-shopping.c.yimg.jp/i/n/e-netsign_cash-03sty,Found
4631,COCR,COURIER CHARGE,,Not Found
4632,COCR,COURIER CHARGE,https://d2kh7o38xye1vj.cloudfront.net/wp-content/uploads/2017/07/Comparison-of-shipping-rates.png,Found
4633,COCR,COURIER CHARGE,https://d2kh7o38xye1vj.cloudfront.net/wp-content/uploads/2017/07/Comparison-of-shipping-rates.png,Found
4634,COCUNUT DEHUSKER,COCUNUT DEHUSKER,https://imartgrocersph.com/wp-content/uploads/2020/09/gin-bilog-350ml-500x500.png,Found
4635,CONCRETE MIXER MACHINE,CONCRETE MIXER MACHINE WITH HYDRAULIC HOPPER,,Not Found
4636,COOL PACK NO 55,COOL PACK NO 55,,Not Found
4637,CORE25,CORE BIT 25MM -CORE25,https://sydneytools.com.au/assets/images/products/1/0/7/2/10727/D10A2B21EF3BE0295EA2EB838AFE5E4221B71E1A2535FDBC8ED30134E1C07AC7.jpeg,Found
4638,CORE38,CORE BIT 38MM CORE38 11/2 inch,,Not Found
4639,CORE51,CORE BIT 51MM -CORE51 2 inch,https://www.thefencingwarehouse.com.au/assets/full/CDB2I.jpg?20200703031036,Found
4640,COS,O RING COMPACTER SMALL,,Not Found
4641,COS230910,INGCO TOOL BAG SET 4 PCS,https://16306180.s21i.faiusr.com/2/ABUIABACGAAg9rLuoQYo5qTwnwIwoAY4lQQ.jpg,Found
4642,COSLI241198,INGCO COMBO KIT  DRILL GRINDER HAMMER DRILL 3 PCS KIT,https://boutik.mu/wp-content/uploads/2025/12/Untitled-design-2-4.png,Found
4643,COSLI250281,INGCO CORDLESS 32 PCS COMBO KIT,https://res-sg.togroup.com/stc/dtc_web/files/upload/INGCO-EC-INDIA/1747210978231/CKLI2027310_1.jpg,Found
4644,COUPLER,SPRAYWELL SPARE ADAPTOR 1/4X22M,,Not Found
4645,COUPLER/1,COUPLER,https://ae01.alicdn.com/kf/HTB1UTtsXnHuK1RkSndVq6xVwpXa7/1-Pair-3-8-M22-Thread-Quick-Release-Coupler-Pressure-Washer-Adapter-Connector-Coupling-14-8MM.jpg,Found
4646,CP10MM,PVC WIRE CLIP 10MM,http://cdn-review.cupshe.com/cmc-admin/20220404/c3a8666a0c264d18a7c16837b16b83f6.jpg,Found
4647,CP12MM,PVC WIRE CLIP 12MM,https://img.lazcdn.com/g/p/e338ef59036f50e40314a07244761c44.png_720x720q80.png,Found
4648,CP3,NON RETURN VALVE,https://fergo.shop/media/d0/2a/93/1713188003/ZV116-Flanged-Ruckschlägventile-GG25-Fergo.png?1713188003,Found
4649,CP3/4*1/2,HOSE COLLER,https://5.imimg.com/data5/SELLER/Default/2021/12/WJ/EP/OL/2462627/42-ci-extra-long-hose-coller-1000x1000.jpg,Found
4650,CP4,PRESSURE GUAGE,https://static.grainger.com/rp/s/is/image/Grainger/19RZ35-A3020-1_v1,Found
4651,CP470UF,CAPASITOR 400 V X 470 UF,https://down-id.img.susercontent.com/file/id-11134207-7r98s-ltngriq0u5mqd0,Found
4652,Cp5,Safety Valve1/4 Sro,https://i.pinimg.com/736x/cb/15/eb/cb15ebee5d48a66989b6c5319eff3d4c.jpg,Found
4653,CP7MM,PVC WIRE CLIP 7MM,https://vn24h.info/wp-content/uploads/2019/04/gia-truong-la-gi.jpg,Found
4654,CP9M,PVC WIRE CLIP,https://royalelectric.pk/wp-content/uploads/2023/02/wclip.jpg,Found
4655,CPA1.8KG,C P AXE 1.8 KG WITH HANDLE,https://website-assets.studocu.com/img/document_thumbnails/9e668cea1e72a892797ee373188abeeb/thumb_1200_1696.png,Found
4656,CPA2.5,C P AXE 2.5KG,https://5.imimg.com/data5/SELLER/Default/2025/6/521444915/JJ/QY/FZ/40429197/c-p-axe-500x500.jpeg,Found
4657,CPA2.5KG,C P AXE 2.5KG  WITH HANDLE,https://www.bigbazaar.co.nz/cdn/shop/files/matt03_18-11-21-6686-unmarked-85239-1000x1000.jpg?v=1761823198&width=1445,Found
4658,CPA5T,CLUTCH PULLEY ASSEMBLY 5T,"https://m.media-amazon.com/images/S/aplus-media-library-service-media/0994d6f9-52ea-4e70-8884-59f33cc36d27.__CR0,0,970,600_PT0_SX970_V1___.jpg",Found
4659,CPCAP,AIR COMPRESSOR CUP,https://down-ph.img.susercontent.com/file/sg-11134202-7qvet-lfi4i3s4upsd4e,Found
4660,CPCH1,CUP SCREW HOOKS KOSHA1,,Not Found
4661,CPCH1,CUP SCREW HOOKS KOSHA1,https://m.media-amazon.com/images/I/61Lpj1+TBnL._AC_.jpg,Found
4662,CPCH1.5,CUP SCREW HOOKS SH1.5,https://www.leevalley.com/_next/image?url=https://images.contentstack.io/v3/assets/blt050573defaf102e3/blt7d7eb8a2cd3ada3d/669bc8c81fdf9a56813db30a/https_assets.leevalley.com_Size5_10037_00S5633-1-2-inch-nickel-plated-cup-hooks-100-f-04.jpg?branch=production&w=3840&q=75,Found
4663,CPCH1.5,CUP SCREW HOOKS SH1.5,https://m.media-amazon.com/images/I/715CuBz5DKL._AC_SL1500_.jpg,Found
4664,CPCH11/4,CUP HOOK SCREW 11/4,https://i5.walmartimages.com/asr/b4d4bdf5-089a-4b23-8086-6a4efbca0568.4677f2910cd8dd111e2ef776821cc633.jpeg,Found
4665,CPCH2,CUP SCREW HOOKS PARAS 2,https://5.imimg.com/data5/SELLER/Default/2024/8/443577350/NB/FV/SZ/3308750/gur-paras-cup-hook-brass-polished-bell-hooks-500x500.jpg,Found
4666,CPCH2,CUP SCREW HOOKS PARAS 2,https://i5.walmartimages.com/seo/The-Hillman-Group-Cup-Hooks-Screw-in-Hooks-Black-Vinyl-Finish-2-1-4-4-Pack_531f8e9f-a8ee-4526-acad-c1ac05baec34_1.dad1f4e1e32ec89a7e15d9cf12e82358.jpeg,Found
4667,CPCH3/4,"CUP SCREW HOOKS SH3/4""",https://m.media-amazon.com/images/I/61Lpj1+TBnL._AC_.jpg,Found
4668,CPCH3/4,"CUP SCREW HOOKS SH3/4""",https://m.media-amazon.com/images/I/61Lpj1+TBnL._AC_.jpg,Found
4669,CPCH5/8,HOOK CUP 5/8,https://m.media-amazon.com/images/I/61ih373MNiL._AC_.jpg,Found
4670,CPN,WHITENER  (CORRECTION PEN ),https://static-01.daraz.pk/p/eb27582a58427adf91ad8d15f7284702.jpg,Found
4671,CPN,WHITENER  (CORRECTION PEN ),,Not Found
4672,CPN/,WHITNER,https://rukminim2.flixcart.com/image/832/832/kg40k280/correction-stationery/t/p/a/correction-pen-0-8-mm-correction-roller-pen-set-of-3-white-original-imafwfhn9zex5htt.jpeg?q=70&crop=false,Found
4673,CPN/,WHITNER,https://rukminim2.flixcart.com/image/832/832/kg40k280/correction-stationery/t/p/a/correction-pen-0-8-mm-correction-roller-pen-set-of-3-white-original-imafwfhn9zex5htt.jpeg?q=70&crop=false,Found
4674,CPN/,WHITNER,,Not Found
4675,CPP10,OMR CABLE PULLER PLASTIC COTTED 10 MTR CH,https://down-id.img.susercontent.com/file/id-11134207-7ra0h-mbdjy2lonnmn66,Found
4676,CPP10,OMR CABLE PULLER PLASTIC COTTED 10 MTR CH,https://m.media-amazon.com/images/I/71qQ12ij-pL._AC_SL1500_.jpg,Found
4677,CPP15,OMR CABLE PULLER PLASTIC COTTED 15 MTR,https://storage.googleapis.com/img-pcolle/88316117b2df99953/174046622268ab26007/042947_02.jpg,Found
4678,CPP20,OMR CABLE PULLER PLASTIC COTTED 20 MTR,https://5.imimg.com/data5/SELLER/Default/2025/8/540601292/BK/UI/LB/20973448/cable-puller-20-mtr-500x500.jpg,Found
4679,CPP30,OMR CABLE PULLER PLASTIC COATED 30 MTR,https://lzd-img-global.slatic.net/g/p/1af98586fee5c578be1b1a840c973021.jpg_720x720q80.jpg_.webp,Found
4680,CPP30,OMR CABLE PULLER PLASTIC COATED 30 MTR,,Not Found
4681,CPRS,CHELLIPULLER STEEL,https://beehomie.com/cdn/shop/files/SteelWeedPuller_3.png?v=1749515059&width=1445,Found
4682,CPS,CHUGH PLUG SPANNER MARUTI NEW HEAVY GES,https://trac-mac.com/37440-large_default/plug-spanner-14mm.jpg,Found
4683,CPS3CM,COTTER PIN SET 3CM RAJAGRO,https://down-id.img.susercontent.com/file/id-11134207-8224p-mg0f0mfhaadq56,Found
4684,CPSET,PISTON,https://www.howacarworks.com/images/143/undefined_w1400.jpg,Found
4685,CPTG,CYLINDER PRESSURE TESTING GAUGE,,Not Found
4686,CPTMS200HD,FOLDING PLATFORM HAND TROLLY CPT-MS200HD,https://static.wikia.nocookie.net/vsbattles/images/f/fc/Chapter_5_Protype_Render_Poppy_Playtime.webp/revision/latest?cb=20260219141854,Found
4687,CPTMS400HD,FOLDING PLATFORM HAND TROLLY  CPT-MS400HD,https://5.imimg.com/data5/SELLER/Default/2024/9/451521468/SN/IH/DO/80009843/cpt-ms400hd-1-500x500.jpg,Found
4688,CPVC42M,CALTEX PVC PIPE CUTTER 42MM,https://i.ytimg.com/vi/EkA2FG7nALM/maxresdefault.jpg,Found
4689,CPWLI2008,INGCO CORDLESS PRESSURE WASHER,https://vikastoolmart.com/wp-content/uploads/CPWLI2008-1.jpg,Found
4690,CPWLI20362,INGCO CORDLESS PRESSURE WASHER,https://vikastoolmart.com/wp-content/uploads/CPWLI2008-1.jpg,Found
4691,CR1070,AG70 CARBON BRUSH,https://img.lazcdn.com/g/p/f70fe80feca03f63bda3fe95e77b9b0b.jpg_720x720q80.jpg,Found
4692,CR1070,AG70 CARBON BRUSH,https://www.simplydentalchatswood.com.au/wp-content/uploads/2022/08/shutterstock_1087643111.jpg,Found
4693,CR1078,DH78 CARBON BRUSH,https://www.brush24.com/images/product_images/original_images/RC_18119932_2.jpg,Found
4694,CR11E,E POWERTUF-CARBON BRUSH-11E,https://rukminim2.flixcart.com/image/832/832/xif0q/hammer-drill/x/t/t/0-carbon-brush-for-gsh-11e-part-no-1617014126-bosch-original-imahfkmpngwpnq5x.jpeg?q=70&crop=false,Found
4695,CR11E,E POWERTUF-CARBON BRUSH-11E,https://5.imimg.com/data5/SELLER/Default/2024/2/383151785/KG/YX/JG/37387167/11e-carbon-brush-500x500.jpg,Found
4696,CR1R,RENTAL AIR COMPRESSOR,https://towabletools.com/wp-content/uploads/2019/07/Atlas-Copco-XAS-1600-1800-CFM-Air-Compressor-Rental-in-Calgary-Edmonton-Fort-McMurray-Lethbridge-Alberta-e1564164906341.jpeg,Found
4697,CR28MM,28MM HOUSING ST43CC,https://group-d.ie/cdn/shop/products/MMWHS-34-BK_1_5_1cc0c4db-cb95-40f7-8d63-17c3c7133174.png?v=1627662879,Found
4698,CRASS125B,CARBON BRUSH FORSTRAIGHT GRINDER 5 INCH,https://image.made-in-china.com/2f0j00yUVRavoYVlzr/Carbon-Brush-Carbon-for-Metabo-Straight-Grinder-G-500-Ge-700-5X10X16mm.jpg,Found
4699,CRBD,B&D PRESSURE WASHER CARBON PW1370TD,https://toolz4industry.com/wp-content/uploads/2023/02/black-and-decker-pw1370td-3.jpg,Found
4700,CRDH20,DH20 CARBON BRUSH IBELL,https://m.media-amazon.com/images/I/71ultIKYFnL.jpg,Found
4701,CRDSM08/125,YURI CARBON BRUSH DCA  08-100 DSM08/DSM125,https://down-my.img.susercontent.com/file/fd371625c63a564f822fdbbe7e13b920,Found
4702,CRDU10,POWERTEX CARBON BRUSH,https://5.imimg.com/data5/SELLER/Default/2025/6/519293836/QQ/RU/YE/57433664/powertex-service-carbon-brush-1000x1000.jpeg,Found
4703,CRDU10,POWERTEX CARBON BRUSH,,Not Found
4704,CRDWE4235,CARBON BRUSH DWE4235,https://grandcarbon.com/wp-content/uploads/2024/07/1-12.png,Found
4705,CREB2937,CARBON BRUSH CREB,https://m.media-amazon.com/images/I/710ZJW1pUZL._AC_SL1500_.jpg,Found
4706,CRH222,BULLET CORDLESS ROTARY HAMMER DRILL CRH222 20MM,https://5.imimg.com/data5/SELLER/Default/2025/5/510470456/OC/XU/JW/86915491/cordless-rotary-hammer-golden-bullet-1000x1000.jpg,Found
4707,CRH2-26,CARBON,https://static.vecteezy.com/system/resources/previews/012/034/742/non_2x/carbon-symbol-chemical-element-of-the-periodic-table-illustration-vector.jpg,Found
4708,CRHLI201681,INGCO CORDLESS ROTARY HAMMER,https://farmlinegh.com/shop/wp-content/uploads/2025/10/CRHLI202682.jpg,Found
4709,CRHLI201681,INGCO CORDLESS ROTARY HAMMER,https://www.toolsmart.pk/cdn/shop/files/CRHLI202882_90f32bf9-f528-4987-826c-ece604a9c541.jpg?v=1734172900&width=2000,Found
4710,CRHLI2020,INGCO CORDLESS ROTARY HAMMER DRILL CRHLI202081,https://res-sg.togroup.com/stc/dtc_web/files/upload/INGCO-EC-INDIA/ingco.in+首图_20250212/CRHLI202081.jpg,Found
4711,CRHLI2022PS,PROTECTIVE SLEEVE  CORDLESS ROTARY HAMMER DRILL,https://i5.walmartimages.com/seo/20V-SDS-Plus-Cordless-Rotary-Hammer-Drill-Compatible-Dewalt-Battery-NO-Battery-Brushless-Motor-Safety-Clutch-1200RPM-4-Functions-5-Drills-Carrying-Ca_833f40d9-4468-41bf-b93c-24b2f522b5ae.d210464fb1d259f3586fce37a0cf6924.jpeg,Found
4712,CRHLI202682,INGCO CORDLESS ROTARY HAMMER DRILL CRHLI202682,https://farmlinegh.com/shop/wp-content/uploads/2025/10/CRHLI202682.jpg,Found
4713,CRHMH60,CARBON BRUSH -HMH60,https://www.brush24.com/images/product_images/original_images/RC_18119936_2.jpg,Found
4714,CRKEY,CYLINDER KEY,https://m.media-amazon.com/images/I/61hUXeAOCWL.jpg,Found
4715,CRKPEMHDCB,CARBON BRUSH -KPEMHDCB PUTTY MIXER,https://down-id.img.susercontent.com/file/sg-11134201-7rcen-lsqr5jikwyfib1,Found
4716,CRM,COLLET FOR ROUTER MACHINE,,Not Found
4717,CRM,COLLET FOR ROUTER MACHINE,https://m.media-amazon.com/images/I/61Er4yn0U3L._AC_SL1500_.jpg,Found
4718,CRPDA100,YURI CARBON BRUSH PDA100,https://static1.industrybuying.com/products/power-tools/spares/carbon-brush/POW.CAR.927410428_1726236509611.webp,Found
4719,CRPDA100,YURI CARBON BRUSH PDA100,,Not Found
4720,CRPH65KP,JCB CARBON BRUSH 16 KG 1240W,http://game.watch.impress.co.jp/img/gmw/docs/685/882/03_s.png,Found
4721,CRPM1250,PM1250 CARBON BRUSH,https://quagmirerepair.com/media/catalog/product/2/2/22-18-1250.jpg?width=265&height=265&store=default&image-type=image,Found
4722,CRRH26i,RH26 ELECTRIC BRUSH,,Not Found
4723,CRTG21006,TG1121006 CARBON BRUSH,https://totalmalaysia.my/wp-content/uploads/2021/03/TG1121006.jpg,Found
4724,CRTRISHOL,CRIMPING TOOL TRISHOL,https://ichef.bbci.co.uk/ace/ws/640/cpsprodpb/82b4/live/743451d0-2c91-11ee-ac50-2359e2cc608b.png,Found
4725,CRTV,M SEAL CLEAR RTV SIL GASKET MARKER,https://5.imimg.com/data5/SELLER/Default/2022/5/IS/XT/XT/36183083/m-seal-clear-rtv-gasket-maker-85-gm-500x500.jpg,Found
4726,CRU11/4,CHINTHER BLADE 1 1/4'',https://5.imimg.com/data5/SELLER/Default/2026/1/573639228/GU/SX/EK/3714767/randha-blade-1-1-4-1000x1000.jpg,Found
4727,CRV1,BLADE 6X1,https://www.ntc-tech.com/cdn/shop/products/mmTM_DFUWiULO-dW75rpunsn0NLF4wal4HmD0aOqIWpP9S_hXpiBwv4C-u9P1npX7NynGoVNoSDcTM-kUGQcl4_5AXnfOIg_s4470.jpg?v=1694147420,Found
4728,CRV1,BLADE 6X1,https://i5.walmartimages.com/seo/Gator-Blade-Bench-Grinding-Wheel-6X1-60G-GRIND-Each_eb50e7ac-59d5-4ada-a57d-f0213ba71ab7.0364a4d9109a6800452e4a8270aecbb5.jpeg,Found
4729,CRV1/2,1/2 INCH RATCHET WRENCH,,Not Found
4730,CRV1/4,1/4 INCH RATCHET WRENCH ACE,https://image.made-in-china.com/2f0j00FBliapVUugGt/More-Than-50000-Times-Operation-Life-1-4-Inch-Manual-Ratchet-Wrench.jpg,Found
4731,CRV10,AVINATION SNIP 10 INCH STRIGHT CUT,http://halcoeurope.com/cdn/shop/files/716TPbBWmXL._SL1500_1200x.jpg?v=1720792644,Found
4732,CRV10,AVINATION SNIP 10 INCH STRIGHT CUT,,Not Found
4733,CRV11/2,CHINTHER  BLADE 6*11/2,"https://m.media-amazon.com/images/S/aplus-media-library-service-media/d37ed38a-8f72-40c4-aebb-500812edf1f4.__CR0,0,970,600_PT0_SX970_V1___.jpg",Found
4734,CRV11/4,CHINTHER  BLADE 6*11/4,,Not Found
4735,CRV11/4,CHINTHER  BLADE 6*11/4,https://houseofhardwareusa.com/wp-content/uploads/2025/11/blade-4.jpg,Found
4736,CRV12,PUNCH DOWN TOOL SET STANLEY 12 PCS,https://www.toolstoreuk.co.uk/images/products/large/21537_152671.jpg?t=1693887328,Found
4737,CRV7,COMBINATION RATCHET SET 7 PCS CRV,https://down-my.img.susercontent.com/file/c88e8652bf7c8e9246450b7824b69442,Found
4738,CRVB,PLANNER BLADE CERV BLUE,https://abidindustries.com/wp-content/uploads/2023/09/PLANER-RANDHA-BLADE-blue-1.jpg,Found
4739,CS10X100,COACH SCREW MS3/8X4,https://5.imimg.com/data5/MP/AY/XN/SELLER-69800097/stainless-steel-hex-coach-screw-1000x1000.jpg,Found
4740,CS10X125,COACH SCREW MS3/8X5,https://www.thevintagescrewcompany.com/wp-content/uploads/2023/04/Galvanised-Coach-Screws.jpg,Found
4741,CS10X50,COACH SCREW MS 3/8X2,https://5.imimg.com/data5/SELLER/Default/2022/9/GJ/LC/KD/18244062/ms-hex-coach-screw-1000x1000.jpeg,Found
4742,CS10X63,COACH SCREW MS 3/8X2.5,https://5.imimg.com/data5/SELLER/Default/2020/12/OL/OG/UM/42533658/wood-screw-1000x1000.png,Found
4743,CS10X75,COACH SCREW MS 3/8X3,https://mjproducts.com.au/wp-content/uploads/2021/12/COACH-SCREWS-3-8-X-3-INCH-10MM-X-76MM-ZINC-PLATED-packet-of-6.jpg,Found
4744,CS13*4P,SS SCREW 13X4 STAR,https://5.imimg.com/data5/SELLER/Default/2024/5/415244968/FJ/DU/OZ/121605294/csk-star-screw-1000x1000.jpg,Found
4745,CS17*18*19*21,CROSS SPANNER 17*18*19*21,,Not Found
4746,CS20B,CS20 ANT VIBRATION BUSH,http://pineriversbearings.com.au/wp-content/uploads/2019/12/Anti-Vibration-Mounts-1024x733.jpg,Found
4747,CS20S,CS20 SCREW ST5*16,https://image.made-in-china.com/2f0j00ZdjWKEisGBzF/St5-16-Dark-Green-Carbon-Steel-Phillips-Crosss-Indented-Hexagon-Washer-Flange-Head-Antiskid-Self-Tapping-Wood-Screw.jpg,Found
4748,CS22HXL,SOCKET SET CS22 HXL,https://m.media-amazon.com/images/I/71IA5+os-FL._SL1419_.jpg,Found
4749,CS2500,BULL CHAINSAW 25CC,https://i.ytimg.com/vi/YfMUFQZXgRc/maxresdefault.jpg,Found
4750,CS38*6,CHOICE COACH SCREW 38*6,https://fixabolt.co.uk/cdn/shop/files/M6x60mm-coach-screw.jpg?v=1763555671,Found
4751,CS38*8,COACH SCREW 38*8,https://arunfasteners.co.uk/wp-content/uploads/2023/01/Coach-Screw-1-scaled.jpg,Found
4752,CS38X10,COACH SCREW MS3/8X1.5ARUN,https://www.film-rezensionen.de/wp-content/uploads/2016/12/Attack-on-Titan-Vol-1-Midview.png,Found
4753,CS50X8,COACH SCREW MS 5/16X2,,Not Found
4754,CS56,C556 I GRINTER,https://cdn.tokihana.net/uploads/store/media/items/4660/125304/large-0fa82abcfc665a768c2cfc2f34ddb845.jpg,Found
4755,CS58C,CS58 CARBURATOR,https://kamax-shop.cz/image/cache/catalog/Demon/product_m831324/karburator-pre-motorovu-pilu-demon-cs58-cs65-5200-m831324-550x550w.jpg,Found
4756,CS58C,CS58 CARBURATOR,https://cdn.shopify.com/s/files/1/0814/6321/4354/files/Kanter-Carburetor-CARBPV79V_b73ff2c5-c209-40db-afbc-248739be0772.jpg?v=1742238447&width=1500,Found
4757,CS62SA,CS62 START ASSY,https://www.dlastore.com/media/catalog/product/cache/ba670861d278867c6cf425419441a5b6/5/9/59758_0.jpg.webp,Found
4758,CS62SA,CS62 START ASSY,https://m.media-amazon.com/images/I/71HcDXZ2h-L._AC_SL1500_.jpg,Found
4759,CS62SA,CS62 START ASSY,https://m.media-amazon.com/images/I/71HcDXZ2h-L._AC_SL1500_.jpg,Found
4760,CS6X38,COACH SCREW MS 1/4X1.5,https://5.imimg.com/data5/SELLER/Default/2022/3/YD/DZ/MH/3241453/ms-coach-screw-1000x1000.jpg,Found
4761,CS6X62,COACH SCREW MS 1/4X2.5,https://5.imimg.com/data5/SELLER/Default/2023/1/EH/ON/VM/54897538/full-thread-ms-hex-coach-screw-1000x1000.jpeg,Found
4762,CS6X63,COACH SCREW MS1/4X2.5,https://arunfasteners.co.uk/wp-content/uploads/2023/01/Coach-Screw-1-scaled.jpg,Found
4763,CS7213,CS OIL PUMP WORM CS7213,https://thumbnail.image.rakuten.co.jp/@0_mall/auc-hamaya/cabinet/venartd30/venartd30top/venartd30katahiraki/n08.jpg?_ex=600x600&s=0&r=1,Found
4764,CS7243,OMR CS CHOKE LEVER,,Not Found
4765,CS7245,OMR PRIMER PUMP CS7245,http://sinocmp.com/cdn/shop/files/Hydraulic-Motor-OMR200-151-7245--1517245-for-Sauer-Danfoss_01.jpg?v=1729761048,Found
4766,CS7259,OMR CHAINSAW COLLER SCREW  CS7259,https://inrorwxhmnirlm5p-static.micyjz.com/cloud/jpBpjKkrlqSRrkiplpmrjo/9d09b9663db36e06.jpg,Found
4767,CS8X125,COACH SCREW MS 5/16X5,https://5.imimg.com/data5/SELLER/Default/2022/11/AV/KO/TQ/4056305/ms-hex-coach-screw--1000x1000.jpeg,Found
4768,CS8X38,COACH SCREW MS 5/16X1.6,https://arunfasteners.co.uk/wp-content/uploads/2023/01/Coach-Screw-1-scaled.jpg,Found
4769,CS8X63,COACH SCREW MS 5/16X2.5,https://thumb.ac-illust.com/48/4898de4eb84bdf653e6b97da5a083846_t.jpeg,Found
4770,CS9411,LT MNX 2 NO +2NC ADD ON BLOCK CS9411,https://wallpaperaccess.com/full/1227835.jpg,Found
4771,CSA12,YURI CHAINSAW ATTACHMENT 12 INCH CSA12,https://i5.walmartimages.com/seo/Angle-Grinder-to-Chainsaw-Conversion-Kit-12-Inch-Wood-Cutting-Chain-Saw-Attachment-Handheld-DIY-Woodworking-Tool-1-Piece-Set_9844e2db-639a-4522-9100-8151e2ecb1fa.0ad12000d232a2afdd2507229b3c209b.jpeg,Found
4772,CSA16,CHAINSAW ATTACHMENT 16 INCH CSA16 YURI,https://5.imimg.com/data5/SELLER/Default/2025/1/484712410/ZS/ZS/XU/86037835/water-pumps-500x500.jpeg,Found
4773,CSA16,CHAINSAW ATTACHMENT 16 INCH CSA16 YURI,https://5.imimg.com/data5/SELLER/Default/2025/1/484712410/ZS/ZS/XU/86037835/water-pumps-500x500.jpeg,Found
4774,CSA16,CHAINSAW ATTACHMENT 16 INCH CSA16 YURI,https://5.imimg.com/data5/SELLER/Default/2025/1/484712410/ZS/ZS/XU/86037835/water-pumps-500x500.jpeg,Found
4775,CSAFM,CS AIR FILTER MED RAJARO,https://lookaside.fbsbx.com/lookaside/crawler/media/?media_id=122157465590612901,Found
4776,CSAFS,CS AIRFILTER  SMALL RAJAGRO,,Not Found
4777,CSBA,BRAKE ASSY CHAIN SAW RAJ AGRO,https://m.media-amazon.com/images/I/61rtecZtHLL._AC_SL1500_.jpg,Found
4778,CSC23,CS CLUTCH M23,https://imgv2-2-f.scribdassets.com/img/document/858911472/original/367a307798/1?v=1,Found
4779,CSD/BS,COCONUT SCRAPPER DOUBLE SIDE WITH BASIN AND STAND,,Not Found
4780,CSDS,CS DUMPING SPRING RAJAGRO,,Not Found
4781,CSDSB,COCONUT SCRAPPER DOUBLE SIDE WITH BASIN AND STAND,https://5.imimg.com/data5/SELLER/Default/2023/2/EY/OE/XA/7957803/double-side-scrapper-1000x1000.jpeg,Found
4782,CSFFR,CS FUEL FILTER,https://www.stationaryengineparts.com/images/cache/Listeroid+CS+Fuel+Filter+Element-d2288540d6eb3d5250d98790ff514b90.jpg,Found
4783,CSGLI2003,INGCO CORDLESS SPRAY GUN CSGLI2003,https://septfourindustrialsupply.com/cdn/shop/files/CSGLI2003_1200x1200.webp?v=1708759999,Found
4784,CSH1.5,CLAW HAMMER 1LB PIPE TYPE,https://5.imimg.com/data5/SELLER/Default/2024/6/424110274/BM/LS/DL/24397429/pipe-claw-1-lb-1000x1000.jpg,Found
4785,CSIC,CHAINSAW IGNITION COIL,https://www.chainsawspares.com.au/assets/alt_2/PJ14209.jpg?20210309031641,Found
4786,CSK13X4,SELF DRILLING SCREW STAR 13X4 CSK,https://5.imimg.com/data5/SELLER/Default/2024/7/437410715/ZH/FG/QZ/104251347/csk-500x500.jpg,Found
4787,CSK3/16,M/C SCREW CSK3/16X1,,Not Found
4788,CSK3/16,M/C SCREW CSK3/16X1,https://championfasteners.com.au/wp-content/uploads/2020/10/SCREW_COUNTERSUNK_PHILLIPS_SS-300x300.jpg,Found
4789,CSK3/16,M/C SCREW CSK3/16X1,https://championfasteners.com.au/wp-content/uploads/2020/10/SCREW_COUNTERSUNK_PHILLIPS_SS-300x300.jpg,Found
4790,CSK3/16*1.5,M/C SCREW CSK3/16X1,https://championfasteners.com.au/wp-content/uploads/2020/10/SCREW_COUNTERSUNK_PHILLIPS_SS-300x300.jpg,Found
4791,CSK3/16*1.5,M/C SCREW CSK3/16X1,https://championfasteners.com.au/wp-content/uploads/2020/10/SCREW_COUNTERSUNK_PHILLIPS_SS-300x300.jpg,Found
4792,CSK3/16*2,M/C SCREW CSK3/16X1,https://championfasteners.com.au/wp-content/uploads/2020/10/SCREW_COUNTERSUNK_PHILLIPS_SS.jpg,Found
4793,CSK3/16*2,M/C SCREW CSK3/16X1,https://championfasteners.com.au/wp-content/uploads/2020/10/SCREW_COUNTERSUNK_PHILLIPS_SS-300x300.jpg,Found
4794,CSK3/16X.50,m/c screw csk 3/16x.5,http://www.stainlesscentral.com.au/assets/product-images/0120-001-05016.JPG,Found
4795,CSK3/16X.75,M/C SCREW CSK3/16X.75,,Not Found
4796,CSK3/16X1.25,M/C SCREW CSK 3/16X1.25,https://www.kotadiafasteners.com/wp-content/uploads/2024/06/s-l960-8.jpg,Found
4797,CSK3/16X1.25,M/C SCREW CSK 3/16X1.25,,Not Found
4798,CSK5/32*.5,M/C SCREW GOLDEN 5/32*.5,https://i.pinimg.com/originals/7d/43/88/7d4388b0a4ccccf603a958bb6b02e9a2.jpg,Found
4799,CSK5/32*.5,M/C SCREW GOLDEN 5/32*.5,https://i.accu.co.uk/drawing/SIP-SEM.jpg?profile=shop-drawing,Found
4800,CSK5/32*.75,M/C SCREW GOLDEN 5/32*.75,https://i.accu.co.uk/drawing/SPPR_R4.jpg?profile=shop-drawing,Found
4801,CSK5/32*.75,M/C SCREW GOLDEN 5/32*.75,https://i5.walmartimages.com/seo/Grrrgooo-Screw-3-16-x-1-1-4-Slotted-Hex-Washer-Head-Concrete-Screws-Steel-Masonry-Concrete-Bricks-Blocks-Self-Tapping-5-32-3-1-2-Drill-Bit-100-Screws_75f2a4c3-3719-4788-8f99-9b21b870d945.ffb405a2f48893b48acbd9742646fbb5.jpeg,Found
4802,CSK5/32*1,M/C SCREW GOLDEN  5/32*1,https://agmelectrical.com.au/images/detailed/9/25HZR0440_BOLTS_2604_MACSIM_NUTS_vp58-sn.jpg,Found
4803,CSK5/32*1,M/C SCREW GOLDEN  5/32*1,https://agmelectrical.com.au/images/detailed/9/25HZR0440_BOLTS_2604_MACSIM_NUTS_vp58-sn.jpg,Found
4804,CSK5/32*1.5,M/C SCREW GOLDEN5/32*1.5,,Not Found
4805,CSK6X25,SELF SCREW 1,https://www.racknsell.com/public/thumbs/products/102032/Capture42_500_500.png,Found
4806,CSK7*25,SELF DRILLING SCREW STAR 25*7 CSK,,Not Found
4807,CSK7*25,SELF DRILLING SCREW STAR 25*7 CSK,https://5.imimg.com/data5/SELLER/Default/2024/7/437410715/ZH/FG/QZ/104251347/csk-500x500.jpg,Found
4808,CSLI1851,INGCO CORDLESS CIRCULAR SAW,https://th-test-11.slatic.net/p/5656f13047c969196f169f8abef81705.jpg,Found
4809,CSM2,CS MUFFLER 2 HOLE RAJ AGRO,https://i5.walmartimages.com/seo/2-Hole-Exhaust-Hanger-Bushing-Muffler-Upgrade-EPDM-Insulator-Shock-Absorbent-Mount-Bracket-High-Density-Hangers-12mm-Hole-73mm-x-47mm-x-21mm-Universa_1ad61711-e678-4a2b-b9f2-70fbc6d9bcd6.0047de1d897bdce7dd9ae8e094066046.jpeg,Found
4810,CSOC,OIL CAP CHAINSAW RAJAGRO,https://m.media-amazon.com/images/I/5108IDFRBWL._AC_SL1500_.jpg,Found
4811,CSP5920,STHIL CHAINSAW CSP5920 1E48FKK220725TT02227,https://www.werribeemowers.au/content/product/regular/full/STIHL_MS_261_C_M_Professional_Chainsaw-125-29.jpg,Found
4812,CSPRING,CLUTCH SPRING 58CC,https://down-ph.img.susercontent.com/file/sg-11134201-22090-97gqthfdfshv34,Found
4813,CSPULLY,CS ST PULLY SINGLE,https://mandirimahadaya.co.id/wp-content/uploads/2024/02/pully-single.png,Found
4814,CSSP,ST43CC SPARK PLUG,https://m.media-amazon.com/images/I/61lOnpixl-L._SL1500_.jpg,Found
4815,CSSPRING,CS SPRING SINGLE,https://imgv2-1-f.scribdassets.com/img/document/989963698/original/6dcba2281c/1?v=1,Found
4816,CSSPRING,CS SPRING SINGLE,https://imgv2-1-f.scribdassets.com/img/document/989963698/original/6dcba2281c/1?v=1,Found
4817,CST58CC,CHAIN SPROCKET EMTEX,https://www.slsbearings.com/uploads/media/Tips+for+Maintaining+Your+Chain+and+Sprocket+Systems.webp,Found
4818,CST8X150,COACH SCREW T-TYPE 8*150,http://localharvest.org.au/lhwp-images/apples.jpg,Found
4819,CSTS,COCONUT SCRAPPER TABLE STD,,Not Found
4820,CSTS,COCONUT SCRAPPER TABLE STD,https://m.media-amazon.com/images/I/81DLa+kWbrL._AC_.jpg,Found
4821,CSTS,COCONUT SCRAPPER TABLE STD,https://m.media-amazon.com/images/I/81DLa+kWbrL._SL1500_.jpg,Found
4822,CSTS,COCONUT SCRAPPER TABLE STD,https://m.media-amazon.com/images/I/81DLa+kWbrL._SL1500_.jpg,Found
4823,CSTT,COCOUNUT SCRAPPER TABLE TYPE,https://i.ytimg.com/vi/LHeZcZU4SnM/maxresdefault.jpg,Found
4824,CT06,CRIMPING TOOL CHAKRA  6,,Not Found
4825,CT127,TOOL WORTH MINI TUBE CUTTER CT-1271/8-5/,https://files.ekmcdn.com/245a32/images/mini-tube-cutter-ct-127-1-8-to-5-8-3-16mm-copper-pipe-cutter-for-hvac-refrigerat-6893-p.png?v=882D4064-DC34-4579-A68B-AAE2559C11B0,Found
4826,CT16/50,CRIMPING TOOL VIKRANT 50,https://5.imimg.com/data5/SELLER/Default/2023/7/325446570/OM/ZL/BP/139811233/jainson-hand-crimping-tool-vikrant-50-1000x1000.png,Found
4827,CT202B,CRIMPING TOOL 202B,https://m.media-amazon.com/images/I/61nPnOqVYwL._SL1500_.jpg,Found
4828,CT348,ELECTRIC CONTINUTY TESTER,,Not Found
4829,CT364A08,TUBE BENDER 1/2 ATLAS,https://5.imimg.com/data5/SELLER/Default/2023/6/318270222/GD/DM/JK/4624969/tube-bending-machine-500x500.jpg,Found
4830,CT3M,CUTTING TORCH G02 3 PIPE MUBEX,https://5.imimg.com/data5/ANDROID/Default/2022/8/KE/FN/FI/84028870/1661758468371-jpg-1000x1000.jpg,Found
4831,CT3M,CUTTING TORCH G02 3 PIPE MUBEX,https://i.ytimg.com/vi/_T2lVAwVkE0/maxresdefault.jpg,Found
4832,CT40M,PAD LOCK 40MM LONG CALTEX,https://ph-test-11.slatic.net/p/eadd62d2ad4b7c14ce17e5b30e7e3ab7.jpg,Found
4833,CT536,MANIFOLD GAUGE CT536 GFP,https://5.imimg.com/data5/SELLER/Default/2025/2/492231611/LL/GF/DS/5902118/manifold-gauge-set-ct-536-gfp-1000x1000.jpeg,Found
4834,CT6/16,CRIMPING TOOL SAMRAT 16,https://cdn.shopify.com/s/files/1/0559/1269/3916/products/Fenoflex_160mgCaps_1_grande.jpg?v=1671039916,Found
4835,"CT8""",CRIMPING TOOL 8'',https://xcombg.com/image/cache/catalog/lan-aksesoari/crimping-tool-8-pin-tl-210n-1000x1000.jpg,Found
4836,CT801,CREST ANGLE GRINDER  CT801,,Not Found
4837,CTAB2,CUTTING TORCH ARC BRO GOLD 2 PIPE,,Not Found
4838,CTC6,CRIMPING TOOL SPIDER 6,https://trendspider.com/learning-center/wp-content/uploads/2023/06/Important-Continuation-Patterns-1024x648.jpg,Found
4839,CTCM4,CREST MARBLE CUTTER CT-CM4,https://5.imimg.com/data5/SELLER/Default/2025/12/568520750/VH/FH/XN/138864401/marble-cutter-circular-box-1000x1000.jpg,Found
4840,CTD,CUTTING TORCH DUMEX,https://weldro.com/wp-content/uploads/2020/03/1601-CUTTING-TORCH.png,Found
4841,CTEB40,CACTUS BLOWER ELECTRIC EB40C,https://c8.alamy.com/comp/A6CWF2/snake-cactus-selenicereus-pteranthus-saint-lucie-county-hutchinson-A6CWF2.jpg,Found
4842,CTM,SWNAN NECK M/H,https://mhcons.co.za/wp-content/uploads/Pinnacle-Swan-Neck-2.webp,Found
4843,CTN3,CUTTING TORCH NATIONAL ISI 3 PIPE,https://cdn.pixabay.com/photo/2021/04/16/21/41/woman-6184474_1280.png,Found
4844,CTP8,CALTEX TEXTURE GURMALA 8MM PATHRA  TEETH,https://5.imimg.com/data5/SELLER/Default/2024/8/443233181/OA/VD/OE/5049000/tile-gurmala-12-x-5-8mm-teeth-gap-1000x1000.jpg,Found
4845,CTS,CAUTION TAPE ALL SIZE,https://i.ytimg.com/vi/fiNKEXGQCkY/maxresdefault.jpg,Found
4846,CTS16,CRIMPING TOOLS SAMRAT -16,https://www.electronicscomp.com/image/cache/catalog/jainson-samrat-16-non-insulated-terminal-crimping-tool-1-800x800.JPG,Found
4847,CTS6,CRIMPING TOOLS SPIDER 6,https://retailguide.tokubai.co.jp/wp-content/uploads/2024/05/IMG_8005-1-1536x1152.jpg,Found
4848,CTV6,CRIMPING TOOL VIRAT 6,https://5.imimg.com/data5/SELLER/Default/2023/12/367356592/GK/JA/LM/4366207/virat61-1000x1000.jpg,Found
4849,CTVC,CORDLESS TILE VB CONTROLLER,,Not Found
4850,CTVLI20018,INGCO CORDLESS TILEVIBRATER CTVLI20018,https://importacioneshibrida.com/wp-content/uploads/2026/01/CTVLI20018.jpg,Found
4851,CTVM,CORDLESS TILE VB MOTOR,https://www.magnahardware.com/wp-content/uploads/2025/07/Motor-1.png,Found
4852,CTW,SWAN NECK W/H,https://www.researchgate.net/publication/342117397/figure/fig1/AS:905382104924170@1592871323939/Trichophyton-rubrum-a-SDA-wine-red-pigmentation-on-reverse-side-b-LPCB-mount-arrow.ppm,Found
4853,CTY,CAUTION TAPE YELLOW,https://cdn.shopify.com/s/files/1/1308/5821/products/CAUTION-Warning-Barricade-Tape-200-feet-Pioneer-386__60312.1481148620_1024x1024.jpg?v=1622474416,Found
4854,CUP,SPRAY GUN CUP,https://www.spraygunsdirect.co.uk/wp-content/uploads/2023/04/devilbiss-spray-gun-cup-gfc_501.jpg,Found
4855,CUP...,CUP....,"https://res.cloudinary.com/dmwcbhehi/image/upload/c_thumb,w_3840,g_center/f_auto/q_auto/v1/Porsche_GT3Cup_Seitenschuss_ro9tv1?_a=BAVAZGDX0",Found
4856,CUPIN,SPRAY GUN PLASTIC CUP IN SIDE,https://www.supersybon.com/wp-content/uploads/2022/10/1665739061-PP600-HKS-Disposable-Plastic-Cups-Car-Spray-Paint-Gun-Cups-Disposable-Plastic-Measuring-Cup.jpg,Found
4857,CUPLIER,CUPLIER,https://cdn.pimber.ly/public/asset/raw/5ee8a13150af727432f87049/81e9651e/60a51156cb1c7d0018f929fa/716949b5/IFT-M311-64684W-large1425.png,Found
4858,CUPLIER/1,CUPLIER,https://cdn.pimber.ly/public/asset/raw/5ee8a13150af727432f87049/81e9651e/60a51156cb1c7d0018f929fa/716949b5/IFT-M311-64684W-large1425.png,Found
4859,CUPOUT,SPRAY GUN PLASTIC CUP OUT,https://www.supersybon.com/wp-content/uploads/2022/10/1665739061-PP600-HKS-Disposable-Plastic-Cups-Car-Spray-Paint-Gun-Cups-Disposable-Plastic-Measuring-Cup.jpg,Found
4860,CUTTER,CUTTER APSARA,https://c.saavncdn.com/943/Apsara-Hindi-2026-20260304203805-150x150.jpg,Found
4861,CUTTER,CUTTER APSARA,https://skbazaar.com/wp-content/uploads/2025/10/IMG_20251001_174445.jpg,Found
4862,CUTTER,CUTTER APSARA,https://skbazaar.com/wp-content/uploads/2025/10/IMG_20251001_174445.jpg,Found
4863,CUTTER,CUTTER APSARA,https://skbazaar.com/wp-content/uploads/2025/10/IMG_20251001_174445.jpg,Found
4864,CV220,COVINO HAMMER DRILL 2-20 500W,,Not Found
4865,CV4,COVINA MARBLE BLADE 4'' (TILE CUTTING BLADE ),https://5.imimg.com/data5/ANDROID/Default/2025/5/514010725/CU/IY/MD/25559725/product-jpeg-1000x1000.jpg,Found
4866,CV4/1,COVINA MARBLE BLADE 4'',,Not Found
4867,CV419,CARBON,https://static.vecteezy.com/system/resources/previews/009/392/410/original/carbon-symbol-chemical-element-of-the-periodic-table-illustration-vector.jpg,Found
4868,CV48C,CV48 CARBON BRUSH,https://s1.kaercher-media.com/mam/47624890/mainproduct/23773/d0.jpg,Found
4869,CV48S,CV48 SWITCH,https://news.walkerplus.com/article/1049184/10461342_615.jpg,Found
4870,CV5081CB,CV81 CARBON BRUSH,https://www.eastcarb.com/wp-content/uploads/2024/10/Solid-One-piece-Carbon-Brushes.png,Found
4871,CV81GB,CV81 GEAR BOX,,Not Found
4872,CV81S,CV81 SWITCH,https://www.torq.com/Asset/a1152.jpg,Found
4873,CV81SL,CV81 SPINDLE,,Not Found
4874,CV81WK,CV81 WOODRUFF KEY,https://5.imimg.com/data5/SELLER/Default/2022/11/QA/OG/EH/171518/woodruff-key-1000x1000.jpg,Found
4875,CVLI20126,INGCO CORDLESS VACCUM CLEANER,,Not Found
4876,CVLI201261HFA,HEPA FILTER ASSEMBLY  FOR VACCUM CLEANER CVLI201261 SP-4,https://down-ph.img.susercontent.com/file/sg-11134207-824gc-mfmrzwsownpm0c,Found
4877,CW1,COTTON WASTE COLOUR,https://5.imimg.com/data5/SELLER/Default/2023/8/339382866/FH/WC/AH/13516401/multi-color-cotton-waste-1000x1000.jpeg,Found
4878,CW1,COTTON WASTE COLOUR,https://5.imimg.com/data5/SELLER/Default/2021/2/AP/LM/UR/10215435/colour-cotton-waste-500x500.jpg,Found
4879,CW1,COTTON WASTE COLOUR,https://5.imimg.com/data5/SELLER/Default/2021/2/AP/LM/UR/10215435/colour-cotton-waste-500x500.jpg,Found
4880,CW1/1,COTTON WASTE WHITE,https://5.imimg.com/data5/SELLER/Default/2022/4/BS/NV/PA/150408417/white-cotton-waste-500x500-500x500.jpg,Found
4881,CW1/1,COTTON WASTE WHITE,https://5.imimg.com/data5/SELLER/Default/2022/4/BS/NV/PA/150408417/white-cotton-waste-500x500-500x500.jpg,Found
4882,CW1/1,COTTON WASTE WHITE,https://5.imimg.com/data5/SELLER/Default/2022/4/BS/NV/PA/150408417/white-cotton-waste-500x500-500x500.jpg,Found
4883,CW1/1,COTTON WASTE WHITE,,Not Found
4884,CW1/1G,COTTON WASTE WHITE,https://5.imimg.com/data5/SELLER/Default/2022/4/BS/NV/PA/150408417/white-cotton-waste-500x500-500x500.jpg,Found
4885,CW1/1G,COTTON WASTE WHITE,https://5.imimg.com/data5/SELLER/Default/2022/4/BS/NV/PA/150408417/white-cotton-waste-500x500-500x500.jpg,Found
4886,CW1G,COTTON WASTE COLOUR,https://langmaster.edu.vn/storage/images/2024/01/02/qua-khu-cua-fall-1.webp,Found
4887,CW3,CONCRETE SEGMENT CUP BLADE GREEN BULLET,,Not Found
4888,CW7,CUTTING  WHEEL 7 INCH,https://www.abrasivecuttingdisc.com/photo/pl33426799-steel_freehand_7_inch_mpa_metal_cutting_wheel_7x1_8x7_8.jpg,Found
4889,CW7,CUTTING  WHEEL 7 INCH,https://cdn.pixabay.com/photo/2024/02/28/07/42/european-shorthair-8601492_1280.jpg,Found
4890,CW7802,OMR CARWASHER HOSE ORING BIG CW7802,https://down-my.img.susercontent.com/file/my-11134201-7rasg-m7hs7ovig9qw8e,Found
4891,CW7807,OMR CARWASHER ON /OFF SWITCH,https://i.ebayimg.com/images/g/6Y4AAOSwrF9lLH6U/s-l1600.jpg,Found
4892,CWAR,OUT LET PIPE,https://image.made-in-china.com/202f0j00YCUkAGfWJLqD/Extendable-Outlet-Pipe-for-Basin-Sink-Waste-Water-Bathroom-Washbowl-Retracted-Sink-Basin-Water-Drain-Flexible-Plastic-Pipe-Tube.webp,Found
4893,CWB17*52*14,CAR WASH BEARING 17*52*14,https://fytzbearing.com/wp-content/uploads/2022/07/6315.png,Found
4894,CWB75,CIRCLIP WIRE BRUSH 75MM,https://5.imimg.com/data5/ANDROID/Default/2025/9/549217994/HH/AB/LK/107129470/product-jpeg-1000x1000.jpg,Found
4895,CWC11,WELDING LEG GUARD CWH 111,https://imaraworkwear.co.ke/wp-content/uploads/2025/01/Welding-Leg-Guard-.jpg,Found
4896,CWC514,WELDING HAND SLEEVE CW-515,https://www.cooperweld.com/image/cache/catalog/product_images/cw-515-600x315w.jpg,Found
4897,CWC515,WELDING HAND SLEEVE CW-515,https://www.cooperweld.com/image/cache/catalog/product_images/cw-515-600x315w.jpg,Found
4898,CWGST,CARWASH GUN,https://i5.walmartimages.com/seo/Carwash-Cannon-Soap-Foam-Blaster-Nozzle-Spray-Gun-Just-spray-rinse-No-More-Scrubbing-Car-wash-system-features-revolutionary-foam-blasting-technology_594b26d6-1f21-401e-be72-1fae5d6b7b8d.52f1fb71053ec15a16d9b5ea8bb27f7f.jpeg,Found
4899,CWH10/300,HYDRAULIC HOSE WITH END IBELL 3000W 10 MTR,https://5.imimg.com/data5/SELLER/Default/2023/12/365116296/KX/EP/XX/1793705/gates-hydraulic-hose-assembly-with-end-fitting-1000x1000.jpg,Found
4900,CWH500,CALTEX CLAW HAMMER WOODEN HANDLE 500GMS,https://m.media-amazon.com/images/I/71thygJPRzL._AC_.jpg,Found
4901,CWH6/1,CAR WASHER HOSE 6M,https://media.takealot.com/covers_images/91f3f4ae84d24425af869a427dc0a35c/s-xlpreview.file,Found
4902,CWH6/3,HYDRAULIC HOSE WITH END 1/4'6MTR LONG WITH BOSCH,,Not Found
4903,CWH6/79,HYDRAULIC HOSE WITH END FITTINGS  6MTR IBELL79PRO,https://5.imimg.com/data5/SELLER/Default/2023/12/365116296/KX/EP/XX/1793705/gates-hydraulic-hose-assembly-with-end-fitting-1000x1000.jpg,Found
4904,CWH7M,HYDRAULIC HOSE WITH END FITTINGS 7MTR BOSCH,https://5.imimg.com/data5/SELLER/Default/2023/12/365116296/KX/EP/XX/1793705/gates-hydraulic-hose-assembly-with-end-fitting-1000x1000.jpg,Found
4905,CWH8/1,CAR WASHER HOSE 8M,https://5.imimg.com/data5/SELLER/Default/2025/12/569447423/RC/GJ/VV/4156378/car-washing-hose-1000x1000.jpg,Found
4906,CWH8/2,MT18 CARWASHER HOSE 8MTR,https://vamjo.com/wp-content/uploads/2025/05/car-wwasher-hose-steel-spcl-8-mtr-53523-Photoroom.jpg,Found
4907,CWH8M,PRESSURE WASHER HOSE 8 MTR,https://rukminim2.flixcart.com/image/832/832/xif0q/car-pressure-washer/b/y/w/st-25-2100-watts-150-bar-8-mtr-outlet-hose-starq-original-imah8asqvzurvg76.jpeg?q=70&crop=false,Found
4908,CWH8M,PRESSURE WASHER HOSE 8 MTR,https://rukminim2.flixcart.com/image/832/832/xif0q/car-pressure-washer/b/y/w/st-25-2100-watts-150-bar-8-mtr-outlet-hose-starq-original-imah8asqvzurvg76.jpeg?q=70&crop=false,Found
4909,CWHEEL,COMPACT MACHINE WHEEL,,Not Found
4910,CWHS,HOSE SLEEV,,Not Found
4911,CWHS/1,PVC ROLL(HOSE SLEEVE YELLOW /RED ),,Not Found
4912,CWHS/1,PVC ROLL(HOSE SLEEVE YELLOW /RED ),https://5.imimg.com/data5/SELLER/Default/2022/11/UC/ZT/RR/125038866/pvc-sleeve-5mm-1000x1000.jpg,Found
4913,CWHS/1,PVC ROLL(HOSE SLEEVE YELLOW /RED ),https://5.imimg.com/data5/SELLER/Default/2022/11/UC/ZT/RR/125038866/pvc-sleeve-5mm-1000x1000.jpg,Found
4914,CWHS/1,PVC ROLL(HOSE SLEEVE YELLOW /RED ),,Not Found
4915,CWHS/1,PVC ROLL(HOSE SLEEVE YELLOW /RED ),https://5.imimg.com/data5/SELLER/Default/2022/11/UC/ZT/RR/125038866/pvc-sleeve-5mm-1000x1000.jpg,Found
4916,CWHS/1,PVC ROLL(HOSE SLEEVE YELLOW /RED ),https://5.imimg.com/data5/SELLER/Default/2022/11/UC/ZT/RR/125038866/pvc-sleeve-5mm-1000x1000.jpg,Found
4917,CWHS/1,PVC ROLL(HOSE SLEEVE YELLOW /RED ),https://5.imimg.com/data5/SELLER/Default/2022/11/UC/ZT/RR/125038866/pvc-sleeve-5mm-1000x1000.jpg,Found
4918,CWHS/2,HOSE SLEEV RAJ,https://www.silicasleeve.com/js/tinymce/demo/images/202512/02/6e7474b4fca58cbd6bca3fc77ecee6cc.jpg,Found
4919,CWHS/2,HOSE SLEEV RAJ,https://i.ytimg.com/vi/-oHqBmbp1fg/maxresdefault.jpg,Found
4920,CWHS10M,E-EMTEX-PRESSURE WASHER HOSE 10 MTR,https://5.imimg.com/data5/SELLER/Default/2025/12/568753496/NS/VD/BU/15138529/4255d656-88b6-4c4f-8856-ce4c2f9b911e-1000x1000.jpg,Found
4921,CWHS10M,E-EMTEX-PRESSURE WASHER HOSE 10 MTR,https://5.imimg.com/data5/SELLER/Default/2025/12/568753496/NS/VD/BU/15138529/4255d656-88b6-4c4f-8856-ce4c2f9b911e-1000x1000.jpg,Found
4922,CWHS5/1,E-POWERTUF PRESSURE WASHER HOSE -5MTR,https://dearsam.com/img/800/600/resize/t/h/the-letter-e-50x70_3a189.jpg,Found
4923,CWHS8B,HYDRAULIC HOSE BLACK 8 MTR ALLYS,https://hosemart.in/wp-content/uploads/2023/08/rubber-hose-ftgs.gif,Found
4924,CWHS8W,HYDRAULIC HOSE WHITE  8 MTR,https://5.imimg.com/data5/SELLER/Default/2023/5/308144817/GC/VQ/RJ/51867056/8m-white-high-pressure-hydraulic-hose-pipe-500x500.jpg,Found
4925,CWRN,79  ROTATING NOZZLE IBELL,https://static.vecteezy.com/system/resources/previews/027/738/083/original/sporty-purple-jersey-design-sportswear-pattern-template-vector.jpg,Found
4926,CWS,16A 3PIN PLUG AND SOCKET,https://www.gig.sex/static/images/logo.png,Found
4927,CWS,16A 3PIN PLUG AND SOCKET,https://peacosupport.com/image/cache/catalog/connectors/3-pin-industrial-connector-16a-c-550x550.jpg,Found
4928,CWS/1,16A 3PIN PLUG AND SWITCH,,Not Found
4929,CWS/1,16A 3PIN PLUG AND SWITCH,https://m.media-amazon.com/images/I/61VQyjReoYL._SX679_.jpg,Found
4930,CWS01,XTREAM FORM WASH CWS01,https://www.burkhartdental.com/wp-content/uploads/2024/10/Formlabs_Form_Wash_2nd_Gen.jpg,Found
4931,CWS02,SHAMPOO XTREME FOAM CWS02,https://i.pinimg.com/originals/9b/63/20/9b6320ad79559d24f37d0f3d99b9b296.jpg?nii=t,Found
4932,CWS04,XTREAM FORM WASH CWS04,,Not Found
4933,CWS22,SHAMPOO PREMIUM  CWS22 200ML,https://flamingotiendaonline.cl/wp-content/uploads/2022/09/Shampoo.jpg,Found
4934,CWS22,SHAMPOO PREMIUM  CWS22 200ML,https://flamingotiendaonline.cl/wp-content/uploads/2022/09/Shampoo.jpg,Found
4935,CWS26,SHAMPOO PREMIUM  CWS26 1 LTR CWS26,http://www.beautydamodar.in/cdn/shop/files/IMG_5903.jpg?v=1733485932,Found
4936,CWS42,SHAMPOO GOLD SELECT CWS42 200ML,https://misstourist.com/wp-content/uploads/2022/08/0-Prague-Castle-Tickets-660x441@2x.jpg,Found
4937,CWS42,SHAMPOO GOLD SELECT CWS42 200ML,https://image.news.livedoor.com/newsimage/2/a/2a4be_249_2014-12-11-181024.jpg,Found
4938,CWS46,SHAMPOO PREMIUM 1 LTR GOLD CWS46,https://sorayaestetica.com/wp-content/uploads/2024/06/Shampoo-gold-202418988-scaled.jpg,Found
4939,D00022,SDS PLUS BIT 5X110D-00022,https://wimg.mk.co.kr/news/cms/202403/20/news-p.v1.20240320.5cc4134f0cd046c097380a716075743b_P1.jpg,Found
4940,D00050,SDS PLUS BIT 6*110 D00050,https://www.stock-free.org/images/baby-animal-photo-05032016-image-332.jpg,Found
4941,D00050,SDS PLUS BIT 6*110 D00050,https://www.static-src.com/wcsstore/Indraprastha/images/catalog/full/catalog-image/113/MTA-181869539/makita_makita_mata_bor_beton_sds_plus_6_mm_x_110_mm_-d-00050-_full01_vd2l2fnf.jpg,Found
4942,D00050,SDS PLUS BIT 6*110 D00050,https://www.static-src.com/wcsstore/Indraprastha/images/catalog/full/catalog-image/113/MTA-181869539/makita_makita_mata_bor_beton_sds_plus_6_mm_x_110_mm_-d-00050-_full01_vd2l2fnf.jpg,Found
4943,D00050,SDS PLUS BIT 6*110 D00050,https://www.static-src.com/wcsstore/Indraprastha/images/catalog/full/catalog-image/113/MTA-181869539/makita_makita_mata_bor_beton_sds_plus_6_mm_x_110_mm_-d-00050-_full01_vd2l2fnf.jpg,Found
4944,D00050,SDS PLUS BIT 6*110 D00050,https://img.freepik.com/premium-photo/star-anise-cinnamon_428823-90.jpg,Found
4945,D00066,HAMMER DRILL BIT 6-160,https://makita.ae/wp-content/uploads/D-00066_C2L0.jpg,Found
4946,D00125,SDS PLUS  BIT 8X110,https://5.imimg.com/data5/SELLER/Default/2024/6/427710915/RG/CU/SA/1394648/sds-plus-drill-bit-8x110-1000x1000.jpg,Found
4947,D00131,SDS PLUS BIT 8*160 D00131,https://markandhazyl.com/wp-content/uploads/2023/10/大阪景點地圖-1024x683.webp,Found
4948,D00131,SDS PLUS BIT 8*160 D00131,https://lh3.googleusercontent.com/X_bE00wqh6cqKoh7KWwHjc0own3GfiyFi_W6TFWkgbMG2ICZLp_rKeUjuxBj3Fv04OGtPvk7fg4tzvtzes-ELjKBOFfzpC0SOSsgpypS3hxVHv_i4oJm2usPar-Vh4y4SMm_u21wIsWiMJP8lw,Found
4949,D00175,SDS PLUS BIT 10*160,https://s35691.pcdn.co/wp-content/uploads/2021/01/Media-Literacy-in-a-Post-Pandemic-World.jpg,Found
4950,D00175,SDS PLUS BIT 10*160,https://be.prod.metabo.com/product/products/2619100S_01_website.png,Found
4951,D00197,SDS PLUS BIT 10X260,https://www.dexerials.jp/asset/images/en/sustainability/envi/active_list_image_a12.jpg,Found
4952,D00228,SDS PLUE HAMMER DRILL BIT 12*160 D00228,https://pumpstech.com.fj/wp-content/uploads/2023/09/FHDS-116450.jpg,Found
4953,D00240,SDS PLUS BIT 12*260 D00240,https://makita.ae/wp-content/uploads/D-00240_C1C0.jpg,Found
4954,D00240,SDS PLUS BIT 12*260 D00240,https://i.ytimg.com/vi/SYI78mL1-jM/maxresdefault.jpg,Found
4955,D00262,SDS PLUS BIT 14X160  D00262,,Not Found
4956,D00278,SDS PLUS BIT 14*260 D00278,https://s3-ap-northeast-1.amazonaws.com/cdn.gourmet-note.jp/production/imgs/images/000/319/564/lqip.jpg?1548662322,Found
4957,D00290,D00290 SDS PLUS BIT 16*210,https://fi.makitamedia.com/images/3_Makita/304_accessories_GS1/30410_JPG_zoom/D-00290_C1C0.jpg,Found
4958,D02YD54,PETROL CHAINSAW D02YD54,https://javhd.pics/photos/japanese/lena-miyashita/10/lena-miyashita-2.jpg,Found
4959,D03311,SDS PLUS BIT 25X350  D03311,https://hanrm.com/wp-content/uploads/2025/01/Billet-rolling-mill.jpeg,Found
4960,D08682,BULL POINT 17X280 FOR HM08010T D-8682,https://aikchinhin.sg/cdn/shop/products/makita-17x280-bull-point-for-hm0810t-model-bp-md08682-d08682-bull-point-makita-956588_1024x.PNG?v=1664292686,Found
4961,D08682,BULL POINT 17X280 FOR HM08010T D-8682,https://nameawe.com/wp-content/uploads/2023/09/Interesting-Facts-About-Bulls.jpg,Found
4962,D08682H,BULL POINT MAKITA 17*280 D08682,https://nameawe.com/wp-content/uploads/2023/09/Interesting-Facts-About-Bulls.jpg,Found
4963,D08707,COLD CHISEL 19X280 FOR HM0810T D-08707,https://fi.makitamedia.com/images/3_Makita/304_accessories_GS1/30410_JPG_zoom/D-08707_C1N1.jpg,Found
4964,D08707,COLD CHISEL 19X280 FOR HM0810T D-08707,https://down-id.img.susercontent.com/file/sg-11134201-22100-6nb72t440civ04,Found
4965,D08707H,COLD CHISEL MAKITA 19*280 D08707,https://makita.ae/wp-content/uploads/D-08707_C8C0.jpg,Found
4966,D10,ARAM FLAT 6INCH,https://imgv3.fotor.com/images/homepage-feature-card/step-2-grab-text-from-image-with-AI.jpg,Found
4967,D10,ARAM FLAT 6INCH,https://irendashtoyanblog.wordpress.com/wp-content/uploads/2026/01/cropped-pxl_20251217_0451058622.jpg,Found
4968,D10,ARAM FLAT 6INCH,https://i.pinimg.com/originals/9e/6a/1b/9e6a1b11cc4e059abe5f4df7a0d3a965.jpg,Found
4969,D10VSTA,HIKOKI  DRILL-D10VST,https://5.imimg.com/data5/SELLER/Default/2024/7/433193624/YW/CJ/QU/39451646/hikoki-impact-drill-1000x1000.jpg,Found
4970,D11,"8"" FLAT FILE",https://sedco-pr.com/wp-content/uploads/2021/03/SD-00674.png,Found
4971,D11,"8"" FLAT FILE",https://sedco-pr.com/wp-content/uploads/2021/03/SD-00674.png,Found
4972,D13,"Garden Rake 6 Teeth 12""",https://thumb.ac-illust.com/6e/6e58a974f931074ae3c2e872d969144c_w.jpeg,Found
4973,D15235,D-15235 SDS PLUS BIT 20*460,https://fi.makitamedia.com/images/3_Makita/304_accessories_GS1/30410_JPG_zoom/D-15235_C1C0.jpg,Found
4974,D15285,D-15285 BULL POINT 30-400 FOR HM 1306,https://1.bp.blogspot.com/-aeKekNAoLUc/WSa80P0dK0I/AAAAAAABEhk/WbxbJh70DB4Av2ykjq14Vgp9ipzCtKCPwCLcB/s800/job_gyogyou_ryoushi.png,Found
4975,D16112,MAKITA HAMMER DRILL BIT 12*350 D16112,"https://www.totaltools.com.au/media/catalog/product/1/3/137040-makita-12mm-x-350mm-standard-2-cutter-sds-plus-drill-bit-d16112-HERO.jpg?optimize=medium&bg-color=255,255,255&fit=bounds&height=265&width=265&canvas=265:265",Found
4976,D16134,SDS PLUS BIT 14*350 D16134,https://yaruo.info/wp-content/uploads/2021/06/gd2B0poW.jpg,Found
4977,D16215,SDS PLUS BIT 18X260 D-16215,https://down-id.img.susercontent.com/file/id-11134207-7r98z-lzwarcri5grs17,Found
4978,D16215,SDS PLUS BIT 18X260 D-16215,,Not Found
4979,D16215,SDS PLUS BIT 18X260 D-16215,https://i2.kknews.cc/Z5_UJdX29ThiTO8_zPCfdnsAcZN0S6kfy1nG6PX0ddQ/0.jpg,Found
4980,D16259,SDS PLUS BIT 20X260 D-16259,https://nibikitune.com/wp-content/uploads/2024/06/f4f8634fc0364e4f9f4f3fecdec4e829.webp,Found
4981,D16259,SDS PLUS BIT 20X260 D-16259,,Not Found
4982,D17594,COLD CHISEL 26-450 FOR HM1201 D-17594,https://down-my.img.susercontent.com/file/5930395adc0f467daee46082dcdff93e,Found
4983,D21331,D-21331 SDS PLUS 14X210,,Not Found
4984,D23824,BULL POINT 21-450 FOR HM1201 D-23284,https://img.lazcdn.com/g/p/3de4253f259a004d745756e95122a85b.jpg_720x720q80.jpg,Found
4985,D28000,SPRING DW801-IN D28000-B1,https://pos.nvncdn.com/1d5ace-32990/ps/20210301_NbSwColUlT7ak8zTBKK8GlvD.jpg?v=1674748476,Found
4986,D30318,MAKITA MULTY PURPOSE DRILL BIT 6-100,https://www.lawson-his.co.uk/media/catalog/product/cache/1/image/1200x/040ec09b1e35df139433887a97daa66f/o/m/xomniboher_drill_bit.jpg.pagespeed.ic.VTr9ADbk7l.jpg,Found
4987,D30324,MAKITA MULTY PURPOSE  DRILL BIT 6*150,http://i213.photobucket.com/albums/cc78/myscrado/pmc2/rain_11.gif,Found
4988,D30352,MAKITA MULTY PURPOSE DRILL BIT 8-110,https://www.cardiacdirect.com/wp-content/uploads/2025/05/Normal_Values_for_a_Spirometry_Test_Table-1.png,Found
4989,D30449,MAKITA MULTY PURPOSE DRILL BIT D 30449,,Not Found
4990,D30651,SCREW DRIVER BIT SET MAKITA 11 PCS,http://www.tooled-up.com/artwork/prodzoom/MAK-E-03567-Makita-11-Piece-Impact-Torsion-Screwdriver-Bit-Set.jpg,Found
4991,D3540,DEWALT TCT WOOD 5' 40T,https://i.ytimg.com/vi/T2vXr_zgzxg/maxresdefault.jpg,Found
4992,D400,O RING 3083400,https://auctions.c.yimg.jp/images.auctions.yahoo.co.jp/image/dr000/auc0505/users/5493da6c4b54bf4dec8fcbd363aa338d4ffb1cc6/i-img900x1200-1716626696kof3yt262926.jpg,Found
4993,D47,DH78 WASHER D47,https://thumbs.dreamstime.com/z/pencil-drawing-celebration-israeli-city-age-century-israeli-male-jew-king-leader-ahab-fun-joy-jump-crowd-party-white-town-243254680.jpg,Found
4994,D47,DH78 WASHER D47,http://bucktool.com/cdn/shop/files/33-WavespringwasherD47.png?v=1736839733,Found
4995,D4740,DEWALT SEGMENTED 110MMX20,https://5.imimg.com/data5/SELLER/Default/2022/1/SQ/YD/UZ/8228239/dewalt-dw47402g-in-4-110-mm-segmented-diamond-marble-cutting-blade-1000x1000.jpg,Found
4996,D4X10M,GROOVE CUTTER,https://agnew-cdn.n2erp.co.nz/cdn/images/products/large/t2_637226333557642633.jpg,Found
4997,D50,SOLDERING LED,,Not Found
4998,D525,GREY PAINT,https://www.sleek-chic.co.uk/wp-content/uploads/2023/03/Dulux-Paint-Colour-Chart-Grey-Shades.png,Found
4999,D54695,MAKITA ABRASIVE DISC 125MM G.80D-54695,,Not Found
5000,D54710,MAKITA ABRASIVE DISC125MMG.120D-54710,http://www.gigatools.ph/cdn/shop/products/AbrasiveDisc2.jpg?v=1587399801,Found
5001,D64901,MAKITA HSS TIN METAL BIT1/4''D-64901,,Not Found
5002,D64923,MAKITA HSS TIN METAL BIT 3/8''D-64923,https://assets.st-note.com/production/uploads/images/190116987/rectangle_large_type_2_8547cdaf1fef9aa3c356af8cb8ec059f.jpeg?fit=bounds&quality=85&width=1280,Found
5003,D64945,MAKITA HSS TIN METAL BIT1/2''D-64945,https://jasonredman.com/inspirational-speaker/13A.jpg,Found
5004,D66999,TCT BLADE MAKITA 40T D66999,http://www.industrialshed.net.au/cdn/shop/files/B-15104.jpg?v=1743619777,Found
5005,D66999,TCT BLADE MAKITA 40T D66999,https://www.chefs-resources.com/wp-content/uploads/Basa-fish.jpg,Found
5006,D67228,PLANNER BLADE 2 PCS PKT MAKITA D-67228,https://sydneytools.com.au/assets/images/products/3/0/1/9/30191/91C11EBB8C0B7FBCB5CE77FA50270087E28C5C368C8FF739172193C3D5C9112B.jpeg,Found
5007,D71283,MAKITA DEMOLITION HAMMER DRILL 5KG BIT,https://cf.shopee.ph/file/1499dad33ce684c717c9389e09da1517,Found
5008,D8,Nylon Brush(P.H),https://i.pinimg.com/originals/6f/9b/46/6f9b467c49c74b96b9a9434a526e0364.jpg,Found
5009,D8/,DISPLAY STAND D8,,Not Found
5010,D8/,DISPLAY STAND D8,https://www.forgetmenotcrafts.co.za/wp-content/uploads/2024/09/460824703_1011563750981891_4918210644784787432_n.jpg,Found
5011,DA10*110,DAYURI SDS DRILL BIT 10*110,https://png.pngtree.com/png-vector/20220615/ourmid/pngtree-customer-mood-scale-with-angry-and-happy-emojis-vector-png-image_46348926.jpg,Found
5012,DA10*110,DAYURI SDS DRILL BIT 10*110,"https://cfrouting.zoeysite.com/cdn-cgi/image/format=auto,fit=scale-down,quality=70/https://s3.amazonaws.com/zcom-media/sites/a0i0h00000LMFEuAAP/media/catalog/product/b/r/brocade-green.jpg",Found
5013,DA10*160,DAYURI SDS DRILL BIT 10*160,https://mognavi.jp/image/food/04/39/62/1847131_original.jpg,Found
5014,DA10*160,DAYURI SDS DRILL BIT 10*160,https://www.vermontsales.co.za/images/torkcraft/drillbits/sdsplus/dr71100_sm1.jpg,Found
5015,DA12*160,DAYURI SDS DRILL BIT 12*160,"https://res.cloudinary.com/rsc/image/upload/b_rgb:FFFFFF,c_pad,dpr_2.0,f_auto,h_300,q_auto,w_600/c_pad,h_300,w_600/F3499368-01",Found
5016,DA12*160,DAYURI SDS DRILL BIT 12*160,"https://res.cloudinary.com/rsc/image/upload/b_rgb:FFFFFF,c_pad,dpr_2.0,f_auto,h_300,q_auto,w_600/c_pad,h_300,w_600/F3499368-01",Found
5017,DA14*160,DAYIRI SDS DRILL BIT 14*160,https://auctions.c.yimg.jp/images.auctions.yahoo.co.jp/image/dr000/auc0506/users/1c2b9e16f5cd58c426d8a7c202169a9e8f45a67a/i-img1200x900-1718524551xgfrbp385027.jpg,Found
5018,DA14*250F,DAYURI CHISEL-SDS PLUS(14X250)FLAT,https://talentbreakthrough.com/wp-content/uploads/2016/03/infographic-useful-google-search-tips.png,Found
5019,DA14*250P,DAYURI CHIESEL SDSPLUS  POINT 14*250 3.5KG,https://niceillust.com/wp-content/uploads/2019/06/kisetsu7gatsuUshinohi01_055.png,Found
5020,DA14*250P,DAYURI CHIESEL SDSPLUS  POINT 14*250 3.5KG,https://ingcostores.com/cdn/shop/products/ec73f3e5396d5c0df184bfbd330c10d5.jpg?v=1677654101&width=1214,Found
5021,DA14*350,DAYURI SDS DRILL BIT 14*350,https://product.hstatic.net/200000776295/product/rak12013.bk2_77d8a87e4c514b7596c61475e4f372c6_1024x1024.jpg,Found
5022,DA16*160,DAYURI SDS DRILL BIT 16*160,http://store.pipeman.com/cdn/shop/products/SDS16X160_DFC0349227.png?v=1623893293,Found
5023,DA16*160,DAYURI SDS DRILL BIT 16*160,http://store.pipeman.com/cdn/shop/products/SDS16X160_DFC0349227.png?v=1623893293,Found
5024,DA16*350,DAYIRI SDS DRILL BIT 16*350,https://jawad-alsaffar.com/shop/12729-product_main_2x/sds-plus-drill-bit-16-x-350-mm.jpg,Found
5025,DA17X280F,CHISEL 0810T-17X280  EVEREST,https://lzd-img-global.slatic.net/live/ph/p/179c90bf28de29bf714cda607008523c.jpg_720x720q80.jpg,Found
5026,DA17X280F,CHISEL 0810T-17X280  EVEREST,https://down-my.img.susercontent.com/file/44a074973f5513ad8cd2301edc9b5e6f,Found
5027,DA17X280F,CHISEL 0810T-17X280  EVEREST,,Not Found
5028,DA17X280F,CHISEL 0810T-17X280  EVEREST,https://down-id.img.susercontent.com/file/id-11134207-7ra0s-mbyse5yozm1wef,Found
5029,DA18*400P,DAYURI FLAT BIT 18*400 POINT,https://cdnnew.toolsvilla.com/products-flatchiselfordemolition/1741668955742/1741673579770-watmrkA.webp/md,Found
5030,DA18*400P,DAYURI FLAT BIT 18*400 POINT,https://upload.wikimedia.org/wikipedia/en/e/e5/Control_game_cover_art.jpg,Found
5031,DA20*350,DAYURI SDS DRILL BIT 20*350,"https://images-wixmp-ed30a86b8c4ca887773594c2.wixmp.com/f/75d0fa18-8ef3-49cd-9a4a-653cf3124328/di476as-a689e404-7214-4a42-8f17-456e1abf7104.jpg/v1/fill/w_1280,h_1400,q_75,strp/a_minecraft_movie__minecraft__by_gold07arts_di476as-fullview.jpg?token=eyJ0eXAiOiJKV1QiLCJhbGciOiJIUzI1NiJ9.eyJzdWIiOiJ1cm46YXBwOjdlMGQxODg5ODIyNjQzNzNhNWYwZDQxNWVhMGQyNmUwIiwiaXNzIjoidXJuOmFwcDo3ZTBkMTg4OTgyMjY0MzczYTVmMGQ0MTVlYTBkMjZlMCIsIm9iaiI6W1t7ImhlaWdodCI6Ijw9MTQwMCIsInBhdGgiOiJcL2ZcLzc1ZDBmYTE4LThlZjMtNDljZC05YTRhLTY1M2NmMzEyNDMyOFwvZGk0NzZhcy1hNjg5ZTQwNC03MjE0LTRhNDItOGYxNy00NTZlMWFiZjcxMDQuanBnIiwid2lkdGgiOiI8PTEyODAifV1dLCJhdWQiOlsidXJuOnNlcnZpY2U6aW1hZ2Uub3BlcmF0aW9ucyJdfQ.bpXGwJ8owM12FzgJw-J5Aww2VwO-AqLClPINz-eW7Co",Found
5032,DA20*460,DAYURI SDS DRILL BIT 20*460,https://img1.daumcdn.net/thumb/S1200x630/?fname=https://t1.daumcdn.net/news/200903/02/yonhap/20090302173227614.jpg,Found
5033,DA25*350,DAYURI SDS DRILL BIT 25*350,https://asset.oceans-nadia.com/upload/save_image/47/47c4cf621e37.jpg,Found
5034,DA25*460,DAYURI SDS DRILL BIT 25*460,https://partnersincrimetours.com/wp-content/uploads/forminator/101066_260b12f273f90335a7819bc387c6f6c9/uploads/CircleofNine-by-Valerie-Biel-author-sq.png,Found
5035,DA5050,DA YURI DEMOLITION HAMMER 5KG DA5050  1400W,https://5.imimg.com/data5/SELLER/Default/2024/12/471757905/AI/DX/SH/145594542/dayuri-da5050-demolition-hammer-1000x1000.png,Found
5036,DA5050BLA,DAYURI BIT LOCK ASSY DA5050,https://5.imimg.com/data5/SELLER/Default/2024/12/471757905/AI/DX/SH/145594542/dayuri-da5050-demolition-hammer-1000x1000.png,Found
5037,DA5050C,DAYURI CARBON BRUSH DA5050C,,Not Found
5038,DA5050SR,DA5050 STRIKER,https://www.blackhawk4x4.co.uk/user/products/large/da5050-bungee-clic-120cm-cords-(2)-5394-p.jpg,Found
5039,DA5051/CR,DAYURI SPARE DA5051 CONNECTING ROD,,Not Found
5040,DA5051BLA,DAYURI BIT LOCK ASSY DA5051,https://vitesse-ltd.co.uk/wp-content/uploads/2025/06/DA5051_700x525.jpg,Found
5041,DA5051CR,DAYURI SPARE DA5051 CONNECTING ROD,https://img.animeschedule.net/production/assets/public/img/anime/jpg/default/iya-na-kao-sare-nagara-opantsu-misete-moraitai-2-74384fddef.jpg?w=220&q=90&b=0.7&s=0.6&up=false&strip=true&webp=auto,Found
5042,DA5051S,DAYURI SPARE DA5051 SWITCH,https://gjust.ac.in/img/logo.png,Found
5043,DA5051SR,DAYURI STRIKER  7KG DA5051,https://i.ytimg.com/vi/Eiw5aPWpIZo/hqdefault.jpg,Found
5044,DA5052BL,DAYURI BIT LOCK ASSY DA5052,"https://images.sftcdn.net/images/t_app-cover-l,f_auto/p/70b879c2-b116-46a9-bb94-12a3721712b9/3369547953/ultraman-legend-of-heroes-screenshot.png",Found
5045,DA5052C,DAYURI 11E CARBON BRUSH,https://blogger.googleusercontent.com/img/b/R29vZ2xl/AVvXsEgVOydqlAoowzNM0JEatxNION65ZhKTB2cJ5N1YBIs1nmoaJ0hkOffXJTjP1Wx_JW60pxQE880emxYuEKPbIbeaL8OWYoIQVU6aukaUAqR4Jpvmcz6msFuSjub9Kwc_ZihPtRu6rvqyLkUXCWONDHq_oeKIEXxggpOdUXcvZQM1rd9DyhRTY5dzxIBYdvk/s0/traditional-kerala-home-2024.jpg,Found
5046,DA5052CR,DAYURI SPARE DA5052 CONNECTING ROD,https://michirich.co.jp/wp-content/uploads/2020/06/1984106.jpg,Found
5047,DA5052CR,DAYURI SPARE DA5052 CONNECTING ROD,https://mmgracingstore.com/151251-large_default/connecting-rod-montesa-enduro-capra-250-h6-vb-cota-247-italkit-bc5052.jpg,Found
5048,DA5052G,DAYURI SPARE DA5052 GOVERNER,https://m.media-amazon.com/images/I/51FImQXbahL._SL1080_.jpg,Found
5049,DA5052G/G,DAYURI SPARE DA5052 GOVERNER surie,https://m.media-amazon.com/images/I/51FImQXbahL._SL1080_.jpg,Found
5050,DA5052O,O RING DA5052,https://caterpillar.scene7.com/is/image/Caterpillar/CM20210719-eb2bc-73380,Found
5051,DA5052OS,DAYURI OIL SEAL DA5052,https://cdn.dotsimpel.nl/upload/product/116/574831/th.jpg,Found
5052,DA5052P,DAYURI SPARE DA5052 PISTON,https://image.made-in-china.com/2f0j00UvZWoVtMsaYH/Construction-Machinery-Excavator-Engine-Spare-Parts-S6d95-PC200-5-Mahle-Genuine-Piston-6207-31-2141.jpg,Found
5053,DA5052P,DAYURI SPARE DA5052 PISTON,https://image.made-in-china.com/2f0j00UvZWoVtMsaYH/Construction-Machinery-Excavator-Engine-Spare-Parts-S6d95-PC200-5-Mahle-Genuine-Piston-6207-31-2141.jpg,Found
5054,DA5052S,DAYURI SPRAE DA5052 SWITCH,"https://images-wixmp-ed30a86b8c4ca887773594c2.wixmp.com/f/d344371c-f648-4650-8854-6dc632bca8fc/dfexdr7-3e7abfd8-3581-47c2-b2ab-2cc73bffc7c2.jpg/v1/fill/w_1158,h_690,q_70,strp/brontosaurus_by_mariolanzas_dfexdr7-pre.jpg?token=eyJ0eXAiOiJKV1QiLCJhbGciOiJIUzI1NiJ9.eyJzdWIiOiJ1cm46YXBwOjdlMGQxODg5ODIyNjQzNzNhNWYwZDQxNWVhMGQyNmUwIiwiaXNzIjoidXJuOmFwcDo3ZTBkMTg4OTgyMjY0MzczYTVmMGQ0MTVlYTBkMjZlMCIsIm9iaiI6W1t7ImhlaWdodCI6Ijw9MTE0NSIsInBhdGgiOiJcL2ZcL2QzNDQzNzFjLWY2NDgtNDY1MC04ODU0LTZkYzYzMmJjYThmY1wvZGZleGRyNy0zZTdhYmZkOC0zNTgxLTQ3YzItYjJhYi0yY2M3M2JmZmM3YzIuanBnIiwid2lkdGgiOiI8PTE5MjAifV1dLCJhdWQiOlsidXJuOnNlcnZpY2U6aW1hZ2Uub3BlcmF0aW9ucyJdfQ.PviiMOWLN90l32l1r47uhZy-VFqVbqCuCeEcTe2AnII",Found
5055,DA5052S,DAYURI SPRAE DA5052 SWITCH,https://img.freepik.com/premium-photo/women-with-coconut-drink-tropical-beach-la-digue-seychelles-islands_677754-10431.jpg,Found
5056,DA5053GS,DA5053 GEAR SET,https://auto-rex.net/uploads/truck/00/00/17/96/59/0000179659.1efca6b5a97eeeb72f71f67628f33a233bc0d77f.jpg,Found
5057,DA6*110,DAYURI SDS DRILL BIT 6*110,https://www.huttie.com/wp-content/uploads/2021/12/SDS6X110_DFC0324098.png,Found
5058,DA6*110,DAYURI SDS DRILL BIT 6*110,https://c-dle.com/wp-content/uploads/2021/05/4694-min.jpg,Found
5059,DA6*160,DYURI SDS DRILL BIT 6*160,https://www.inoxas.lt/images/uploader/gr/graztas-betonui-sds-plus-6x160mm-1.jpg,Found
5060,DA6*160,DYURI SDS DRILL BIT 6*160,https://www.inoxas.lt/images/uploader/gr/graztas-betonui-sds-plus-6x160mm-1.jpg,Found
5061,DA70SPW,DS70 SANDING PAD WASHER,,Not Found
5062,DA8*110,DAYIRI SDS DRILL BIT 8*110,https://files.ekmcdn.com/altecshop/images/sealey-8-x-110mm-sds-plus-drill-bit-sds8x110-1-73-27096-p.png?w=1000&h=1000&v=1692023-221146,Found
5063,DA8*160,DAYURI SDS DRILL BIT 8*160,https://cdn.engweld.co.uk/uploads/products/12400/1024x1024/msds08016-sds-drill-bit-8-x-160mm.jpg,Found
5064,DA8*160,DAYURI SDS DRILL BIT 8*160,https://cdn.engweld.co.uk/uploads/products/12400/1024x1024/msds08016-sds-drill-bit-8-x-160mm.jpg,Found
5065,DAAG100C,DAYURI GRINDER CARBON BRUSH DONGCENG MODEL,,Not Found
5066,DAE15,DAYURI EXTENSION ROD 6 INCH DAER15DAER15,https://cdnmedia-breeze.vaibhavjewellers.com/media/catalog/product/cache/30d09bf8af51e4fea389519968dfdb4b/image/245676176/beautiful-traditional-gold-necklace-9vl8119-9vl8119.jpg,Found
5067,DAPW5168,DAYURI PRESSURE WASHER DA-PW5168 2500W/150BAR,https://gakkura.com/wp-content/uploads/2020/09/IMG_5100.jpg,Found
5068,DAPW5174,DAYURI PRESSURE WASHER DA-PW5174 2800W/230 BAR,https://i.ytimg.com/vi/bEOkXaACKfw/maxresdefault.jpg,Found
5069,DB1,DOG BELT,https://mir-s3-cdn-cf.behance.net/project_modules/fs/2d977569533249.5b84f67816ba9.jpg,Found
5070,DB1,DOG BELT,https://mir-s3-cdn-cf.behance.net/project_modules/fs/2d977569533249.5b84f67816ba9.jpg,Found
5071,DB1/2,DOG BELT,,Not Found
5072,DB11/2,DOG BELT 11/2,https://m.media-amazon.com/images/I/61sWYq7tVmL._SL1500_.jpg,Found
5073,DB2110,TUQO DIAMOND CORE DRILL 2080W 4 INCH,http://kirajo.net/wp-content/uploads/2014/01/インド地図.jpg,Found
5074,DB3/4,DOG BELT,https://mir-s3-cdn-cf.behance.net/project_modules/fs/2d977569533249.5b84f67816ba9.jpg,Found
5075,DB3/4,DOG BELT,https://m.media-amazon.com/images/I/715Tou4yVrL._AC_.jpg,Found
5076,DBATTERY,DURACELL BATTERY,https://i5.walmartimages.com/seo/Duracell-Coppertop-AAA-Battery-with-POWER-BOOST-24-Pack-Long-Lasting-Batteries_600f1acc-70e6-40d8-b134-f15db9356735.2909fcc5e8f5e8abd4c9f62a60be0737.png,Found
5077,DBS,DRILL BIT SET 6PCS,,Not Found
5078,DBUSH,DOOR BUSH,https://media.istockphoto.com/id/1561928617/vector/indian-people-in-traditional-clothes-illustration.jpg?s=612x612&w=is&k=20&c=azy1lTkg4uTIc9iuyJzekwPVmGtMyBpLxsDCilzSsqc=,Found
5079,DC040,TAPER SHANK DRILL CHUCK 1/2 BULLET,https://www.canberratimes.com.au/images/transform/v1/crop/frm/silverstone-ct-migration/9494953d-b43f-4e12-9e72-2954086ecdc3/r0_0_1999_1474_w1200_h678_fmax.jpg,Found
5080,DC10X51/2,DOG CHAIN 10X51/2,https://m.media-amazon.com/images/I/51rPLIxa-LL.jpg,Found
5081,DC10X51/2,DOG CHAIN 10X51/2,https://mir-s3-cdn-cf.behance.net/project_modules/fs/2d977569533249.5b84f67816ba9.jpg,Found
5082,DC10X51/2,DOG CHAIN 10X51/2,https://www.nikkansports.com/baseball/mlb/news/img/202508310000570-w1300_0.jpg,Found
5083,DC12*51/2,DOG CHAIN 12*5 1/2,https://mir-s3-cdn-cf.behance.net/project_modules/fs/2d977569533249.5b84f67816ba9.jpg,Found
5084,DC13/A,13MM DRILL CHUCK WITH ADAPTER,https://ei.phncdn.com/videos/202401/26/447168691/original/(m=qR5IP7YbeaAaGwObaaaa)(mh=8V_4UVAS_zHbHvBF)0.jpg,Found
5085,DC16*51/2,DOG CHAIN,https://mir-s3-cdn-cf.behance.net/project_modules/fs/2d977569533249.5b84f67816ba9.jpg,Found
5086,DC16MM,DRILL CHUCK 16MM,https://m.media-amazon.com/images/I/61bCXsXaMOL._AC_.jpg,Found
5087,DC3MM,DOG CHAIN 3MM SNAIP HOOK,http://chain.com.au/cdn/shop/products/Dog-Collar-Snap-Hook-Stainless-Steel-sq.jpg?v=1634622979,Found
5088,DC4,CUTTING WHEEL 107MM 2NET POWERTEX,https://5.imimg.com/data5/SELLER/Default/2023/4/301476034/IX/RC/EO/138207250/107mm-ss-cutting-wheel-1000x1000.jpg,Found
5089,DC4,CUTTING WHEEL 107MM 2NET POWERTEX,https://5.imimg.com/data5/SELLER/Default/2023/4/301476034/IX/RC/EO/138207250/107mm-ss-cutting-wheel-1000x1000.jpg,Found
5090,DC5,DC WHEEL 5INCH BULL GOLD,https://image.made-in-china.com/2f0j00PjyVtzCRASbe/Zltech-5-5inch-24V-150W-3n-M-Torque-60kg-Load-Brushless-DC-Electric-Wheel-270rpm-Low-Speed-Hub-Servo-Motor-with-Encoder-for-Robot-AMR.jpg,Found
5091,DC5/8,DRILL CHUCK 5/8,https://www.investright.org/wp-content/uploads/2023/01/Investment-Growth-Calculator-300x166.jpg,Found
5092,DC8,STANLEY PLIER 8 INCH,https://www.bmr.ca/media/catalog/product/cache/dbd4d66e0218ad08feb3e29c5f000568/0/0/001-2444_001_1.jpg,Found
5093,DC8,STANLEY PLIER 8 INCH,https://img.news.ebc.net.tw/EbcNews/news/2021/09/03/1630661530_71615.jpg,Found
5094,DC8X51/2,DOG CHAIN 8X51/2,https://m.media-amazon.com/images/I/71pylke8leL._AC_SL1448_.jpg,Found
5095,DC8X51/2,DOG CHAIN 8X51/2,,Not Found
5096,DCB1,SDT GRANITE CORE BIT 1,https://m.media-amazon.com/images/I/51nVPrvhStL._AC_SL1500_.jpg,Found
5097,DCB1/2,GRANITE CORE BIT 1/2 INCH,https://image.made-in-china.com/2f0j00TEnkPfrgVHuF/Diamond-Core-Drill-Bits-1-1-2-Inch-for-Hard-Stone-Concrete-Marble-Granite-Brick-Laser-Welded-Dry-or-Wet-Hole-Saws.jpg,Found
5098,DCB1/4,CORE BIT 6MM 1/4 INCH,https://image.pushauction.com/0/0/ea64f6f9-2179-44a1-a76c-bdd405ee2ae4/cbbfeac4-f7a5-4b83-bd1a-106523f2113a.jpg,Found
5099,DCB1/4C,CORE BIT 6MM 1/4 INCH,https://i.pinimg.com/originals/73/e9/bf/73e9bfbe7751fc51d68bd270231407ef.jpg,Found
5100,DCB102,DIAMOND CORE BIT 102*350,https://down-ph.img.susercontent.com/file/sg-11134201-7rdvd-lyknyvj8ejuu62,Found
5101,DCB11/4,SDT GRANITE CORE BIT 11/4,http://shdiatool.com/cdn/shop/files/8adf9f177a06a94a8f1257fb1af4c2e2_89286640-b2cc-4a39-8533-25c8cd071a13_1024x.jpg?v=1703050448,Found
5102,DCH1500,DESKTOP CHARGER 1.5AMP BULLET DCH1500,https://apacnewsnetwork.com/wp-content/uploads/2021/11/Vertiv.jpg,Found
5103,DCH60,DOOR CLOSER HAFELE 60,https://www.researchgate.net/publication/24206842/figure/fig1/AS:339602163421216@1457978873626/Chemical-structures-of-a-polyethylene-glycol-PEG-diacrylate-PEGDA-b-PEG.png,Found
5104,DCK8*51/2,DOG CHAIN NO 8*51/2,https://mir-s3-cdn-cf.behance.net/project_modules/fs/2d977569533249.5b84f67816ba9.jpg,Found
5105,DCKCB.,"E-W/O MARBLE BLADE 4"" SEG( ECONOMY )",https://dearsam.com/img/800/600/resize/t/h/the-letter-e-50x70_3a189.jpg,Found
5106,DCKEY,DRILL CHUCK KEY,https://www.jamesonwhiskey.com/wp-content/uploads/2022/02/1-1_bf761570-9301-417c-9eec-4975fc561c8b.jpg,Found
5107,DCKEY/1,DRILL CHUCK KEY 16MM,,Not Found
5108,DCM4SAS,DAC MAX CM4SA STATOR,https://i.ytimg.com/vi/sK_I6u-OAYg/maxres2.jpg?sqp=-oaymwEoCIAKENAF8quKqQMcGADwAQH4Ac4FgAKACooCDAgAEAEYciBOKDcwDw==&rs=AOn4CLDbLFJD8tiA5yDsRawyer2AFUA8Ew,Found
5109,DCM87,METSO CLAMPMULTY  METER OI-DCM87,https://5.imimg.com/data5/SELLER/Default/2025/12/568772437/TE/LO/RD/250887249/61dpmrdusjl-sl1000-1000x1000.jpg,Found
5110,DCOCK,DRAIN COCK AC,https://auctions.c.yimg.jp/images.auctions.yahoo.co.jp/image/dr000/auc0104/user/0acb4e26852be186afc1d520c9962de97f3059ecbaacf071d1fdaba9bdd02d74/i-img1200x900-17459364885396y9xvsr499.jpg,Found
5111,DCP5,DIAMOND CUP WHEEL DOUBLE ROW,,Not Found
5112,DCP7,DIAMOND CUP WHEEL DOUBLEROW 7 INCH,,Not Found
5113,DCP8,"CUTTING PLIER 8""",,Not Found
5114,DCT18,DOG CHAIN,https://mir-s3-cdn-cf.behance.net/project_modules/fs/2d977569533249.5b84f67816ba9.jpg,Found
5115,DCT4,DOG CHAIN TWISTED NO 4,https://mir-s3-cdn-cf.behance.net/project_modules/fs/2d977569533249.5b84f67816ba9.jpg,Found
5116,DCT6,DOG CHAIN TWISTED NO 6,https://mir-s3-cdn-cf.behance.net/project_modules/fs/2d977569533249.5b84f67816ba9.jpg,Found
5117,DCT8,DOG CHAIN TWISTED NO 8,https://mir-s3-cdn-cf.behance.net/project_modules/fs/2d977569533249.5b84f67816ba9.jpg,Found
5118,DD08P,DD08 PISTON  COMPRESSOR,,Not Found
5119,DENT PULLER,DENT PULLER,https://m.media-amazon.com/images/I/71kC+XDRzlL._AC_SL1500_.jpg,Found
5120,DEP06,TAPARIA DOUBLE EP SETS,https://makerbazar.in/cdn/shop/products/DEP12-DOUBLEENDEDSPANNERSETS-Taparia.in_1.jpg?v=1642658783&width=1000,Found
5121,DEP10,COMBINATION SPANNER 10MM,,Not Found
5122,DEP10*11,D/E SPANNER 10*11T,https://image.slidesharecdn.com/geologicalhazard-230516003722-54fdb096/85/geological-hazardpptx-1-638.jpg?cb=1684197821,Found
5123,DEP1213,TAPARIA DOUBLE ENDED SPANNER12-13,https://admin.buildjahaan.com/img/products/17_05_2023_08_19_160_am.webp,Found
5124,DEP12N,D/E SPANNER SET 12PCS T,https://images.emojiterra.com/google/noto-emoji/unicode-16.0/color/1024px/1f64f.png,Found
5125,DEP1415,D/E SPANNER 14X15,https://zimber-tools.eu/media/catalog/product/cache/2/image/650x/3b1afe2105d9fbfa3ed83fb59d26d6e6/d/o/double-ring-spanner-open-type-14-x-15-mm-1761-14x15-bgs-technic.jpg,Found
5126,DEP1415,D/E SPANNER 14X15,https://news.sportslogos.net/wp-content/uploads/2022/11/houston-astros-1960s-80s-logos-astrodome-rainbow-sportslogosnet--1170x1170.jpg,Found
5127,DEP1617,D/E SPANNER 16X17,https://www.marchesironmongery.co.uk/media/catalog/product/cache/1/image/650x/d31b8c71f0228d03a16670789f118a0a/T/E/TEN620607_5.JPG,Found
5128,DEP1617,D/E SPANNER 16X17,,Not Found
5129,DEP1617,D/E SPANNER 16X17,https://www.marchesironmongery.co.uk/media/catalog/product/cache/1/image/650x/d31b8c71f0228d03a16670789f118a0a/T/E/TEN620607_5.JPG,Found
5130,DEP1808,RING SPANNER SET 8 PCS,https://c8.alamy.com/comp/DA6944/a-couple-taking-in-the-view-of-lake-daylesford-located-in-central-DA6944.jpg,Found
5131,DEP1819,TAPARIA DOUBLE ENDED SPANNER18-19,"https://i0.wp.com/2wheelerspares.com/wp-content/uploads/2023/02/taparia-spanner-4.png?fit=500,500&ssl=1",Found
5132,DEP1819,TAPARIA DOUBLE ENDED SPANNER18-19,"https://i0.wp.com/2wheelerspares.com/wp-content/uploads/2023/02/taparia-spanner-4.png?fit=500,500&ssl=1",Found
5133,DEP2022,TAPARIA DOUBLE ENDED SPANNER20-22,https://www.industryedirect.com/media/catalog/product/m/i/miniosil5df81-xxlarge_1__12.jpg,Found
5134,DEP2022,TAPARIA DOUBLE ENDED SPANNER20-22,https://www.industryedirect.com/media/catalog/product/m/i/miniosil5df81-xxlarge_1__12.jpg,Found
5135,DEP2123,TAPARIA DOUBLE ENDED SPANNER21-23,https://admin.buildjahaan.com/img/products/17_05_2023_08_50_386_am.webp,Found
5136,DEP2426,TAPARIA DOUBLE ENDED SPANNER24-26,https://www.storeferry.com/product-images/Taparia+Double+Ended+Spanner+-DEP-+8+x+9+mm+-Chrome+Plated-.png/976748000002591878/700x700,Found
5137,DEP2426,TAPARIA DOUBLE ENDED SPANNER24-26,https://www.storeferry.com/product-images/Taparia+Double+Ended+Spanner+-DEP-+8+x+9+mm+-Chrome+Plated-.png/976748000002591878/700x700,Found
5138,DEP2427,TAPARIA DOUBLE END SPANNER 24*27,https://data.pacogames.com/images/fb/bike-simulator-3d-fb.jpg,Found
5139,DEP2427,TAPARIA DOUBLE END SPANNER 24*27,https://admin.buildjahaan.com/img/products/17_05_2023_08_47_207_am.webp,Found
5140,DEP2528,TAPARIA DOUBLE ENDED SPANNER25-28,https://down-vn.img.susercontent.com/file/sg-11134201-22100-l1vy9iy52bived,Found
5141,DEP2528,TAPARIA DOUBLE ENDED SPANNER25-28,,Not Found
5142,DEP3032,TAPARIA DOUBLE ENDED SPANNER30-32,https://makerbazar.in/cdn/shop/products/DEP12-DOUBLEENDEDSPANNERSETS-Taparia.in_1.jpg?v=1642658783&width=1000,Found
5143,DEP3641,TAPARIA DOUBLE END SPANER36*41,https://static.turbosquid.com/Preview/2020/03/08__13_53_42/Alternate_View.jpg8B6E2AF0-B1B6-48DC-A2C5-144BF2DF9FFADefault.jpg,Found
5144,DEP4146,TAPARIA DOUBLE END SPANER 41*46,,Not Found
5145,DEP6*7,TAPARIA DOUBLE END  SPANER 6*7,https://gd-hbimg.huaban.com/dce108b9997bde1aa04e2b1af212936bc69cd357302d8-60QY1m_fw658,Found
5146,DEP8X9,TAPARIA SPANNER 8X9,,Not Found
5147,DEP8X9,TAPARIA SPANNER 8X9,,Not Found
5148,DFB,DIAGER PRESSURE WASHER SOAP FOAM PRODUCER.,https://twokidsandacoupon.com/wp-content/uploads/2023/06/Fairy-Coloring-Pages-791x1024.png,Found
5149,DFS10,HAMMER 10 DFS,https://m.media-amazon.com/images/I/41dMBHJO3sL._AC_SS450_.jpg,Found
5150,DFS8,HAMMER 8DFS,https://m.media-amazon.com/images/I/51OG1pembqL._SL1000_.jpg,Found
5151,DG4,"DIAL GUAGE 4""",https://64.media.tumblr.com/e21b411aab5fccfe19f22b512e86d302/071a592dcb52b0ff-eb/s1280x1920/316469dc080aee4a63f61eef4b024277768747bd.jpg,Found
5152,DGP12HP,DIAGER HIGH PRESSURE CLEANER DGP12HP,https://5.imimg.com/data5/SELLER/Default/2024/7/434845040/SI/AO/OC/42963601/diager-high-pressure-cleaner-dg-p-12hp-500x500.jpeg,Found
5153,DH083528*3.5,bull dh0835 or ing 28.4*3.5,https://nameawe.com/wp-content/uploads/2023/09/Interesting-Facts-About-Bulls.jpg,Found
5154,DH0835CR,CONNECTING RODDH0835,https://autoprotoway.com/wp-content/uploads/2024/11/connecting-rod-and-crankshaft-768x507.jpg,Found
5155,DH0835H,BULL GOLD DH0835 HANDLE,https://goldenbullet.co.in/products/electric-corded-ac-power-tools/DH-0835-A.jpg,Found
5156,DH0835H,BULL GOLD DH0835 HANDLE,https://nameawe.com/wp-content/uploads/2023/09/Interesting-Facts-About-Bulls.jpg,Found
5157,DH0835O,BULL GOLD DH0835 O RING 5*2,https://nameawe.com/wp-content/uploads/2023/09/Interesting-Facts-About-Bulls.jpg,Found
5158,DH0835O26.3,BULL DH0835 ORING 26.3*4.3,,Not Found
5159,DH0835O26.3,BULL DH0835 ORING 26.3*4.3,https://nameawe.com/wp-content/uploads/2023/09/Interesting-Facts-About-Bulls.jpg,Found
5160,DH0835O40*2.5,BULL DH0835 O RING 40*2.5,https://www.marcorubber.com/product-images/detail/V1000-2.5X40-detail-BLK.png,Found
5161,DH0835O40*2.5,BULL DH0835 O RING 40*2.5,https://www.marcorubber.com/product-images/detail/V1000-2.5X40-detail-BLK.png,Found
5162,DH0835O44*2,BULL DH0835 PO RING 44*2,https://nameawe.com/wp-content/uploads/2023/09/Interesting-Facts-About-Bulls.jpg,Found
5163,DH0835OR,ORING DH0835,https://images.cmsnl.com/img/products/oring-183_thumb91307035000-01_aa30.jpg,Found
5164,DH0835OR,ORING DH0835,https://dr282zn36sxxg.cloudfront.net/datastreams/f-d:c8b661186fb43f1573f40f6d2d8cf858049bb6323fd62b0020bc3d57+IMAGE_TINY+IMAGE_TINY.1,Found
5165,DH0835OR,ORING DH0835,https://image.rakuten.co.jp/rinrinrin/cabinet/frametopimg22/ring-86_4.jpg,Found
5166,DH0835PPO,0835 PISTON PINORING,https://i.ebayimg.com/images/g/3tUAAOSwwUNoPigj/s-l960.jpg,Found
5167,DH0835S,BULL GOLD DH-0835 SWITCH,https://goldenbullet.co.in/products/electric-corded-ac-power-tools/DH-0835-A.jpg,Found
5168,DH0835S,BULL GOLD DH-0835 SWITCH,https://goldenbullet.co.in/products/electric-corded-ac-power-tools/DH-0835-A.jpg,Found
5169,DH0835T,BULL DH0835 TUP,https://i.ytimg.com/vi/qBCo72B78Lc/maxresdefault.jpg?sqp=-oaymwEmCIAKENAF8quKqQMa8AEB-AH-CYAC0AWKAgwIABABGGUgUChQMA8=&rs=AOn4CLCmRto18hZ0x5YwZBiNvJrCKfEh_A,Found
5170,DH0835TH,DH0835 TOOL HOLDER,https://postfiles.pstatic.net/20131120_16/tawasi_1384890649582hpvHx_PNG/����.png?type=w2,Found
5171,DH1078,DH1078 WASHER,https://auctions.c.yimg.jp/images.auctions.yahoo.co.jp/image/dr000/auc0108/user/d7b12d435bd8e59a97c702e250a4949c90b3b12ceaae10b082fadde317b4a13f/i-img900x1200-1755330688815756tglac28.jpg,Found
5172,DH1078TH,TUBE HOLDER 5KG IBELL,,Not Found
5173,DH11H,DH11H HANDLE SET  BULL,https://blog.9cv9.com/wp-content/uploads/2024/03/image-38.png,Found
5174,DH11HC,BULL GOLD DH11H CIRCLIP,,Not Found
5175,DH11HS,BULL GOLD DH-11H HANDLE SET,,Not Found
5176,DH17*350P,DAYURI CHISEL 17*350 POINT 5KG,https://down-my.img.susercontent.com/file/my-11134207-7r98p-lt61olosc8pwe1,Found
5177,DH20 M*40 SCREW SET,DH20 M*40 SCREW SET,"https://res.cloudinary.com/nzsb-prod/image/upload/d_General-Use:No_Image_Available_New.png/c_limit,w_3840/f_auto/q_auto/v1/NopCommerce-Prod/630c42996abf0.07271295.jpg?_a=BAVAPuE70",Found
5178,DH20 SS,DH20 SLIDING SLEEVE,https://moeimg.net/wp-content/uploads/archives22/22279/1_qj0mgkhblk.jpg,Found
5179,DH20 SS,DH20 SLIDING SLEEVE,https://lookaside.fbsbx.com/lookaside/crawler/media/?media_id=100064060090467,Found
5180,DH2027.5,DH20 ORING 27.5*4,https://static5.hp-sc.pl/pol_pl_Oring-27x5-70NBR-Uszczelka-O-ring-27x5-50szt-68333_2.png,Found
5181,DH20AS,DH20 ADJUSTABLE SLEEVE,https://img.lazcdn.com/g/p/5935f87c4e2f45da3f5b1e4c00c6a434.jpg_720x720q80.jpg,Found
5182,DH20BP,DH20 BLOCKING  PLATE,"https://media.assettype.com/gulfnews/import/2021/12/13/Abu-Dhabi-Police-additional-number-plate-for-bike-racks-_17db434abb0_medium.jpg?w=1200&ar=40:21&auto=format,compress&ogImage=true&mode=crop&enlarge=true&overlay=false&overlay_position=bottom&overlay_width=100",Found
5183,DH20CCR,DH20 CYLINDER CLIP RING,https://ae01.alicdn.com/kf/Sf87718d20235476aaf136224bcdbf83bX/DHS-DH-Type-Hydraulic-Cylinder-Dust-seal-Oil-Seal-Piston-Sealing-Ring-Gasket-ID-11-2.jpg_.webp,Found
5184,DH20CP,DH20 CYLINDERDRICAL PIN,https://www.kenenghardware.com/wp-content/uploads/2025/05/Cylindrical-Pin.jpg,Found
5185,DH20CP,DH20 CYLINDERDRICAL PIN,https://lankainformation.lk/media/com_mtree/images/listings/m/62617.jpeg,Found
5186,DH20CP,DH20 CYLINDERDRICAL PIN,https://www.kenenghardware.com/wp-content/uploads/2025/05/Cylindrical-Pin.jpg,Found
5187,DH20CPP,DH20 CYLINDERDRICAL PIN,https://scr.vn/wp-content/uploads/2020/07/Ảnh-nền-máy-tính-cực-đẹp-Gearvn.jpg,Found
5188,DH20CR,DH20 D27 CLIP RING,http://k.sinaimg.cn/n/sinakd20240526ac/521/w631h690/20240526/29e5-09bcc423508f8a6eec07cccde19c6252.jpg/w700d1q75cms.jpg?by=cms_fixed_width,Found
5189,DH20DPC,DH20 DUST PROOF CAP,https://rnrorwxhijrrlj5o.ldycdn.com/cloud/pjBppKjnRliSijirqilii/weibiaoti.jpg,Found
5190,DH20DPC,DH20 DUST PROOF CAP,https://www.nhk.or.jp/das/image/D0009042/D0009042245_00000_S_001.jpg,Found
5191,DH20FT,DH20FT,https://dhfarmequipment.com/wp-content/uploads/2024/07/DH-20-ft-Feeder-Wagon_002.jpeg,Found
5192,DH20H,DH20 HANDLE,https://content.speedwaymotors.com/ProductImages/92637690_L1600_df14c99b-cbfe-4d6d-8815-6a89dc5d167b.jpg,Found
5193,DH20H,DH20 HANDLE,https://c8.alamy.com/comp/2C85PHB/london-united-kingdom-world-war-ii-era-v1-flying-bomb-and-v2-rocket-are-prominently-displayed-in-the-main-hall-of-the-imperial-war-museum-london-these-german-vengeance-weapons-which-terrorized-british-civilians-in-the-latter-stages-of-the-war-serve-as-stark-reminders-of-the-technological-advancements-and-human-cost-of-the-conflict-2C85PHB.jpg,Found
5194,DH20H,DH20 HANDLE,https://australecreations.com/wp-content/plugins/wp-monalisa/icons/wpml_heart.gif,Found
5195,DH20HC,DH20 HANDLE COVER,https://cdn3.vectorstock.com/i/1000x1000/54/67/hot-air-balloons-flying-with-happy-kids-at-daytime-vector-19885467.jpg,Found
5196,DH20HC,DH20 HANDLE COVER,https://images.carid.com/trim-illusion/items/dh202-wf.jpg,Found
5197,DH20IS,DH20 IMPACT SHAFT,https://wallpapers.com/images/hd/tom-cruise-top-gun-maverick-ghfga2tn25e5et3f.jpg,Found
5198,DH20LG,DH20 LOCKING RING,https://static.coupler.io/templates/pipedrive-crm-dashboard-power-bi.png,Found
5199,DH20LR,DH20 LINK ROD,https://i.pinimg.com/736x/23/39/f1/2339f16dce0d0d340eebf03a69dfd33a.jpg,Found
5200,DH20MG,DH20 MIDDLE GEAR,https://pickup-the-voices.com/wp-content/uploads/2018/05/maxresdefault-1.jpg,Found
5201,DH20NB,DH20 NEEDLE BEARING NK1820,http://vxb.com/cdn/shop/files/nk1820-needle-roller-bearing-18x26x20-vxb-ball-bearings-1.jpg?v=1697129024,Found
5202,DH20O,DH20 ORING,https://i.gr-assets.com/images/S/compressed.photo.goodreads.com/books/1388211555i/218358._SY75_.jpg,Found
5203,DH20O,DH20 ORING,https://i.pinimg.com/736x/33/23/94/33239488ede380d4f02386460ed3adf3.jpg,Found
5204,DH20O,DH20 ORING,https://www.botanichealthcare.net/images/blogs/pterocarpus-marsupium.jpg,Found
5205,DH20OR,DH20 ORING,http://clipart-library.com/images/6ir5d4gAT.jpg,Found
5206,DH20OR,DH20 ORING,https://www.janssenalamyloidosis.jp/images/lower/table-6-2.png,Found
5207,DH20OR41*2,DH20 ORING 41*22,https://down-id.img.susercontent.com/file/d8a80b516ee081e4b2f45b176d43772f,Found
5208,DH20ORP,DH20 OIL ROPE,https://www.demagcranes.com/sites/default/files/blog_images/2024/01/Load-Hold-Rope-Guide.jpg,Found
5209,DH20ORP,DH20 OIL ROPE,https://www.demagcranes.com/sites/default/files/blog_images/2024/01/Load-Hold-Rope-Guide.jpg,Found
5210,DH20ORR,DH20 ORING,https://www.ezyquip.com.au/wp-content/uploads/2020/09/EQH-Product-Spec-Sheet-DH30-Lodril-CAT-BAYSHORE-329D-35T-1-1536x1536.jpg,Found
5211,DH20OS,DH20 OIL SEAL,,Not Found
5212,DH20P,DH20 PISTON,https://puredieselpower.com/image/cache/catalog/13MRBLNK/1GM/dhddzpiston-750x750.jpg,Found
5213,DH20P,DH20 PISTON,https://wallpaperaccess.com/full/394282.jpg,Found
5214,DH20PN,DH20 PISTON,https://i.ytimg.com/vi/qKqlLcDB5Sg/maxresdefault.jpg,Found
5215,DH20PR,DH20 PITON RING,,Not Found
5216,DH20PR.,DH20 PISTON RING,https://down-my.img.susercontent.com/file/my-11134207-820l8-mj5ai84y4c1t24,Found
5217,DH20RC,DH20 RECTANGLE CIRCLE,https://cnlinko.co.kr/wp-content/uploads/1630123279141014.jpg,Found
5218,DH20RHS,DH20RHS,https://www.shantui-global.com/upload/images/2023/06/26/486713208c5e4ce2ae89946a11aed745.png,Found
5219,DH20RS,DH20 ROTARY SLEEVE,https://www.researchgate.net/publication/355420759/figure/fig1/AS:1080842487115776@1634704338153/Rotary-sleeve-isometric-view.png,Found
5220,DH20RS,DH20 ROTARY SLEEVE,https://www.researchgate.net/publication/355420759/figure/fig1/AS:1080842487115776@1634704338153/Rotary-sleeve-isometric-view.png,Found
5221,DH20S,DH20 SWITCH,https://www.motionsurplus.net/42912-large_default/telemecanique-dh20.jpg,Found
5222,DH20S,DH20 SWITCH,https://www.motionsurplus.net/42912-large_default/telemecanique-dh20.jpg,Found
5223,DH20SSS,DH20 SLIDING SLEEVE SPRING,https://thumbs.dreamstime.com/z/silhouette-noire-d-une-fille-en-fuite-sur-fond-blanc-illustration-vectorielle-courant-propre-capturant-des-formes-gracieuses-293988193.jpg,Found
5224,DH20W,DH20 WASHER,https://i.ebayimg.com/images/g/eHYAAOSw~7plAoiQ/s-l960.jpg,Found
5225,DH20W,DH20 WASHER,https://i.ebayimg.com/images/g/eHYAAOSw~7plAoiQ/s-l960.jpg,Found
5226,DH20WR,DH20 WASHER,https://i.ebayimg.com/images/g/eHYAAOSw~7plAoiQ/s-l960.jpg,Found
5227,DH20WR,DH20 WASHER,https://image.news1.kr/system/photos/2025/2/25/7149464/high.jpg,Found
5228,DH30GC,DH30 GREECE CAP SET,"https://upload-os-bbs.hoyolab.com/upload/2023/04/13/248396082/33b89499ce65f5fa556521e15aea1098_4980327708378636329.png?x-oss-process=image/resize,s_1000/quality,q_80/auto-orient,0/interlace,1/format,png",Found
5229,DH4520W,DH20 WASHER,https://img-new.cgtrader.com/items/1839405/9c1fc728d8/thumb/citi-field-new-york-mets-baseball-stadium-3d-model-obj-3ds-fbx-dxf-dae-dwg.jpg,Found
5230,DH4520W,DH20 WASHER,https://i.ebayimg.com/images/g/eHYAAOSw~7plAoiQ/s-l960.jpg,Found
5231,DH4566S,SWITH FOR 11E IBLDH4566,https://cliftools.com/wp-content/uploads/2024/09/11E-SWITCH-1024x1022.jpg,Found
5232,DH45CC,DH45 CYLINDER CASE,https://play-lh.googleusercontent.com/7BIu-nLPuxUMTDATJ_mZu1wVMZAaxMGjJuQFrGxUS7-pb4IXZqGRq8LKJEXzJrejB3Tf,Found
5233,DH5011,OMR 0810 CRANK SHAFT DH5011,https://www.solarreviews.com/content/images/blog/off-grid-solar-system-updated.png,Found
5234,DH5015,0810 GEAR BOX ORING OMR,https://img0.thatpervert.com/pics/post/izayoiRui-Shemale-Model-Shemale-rapi-(nikke)-9026976.jpeg,Found
5235,DH5016,0810 CONNECTING ROD ALUMINIUM,https://ak1.ostkcdn.com/images/products/is/images/direct/7c2cc52b8dd8fa23db14e6893b77278aa98cddf9/Power-Tool-Fitting-Aluminum-Connecting-Rod-for-Makita-0810-Electric-Pick.jpg?impolicy=medium,Found
5236,DH5023,0810 CUSHION WASHER OMR,,Not Found
5237,DH5028,BALL SET 0810 6 PC\S OMR,https://shop.r10s.jp/beru/cabinet/10740894/10760323/xlf912-91.jpg,Found
5238,DH5040,0810 SWITCH HANDLE BOLT+NUT OMR,https://sparepartwala.in/wp-content/uploads/2025/08/20250801_124433_copy_700x800.jpg,Found
5239,DH5041,0810 SWITCH HANDLE BOLT SMALL OMR,https://archive.org/services/img/CrownComics17/full/pct:200/0/default.jpg,Found
5240,DH5043,0810 CUSHION WASHER BOLT OMR,https://nvc-feil-prod-gcsproxy.ford.com/feil-image-upload-bucket-p/parts/images/photo-images/636/138636.jpg,Found
5241,DH5322,835 NECK OMR,"https://assets.digitalcontent.marksandspencer.app/images/w_768,q_auto,f_auto/DS_fc91877aaf9ec0fb835db54c91c1e4ff_3/Star-Print-Crew-Neck-Long-Sleeve-Pyjama-Set",Found
5242,DH5403,OMR SPEED GOVERNOR 11E DH5403,https://5.imimg.com/data5/SELLER/Default/2025/3/499590703/CF/WF/OW/129257837/governor-11e-1000x1000.png,Found
5243,DH5411,11E STRIKER PIN OMR,https://www.kidsinteriors.com/wp-content/uploads/2024/06/spring-flowers-wallpaper-lilipinso.jpg,Found
5244,DH5412,OMR SWITCH 11E DH5412,https://down-id.img.susercontent.com/file/id-11134207-81ztc-mf23cmu9oxe640,Found
5245,DH5417,11E GEAR BOX WITH OMR,https://img95.699pic.com/video_cover/62/34/45/a_WhT7d0zfw7jG16796234457159.jpg!/fw/820,Found
5246,DH5422,11E STOPPING DEVICE OMR,https://sparepartwala.in/wp-content/uploads/2025/07/20250729_141219_copy_700x800.jpg,Found
5247,DH5432,11E BRUSH BRACKET OMR,https://4gtvimg.4gtv.tv/4gtv-Image/Production/Article/2022061405000021/202206140502421627.jpg,Found
5248,DH5436,INDEXING DISC 11E OMR,https://toppng.com/uploads/preview/xampp-logo-11609383422lj7pwtjrpy.png,Found
5249,DH5436.,OMR INDEXING DISC 11E DH5436,https://media.nissan-steel.co.jp/wp-content/uploads/2025/09/3728946_m.jpg,Found
5250,DH5437,11E RETAINING SNAP OMR,https://logos-world.net/wp-content/uploads/2020/05/Chicago-Cubs-logo-1979-Present.png,Found
5251,DH5444,11E CONTROL BUSHING OMR,http://shivatools.com/cdn/shop/products/IMG_20220915_095201.png?v=1663215816,Found
5252,DH5450,OMR 11E LOCK ORING,https://imgv2-2-f.scribdassets.com/img/document/352384022/original/edc87e7365/1702436026?v=1,Found
5253,DH5451,11E RUBBER OIL SEAL OMR,https://c8.alamy.com/comp/DBDYP5/sir-ken-robinson-at-the-gordon-parks-foundation-awards-dinner-and-DBDYP5.jpg,Found
5254,DH5456,11E GEAR PLATE BOLT OMR,https://ilarge.lisimg.com/image/18486525/740full-stephanie-hsu.jpg,Found
5255,DH5707,OMR ORING  BROWN PH65 16 KG,https://i.ytimg.com/vi/scikH1VwiEs/hqdefault.jpg,Found
5256,DH78,"DH78  MOUTH SET(CLIP WASHER ,COVER ,LIMIT COVER ,ROTOR ,SLIDING BUSH ,SPRING ,STEEL BSLL 7-93",https://www.publicdomainpictures.net/pictures/70000/velka/animals-1385458845xkl.jpg,Found
5257,DH7825*36,DH78 WASHER 25*36-8*1,https://static.sociofyme.com/photo/108938607/108938607.jpg,Found
5258,DH784.2*16,DH78 SCREW  ST 4-2*16,https://c8.alamy.com/comp/2K0RNT5/the-mighty-kalu-waterfalls-at-malshej-ghat-maharashtra-india-2K0RNT5.jpg,Found
5259,DH78BC,DH78 BIT CASE,https://i5.walmartimages.com/seo/MIPCASE-Handheld-Design-Drill-Bit-Case-Empty-for-Craftsmen-and-Tool-Storage-1Pack_8673d97e-1054-42cf-a845-48493a1d1631.6585842a4204f4077e1443f5768d75dd.jpeg,Found
5260,DH78BC,DH78 BIT CASE,,Not Found
5261,DH78BRC,DH78 6201 BEARING COVER,https://i.ytimg.com/vi/J_96wv5b7KU/hqdefault.jpg,Found
5262,DH78FC,DH78 FRONT COVER,https://steamuserimages-a.akamaihd.net/ugc/253716559973732954/FCB5B4D96312887D65C8B06674BA8BE71A35EE7F/,Found
5263,DH78FC,DH78 FRONT COVER,,Not Found
5264,DH78FG,DH78 FAN GUID,https://static.vecteezy.com/system/resources/previews/022/631/206/non_2x/abstract-gradient-abstract-banner-background-banner-geometric-background-image-free-photo.jpg,Found
5265,DH78FS,DH78 FLAT SPRING,https://newsimg.sedaily.com/2020/04/01/1Z1B1VIB0L_1.jpg,Found
5266,DH78K4X4X12,DH78 KEY 4X4X12,https://cdn4.volusion.store/meyps-ugknx/v/vspfiles/photos/00000211-2.jpg?v-cache=1606739718,Found
5267,DH78K4X4X12,DH78 KEY 4X4X12,,Not Found
5268,DH78LN,DH78 LOCK NUT,https://static.grainger.com/rp/s/is/image/Grainger/38DH78_GC01,Found
5269,DH78M5X14,DH78 SCREW NUT M5X14,https://www.pockettactics.com/wp-content/sites/pockettactics/2022/05/Subway-surfers-characters.jpg,Found
5270,DH78M6X35,DH78 SCREW  ST4-2*16,,Not Found
5271,DH78M8X30,DH78 SCREW NUT M5X14,,Not Found
5272,DH78MC,DH78 MIDDLE COVER,,Not Found
5273,DH78MH,DH78 MOTOR HOUSING,,Not Found
5274,DH78NUT,DH78 NUT,,Not Found
5275,DH78O31*2,DH78 O RING 31*2,,Not Found
5276,DH78OS,DH78 OIL SEAL,,Not Found
5277,DH78OS,DH78 OIL SEAL,,Not Found
5278,DH78P,DH78 PISTON,,Not Found
5279,DH78PCH,DH78 PISTON CYLINDER HEAD,,Not Found
5280,DH78PP,DH78 PISTON PIN,,Not Found
5281,DH78S,DH78 SWITCH,,Not Found
5282,DH78S,DH78 SWITCH,,Not Found
5283,DH78S.,DH78 SWITCH,,Not Found
5284,DH78S.,DH78 SWITCH,,Not Found
5285,DH78S.,DH78 SWITCH,,Not Found
5286,DH78SB,DH78 SPACING BUSH,,Not Found
5287,DH78SR,DH78 SEAL RING,,Not Found
5288,DH78SRD,DH78 STRICK ROD,,Not Found
5289,DH78SRD,DH78 STRICK ROD,,Not Found
5290,DH78TC,DH78 TOP COVER,,Not Found
5291,DH78W,DH78 WASHER FOR STICK ROD,,Not Found
5292,DH78W,DH78 WASHER FOR STICK ROD,,Not Found
5293,DH78W/1,dh78 washer,,Not Found
5294,DH78W/1,dh78 washer,,Not Found
5295,DH78W/25,DH78 WASHER 25*36,,Not Found
5296,DH8TH,CHECKMATE TOOL HOLDER -DH8,,Not Found
5297,DHOOK,D HOOK,,Not Found
5298,DHP490F,HAMMER DRIVER DRILL 18V DHP490F001,,Not Found
5299,DHS6*2,DIAMOND SHARPENING STONE 6*2 INCH,,Not Found
5300,DHX0815,BULLET DEMOLITION HAMMER DHX0815,,Not Found
5301,die grinder dongcheng,die grinder dongcheng,,Not Found
5302,DIODE 25 U 20,DIODE 25 U 20,,Not Found
5303,DISC3.5*10,DISC 3.5*10,,Not Found
5304,DISPLAY STAND HITECH,DISPLAY STAND HITECH,,Not Found
5305,DISPLAY STAND HITECH,DISPLAY STAND HITECH,,Not Found
5306,DIVSVM,DIVS VIBRATOR WITH SHAFT 1.5MTR,,Not Found
5307,DJC30,DONGCHENG MAGNETIC  DRILL,,Not Found
5308,DJC30CA,CHUCK ADAPTER  DONGCHENG DRILL DJC30,,Not Found
5309,DJP2X7,DRYWALL JOINT TAPE 2''X70M,,Not Found
5310,DJP5*70,TAPE,,Not Found
5311,DJZ02,DRILL DJZ02-6A(DONGCHENG ),,Not Found
5312,DJZ10A,DONGCHENG 10MM DRILL  DJZ10A,,Not Found
5313,DKY1024,BULLET KEYLESS DRILL CHUCK DKY1024 10MM,,Not Found
5314,DKY1320,BULLET KEYLESS DRILL CHUCK 13MM DKY1320,,Not Found
5315,DL288,BULL CARWASH DL288/160BAR/2200W,,Not Found
5316,DL288/1,BULL CARWASH DL288/160BAR/2200W,,Not Found
5317,DL288BL,DL-288 BASE LOAD,,Not Found
5318,DL288EW,DL288 ECCENTRIC WHEEL,,Not Found
5319,DL288HFS,DL288 HEAD FULL SET,,Not Found
5320,DL288MS,DL288 MICRO SWITCH,,Not Found
5321,DL288OS,OIL SEAL DL288,,Not Found
5322,DL288OS,OIL SEAL DL288,,Not Found
5323,DL288P,PISTON DL288,,Not Found
5324,DL288P,PISTON DL288,,Not Found
5325,DL288P,PISTON DL288,,Not Found
5326,DL288PM,DL288 PRESSURE METER,,Not Found
5327,DL288S,SPRING DL288,,Not Found
5328,DL288S,SPRING DL288,,Not Found
5329,DL288S,SPRING DL288,,Not Found
5330,DL288SA,DL288 MICRO SWITCH ASSY,,Not Found
5331,DL288TB,DL288 TRUST BEARING,,Not Found
5332,DL288V,VALVE DL288,,Not Found
5333,DL288V,VALVE DL288,,Not Found
5334,DL288V.,DL288 VALVE,,Not Found
5335,DL288VN,288 VALVE NUT,,Not Found
5336,DL288WS,WATER SEAL DL288,,Not Found
5337,DL288WS,WATER SEAL DL288,,Not Found
5338,DL288WS,WATER SEAL DL288,,Not Found
5339,DL5415,DELI HEAD  LAMP DL5415 120LM,,Not Found
5340,DL7,BULL CARWASHER DLQ7 ORANGE 2000W,,Not Found
5341,DL886100,DELI TIRE PRESSURE GAUGE DL886100,,Not Found
5342,DLQ7BL,DLQ7 BASE LOAD,,Not Found
5343,DLQ7O,DLQ7 ORING,,Not Found
5344,DLQ7OS,OIL SEAL DLQ7,,Not Found
5345,DLQ7P,DLQ7 PISTON,,Not Found
5346,DLQ7PS,DLQ7 PISTON SPRING,,Not Found
5347,DLQ7S,DLQ7 PELLET &SPRING,,Not Found
5348,DLQ7V,DLQ7 VALVE,,Not Found
5349,DLQ7WS,WATER SEAL DLQ7,,Not Found
5350,DM3V,BATTERY,,Not Found
5351,DM3V,BATTERY,,Not Found
5352,DM9V,BATTERY  CELL 9V,,Not Found
5353,DMB82,K-DONGCHENG ELECTRIC PLANNER DMB82,,Not Found
5354,DMCT,45 DIGREE METAL CUTTING TOOL,,Not Found
5355,DML10,DORSET MORTICE LOCK,,Not Found
5356,DMM800,METSO MULTIMETER DMM800,,Not Found
5357,DMM830,METSO MULTIMETER OI -DMM830,,Not Found
5358,DMP02,TRIMMER MIP-FF02-6 DONG CHENG,,Not Found
5359,DMP02,TRIMMER MIP-FF02-6 DONG CHENG,,Not Found
5360,DMQ85,JIG SAW DMQ85,,Not Found
5361,DMR8,WOOD ROUTER DMR8 - 900 W,,Not Found
5362,DMSS46,1/4' DRIVER METRIC SOCKET SET 46PCS,,Not Found
5363,DOORGUARD,DOOR GUARD,,Not Found
5364,dp120,VELCRO PAPER 7''120 GR,,Not Found
5365,DPA,DOSA PALTA,,Not Found
5366,DPTA01,CORE CUTTER ADAPTOR SMALL 1 1/4*M22 F,,Not Found
5367,DPTA02,CORE CUTTER ADAPTER BIG 1-1/4F*M22,,Not Found
5368,DPTA03,CORE CUTTER EXTENTION ROD 12 INCH,,Not Found
5369,DPTA04,CORE CUTTER EXTENTION ROD 9 INCH,,Not Found
5370,DPTA05,CORE CUTTER EXTENTION ROD 6 INCH,,Not Found
5371,DPTA06,ADAPTOR AG5 M14*M10,,Not Found
5372,DPTA07,ADAPTOR M10*M14 AG5,,Not Found
5373,DPTA08,ADAPTOR M10*M10 AG4 EXTENTION,,Not Found
5374,DPTA10,DOUBLE BALDE ADAPTOR 4 INCH,,Not Found
5375,DPTA11,DOUBLE BLADE ADAPTER 5 INCH,,Not Found
5376,DPTA12,ADAPTER M12*1/2 MIXER TO DRILL,,Not Found
5377,DPTA13,ADAPTOR 1/2 UNF *M12 DRILL TO MIXER,,Not Found
5378,DPTA13,ADAPTOR 1/2 UNF *M12 DRILL TO MIXER,,Not Found
5379,DPTA14,ADAPTOR M10*1/2UNF AG4 TO DRILL,,Not Found
5380,DPTA14,ADAPTOR M10*1/2UNF AG4 TO DRILL,,Not Found
5381,DPTA15,CHUCK ADAPTOR 1/2 UNF DJC30,,Not Found
5382,DPTA16,CHUCK ADAPTOR  5/8 UNF DJC30,,Not Found
5383,DPTA18,CORE BIT ADAPTER M10,,Not Found
5384,DPTA19,BUFFING ADAPTER L5 INCH *M14,,Not Found
5385,DPTM06,0810 PISTON 5KG,,Not Found
5386,DQF25,BLOWER VACCUM DQF25,,Not Found
5387,DQF25,BLOWER VACCUM DQF25,,Not Found
5388,DQU160,ELE.MIXER WITH PADDLE DQU160,,Not Found
5389,DQU160B,ELE.MIXER WITH PADDLE DQU160,,Not Found
5390,DR1R,RENTAL DRILL MACHINE,,Not Found
5391,DR4031,OMR SWITCH  1630/MT60 1900B,,Not Found
5392,DR7Y,"DESIGN ROLLER 7"" YELLOW",,Not Found
5393,DR9,DESIGN ROLLER 9'',,Not Found
5394,DR9A,DESIGN ROLLER 9 INCH ACLE,,Not Found
5395,DRA1,SHELLAC,,Not Found
5396,DRONN,DRONN  DRAINAGE BLOCK CLEANING POWDER,,Not Found
5397,DRS10X11,DEEPS S-TYPE RING SPANNER 10X 11MMDTPL,,Not Found
5398,DRUM PULLER,DRUM PULLER  maruthi,,Not Found
5399,DRYL,DESIGN ROLLER YELLOW LINE 9'',,Not Found
5400,DRYWALLBIT,DRY WALL BIT,,Not Found
5401,DS06,DRAIN CLEANING NOZZLE DS06 ACE,,Not Found
5402,DS07,DRAIN CLEANING NOZZLE DS07 ACE,,Not Found
5403,DS1,CARBON BRUSH HOLDER 7345,,Not Found
5404,DS1/4X6M,"D SHACKLE 1/4"" 6MM GI",,Not Found
5405,DS102,TIP NOZZLE SET 4PCS  DS102  ACE,,Not Found
5406,DS102,TIP NOZZLE SET 4PCS  DS102  ACE,,Not Found
5407,DS102,TIP NOZZLE SET 4PCS  DS102  ACE,,Not Found
5408,DS103,TIP NOZZLE SE T 6PCS ACE DS103,https://www.nippon.com/en/ncommon/contents/japan-topics/2837884/2837884.jpg,Found
5409,DS12DE,HIKOKI  CORDLESS DRILL 12V DS12DE,"https://m.media-amazon.com/images/S/aplus-media-library-service-media/ae402390-d406-49b7-a6ee-edeb5356b196.__CR0,0,970,600_PT0_SX970_V1___.jpg",Found
5410,DS2,FIELD COIL P507345,"https://images.unsplash.com/photo-1655035321355-25c5639bc6da?blend=000000&blend-alpha=10&blend-mode=normal&blend-w=1&crop=faces,edges&h=630&mark=https://images.unsplash.com/opengraph/logo.png&mark-align=top,left&mark-pad=50&mark-w=64&w=1200&auto=format&fit=crop&q=60&ixid=M3wxMjA3fDB8MXxhbGx8fHx8fHx8fHwxNzAwOTU5MjU3fA&ixlib=rb-4.0.3",Found
5411,DS25C,DS25 CARBON BRUSH,https://i1.ruliweb.com/img/23/03/12/186d5af070149eb6c.jpg,Found
5412,DS25DH,DS25 DUST HOSE,https://dryuc24b85zbr.cloudfront.net/tes/resources/11376052/image?width=500&height=500&version=1474807095932,Found
5413,DS25DHC,DS25 DUST HOSE CONNECTER,https://image.rakuten.co.jp/cinemacollection/cabinet/r20231102/kmo-216214_5.jpg,Found
5414,DS25LB,DS25 LIGHT BELT,"https://rvb-img.reverb.com/image/upload/s--lsTp3BsL--/f_auto,t_large/v1696482309/veztpn6yfeurirfr4h4q.jpg",Found
5415,DS25LH,DS25 LEFT HANDLE,https://i.ebayimg.com/images/g/LusAAOSwUHZnKe4K/s-l500.jpg,Found
5416,DS25RH,DS25 RIGHT HANDLE,https://i.ebayimg.com/images/g/LusAAOSwUHZnKe4K/s-l500.jpg,Found
5417,DS25S,DS25 SPRING,https://m.media-amazon.com/images/I/61+68z1Fv5L._AC_SL1000_.jpg,Found
5418,DS25SG,DS25 SPEED GOVERNER,https://blogger.googleusercontent.com/img/b/R29vZ2xl/AVvXsEimm_W_50hK6jKNT7d4KeQB1nFpbHyJHRR72BG5fBgDEEHO49bjelm2l6RtUhp3jXuZWCZi723jFhZbaxL2G0AU-_s3NgncSE9xTH-YQRBEoMB_0fjdfpRzGV9xLd4VCb56RxcgZBrwshU/s1600/01-simplified_representation_diagram_of_engine_speed_governor_limiter_thumb.jpg,Found
5419,DS25SW,DS25 SCREW,https://i.etsystatic.com/18231753/r/il/44a592/4729331577/il_fullxfull.4729331577_dij3.jpg,Found
5420,DS25SW,DS25 SCREW,https://media.licdn.com/dms/image/v2/D4E22AQGWXVSzaqVZuQ/feedshare-shrink_2048_1536/feedshare-shrink_2048_1536/0/1707315115902?e=2147483647&v=beta&t=PLZ_RBKxIOgq_rlSg_HhtPpYGXa8TKSgLkRPQ--3HSw,Found
5421,DS29,DRY WALL SANDER 929 ACTIVE SHAFT,https://m.media-amazon.com/images/I/817gLGSF7QL.jpg,Found
5422,DS3/8X10M,D SHACKLE 3/8 10MM GI IMT,https://images-na.ssl-images-amazon.com/images/I/91MD-33rDpL._AC_SL1500_.jpg,Found
5423,DS33,DRY WALL SANDER  -33 BRUSH HOLDER,https://www.bricoutensili.com/64263-large_default/rurmec-wall-sander-p1500-brush-holder.jpg,Found
5424,DS356,SPRAY NOZZLE  5 IN 1 DS356  ACE,https://mir-s3-cdn-cf.behance.net/project_modules/1400/0c7b9d95469523.5e98286c20edc.jpg,Found
5425,DS4,BACKING VELCRO PAD 187345,https://cf.shopee.com.my/file/121078991375096f9a3ab07eb805a221,Found
5426,DS5/16X8M,"D SHACKLE 5/16"" 8MM GI",https://5.imimg.com/data5/SELLER/Default/2023/10/354977020/JH/TM/CT/3240060/gi-d-shackle-500x500.jpg,Found
5427,DS50,ADJUSTABLE NOZZLE DS50 BLACK,"https://m.media-amazon.com/images/S/aplus-media-library-service-media/4fcde911-eb86-4263-aba5-9c397cdeae68.__CR0,0,970,600_PT0_SX970_V1___.jpg",Found
5428,DS50,ADJUSTABLE NOZZLE DS50 BLACK,https://i.pinimg.com/originals/73/94/59/7394594796cf9ace3fecbc3d7d0f1efb.jpg,Found
5429,DS62,TUQO TIP NOZZLE GREEN 25 DS62,https://www.texaspressurewashingstoretampa.com/wp-content/uploads/2024/04/Green-25-Degree-Nozzle.jpg,Found
5430,DS70BS,DS70 BEARING SLEEVE  F22,https://fhdbearings.com/wp-content/uploads/2025/07/bottom-bracket-bearings.webp,Found
5431,DS70C,DS70 CARBON BRUSH,https://down-id.img.susercontent.com/file/id-11134207-7rbka-m9vktd55zzzh52,Found
5432,DS70C,DS70 CARBON BRUSH,https://down-id.img.susercontent.com/file/id-11134207-7rbka-m9vktd55zzzh52,Found
5433,DS70CBCAP,DS70 CARBON BRUSH  CAP,https://m.media-amazon.com/images/I/71LV8VYz0bS._AC_SL1500_.jpg,Found
5434,DS70CBH,DS70 CARBON BRUSH HOLDER,https://www.helwigcarbon.com/wp-content/uploads/2025/03/Carbon-Brush-Holders-945x1024.jpg,Found
5435,DS70F180,DS70 F180 SANDING PAD,https://www.ibelltools.com/cdn/shop/files/DS80-702_2800x2800.jpg?v=1757409292,Found
5436,DS70GEAR,DS70 BIG GEAR,https://wallpapercave.com/wp/wp3750874.jpg,Found
5437,DS70LC,DS70 LED CONTROLLER,https://images.bonanzastatic.com/afu/images/20e9/2881/05a6_11965761211/CTE70_controller_Rhino_70.jpg,Found
5438,DS70M6*22,DS70 HEX SCREW M6*22,https://m.media-amazon.com/images/I/51ktDBTrSDL._SY445_SX342_QL70_ML2_.jpg,Found
5439,DS70OS,DS70 OUTPUT SHAFT,https://www.electromate.com/media/catalog/product/cache/3aec1ad591f7b688df7acd67634bf18c/d/s/ds-70-netzer.jpg,Found
5440,DS70S,DS70 SWITCH,https://www.tacbusparts.com/assets/img/DS-70_01.jpg,Found
5441,DS70S/1,DS70 SWITCH,https://www.tacbusparts.com/assets/img/DS-70_01.jpg,Found
5442,DS70SC,DS70 SPEED CONTROLLER,https://i.etsystatic.com/8800859/r/il/c1b40f/4737705911/il_1080xN.4737705911_2pkv.jpg,Found
5443,DS70SP,DS70 SPINDLE,https://image.made-in-china.com/2f0j00vwGtLQanYmpH/70ds-Shaft-Type-Spindle-Model-Cam-Indexer-DS-Series-for-Sale.jpg,Found
5444,DS70SPRING,DS70  TOWERTYPE SPRING,https://datetodays.com/wp-content/uploads/July-2026-Calendar-Printable-PDF-1024x724.png,Found
5445,DS70TS,DS70 TOWERTYPE SPRING,"https://static.wixstatic.com/media/02651a_478ed357043b4c3a9124204003b46820~mv2.webp/v1/fit/w_500,h_500,q_90/file.webp",Found
5446,DS70TS,DS70 TOWERTYPE SPRING,https://www.neomounts.com/_clientfiles/products/Line+drawings/DS70-250SL2_linedrawing01.jpg,Found
5447,DS78S,SWITCH,https://c8.alamy.com/comp/2R585D5/nintendo-switch-game-console-2R585D5.jpg,Found
5448,DS80,TIP NOZZLE RED 0 DS80 ACE,https://5.imimg.com/data5/SELLER/Default/2025/8/540376976/SI/FI/XK/250887249/tuqo-ds80-360-rotating-pressure-washer-nozzle-tip-1000x1000.jpg,Found
5449,DS80BHC,CV81 BRUSH  HOLDER,https://technocarbonbrush.in/wp-content/uploads/2023/10/MULTIPLE-BOX-HOLDERS-1536x1536.png,Found
5450,DS81,TIP NOZZLE YELLOW-15  DS81 ACE,https://medipress-dialysis.s3.amazonaws.com/system/uploads/article_image/image/0/250/main_D_I_52.jpg,Found
5451,DS83,TIP NOZZLE WHITE 40 DS83 ACE,https://pbs.twimg.com/media/GHPxo4UacAA-kkt.jpg,Found
5452,DS90C,DS90 CARBON BRUSH,https://t3.ftcdn.net/jpg/02/63/14/38/360_F_263143869_wgOPFOljlHu9JqG9kLzdvb4LtwsL7KBt.jpg,Found
5453,DSAT,DOUBLE SIDE TAPE  1 INCH,https://c8.alamy.com/comp/B9JC04/bedroom-interior-with-two-double-beds-images-on-the-wall-are-my-own-B9JC04.jpg,Found
5454,DSAT1/2*10,DOUBLE SIDE TAPE 1/2*10 3M,https://c8.alamy.com/comp/B9JC04/bedroom-interior-with-two-double-beds-images-on-the-wall-are-my-own-B9JC04.jpg,Found
5455,DSB185,ORBITAL SANDER 93X185 (DONGCHENG ),https://down-my.img.susercontent.com/file/my-11134207-7qula-littij3zu15244,Found
5456,DSB185,ORBITAL SANDER 93X185 (DONGCHENG ),https://down-my.img.susercontent.com/file/my-11134207-7qula-littij3zu15244,Found
5457,DSB185BA,BASE ASSY  DSB185,https://wallpaperaccess.com/full/105112.jpg,Found
5458,DSB185C,CARBON BRUSH DSB185,https://i.ytimg.com/vi/LBmjv6--LfI/maxresdefault.jpg,Found
5459,DSBD,DRILL SLEEVE 2-3 BENCH DRILL,https://5.imimg.com/data5/SELLER/Default/2023/9/347284641/TC/CI/BV/38247625/drill-sleeve-mt2-3-500x500.jpg,Found
5460,DSF02,DRYWALL SANDER DSF02,https://5.imimg.com/data5/SELLER/Default/2025/5/514596745/ZR/HX/US/147270868/dongcheng-drywall-sander-dsf02-180-1000x1000.jpg,Found
5461,DSFT/1,D/S 18MM FOAM TAPE DOUBLE SIDE,https://static.vecteezy.com/system/resources/previews/044/632/986/large_2x/group-of-various-breeds-of-cats-sitting-together-posing-for-a-cat-day-portrait-colorful-and-diverse-photo.jpg,Found
5462,DSFT1,DOUBLE SIDE TAPE 1 INCH,https://c8.alamy.com/comp/B9JC04/bedroom-interior-with-two-double-beds-images-on-the-wall-are-my-own-B9JC04.jpg,Found
5463,DSFT1,DOUBLE SIDE TAPE 1 INCH,https://m.media-amazon.com/images/I/61JiUrBk2-L._SL1082_.jpg,Found
5464,DSFT1,DOUBLE SIDE TAPE 1 INCH,https://m.media-amazon.com/images/I/61JiUrBk2-L._SL1082_.jpg,Found
5465,DSFT1 1/2,DOUBLE SIDE TAPE 11/2 INCH,https://c8.alamy.com/comp/B9JC04/bedroom-interior-with-two-double-beds-images-on-the-wall-are-my-own-B9JC04.jpg,Found
5466,DSFT2,DOUBLE SIDE TAPE 2 INCH,https://c8.alamy.com/comp/B9JC04/bedroom-interior-with-two-double-beds-images-on-the-wall-are-my-own-B9JC04.jpg,Found
5467,DSFT3/4,DOUBLE SIDE TAPE 3/4 INCH,https://c8.alamy.com/comp/B9JC04/bedroom-interior-with-two-double-beds-images-on-the-wall-are-my-own-B9JC04.jpg,Found
5468,DSM03,K DONGCHENG ANGLE GRINDER 4'' DSM03-100,https://upload.wikimedia.org/wikipedia/commons/thumb/6/60/Microsoft_Office_Excel_(2025–present).svg/1991px-Microsoft_Office_Excel_(2025–present).svg.png,Found
5469,DSM04,ANGLE GRINDER DSM04-100A 560W,https://nationaltechtools.com/wp-content/uploads/2025/04/320.jpg,Found
5470,DSM08,ANGLE GRINDER 4K-DONGCHENG --6-100 (S1M03-100A) 800W,https://i.etsystatic.com/35307338/r/il/3b5f33/6949310662/il_1080xN.6949310662_9a9j.jpg,Found
5471,DSM08C,CARBON BRUSH 8-100,https://down-my.img.susercontent.com/file/my-11134207-7qul4-lkixljzacg6tbc,Found
5472,DSM125A,ANGLE GRINDER  DSM125A(DONGCHENG) 850W,https://img.freepik.com/premium-photo/blue-flower-frame-wedding-invitation-background-pastel-elegant-design-celebration-greeting-cards_532044-170.jpg,Found
5473,DSM125A,ANGLE GRINDER  DSM125A(DONGCHENG) 850W,https://static-01.daraz.lk/p/ec4a8b82b6108015a066d7c219ff11c6.jpg,Found
5474,DSM180A,ANGLE GRINDER DSM180A 2200W,https://alrahat.com/wp-content/uploads/2025/12/DSM180A.jpg,Found
5475,DSM180A,ANGLE GRINDER DSM180A 2200W,https://wallpapers.com/images/hd/hd-autumn-w9hniniu1hq29szk.jpg,Found
5476,DSM21,DONGCHENG ANGLE GRINDER DSM21 4 INCH,https://img.freepik.com/vetores-premium/ilustracao-em-vetor-de-jaqueta-classica-feminina-frente-e-verso_469364-12.jpg?w=740,Found
5477,DSM230A,DONGCHENG ANGLE GRINDER 9-230A(KSM230A) 2200W,http://www.istanbultrails.com/wp-content/uploads/2008/10/istanbul-grand-bazaar-map-1.jpg,Found
5478,DSM230A,DONGCHENG ANGLE GRINDER 9-230A(KSM230A) 2200W,"https://static.wixstatic.com/media/f2e3db_9eb468733905437c945507c42193f601~mv2.jpg/v1/fill/w_1512,h_1512,al_c,q_90,enc_avif,quality_auto/f2e3db_9eb468733905437c945507c42193f601~mv2.jpg",Found
5479,DST12,METSO DOUBLE SIDED TRIANGULAR SCALE DST12 12 INCH,https://imgv2-2-f.scribdassets.com/img/document/863619513/original/ce78d21800/1?v=1,Found
5480,DST12/D,DOOR STROPPER 12MM DOUBLE,https://oldiesnest.com/wp-content/uploads/2025/07/Ralph-Baer-The-godfather-of-Magnavox-Odyssey-600x450.jpg,Found
5481,DST12/S,DOOR STROPPER 12MM SINGLE,https://5.imimg.com/data5/SELLER/Default/2026/1/576757990/IC/MB/DV/4635401/ss-12mm-single-door-stopper-1000x1000.jpg,Found
5482,DSV25M,DAMIER VACCUM CLEANER 25 LTR MOTOR,https://www.easeindiatrip.com/blog/wp-content/uploads/2025/11/India-Vande-Bharat-Sleeper-Trains-03.jpg,Found
5483,DT266,DIGITAL CLAMP METER DT266,https://suumo.jp/article/oyakudachi/wp-content/uploads/2023/09/hikido_sub05.jpg,Found
5484,DT530,DEBURING TOOL 530,https://tr-osdcp.qunarzz.com/tr-osd-tr-space/img/5c6e3a3a7335edba8960dd60e7d80196.jpg,Found
5485,DT9205A,MULTI METER -DT9205A,https://cdn-reichelt.de/bilder/web/xxl_ws/D100/FLUKE117_02.png,Found
5486,DTD156RFE,MAKITA CORDLESS IMPACT DRIVER 18V,https://nengajo-design.com/wp-content/uploads/calendar/2026/0023-2026-yoko-sun-08-main1.png,Found
5487,DTH18,ENDICO HEAT GUN,https://m.media-amazon.com/images/I/71Yu4pkLwPL._SL1500_.jpg,Found
5488,DTW300RFJ,MAKITA IMPACT WRENCH 18 V 1/2 MINCH,https://i.pinimg.com/474x/b7/12/73/b71273dd90e2af7fef7d84ad35a31bd6.jpg,Found
5489,DV13,ARMATURE,https://www.electrical4u.com/wp-content/uploads/armature-parts.png,Found
5490,DVC15,VACCUM CLEANER DVC15 DONG CHENG,https://cdn1.npcdn.net/images/1672108645c2c097d266256ab4350b9e7ce1d0add0.webp?md5id=f51cf26546d2015352cabae5d9b01b81&new_width=1000&new_height=1000&size=max&w=1681968083&from=jpg,Found
5491,DW0165N,"DEWALT LASER DISTANCE M,ETER 50M",https://ik.imagekit.io/fepy/cdn/catalog/product/4/6/4686-laser_distance_meter_50_m_7_.png?format=webp,Found
5492,DW055PL,DW055PL DEWALT LASER 16M,https://72380.cdn.simplo7.net/static/72380/sku/ferramentas-manuais-outros-trena-laser-portatil-recarregavel-16m-dw055pl-atomic-dewalt-1649945984165.jpg,Found
5493,DW180SC,DW180 SC DWS 180 SPEED CONTROLLER,https://www.nexus-analytics.com.my/wp-content/uploads/2021/08/Curelastometer-TYPE-R-1027x2048.jpg,Found
5494,DW70802,DW708-02 DRILL HOLDER,https://m.media-amazon.com/images/I/61iB24u4ngL._AC_SL1500_.jpg,Found
5495,DW70825,DW708-25 RAM,https://i.ebayimg.com/images/g/~3cAAOSwSWFnBBgr/s-l1600.jpg,Found
5496,DW70826,DW708-26 NEEDLE BEARING NK1820,https://as2.ftcdn.net/v2/jpg/05/60/86/89/1000_F_560868982_lNkwRbM9SMfargM1xEUtjkxNzN8IlmCq.jpg,Found
5497,DW70826,DW708-26 NEEDLE BEARING NK1820,https://bepltd.com/cdn/shop/files/SKF-BNRBMR-SRNRB-with-machined-rings-with-flanges-without-inner-ring_f93c53b5-20e2-45c1-81e2-926d8c87b80b_700x700.jpg?v=1731678666,Found
5498,DW70831,DW708-31 WOOD RUFF KEY,https://i.ytimg.com/vi/Rv1V0BmaDQk/hqdefault.jpg,Found
5499,DW70838,DW708-38 BIG GEAR WHEEL,https://syachuhaku-blog.fxtec.info/wp-content/uploads/2024/10/2410041346241475484248427883295103-600x338.jpg,Found
5500,DW70860,DW708-60 RIGHT HANDLE,https://ui-library.pexels.lol/picture/image/eGCH6.webp,Found
5501,DW70862,DW708-62 LEFT HANDLE,https://cdn11.bigcommerce.com/s-fo9uktl/images/stencil/1280x1280/products/49263/92412/153755-01__87341.1621519251.jpg?c=2,Found
5502,DW70880,DW708-80 WICK,https://thumb.ac-illust.com/87/879321c5d9bd62dc5d1748f11805a4e3_t.jpeg,Found
5503,DW714,DEWALT METER SAW COMPOUND  DW714,https://resort.yokohama/wp-content/uploads/2022/09/IMG_20220907_170423.jpg,Found
5504,DW801,"DEWALT ANGLE GRINDER DW801 , 850W",https://vectorseek.com/wp-content/uploads/2021/02/AutoCAD-Logo-Vector.jpg,Found
5505,DW801,"DEWALT ANGLE GRINDER DW801 , 850W",https://i.pinimg.com/736x/4d/7e/0a/4d7e0a6774f7de26f815749876cbd8f1.jpg,Found
5506,DW801,"DEWALT ANGLE GRINDER DW801 , 850W",https://i.pinimg.com/originals/29/e8/49/29e8490f6e6d49f8f656c0270e6b95a9.jpg,Found
5507,DW801C,CARBON BRUSH PAIR DW801,https://freepngimg.com/thumb/pc/36638-9-computer-repair-clip-art.png,Found
5508,DW801C,CARBON BRUSH PAIR DW801,https://5.imimg.com/data5/SELLER/Default/2025/6/519293836/QQ/RU/YE/57433664/powertex-service-carbon-brush-1000x1000.jpeg,Found
5509,DW801C,CARBON BRUSH PAIR DW801,https://down-id.img.susercontent.com/file/id-11134207-7ra0s-mbyse5yozm1wef,Found
5510,DW801GB,GEAR BOX GRINDER 801 MODEL,https://images.rawpixel.com/image_png_social_landscape/czNmcy1wcml2YXRlL3Jhd3BpeGVsX2ltYWdlcy93ZWJzaXRlX2NvbnRlbnQvam9iNjAyLW0wMS1renJybmN0bS5wbmc.png,Found
5511,DW801ORG,BEARING COVER DW801 ORG,https://rukminim2.flixcart.com/image/416/416/xif0q/angle-grinder/9/p/q/dewalt-angle-grinder-dw801-spare-parts-housing-6201-bearing-ring-original-imagz9dhyfavtk6j.jpeg?q=70&crop=false,Found
5512,DW801Q,DEWALT ANGLE GRINDER DW801 850W QUALITY,https://m.media-amazon.com/images/I/51T6E6Tz+1L._SL1500_.jpg,Found
5513,DW801S,SWITCH 801,https://electrical.com/img/801-ASC218-2.jpg,Found
5514,DW803,DEWALT TOGGER GRINDER 1000W DW803,https://m.media-amazon.com/images/I/71fahB2t4FL.jpg,Found
5515,DW862,DEWAL CUTTER DW862 1270W,https://www.erogazou-mirunavi.com/wp-content/uploads/2018/11/103581/マイクロビキニ水着_極小過激_グラビアエロ画像18.jpg,Found
5516,DWA801,DEWALT CUTTING WHEEL 14 INCH GREEN,https://4.imimg.com/data4/FA/JJ/ANDROID-298673/product-500x500.jpeg,Found
5517,DWA8060,DEWALT CUTTING WHEEL,https://prtimes.jp/i/19137/70/ogp/d19137-70-437664-0.jpg,Found
5518,DWE4235,DEWALT ANGLE GRINDER 125MM DWE4235,https://implemental.in/wp-content/uploads/2023/02/Dewalt-DWE4235-1.jpg,Found
5519,DWE4235I,DEWALT GRINDER 5 INCH AB WASHER INNER,https://aabtools-images-pdf.s3.me-central-1.amazonaws.com/webp/dewalt-dwe4345-b4-110v-5-in-angle-grinder-125mm-2.webp,Found
5520,DWE4235O,DEWALT GRINDER 5 INCH AB WASHER,https://m.media-amazon.com/images/I/81ZcY6uc+7L._AC_.jpg,Found
5521,DWE493,DEWALT ANGLE GRINDER 180MM DWE493,https://jmania.jp/wp-content/uploads/2016/12/jfujigaya22.jpg,Found
5522,DWE750S,DEWALT ANGLE GRINDER 750 W 4 INCH,https://5.imimg.com/data5/SELLER/Default/2025/11/558470233/VX/ZJ/SY/181468519/61jkgrdudul-sl1071-1000x1000.jpg,Found
5523,DWS14X15,DWS SOLID BOX SPANNER 14X 15MM,https://cdn.ibispaint.com/movie/281/880/281880660/image281880660.png,Found
5524,DWS180,MAL DRY WALL SANDER 800W 7 INCH,https://5.imimg.com/data5/SELLER/Default/2024/9/452329491/OV/WZ/SB/136187178/750watts-1000x1000.jpg,Found
5525,DWS180,MAL DRY WALL SANDER 800W 7 INCH,https://wallpaperaccess.com/full/14800891.jpg,Found
5526,DWS18005,DWS18005-DWS 180 OUT SHAFT,https://www.weddingnews.jp/img?url=https://www.weddingnews.jp/site_media/profile/photo/111749_11.jpeg&width=700&height=700,Found
5527,DWS18023,DWS18023 BIG GEAR,https://truyenno1.net/uploads/2023/07/25/minh-hon-64bf590bac6a9.jpeg,Found
5528,DWS18030,DW801ARMATURE,"https://www.aljazeera.net/wp-content/uploads/2023/05/shutterstock_2284318457-1683109861.jpg?resize=1920,1440",Found
5529,DWS18031,DWS180 FIELD,https://livedoor.blogimg.jp/hotama9/imgs/a/5/a5d6921a.png,Found
5530,DWS18031/,DWS180 FIELD,https://bdtools.co.uk/wp-admin/admin-ajax.php?action=rank_math_overlay_thumb&id=36567&type=play&hash=6c270654c72d6c6d1955f1af5a606703,Found
5531,DWS18047,DWS180 SWITCH,https://wallpapercave.com/wp/wp6421240.jpg,Found
5532,DWS180BC,DWS 180 BRUSH CAP  DWS18041,https://m1.manubricole.com/60158-thickbox_default/dws-180c-ponceuse-orbitale.jpg,Found
5533,DWS180C,CARBON BRUSH FOR MAL DRYWALL SANDER,https://image.made-in-china.com/2f0j00FBHVinshyOgW/869734-879058-N119739-Motor-Carbon-Brush-Replacement-for-Porter-Cable-7800-Drywall-Sander.jpg,Found
5534,DWS180CS,CABLE SHEET FOR MAL DRYWALL SANDER DWS180,https://i5.walmartimages.com/seo/Electric-Drywall-Sander-120V-for-Precision-Sanding-with-LED-Strip-Light-and-Dust-Bag-900-1800-RPM_b01d0434-ec4f-4474-9a73-0b3d23f80c9b.f0bdf4da3b7d2ea75da146b0e3e49711.jpeg?odnHeight=424&odnWidth=424&odnBg=FFFFFF,Found
5535,DWS180CST,CABLE SHEATH FOR MAL DRYWALL SANDER DWS180,https://instrumentationtools.com/wp-content/uploads/2019/05/Cables-Sheath-Material.jpg,Found
5536,DWS180LCP,LED CONTROL PANEL FOR MAL DRYWALL SANDER DWS180,https://5.imimg.com/data5/SELLER/Default/2021/10/XR/IE/JV/3416928/dws180-s-drywall-sander-1000x1000.jpeg,Found
5537,DWS180LDRL,DWS 180 LED DOUBLE RAW LIGHTS DWS180LDRL,https://5irorwxhjlrniij.leadongcdn.com/cloud/ioBpmKiiRikSmoropklqj/double-row-led-strip.jpg,Found
5538,DWS180LEDS,LEDSWITCH FOR MAL DRYWALL SANDER DWS180,https://5.imimg.com/data5/SELLER/Default/2021/10/XR/IE/JV/3416928/dws180-s-drywall-sander-1000x1000.jpeg,Found
5539,DWS180LS,LEFT SWITCH FOR MAL DRYWALL SANDER DWS180,https://cdn.crowdpic.net/detail-thumb/thumb_d_DB9D02D180943FF25329EE525331966E.png,Found
5540,DWS180P,SANDER PAD FOR MAL DRYWALL SANDER,https://cdn11.bigcommerce.com/s-3ihov9f/images/stencil/1280x1280/products/31609/100744/us/QMDMJ750WZDZKDDT1V1/original_img-v7/drywall-sander-f1__19240.1667464530.jpg?c=2,Found
5541,DWS180RS,RIGHT SWITCH BOX MAL DRYWALL SANDER DWS180,https://5.imimg.com/data5/SELLER/Default/2021/10/XR/IE/JV/3416928/dws180-s-drywall-sander-1000x1000.jpeg,Found
5542,DWS180S,SWITCH FOR MAL DRYWALL SANDER DWS180,https://pangpond.com/wp-content/uploads/ภงด53.jpg,Found
5543,DWS180SC,SPEED CONTROLLER FOR MAL DRYWALL SANDER,https://d2qc09rl1gfuof.cloudfront.net/product/QMDMJ1200W0000001/drywall-sander-m100-5.jpg,Found
5544,DZC03,DONCHENG HAMMER DRILL 750W  DZC03-26B,https://savgkings.ph/wp-content/uploads/2025/04/5.png,Found
5545,DZC03CS,CHUCK SLEEVE ASSY DZC03,https://cdn.mscdirect.com/global/images/ProductImages/6720425-24.jpg,Found
5546,DZC03TH,CHUCK BODY ( TOOL HOLDER ) DZC03-26,https://m.media-amazon.com/images/I/51giOKHFQ4L._AC_UY654_FMwebp_QL65_.jpg,Found
5547,DZE02,KDONGCHENGMARBLCUTTER4'' CM4SB(DZE02-110,https://ezpzlearn.com/CMS/Content/Coloring+Pages/ABC/Q+capital+letter+hidden+letters.jpg,Found
5548,DZE03,"K-DONGCHENG MARBLE CUTTER4""-CM4SA",https://marketplace.canva.com/EAFGWriai4c/1/0/1600w/canva-black-and-white-modern-sport-car-business-card-HGwOS3bWGFc.jpg,Found
5549,DZE03,"K-DONGCHENG MARBLE CUTTER4""-CM4SA",https://vectorseek.com/wp-content/uploads/2023/09/NAAC-Logo-Vector.svg-.png,Found
5550,DZE125,MARBLE CUTTER DZE125,https://5.imimg.com/data5/SELLER/Default/2023/4/302791597/FZ/VR/EX/72222965/dze125-marble-cutter-1000x1000.png,Found
5551,DZE180,DONGCHENG MARBLE CUTTER DZE03,https://5.imimg.com/data5/SELLER/Default/2023/1/SQ/XD/JQ/70366211/dongcheng-dze03-110-marble-cutter-1000x1000.jpg,Found
5552,DZG02,K-DONGCHENG-PERCUSSION HAMMER PH65(DZG02 16KG,https://images.everyeye.it/img-notizie/dragon-ball-forme-malvagie-goku-viste-serie-v3-755329.jpg,Found
5553,DZG02,K-DONGCHENG-PERCUSSION HAMMER PH65(DZG02 16KG,https://seigura.com/wp-content/uploads/2024/07/80ebcc98ee80f46506e5f13d8efb6f7c-480x960.jpg,Found
5554,DZG06,PERCUSSION HAMMER  ZIG FF06  DONG CHENG 1400W,https://www.ewarehouse.my/image/cache/catalog/products/26462/DZG06-6S_4-1100x1100.jpg,Found
5555,DZG07,PERCUSSION HAMMER DONGCHENG DZG07,https://i.ytimg.com/vi/66cUCc4DaDk/maxresdefault.jpg,Found
5556,DZG07,PERCUSSION HAMMER DONGCHENG DZG07,https://i.ytimg.com/vi/66cUCc4DaDk/maxresdefault.jpg,Found
5557,DZG10,DONGCHENG PERCUSSION HAMMER 10KG,https://5.imimg.com/data5/SELLER/Default/2026/1/572478178/VB/OG/CY/64686555/dongcheng-percussion-hammer-dzg-10-1000x1000.webp,Found
5558,DZJ02,IMPACT DRILL DZJ02-13MM,https://down-id.img.susercontent.com/file/id-11134207-7r98s-lziip45hhpuo4b,Found
5559,DZR110,DONGCHENG WALL GROOVE CUTTER,https://i.pinimg.com/originals/88/c6/c4/88c6c48bc598edb35562cb10369f4ec1.jpg?nii=t,Found
5560,DZZ02-130,DONGCHENG CORE CUTTING MACHINE D130,https://m.media-amazon.com/images/I/31dSBEK2nJL.jpg,Found
5561,E+1,ULI,https://live.staticflickr.com/1758/29003886828_277cec0143_b.jpg,Found
5562,E+2,ULI,https://cf.shopee.co.id/file/44e38ade7d73b6b7db0d7f3b5518845d,Found
5563,E+3,ULI,https://netforum.uli.org/eweb/content/themes/uli2022/images/ULI+Full+Logo_RGB.png,Found
5564,E03442,MAG BOOST MAGNET MAKITA,https://sumwuconcept.com/wp-content/uploads/MKT-FA-03-007-0000-7-min.png,Found
5565,E0810G,0810 GEAR EVEREST,https://cliftools.com/wp-content/uploads/2024/09/0810-GEAR-1024x1024.jpg,Found
5566,E0810P,EMTEX CHISEL 0810 POINT,https://akshajtoolsllp.com/wp-content/uploads/2023/10/17x280xp-1-scaled.jpg,Found
5567,E10540,MAKITA CUTT OFF WHEEL 14 INCH,https://www.goodfreephotos.com/albums/historical-battles/gulf-war/oil-well-fires-rage-kuwait-in-1991-in-the-gulf-war.jpg,Found
5568,E11,KAMBI ULI   E11,https://i.pinimg.com/originals/12/32/bd/1232bd954104b74379b5097d6eaefc43.jpg,Found
5569,E11,KAMBI ULI   E11,https://i.medicinehelpful.com/images/046/image-135400-5-j.webp,Found
5570,E11,KAMBI ULI   E11,https://www.yarden.com/wp-content/uploads/Carambola-Star-Fruit-Tree-2.jpg,Found
5571,E12,KAMBI PARA,https://www.kambi.com/wp-content/uploads/2022/09/kambi-logo-1.png,Found
5572,E20,KOTTA MED,https://img.lb.wbmdstatic.com/lhd/provider/1265847_providerprofileimage_1075f40b-fcf5-418a-aeb3-82f148ea6b9b.jpg,Found
5573,E20,KOTTA MED,https://cdn.newsfirst.lk/english-uploads/2023/05/Economy-700681-722643_850x460.jpg,Found
5574,E2001,EASTMAN DOUBLE SPANNER 30*32 E2001,http://www.bestomart.com/cdn/shop/products/1000101288_grande.jpg?v=1649656085,Found
5575,E2001/12,EASTMAN DEP SPANNER SET 12 PCS E2001-12,https://www.saferoads.com.au/media/hv2-417.jpg,Found
5576,E2001/24*27,EASTMAN DOUBLE END SPANNER B24*27/E2001,https://5.imimg.com/data5/SELLER/Default/2025/3/495327507/LL/PX/LL/67547976/eastman-doe-jaw-spanners-kit-6-pc-e-2001-1000x1000.jpg,Found
5577,E200112,EASTMAN DEP SPANNER SET 12 PCS E200112,https://eastmanglobal.com/wp-content/uploads/2022/06/T-HANDLE-ALLEN-KEY-2-1.jpg,Found
5578,E2005/13,EASTMAN COMBINATION SPANNER 13MM E2005,https://5.imimg.com/data5/SELLER/Default/2022/2/DW/HQ/HO/140725360/eastman-combination-spanner-set-500x500.jpg,Found
5579,E2006,EASTMAN RING SPANNER DEEP30*32 E2006,"https://bkimg.cdn.bcebos.com/pic/aa18972bd40735fae6cd2889e80418b30f2442a7a2fc?x-bce-process=image/format,f_auto/resize,m_lfit,limit_1,h_336",Found
5580,E2020,EASTMAN COMBINATION PLIER 8 INCH E2020,https://www.eastmanshop.com/cdn/shop/files/Red_Complier_Gallergy_image3.jpg?v=1724394888,Found
5581,E2030A,EASTMAN WATER PUMP PLIER 10 INCH E2030A,https://eastmanglobal.com/wp-content/uploads/2022/06/WATER-PUMP-PLIER.jpg,Found
5582,E2051P,EASTMAN ADJUSTABLE 300MM 12 INCH E2051P,https://img.pchome.com.tw/cs/items/DEBLBGA900HFYGF/000001_1714638326.jpg,Found
5583,E20S,RUBBER KOTTA SCR KARUNAGA,https://stpancras-highspeed.com/wp-content/uploads/2025/01/Ebbsfleet-International_022-scaled.jpg,Found
5584,E21,MS CHATTY,https://m.media-amazon.com/images/I/51Wqkr63DyL._SL1000_.jpg,Found
5585,E21,MS CHATTY,https://lookaside.fbsbx.com/lookaside/crawler/media/?media_id=10223567543559446,Found
5586,E21,MS CHATTY,https://lookaside.fbsbx.com/lookaside/crawler/media/?media_id=1269448348337571,Found
5587,E21/,MS CHATTY,https://images.asmhentai.com/015/502107/6.jpg,Found
5588,E2262,EASTMAN ROTARY BARREL PUMP  E2262,https://worksheets.clipart-library.com/images2/7-habits-worksheet/7-habits-worksheet-15.webp,Found
5589,E24,ULI,https://cf.shopee.co.id/file/44e38ade7d73b6b7db0d7f3b5518845d,Found
5590,E29,WEEDER 14SPL PIDIPPALLY,https://toolgine.com/wp-content/uploads/2024/06/Power-weeder-2.webp,Found
5591,E29,WEEDER 14SPL PIDIPPALLY,http://www.designtwoply.com/wp-content/uploads/2022/08/designtwoply-project-179-9.jpg?is-pending-load=1,Found
5592,E29,WEEDER 14SPL PIDIPPALLY,https://d3j17a2r8lnfte.cloudfront.net/fare/2025/6/medium/OMHy7YFS3ucjs_56g97Ex2W_.jpeg,Found
5593,E29,WEEDER 14SPL PIDIPPALLY,https://cdn.sanity.io/images/0vv8moc6/dpr/6ddcfb7fb37fd2f8450c083202496ec0277c4fd3-640x380.png?fit=crop&auto=format,Found
5594,E3012,EASTMAN HAND RIVERTER 25MM E-3012,https://ic-ph-lm.xhcdn.com/a/ZWU0NDFhNTZiMDM3MjA3MDhlZmRiMzU0OGE0MWJjZTE/webp/000/508/095/433_1000.jpg,Found
5595,E3013,EASTMAN PVC CUTTER 42MM,http://rukmini1.flixcart.com/image/300/300/xif0q/cutter/m/r/l/et-42mm-pvc-eastman-original-imagwumgxnkkrg8a.jpeg,Found
5596,E308L,WELDING WIRE GASLESS CORED WIRE .8MM 1KG,https://down-ph.img.susercontent.com/file/sg-11134201-7rdyk-mdkg1hac58ysb1,Found
5597,E32,PIDI COAT TATA,https://imgv2-1-f.scribdassets.com/img/document/506168112/original/6bf6d26865/1?v=1,Found
5598,E32,PIDI COAT TATA,https://imgv2-1-f.scribdassets.com/img/document/506168112/original/6bf6d26865/1?v=1,Found
5599,E32,PIDI COAT TATA,https://tata-la.com/cdn/shop/products/MRK_2573.jpg?v=1662755028,Found
5600,E32,PIDI COAT TATA,https://cmwindowsanddoors.com/cdn/shop/files/triple_vertical_awning.jpg?v=1736883294&width=1946,Found
5601,E32,PIDI COAT TATA,https://www.shutterstock.com/shutterstock/photos/1315857737/display_1500/stock-vector-machine-inside-interior-of-the-vehicle-vector-1315857737.jpg,Found
5602,E32,PIDI COAT TATA,https://products.tatasteelnederland.com/sites/producttsn/files/styles/spotlight_primary_desktop/public/2025-02/sab-ijsselstein-hdr-4.jpg?itok=rCbyf3iM,Found
5603,E32/1.4,PIDI COAT 1.4 TATA RED,https://wyborkierowcow.pl/danetechniczne/wp-content/uploads/2025/02/Ford-Focus-II-Sedan0308-1209-dane-techniczne.jpg,Found
5604,E32/1.4,PIDI COAT 1.4 TATA RED,https://grapee.jp/wp-content/uploads/2023/06/92124_01main.jpg,Found
5605,E32/1.4,PIDI COAT 1.4 TATA RED,https://www.childrensalon.com/media/catalog/product/cache/0/image/2000x2000/9df78eab33525d08d6e5fb8d27136e95/a/b/abuela-tata-girls-traditional-red-felted-coat-with-bow-611784-c0f2e8ecc206abefe2ace884190eef98739908f1.jpg,Found
5606,E32/1.4,PIDI COAT 1.4 TATA RED,https://www.childrensalon.com/media/catalog/product/cache/0/image/2000x2000/9df78eab33525d08d6e5fb8d27136e95/a/b/abuela-tata-girls-traditional-red-felted-coat-with-bow-611784-c0f2e8ecc206abefe2ace884190eef98739908f1.jpg,Found
5607,E32/1.4,PIDI COAT 1.4 TATA RED,"https://images-wixmp-ed30a86b8c4ca887773594c2.wixmp.com/f/6e7dbb84-5d9b-4904-b07a-9b4b8ce7dba6/dhl5qb7-84e098fd-228d-4f83-9592-061e96e26548.png/v1/fill/w_904,h_884,q_70,strp/scratch_cat__1_year_remastered__by_dothebossway_dhl5qb7-pre.jpg?token=eyJ0eXAiOiJKV1QiLCJhbGciOiJIUzI1NiJ9.eyJzdWIiOiJ1cm46YXBwOjdlMGQxODg5ODIyNjQzNzNhNWYwZDQxNWVhMGQyNmUwIiwiaXNzIjoidXJuOmFwcDo3ZTBkMTg4OTgyMjY0MzczYTVmMGQ0MTVlYTBkMjZlMCIsIm9iaiI6W1t7ImhlaWdodCI6Ijw9MTI1MyIsInBhdGgiOiJcL2ZcLzZlN2RiYjg0LTVkOWItNDkwNC1iMDdhLTliNGI4Y2U3ZGJhNlwvZGhsNXFiNy04NGUwOThmZC0yMjhkLTRmODMtOTU5Mi0wNjFlOTZlMjY1NDgucG5nIiwid2lkdGgiOiI8PTEyODAifV1dLCJhdWQiOlsidXJuOnNlcnZpY2U6aW1hZ2Uub3BlcmF0aW9ucyJdfQ.4jQMlhd2_bV2U2TImimHt10rURepzbB3o_aTxhcKkwg",Found
5608,E41,MATTAS,https://i.pinimg.com/236x/bb/26/bc/bb26bca4b6fb47ba146484b7495857e6.jpg?nii=t,Found
5609,E41,MATTAS,https://i2-prod.liverpoolecho.co.uk/article9584092.ece/ALTERNATES/s1200/JS51859454.jpg,Found
5610,E41,MATTAS,https://i2-prod.liverpoolecho.co.uk/article9584092.ece/ALTERNATES/s1200/JS51859454.jpg,Found
5611,E42,SHOWEL TATA,https://5.imimg.com/data5/SELLER/Default/2024/4/411231281/GC/EK/XP/2598630/tata-agrico-shovel-in-coimbatore-500x500.jpg,Found
5612,E42,SHOWEL TATA,https://static.cinemagia.ro/img/resize/db/movie/01/90/03/lincoln-310065l-imagine.jpg,Found
5613,E42,SHOWEL TATA,https://static.vecteezy.com/system/resources/previews/010/716/916/non_2x/happy-students-riding-big-pencils-vector.jpg,Found
5614,E42,SHOWEL TATA,https://livedoor.blogimg.jp/valkyriemoon/imgs/b/1/b10fabb3.jpg,Found
5615,E42,SHOWEL TATA,https://5.imimg.com/data5/SELLER/Default/2024/4/411231281/GC/EK/XP/2598630/tata-agrico-shovel-in-coimbatore-500x500.jpg,Found
5616,E42H,SQUARE SHOWEL PVC HANDLE,https://kbanltd.com/storage/products/2424-3833-covo-plastic-handle-square-shovel-0.jpg,Found
5617,E42PH,SHOWEL PVC HANDLE BLACK,https://m.media-amazon.com/images/I/611Muqf6K2L._AC_SL1500_.jpg,Found
5618,E42PH,SHOWEL PVC HANDLE BLACK,https://m.media-amazon.com/images/I/611Muqf6K2L._AC_SL1500_.jpg,Found
5619,E42SH,SHOVEL STEEL HANDLE,https://www.hbeamwelder.com/photo/pl158828894-hg_1800i_plc_beam_production_line_beam_assembly_machine_12000kg.jpg,Found
5620,E42SH,SHOVEL STEEL HANDLE,https://i.ytimg.com/vi/U29KgQvS0TI/oar2.jpg?sqp=-oaymwEYCNAFENAFSFqQAgHyq4qpAwcIARUAAIhC&rs=AOn4CLB21Ug0cgKJR7MItwX6rIwnm1dzRg,Found
5621,E42SH,SHOVEL STEEL HANDLE,https://excel-hime.com/wp-content/uploads/519-eye.png,Found
5622,E45,MASKING TAPE 24*20,"https://cdn.zeptonow.com/production/ik-seo/tr:w-470,ar-1080-1080,pr-true,f-auto,q-40,dpr-2/cms/product_variant/bb063076-3df9-4623-91fc-85284817eeb9/ABK-White-Masking-Tape-24-mm-x-20-m-Strong-Adhesive.jpeg",Found
5623,E45,MASKING TAPE 24*20,"https://cdn.zeptonow.com/production/ik-seo/tr:w-470,ar-1080-1080,pr-true,f-auto,q-40,dpr-2/cms/product_variant/bb063076-3df9-4623-91fc-85284817eeb9/ABK-White-Masking-Tape-24-mm-x-20-m-Strong-Adhesive.jpeg",Found
5624,E45,MASKING TAPE 24*20,"https://cdn.zeptonow.com/production/ik-seo/tr:w-470,ar-1080-1080,pr-true,f-auto,q-40,dpr-2/cms/product_variant/bb063076-3df9-4623-91fc-85284817eeb9/ABK-White-Masking-Tape-24-mm-x-20-m-Strong-Adhesive.jpeg",Found
5625,E45,MASKING TAPE 24*20,https://wisycart.com/wp-content/uploads/2023/06/WhatsApp-Image-2023-06-07-at-15.13.37-jpeg.webp,Found
5626,E45/1,MASKING TAPE 24*40 1 INCH,https://img-global-jp.cpcdn.com/recipes/4874093/1200x630cq80/photo.jpg,Found
5627,E45/30,MASKING TAPE 30 MTR  24MM,https://fighterjetsworld.com/wp-content/uploads/2018/03/8mud5Ly.jpg,Found
5628,E45/50,MASKING TAPE 24MM*50 MTR 1 INCH,https://i.pinimg.com/736x/23/39/f1/2339f16dce0d0d340eebf03a69dfd33a.jpg,Found
5629,E45/50,MASKING TAPE 24MM*50 MTR 1 INCH,https://down-ph.img.susercontent.com/file/id-11134207-7rbk3-m9a02fyaltdn27,Found
5630,E4LSSA,120CM ALUMINIUM ARCH STEP LADDER A TYPE  4',,Not Found
5631,E500T,WELDING WIRE MILD SS GASLESS CORED WIRE,https://ae01.alicdn.com/kf/Sb19631e16cbd43029020709b6e7af8f6L/0-8mm-0-031-304-Stainless-Steel-Gasless-Mig-Welding-Wire-With-Flux-Core-Silver-E71T.jpeg,Found
5632,E500T,WELDING WIRE MILD SS GASLESS CORED WIRE,https://ae01.alicdn.com/kf/Sb19631e16cbd43029020709b6e7af8f6L/0-8mm-0-031-304-Stainless-Steel-Gasless-Mig-Welding-Wire-With-Flux-Core-Silver-E71T.jpeg,Found
5633,E500T,WELDING WIRE MILD SS GASLESS CORED WIRE,https://down-id.img.susercontent.com/file/id-11134207-7ra0s-mbyse5yozm1wef,Found
5634,E58CCSSC,EMTEX 58CC STARTER SPRING SET,https://down-ph.img.susercontent.com/file/ph-11134207-7rasc-m0sdyiwtrl6s44,Found
5635,E5LSS,150CM DOUBLE SIDE HEAVY ALUMINIUM STEP LADDER 5',https://ladamax.com.au/wp-content/uploads/2017/09/Aluminium-Double-Sided-Step-Ladder-1000x1000.png,Found
5636,E621,180C  BACK LIFT ALUMINIUM LADDER E,https://sakusaku-office.com/wp-content/uploads/2022/10/Excel-arrow-2-300x239.png,Found
5637,E621,180C  BACK LIFT ALUMINIUM LADDER E,,Not Found
5638,E6LSS,180CM DOUBLE SIDE HEAVY ALUMINIUM LADDER 6',https://propertyadviser.in/assets/front/images/real-estate-news/s1/indiasbiggestaquamarineparkcomingupatkothwalguda-1822-s1.jpg,Found
5639,E7LSS,210CM DOUBLE SIDE HEAVY ALUMINIUM LADDER 7',https://4kwallpapers.com/images/wallpapers/the-cowboys-dallas-5120x2880-10152.png,Found
5640,E7LSS,210CM DOUBLE SIDE HEAVY ALUMINIUM LADDER 7',https://niigata-kankou.or.jp/image/rendering/blog_paragraph_image/22827/keep/1200?v=9bb5c15d338bcee50d516d62eb198ef5049a811d,Found
5641,E8LSS,240CM DOUBLE SIDE ALUMINIUM LADDER 8',https://lzd-img-global.slatic.net/g/p/c1ff218cff89ba954a60ed84cd3d7410.jpg_720x720q80.jpg_.webp,Found
5642,E8LSS,240CM DOUBLE SIDE ALUMINIUM LADDER 8',https://cdn11.bigcommerce.com/s-sb81xmm/images/stencil/1280x1280/products/16564/14219/20210422__46166.1631675488.png?c=2,Found
5643,E995,210CM BACK LIFT ALUMINIUM LADDER E7',https://wallpapercave.com/wp/wp7787353.png,Found
5644,E995,210CM BACK LIFT ALUMINIUM LADDER E7',,Not Found
5645,E995,210CM BACK LIFT ALUMINIUM LADDER E7',,Not Found
5646,E996,240CM BACKLIFT ALIMINIUM LADDER8',https://5.imimg.com/data5/SELLER/Default/2025/12/567318456/JN/TF/JQ/88501297/aliminium-hulk-ladder-1000x1000.png,Found
5647,E996,240CM BACKLIFT ALIMINIUM LADDER8',https://5.imimg.com/data5/SELLER/Default/2025/12/567318456/JN/TF/JQ/88501297/aliminium-hulk-ladder-1000x1000.png,Found
5648,EA150M,EARTH AUGER BIT 150MM,https://amaranth-legacy.yttrium.systems/Earth_(Lone_Horizon).jpg,Found
5649,EA621,180CM ALUMINIUM HEAVY ARCH STEP LADDER,https://blog-imgs-164.fc2.com/h/n/a/hnalady/mio-togashi4_10.jpg,Found
5650,EAB100,EARTH AUGER BIT BITWORLD 100MM 4 INCH,,Not Found
5651,EAB12*18,EARTH AUGER BIT 12INCH DOUBLE LAYER 18,https://images.hdqwalls.com/download/satoru-gojo-sophisticated-and-powerful-bs-3840x2160.jpg,Found
5652,EAB12*18/S,EARTH AUGER BIT 12INCH SINGLE LAYER 18,https://amaranth-legacy.yttrium.systems/Earth_(Lone_Horizon).jpg,Found
5653,EAB150,EARTH AUGER BIT 150MM 6 INCH,https://hardwarecity.com.sg/uploads/product/1633144438_AUGER+C.jpg,Found
5654,EAB150,EARTH AUGER BIT 150MM 6 INCH,https://amaranth-legacy.yttrium.systems/Earth_(Lone_Horizon).jpg,Found
5655,EAB200,EARTH AUGER BIT 20MM 8 INCH,https://amaranth-legacy.yttrium.systems/Earth_(Lone_Horizon).jpg,Found
5656,EAB4*800,EARTH AUGER BIT 4 INCH 800*100MM DAMIER,,Not Found
5657,EAB6*18,EARTH AUGER BIT 6 INCH 18 DOUBLE LAYER,https://5.imimg.com/data5/SELLER/Default/2025/5/512662646/RL/BF/KP/185654180/6-inch-black-stone-earth-auger-bit-500x500.jpg,Found
5658,EAE3F,EARTH AUGER EXTENTION -3FEET,https://d2c5rvsfjg2eub.cloudfront.net/image/208244749100/image_m0lq3iq96d659aefd7g9069b4j/-FJPG-FWEBP-B800,Found
5659,EAK2406,ALLENKEY SET STAR BALL POINT  9PCS EAK2406,https://down-my.img.susercontent.com/file/my-11134207-23020-hyv27podxfnv89,Found
5660,EAK2406,ALLENKEY SET STAR BALL POINT  9PCS EAK2406,https://img.peapix.com/e29f16fb36a74e00a1eb11982b31ae56_640.jpg,Found
5661,EAK2407,ALLENKEY SET STAR 7PCS EAK2407,https://m.media-amazon.com/images/I/61jZ-zgui0S._SL1500_.jpg,Found
5662,EB14*260,EMTEX SDS HAMMER DRILL BIT 14*260,https://makita.ae/wp-content/uploads/D-00278_C1C0.jpg,Found
5663,EB18,"MAH-GUIDE BAR 18""",https://art.ngfiles.com/images/5300000/5300553_318789_robdemersart_capybara-onsen.eca87ee156a78267acc3b17d77be464c.jpg?f1703301608,Found
5664,EB69BC,EB69 BRUSH COVER,https://onlineguitarbooks.com/wp-content/uploads/2020/09/Eb69-Chord-10-Shapes.png,Found
5665,EB69BH,EB69 BRUSH HOLDER,https://blogger.googleusercontent.com/img/b/R29vZ2xl/AVvXsEh37BRijiLmR51SeD1IOjtRHdmeqXa7QX6RbDgDBJlcwqBxbGnQX2I2Tea0eyHXyyBRHBQOYtXeAfrqh01iwplvHMVZ8LJgTHl3hYKohu-uTf7WZlfGAGfJidQb6Nmdn2M-A2Gn5LVrsKWFpLeXGLivq0c_vNPIgnD8V8-pSYWCz-cCWqUbUgz4goLDqefZ/s1600/gold+messi+2026+boots+(9).jpg,Found
5666,EB69PCB,EB69 PCB,https://www.aflyelevators.com/wp-content/uploads/2022/04/AF-MI10620A-1-1-1-1.jpg,Found
5667,EB69S,EB69 SWITCH,https://onlineguitarbooks.com/wp-content/uploads/2020/09/Eb69-Chord-10-Shapes.png,Found
5668,EB69WPR,EB69 WIND PIPE RING,https://image.made-in-china.com/2f0j00FOfbRdugnMoG/Malleable-Iron-Split-Pipe-Ring-Hanger-Clamp-in-Mss-Sp-58-Sp-69.jpg,Found
5669,EBA62CC,ERATEK BREAK ASSEMBLY FOR CHAINSAW,https://m.media-amazon.com/images/I/61rtecZtHLL._AC_SL1500_.jpg,Found
5670,EBC40SP,BLOWER FIELD SPRING EBC40,https://5.imimg.com/data5/RH/HD/MY-2689814/blower-field-coil-ebc-40-1000x1000.jpg,Found
5671,EBL5,150CM BACKLIFT ALUMINIUM LADDER,https://www.tiktok.com/api/img/?itemId=7537128981661846814&location=0&aid=1988,Found
5672,EBM680E,ELECTRIC DUST CLEANER EBM680E,https://pencco.com.vn/wp-content/uploads/2024/09/ma-mau-xanh-duong-1024x768.jpg,Found
5673,EBS1/2*88,EYE BOLT SET 1/2 *88MM,https://e-rigging.com/cdn/shop/files/one-inch-machinery-eye-bolt_1000x.jpg?v=1720796199,Found
5674,EBS58,BUMPER SPIKE  58CC,https://alkaloids.in/wp-content/uploads/2023/11/India.png,Found
5675,EBV260,BLOWER EBV260,https://www.liveworksheets.com/sites/default/files/styles/worksheet/public/def_files/2022/3/24/203240623033185831/203240623033185831001.jpg?itok=WBwQTYaK,Found
5676,EC18,EMTEX CHAIN 18 INCH 21LPX,https://static01.nyt.com/images/2023/07/24/multimedia/24BODYPAINTING-NYC-wtlc/24BODYPAINTING-NYC-wtlc-videoSixteenByNine3000.jpg?year=2023&h=1688&w=3000&s=91969c21e23db621bc71c2a83b76c13cee1d1196be55185455d0aa9dfda83345&k=ZQJBKqZ0VN&tw=1,Found
5677,EC18B,EC18 CHAIN BOARD,https://www.po-kaki-to.com/wp-content/uploads/2024/05/1716353947.jpg,Found
5678,EC18C,EC18 CHAIN,https://i5.walmartimages.com/seo/Echo-333072-Echo-18-saw-chain-used-on-cs-series-400-18-saw-chain-EC-333072_cae361cf-1878-4961-9908-8e2625e0f8d3.f3c3cc2da3ba183b72562bae80268d5d.jpeg,Found
5679,EC18CB,EC18 CHAIN BOARD,https://img.freepik.com/premium-psd/wood-chain-board_983283-271.jpg?w=996,Found
5680,EC18CW,EC18 CHAIN WHEEL,,Not Found
5681,EC18LS,EC18 LED SCREW,,Not Found
5682,EC18N,EC18 M8 NUT,https://teaandrosemary.com/wp-content/uploads/2021/01/types-of-fairies-fae-folk-guide.jpg.jpg,Found
5683,EC18OP,EC18 OIL PUMP,http://www.jyhydraulics.com/cdn/shop/files/20231101-204142.jpg?v=1698927018,Found
5684,EC18S,EC18 SWITCH,,Not Found
5685,EC18SN,EC18 FEED SCREW NUT,https://www.imssupply.com/productImages/B/F/D/F/3/8/C/BFDF38CC-4742-4536-993C-3358A8BFF542.JPG,Found
5686,EC18TAG,EC18 TOOTH ALLOY GEAR,https://www.updateltd.com/img/product/EC-18-28.35-B.jpg,Found
5687,EC18W,EC18 WASHER 1.6,https://d1mv2b9v99cq0i.cloudfront.net/eyJidWNrZXQiOiJ3ZWItbmluamEtaW1hZ2VzIiwia2V5Ijoid2VpbmlnXC9pbWFnZXNcL3Byb2RpbWdcLzEyOTY1XzEuanBnIiwiZWRpdHMiOnsicmVzaXplIjp7IndpZHRoIjo0ODAsImhlaWdodCI6NDgwLCJmaXQiOiJpbnNpZGUiLCJ3aXRob3V0RW5sYXJnZW1lbnQiOnRydWV9fSwidmVyc2lvbiI6IjRlNGIzYTliYzYyMTQ3NGYxYjIzM2I1MTM0OWEyN2VmN2U0MmE1NGQifQ==,Found
5688,EC4BP,EC4 BASE PLATE,https://i5.walmartimages.com/asr/cc4ec171-2175-4bf7-959e-ea41ba33d8ab.e0df1fd9c536f6aad4fa04575c0bd776.jpeg,Found
5689,EC4G,EC4 GEAR SET  CM4SA,https://cdnb.artstation.com/p/assets/images/images/018/921/311/large/abigail-aguas-asset.jpg?1561269555,Found
5690,ECD58,CLUTCH DRUM,https://www.abaxjp.com/greece03-delphi/b07d.jpg,Found
5691,ECRV12,SOCKET SET 1/2INCH 12 PCS  ACE,https://c8.alamy.com/comp/3BPYY52/okinawa-island-japan-political-map-one-of-the-five-main-islands-of-japan-and-largest-of-the-okinawa-islands-and-the-ryukyu-islands-3BPYY52.jpg,Found
5692,ECRV12,SOCKET SET 1/2INCH 12 PCS  ACE,https://images.tekton.com/assets/tekton-12-point-socket-set-skt25316_front.jpg?width=1280&quality=75,Found
5693,ECRV12/E,SOCKET SET 1/2INCH 12 PCS   EVEREST,https://www.chimeimuseum.com/download/DBk/奇美文化基金會圖檔+（JPEG）.jpg,Found
5694,ECT1,CONTINUITY TESTER,https://visual-logic.net/wp-content/uploads/2019/06/Design-Sprint.jpg,Found
5695,ED10CH,CARBON HOLDER ED 10 BULL,https://www.myholder.de/modules/xcgal/albums/userpics/Homepage/Treffen_2010/ED10_25292_1956/Holder_ED10_25292_1956_1.JPG,Found
5696,ED10G,GEAR ED10 BULL,https://img.lovepik.com/png/20231009/Hand-painted-summer-seascape-dolphin-hu-la-hoop-mica_144354_wh860.png,Found
5697,ED10S,SWITCH ED10 BULL,https://image.news.livedoor.com/newsimage/stf/4/4/44398_1763_7dfae549babdd6db4108d61b5294d4aa.jpg,Found
5698,ED30S,IBLED1030  SWITCH,https://myfuna.net/wp-content/uploads/2020/06/103535720_388401332120800_2069197083688851068_n.jpg,Found
5699,ED60NS,ED60 NEW SWITCH,,Not Found
5700,ED60NS,ED60 NEW SWITCH,https://image.made-in-china.com/2f0j00uZdaDUTtmzRW/ED60-Ds1c4-Photoelectric-Switch-ED60-Ds1c4-Sensor-Switch-Diffused-Photoelectric-Sensor-Switch.jpg,Found
5701,ED6AR,ARMATURE,https://as1.ftcdn.net/v2/jpg/04/97/67/56/1000_F_497675609_ornUCruwU3lwkvnGQ6rCPX8q80bzUt1O.jpg,Found
5702,ED6HG,ED6H GEAR ( 6MM DRILL GEAR ),https://poonacapacitors.com/wp-content/uploads/2024/10/Photoroom-20241019_144439.png,Found
5703,ED6HGB,ED6H GEAR,https://techcult.com/wp-content/uploads/2023/03/A-list-of-Best-Steam-Name-Ideas1-1024x683.jpg,Found
5704,ED6S,SWITCH ED6,https://i.ebayimg.com/images/g/asAAAOSwtgFkG8Q2/s-l1600.jpg,Found
5705,ED6S,SWITCH ED6,https://i.ebayimg.com/images/g/asAAAOSwtgFkG8Q2/s-l1600.jpg,Found
5706,ED6S,SWITCH ED6,https://worksheets.clipart-library.com/images2/coloring-alphabet-worksheet/coloring-alphabet-worksheet-21.png,Found
5707,ED70S,ED60 SPINDLE,,Not Found
5708,EDCM266,EASTMAN DIGITAL CLAMP METER EDCM266,https://cdn.britannica.com/45/104045-050-116C1F93/Signs-of-the-Zodiac-astrology.jpg,Found
5709,EDD,ELECTRONIC DIGITAL DIPMETER,https://www.static-src.com/wcsstore/Indraprastha/images/catalog/full/catalog-image/100/MTA-138713275/lenovo_lenovo_ideapad_slim_3i_14iau7_intel_core_i3-1215u_8gb_512gb_w11-ohs_full05_i3etn1o3.jpg,Found
5710,EDM81,EASTMAN DIGITAL MULTI METER EDM81,"https://images-wixmp-ed30a86b8c4ca887773594c2.wixmp.com/f/c8ef4dba-9577-4264-9137-d90c984afc16/diyskzq-9181e084-4987-4dab-9b49-86ec033ac1fb.jpg/v1/fill/w_778,h_1028,q_70,strp/samurai_by_picknikker_diyskzq-pre.jpg?token=eyJ0eXAiOiJKV1QiLCJhbGciOiJIUzI1NiJ9.eyJzdWIiOiJ1cm46YXBwOjdlMGQxODg5ODIyNjQzNzNhNWYwZDQxNWVhMGQyNmUwIiwiaXNzIjoidXJuOmFwcDo3ZTBkMTg4OTgyMjY0MzczYTVmMGQ0MTVlYTBkMjZlMCIsIm9iaiI6W1t7ImhlaWdodCI6Ijw9MjM2OCIsInBhdGgiOiJcL2ZcL2M4ZWY0ZGJhLTk1NzctNDI2NC05MTM3LWQ5MGM5ODRhZmMxNlwvZGl5c2t6cS05MTgxZTA4NC00OTg3LTRkYWItOWI0OS04NmVjMDMzYWMxZmIuanBnIiwid2lkdGgiOiI8PTE3OTIifV1dLCJhdWQiOlsidXJuOnNlcnZpY2U6aW1hZ2Uub3BlcmF0aW9ucyJdfQ.WSNggT_gevpfAzqIEVS3OYgWr_36rwlGJ3whiW7Nixk",Found
5711,EF415,EUROFINE BRUSH CUTTER 43CC,https://avporn.com.es/porn_ut/2019/09/japon-idol-undress-and-expose-body-softcore.jpg,Found
5712,EF415,EUROFINE BRUSH CUTTER 43CC,http://boscopowertools.com/cdn/shop/files/professional-brush-cutter-43cc-309383004_08612f60-69c8-4d27-b737-d27139b6e561.jpg?v=1752046042,Found
5713,EF50W,FLOOD LIGHT LED 50W ZEVA THIN,,Not Found
5714,EG125,ERATEK HAMMER GREASE 125ML,http://store.kdplant.com/cdn/shop/files/D50BB5F6-F65F-4DD7-8FC6-7BE56BF0122D.jpg?v=1764854190,Found
5715,EG16,E-GAOCHENG CHAIN 16'' ELECTRIC,https://dearsam.com/img/800/600/resize/t/h/the-letter-e-50x70_3a189.jpg,Found
5716,EG500,ERATEK HAMMER GREASE 500GM,,Not Found
5717,EG5818,ECOGRINZ GASOLINE CHAINSAW,https://skyniks.co.ke/wp-content/uploads/2022/10/Gasoline-Chain-saw-24-1.jpg,Found
5718,EG7,CHATTY GOLD,https://www.investopedia.com/thmb/aDfknIl2Pvzdsmo8eBYR8p0pvJs=/1500x0/filters:no_upscale():max_bytes(150000):strip_icc()/EMA-5c535d5a46e0fb000181fa56.png,Found
5719,EG7,CHATTY GOLD,https://get.wallhere.com/photo/mountains-animals-dog-St-Bernard-mammal-vertebrate-dog-like-mammal-dog-breed-moscow-watchdog-261184.jpg,Found
5720,EG7,CHATTY GOLD,https://doujin-assets.dmm.co.jp/digital/cg/d_284338/d_284338jp-006.jpg,Found
5721,EG7,CHATTY GOLD,https://i.ytimg.com/vi/bFSKOKUJyAs/maxresdefault.jpg,Found
5722,EG7,CHATTY GOLD,https://assets.st-note.com/production/uploads/images/151161867/rectangle_large_type_2_0f0287998fdce384b8257b20dfaaf9ab.jpg?fit=bounds&quality=85&width=1280,Found
5723,EG7,CHATTY GOLD,https://getchatty.co/images/og-image.jpg,Found
5724,EG7/,GOLDEN CHATTY,https://img-s-msn-com.akamaized.net/tenant/amp/entityid/AA256vFU.img?w=1280&h=720&m=4&q=88,Found
5725,EG7/,GOLDEN CHATTY,https://next.saract.com/wp-content/uploads/2021/02/d1cde6adff1b4c048301d7e6c9591150-300x300.jpg,Found
5726,EH17*280F,EASTMAN CHISEL BIT 5KG 17*280,https://5.imimg.com/data5/SELLER/Default/2025/1/479293947/RP/VH/AN/37559326/echb-5-a-500x500.jpg,Found
5727,EH17*280P,EASTMAN CHISELBIT  5KG POINT,https://imgv2-2-f.scribdassets.com/img/document/705203470/original/7b7cc3f4ec/1710570084?v=1,Found
5728,EH500,ULTRA TOUCH WELDING HOLDER 235MM EH500,https://www.pen-online.jp/assets_c/2021/07/creatorsvoice_201101_c0Q5kDA_news_top-thumb-800x450---3260.jpg,Found
5729,EH550,ULTRA TOUCH WELDING HOLDER 250MM EH550,https://mycart.com.bd/wp-content/uploads/2020/12/618rf61cpuL.jpg,Found
5730,EH550,ULTRA TOUCH WELDING HOLDER 250MM EH550,https://static.vecteezy.com/system/resources/thumbnails/008/951/892/small_2x/cute-puppy-pomeranian-mixed-breed-pekingese-dog-run-on-the-grass-with-happiness-photo.jpg,Found
5731,EH600,ULTRA TOUCH WELDING HOLDER EH600,https://www.oki-me.com/Areas/Admin/Images/Products/EH500+&+EH600--20221020015544.png,Found
5732,EH661,AUTO DARKENING HELMET ROYAL   EH661,https://weldmate.in/wp-content/uploads/2022/12/10451.jpg,Found
5733,EHS93,ETERNITY 3 PCS HOLE SAW-93,https://totaltoolsindia.in/wp-content/uploads/2024/10/TACSH1031-1024x819.png,Found
5734,EIC58,IGNITION COIL 58CC,"https://images-wixmp-ed30a86b8c4ca887773594c2.wixmp.com/f/55010bac-b4a1-4723-8c7b-bad8746fa0c2/deoomdb-ead5633e-69d5-4349-a96f-e8601fa3e534.jpg/v1/fill/w_748,h_1069,q_70,strp/commission_by_korozus_deoomdb-pre.jpg?token=eyJ0eXAiOiJKV1QiLCJhbGciOiJIUzI1NiJ9.eyJzdWIiOiJ1cm46YXBwOjdlMGQxODg5ODIyNjQzNzNhNWYwZDQxNWVhMGQyNmUwIiwiaXNzIjoidXJuOmFwcDo3ZTBkMTg4OTgyMjY0MzczYTVmMGQ0MTVlYTBkMjZlMCIsIm9iaiI6W1t7ImhlaWdodCI6Ijw9MTgyOSIsInBhdGgiOiJcL2ZcLzU1MDEwYmFjLWI0YTEtNDcyMy04YzdiLWJhZDg3NDZmYTBjMlwvZGVvb21kYi1lYWQ1NjMzZS02OWQ1LTQzNDktYTk2Zi1lODYwMWZhM2U1MzQuanBnIiwid2lkdGgiOiI8PTEyODAifV1dLCJhdWQiOlsidXJuOnNlcnZpY2U6aW1hZ2Uub3BlcmF0aW9ucyJdfQ.720ckK5RrUSr8W_QkK8X_MMGxH1-hYfLf27dgjDpOPM",Found
5735,EID13,EASTMAN IMPACT DRILL 13MM EID13,https://www.pngmart.com/files/23/San-Diego-Padres-Logo-PNG-HD.png,Found
5736,ELAKATHY,ELAKATHY BIG,https://www.jamesonwhiskey.com/wp-content/uploads/2022/02/1-1_bf761570-9301-417c-9eec-4975fc561c8b.jpg,Found
5737,ELS21,EASTMAN L TYPE SPANNER 21MM,https://cdnnew.toolsvilla.com/products-eastman21mmmahindratypewheelspanner/1767952721492/1767952759272-watmrkP.webp/xs,Found
5738,EM PD GREEN GRIT,EM PD GREEN GRIT,https://img.freepik.com/premium-vector/young-man-anime-style-character-vector-illustration-design-manga-anime-boy_147933-4754.jpg?w=2000,Found
5739,EM150,EASTMAN NOSEPLIER 6 INCH 150M,https://imgv2-2-f.scribdassets.com/img/document/705203470/original/7b7cc3f4ec/1710570084?v=1,Found
5740,EMB10,"MARBLE BLADE 10"" SEG",https://i.ytimg.com/vi/sQuyuevviT0/maxres2.jpg?sqp=-oaymwEoCIAKENAF8quKqQMcGADwAQH4AbYIgAKAD4oCDAgAEAEYZSBlKGUwDw==&rs=AOn4CLDWYpBdCT8TNEWVExpQScIlQtUxUQ,Found
5741,EMC,ELECTRIC MULTI COOKER,https://cdn.bikedekho.com/processedimages/bmw/g-310-rr/source/g-310-rr6916b8e9de3f0.jpg?imwidth=400&impolicy=resize,Found
5742,EMC18,EMTEX CHAIN 18',https://5.imimg.com/data5/UU/BK/RT/NSDMERP-3254034/3254034-product-1567845965525-1000x1000.jpg,Found
5743,EMCO355,EMCO355,https://ar.scooters.com.es/i/em/co/emco-novi-eco/full/Emco-Novi-eco-Limited-Edion-e-scooter.jpg,Found
5744,EMCO355D,EMCO355D,https://akshajtoolsllp.com/wp-content/uploads/2023/07/2-62.jpg,Found
5745,EMDB25*450,EMDB25*450,https://animeal.in/cdn/shop/files/004539_2.webp?v=1711288245&width=1946,Found
5746,EMDB6*110,EMDB6*110,,Not Found
5747,EMDB6.5*110,EMDB6.5*110,,Not Found
5748,EMDH0810,DEMOLITION HAMMER 5KG  EM-DH-0810 EMBARO,https://sanpra-india.com/akshat/wp-content/uploads/2023/07/2-36-scaled.jpg,Found
5749,EMDHPH65,EMDHPH65,https://media.istockphoto.com/id/462209623/photo/the-number-65.jpg?s=612x612&w=0&k=20&c=q0qowln8z4sNaKEPKa8w1L8y-dbSOwx2qfq3a_14V4E=,Found
5750,EMF,EAR MUFLER RAJ,https://cdn.shopify.com/s/files/1/0016/5032/7651/products/45083-1_1024x1024.JPG?v=1550628813,Found
5751,EMMR,EMTEX SPARE MIXER ROD,https://i.ytimg.com/vi/k8rm3ZtERWw/maxresdefault.jpg,Found
5752,EMS8112,DAMIER MITERSAW 10 INCH (ELITE SERIES SLIDING )8112,https://i5.walmartimages.com/seo/Master-Mechanic-10-Inch-Compact-Sliding-Miter-Circular-Saw-with-Laser-Guide_35a18aa3-6240-4a67-b15f-35ddbbfc65e6.6d9ae40bce2458913273390117534200.jpeg,Found
5753,EMS8113,DAMIER MITERSAW 10 INCH (ELITE SERIES SLIDING ),,Not Found
5754,EMT18,"EMTEX BAR18""-21LPX",https://www.direct-store.net/pdf/toto_cs80b_cs80b-腰掛式タンク密結形サイホン防露便器_zumen_1_min.webp,Found
5755,EMT18,"EMTEX BAR18""-21LPX",http://burdenarb.co.uk/cdn/shop/files/VXLGK095_18_Bar_with_Specs.png?v=1757627508&width=1024,Found
5756,EMT18/G,EMTEX YURI GUIDE BAR 18 INCH GREEN,https://samnantools.in/wp-content/uploads/2024/08/IMG_20230412_101201_1200x.png,Found
5757,EMW40X25,EMERGY MOP WHEEL40X25,https://5.imimg.com/data5/SELLER/Default/2025/7/523652020/RM/PN/BH/3714767/mop-wheel-non-woven-25x25-500x500.jpg,Found
5758,EMW50X25,EMERGY MOP WHEEL 50X25,https://auctions.c.yimg.jp/images.auctions.yahoo.co.jp/image/dr000/auc0305/users/972384feb158a5ad049fec00e0c63505c1c17d64/i-img900x1200-1653740140vemdo4566247.jpg,Found
5759,EN71,PENCIL APSARA,https://media.istockphoto.com/id/815950992/photo/pencil.webp?b=1&s=612x612&w=0&k=20&c=QD_CX3FXsVLkjavotxp3AxNqyqkSNYiorOSm7l4axeo=,Found
5760,EN71,PENCIL APSARA,https://media.istockphoto.com/id/815950992/photo/pencil.webp?b=1&s=612x612&w=0&k=20&c=QD_CX3FXsVLkjavotxp3AxNqyqkSNYiorOSm7l4axeo=,Found
5761,EN71,PENCIL APSARA,,Not Found
5762,EN71,PENCIL APSARA,http://buysupplies.in/cdn/shop/products/apsara-absolute-extra-dark-pencil_1200x1200.jpg?v=1615537225,Found
5763,END OF LIST .,END OF LIST .,https://media.geeksforgeeks.org/wp-content/uploads/20240222162837/Insertion-at-the-End-of-Singly-Linked-List.webp,Found
5764,END1001,ENDICO SPARES PARA8 END COVER,https://samnantools.in/wp-content/uploads/2022/08/1.png,Found
5765,END1006,E-ENDICO SPARES PARA8 SWITCH,https://www.liontoolsmart.com/cdn/shop/products/endico-router-8mm-para-8tpr-full-set-1.jpg?v=1611208316,Found
5766,END1017,PARA 8 BACKLIGHT PLATE,https://i.pinimg.com/originals/00/a6/c1/00a6c1c10061ae9e3e7831cad3f7ffe5.jpg,Found
5767,END1027,ENDICO SPARES PARA8 COLLET,https://gemmed.ghc-j.com/wp-content/uploads/2021/03/5621deba8a18b839c7a4321764bb05e8-33.png,Found
5768,END1027,ENDICO SPARES PARA8 COLLET,https://www.endicopowertools.com/storage/app/public/media_library/klTLCDgI8jWRunUMemsOooyKg4nyT2C6ZEzWmTJd.jpg,Found
5769,END1027,ENDICO SPARES PARA8 COLLET,https://www.asrock.com/mb/photo/Z97+Extreme6(L1).png,Found
5770,END1040,ENDICO SPARES PARA8 FIELD GUARD,,Not Found
5771,END1043,ENDICO SPARE PARA8 LOCK KNOB,https://nichigopress.jp/wp-content/uploads/2026/04/20260418adf8690294_4469-2048x1365.jpeg,Found
5772,END1049,PARA8 KNOB,http://midi-controller-modz.com/cdn/shop/files/8fader8knob8buttonblackandpine.jpg?v=1712913490,Found
5773,END1072,ENDICO SPARES PARA8 SPRING,https://askatechteacher.com/wp-content/uploads/2023/05/Navy-Creative-AI-Marketing-Trends-Animated-Social-Media.jpg,Found
5774,END12,K-ENDICO ROUTER MACHINE 12MM PARA12TP,https://simmabookstore.com/wp-content/uploads/2025/04/English-Alphabets-Chart-abc-chart-for-kids.png,Found
5775,END12,K-ENDICO ROUTER MACHINE 12MM PARA12TP,http://stat.ameba.jp/user_images/20130204/22/knzkor1013/e3/32/j/o0602045112405903848.jpg,Found
5776,END1571,ENDICO SPARES PARA12 SLEEVE,https://5.imimg.com/data5/SELLER/Default/2025/3/498038045/VX/DS/IW/923543/endico-para-12-fl-armature-by-powerspeed-500x500.jpg,Found
5777,END1571,ENDICO SPARES PARA12 SLEEVE,https://i.pinimg.com/originals/ae/46/bb/ae46bb8d4f90a3dd6b04ad14edfd219a.jpg,Found
5778,END162,CARRY HANDLE,https://wallpapers.com/images/hd/cute-demon-slayer-chibi-characters-1q3jhet1gv0lnc1s.jpg,Found
5779,END165,BACK A LITE PLATE,,Not Found
5780,END1698,PARA12 ADAPTER,https://wallpaperbat.com/img/9695265-mitsuri-kanroji.png,Found
5781,END2141,ENDICO SPARES PARA8 LOCK COVER,https://samnantools.in/wp-content/uploads/2024/08/963.png,Found
5782,END2241,ENDICO SPARES T-30 STRAIGHT GUIDE,https://www.endicopowertools.com/storage/app/public/media_library/6a0KpBK2DfSKfDRW7UGXiVYtwk5LEYoiCU6bGvXL.jpg,Found
5783,END2271,BACKITE PLATE FOR PARA8 &PARA12,https://worksheets.clipart-library.com/images/Color-By-Number-Worksheet-05.png,Found
5784,END571,K-ENDICO SPARES -PARA12 COLLET ASSEMBLY,https://cdn.mbsbalans.com/uploads/product/mirror-collet-holder-assembly-1758525399.webp,Found
5785,END6,ENDICO CARPER,https://i0.wp.com/hargabelanja.com/wp-content/uploads/Handycam-Panasonic.jpg,Found
5786,END8,ENDICO- ROUTER MACHINE 8MM-PARA8,https://www.famitsu.com/images/000/272/901/y_6302e8c59c2fd.jpg,Found
5787,END804,GUARD,https://media.gettyimages.com/id/670518030/photo/security-guard.jpg?s=612x612&w=gi&k=20&c=pUxGB6eqoNtn4gTXZ4kCpibSW6kFicyokMe1Ix7FMbk=,Found
5788,ENDT30,MARBLE CUTTER MACHINE INDICO,http://eximany.com/content/images/product/1200x1200/eximany-schind-16403-plc-marble-stone-and-granite-cutting-machine-fa330997d213.jpg,Found
5789,EP10*160,EMTEX SDS HAMMER DRILL BIT 10*160,https://www.buildsimple.co.uk/wp-content/uploads/sites/11/2025/06/SDS301000_w2.jpg,Found
5790,EP11,PALAKA,https://i.ytimg.com/vi/w468RWSyAp8/oar2.jpg?sqp=-oaymwEkCJUDENAFSFqQAgHyq4qpAxMIARUAAAAAJQAAyEI9AICiQ3gB&rs=AOn4CLBHxzGW_3SSZlFN3I7ZkRtsb0rahw,Found
5791,EP180,BULL GOLD EP-180 ELECTRIC POLISHER,https://aikchinhin.sg/cdn/shop/files/newbeat-1400w-electric-polisher-180mm-model-nbt-ep-180a-polisher-newbeat-312065_1024x.jpg?v=1744182070,Found
5792,EP58,EP58 CARBORN BRUSH,https://i.ytimg.com/vi/NnejDelNPH0/maxresdefault.jpg,Found
5793,EP58B,EP58 BELT,"https://images-wixmp-ed30a86b8c4ca887773594c2.wixmp.com/f/b5327c19-3fd2-4ff2-bae9-90de07a0b44d/dbw06ye-e0a0ff36-3941-454e-8514-ce4a9d2834ad.jpg/v1/fill/w_800,h_379,q_75,strp/shimmer_and_shine_pets_by_unicornsmile_dbw06ye-fullview.jpg?token=eyJ0eXAiOiJKV1QiLCJhbGciOiJIUzI1NiJ9.eyJzdWIiOiJ1cm46YXBwOjdlMGQxODg5ODIyNjQzNzNhNWYwZDQxNWVhMGQyNmUwIiwiaXNzIjoidXJuOmFwcDo3ZTBkMTg4OTgyMjY0MzczYTVmMGQ0MTVlYTBkMjZlMCIsIm9iaiI6W1t7ImhlaWdodCI6Ijw9Mzc5IiwicGF0aCI6IlwvZlwvYjUzMjdjMTktM2ZkMi00ZmYyLWJhZTktOTBkZTA3YTBiNDRkXC9kYncwNnllLWUwYTBmZjM2LTM5NDEtNDU0ZS04NTE0LWNlNGE5ZDI4MzRhZC5qcGciLCJ3aWR0aCI6Ijw9ODAwIn1dXSwiYXVkIjpbInVybjpzZXJ2aWNlOmltYWdlLm9wZXJhdGlvbnMiXX0.hUEncJWq8EQuq7ZRF9c8AB0seIMbFCzZam8DIGhKdPs",Found
