YES ARE POWER TOOLS  2026-2027 BCODE(est),,,
Stock Report,,,
Report Period : 19-Apr-2026 11:59:59 PM,,,
No,Item Code,Item Name,Quantity
1,------,------,1
2, 20234,LIVER TYPE GREASE GUN 20234,3
3, 2214752,SPIRAL  BEVEL GEAR 10 FOR M9506B 2214752,6
4, 2214760,SPIRAL BEVEL GEAR 37 FOR M9509B 2214760,2
5, 374091,ARMATURE H41SST 374091,2
6, 374095,STATOR 374095,1
7, 698VVC2,BALL BEAREING  698VVC2,1
8, 698VVC2,BALL BEAREING  698VVC2,47
9, AG45B,A BLADE FOR AG45,1
10, BULL GOLD TCT7*60T,TCT BLADE 7*60T,53
11, BULL GOLD TCT8*40,8*40 TCT BLADE BULLET,12
12, CE1305,SNAP-OFF KNIFE 18MM CE1305,1
13, CSD12CHR,CSD 12V CHARGER CSD12CHR,1
14, D03981,SDS PLUS BIT 16X160 D03981,2
15, D16265,SDS PLUS BIT 20X350 D16265,15
16, DWSCB ,MAL DWS180 CARBON BRUSH DWSCB ,4
17, ET1050,"ERATEK ANGLE GRINDER  ET1050, 1050W",8
18, F15,NAIL F15,5
19, FK35,METSO FLEXIBLE SHAFT SCREW DRIVER OI -FK35,1
20, HAWK,"YURI CHAINSAW 18""-BLACK HAWK",1
21, HIL02C,NYLON TRIMMER SQUARE LINE 2.65X15MM HIL02C,10
22, JY005,HOUSE HOLD LADDER 5 STEPS JY005,2
23, KIC5SBW,MARBLE CUTTER 5INCH 1800W KHAITHAN KIC5SBW,3
24, LMP906,"FLAT HANDLE FILE6"" LMP906",4
25, MCF32BG, MCF32 MCF 1250W BIG GEAR,1
26, MDB13U,DRILL CHUCK AND KEY1.5 13MM MDB13U,-2.000
27, MK50CUN,GLOBAL AIR COMPRESSOR 50 LTR MK50,3
28, MK50CUN,GLOBAL AIR COMPRESSOR 50 LTR MK50,1
29, PRADO ,"YURI  PROF CHAINSAW 18"" PRADO -18",2
30, PTC009,"RATCHET ROD CAULK GUN 9"" PTC009",5
31, REA006,"LIGHT DUTY RIVERTER 10"" REA006",3
32, RTSPPG11KB01A ,SPRAY GUN RTSPPG11KB01A ,4
33, RU070,TURBO NOZZLE RU070,1
34, TCT10*100T,BLADE TCT10*100T,3
35, THT6166,  TOTAL BENCH VICE THT6166,1
36, VBTN030,BRASS TURBO NOZZLE 30,1
37,***,5KG FLAT CISEL 17*400 POINT ,-3.000
38,.782,CONCRETE NAIL 2*10 CORBRA,-3.000
39,001,K-EMTEX-ROUTER BIT -001,6
40,002,K-EMTEX-ROUTERBIT-002,17
41,003,K-EMTEX-ROUTER BIT -003,5
42,0050,BC CLUTCH SCREW SET ,14
43,0058,BC CARBURATOR HQ 43CC ,2
44,0082,CS AIR FILTER  BIG M23,40
45,0082,CS AIR FILTER  BIG M23,7
46,0096,CS BUSH SET  M23,191
47,0096,CS BUSH SET  M23,3
48,0096,CS BUSH SET  M23,-8.000
49,0126,CS SPROCKET M23,15
50,0126,CS SPROCKET M23,26
51,0163,BC FUEL PIPE SET ,3
52,0186,TANK GROMMET ,2
53,0229,BC RIGHT SWITCH HANDLE ,-28.000
54,0275,GEAR 2-20,1
55,0313,28MM PIPE BUSH BEARING ,5
56,0810.,HM0810T ORING 5KG,156
57,0810CR,CONECTING RAD ,36
58,0810CRP,0810 CONNECTING ROD WITH BEARING ALUMINIUM ,58
59,0810CRP,0810 CONNECTING ROD WITH BEARING ALUMINIUM ,41
60,0810FSP,FIELD SPRING FOR 0810  5 KG ,100
61,0810G,APPU 0810TGEAR ,60
62,0810GB,0810 GAER BOX   0810GB,44
63,0810GB/A,GEAR BOX 0810,16
64,0810GCK,0810 T GREASE CAP KING ,42
65,0810OR,0810 ORING QUALITY,-22.000
66,0810P,PISTON 0810   MALDH5KP,3
67,0810PN,0810 PISTON PIN ,30
68,0810SH,XTRAPOWER SPARE 0810T SWITCH ,22
69,0810SR,0810 STRIKER ,16
70,0810T,O RING 0810,6
71,0810T/1,E-SPARES -HM0810TORING,2
72,0810T/2,SPARE 0810T TOOL HOLDER ,2
73,0810TGB,K-YURI SPARES-0810T GEARBOX,24
74,0810TH,SPARES -0810T ADAPTOR  COMPLETE ,3
75,0810TH/1,0810 TOOL HOLDER,2
76,0810TH/K,0810 TOOL HOLDER COMPLETE EVEREST,-1.000
77,0810TH/K,0810 TOOL HOLDER COMPLETE EVEREST,198
78,0810TH/K,0810 TOOL HOLDER COMPLETE EVEREST,8
79,0810TH/S,TOOL HOLDER 0810T SMALL EVEREST ,95
80,0810TT,LASERTECH -SPARE -0810T SIDE HANDLE ,1
81,0810XR,0810 OIL SEAL ,6
82,0835TH,SPARE 0835 TOOL HOLDER ,3
83,0981,END CAP 18 INCH  BRASS ,12
84,0982.,END CAP 1/4 INCH BRASS ,12
85,0983.,END CAP 3/8 INCH BRASS ,6
86,1.5*2C FLEXIBLE ,1.5*2C FLEXIBLE ,450
87,1.5LB,SLEDGE HAMMER 1.5LB,6
88,1.5LB,SLEDGE HAMMER 1.5LB,11
89,1.5LBH,SLEDGE HAMMER 1.5LB,-1.000
90,1.5LBH,SLEDGE HAMMER 1.5LB,-1.000
91,1.5LBH/1,SLEDGE HAMMER WITH PIDI 1.5 LB ,2
92,1.5LBH/1,SLEDGE HAMMER WITH PIDI 1.5 LB ,-2.000
93,1.5SQ,PIONEER CORD WIRE PVC  90MTR,262
94,1/2-3/4 V ,1/2-3/4 V ,3
95,1/2NUT,NUT MS 1/2,5.32
96,100.,FREEMANS 20 MTR TAPE ,96
97,1000,PLANER BLADE -BOSCH,7
98,10000.,10000 TOLSEN COMBINATION PLIERS 6'',-1.000
99,10001.,10001 TOLSEN COMBINATION PLIERS 7 INCH ,14
100,10002.,TOLSEN COMBINATION PLIER 8 INCH ,1
101,10006.,TOLSEN LONG NOSE PLIER 6 INCH 10006,8
102,10014.,TOLSEN MONKEY PLIER 10 INCH 10014,11
103,10041,TOLSEN TOWER PINCER 10 INCH 10041,4
104,10042.,TOLSEN TOWER PINCER 11 INCH 10042,5
105,10043.," TOLSEN END WIRECUTTER 6""",38
106,10044.,TOLSEN END CUTTING PINCER 7 INCH 10044,3
107,100451206,CARBON BRUSH ,3
108,10051.,TOLSEN  LOCKING PLIERS,7
109,1007.,MSeal  WHITE  50GM ,-34.000
110,1007.,MSeal  WHITE  50GM ,414
111,10072.,TOLSEN PIPE WRENCH 24 INCH ,4
112,10072.,TOLSEN PIPE WRENCH 24 INCH ,1
113,1008.,MSEAL 40GM,147
114,1008.,MSEAL 40GM,-1.000
115,1008.,MSEAL 40GM,-6.000
116,1008/B,M SEAL 40G BULL ,36
117,1008/B,M SEAL 40G BULL ,36
118,1009,Mseal Sanitary White 50gm,-2.000
119,101.,FREEMANS 30 MTR TAPE ,10
120,1010., SR 100ML,6
121,1010., SR 100ML,6
122,10107.,TOLSEN BENCH VICE MINI 50MM 2 INCH 10107,2
123,1011.,SR 200ML,6
124,1011.,SR 200ML,42
125,1011.,SR 200ML,7
126,1011.,SR 200ML,7
127,1011.,SR 200ML,-6.000
128,1011/1KG,FEVICOL SR 998(1 LTR),10
129,10112.,TOLSEN G CLAMP 3 INCH ,36
130,10113.,TOLSEN G CLAMP C 4 INCH 10113,13
131,10113.,TOLSEN G CLAMP C 4 INCH 10113,1
132,10114., TOLSEN G CLAMP C 6 INCH,8
133,10115,TOLSEN G CLAMP  C CLAMP 8 INCH ,10
134,1011A,SR 500ML,14
135,1011A,SR 500ML,-1.000
136,1011A,SR 500ML,-1.000
137,1011A,SR 500ML,-6.000
138,1012.,SPEED MC BLADE SPEED 5 INCH ,136
139,1012.,SPEED MC BLADE SPEED 5 INCH ,-20.000
140,1012/4,SPEED  BLADE SPEED 4 INCH ,39
141,1012/4,SPEED  BLADE SPEED 4 INCH ,26
142,10123 .,10123 TOLSEN  F CLAMP 50*150,1
143,10123 .,10123 TOLSEN  F CLAMP 50*150,2
144,10125 .,10125 TOLSEN  F CLAMP 50*250,-3.000
145,1014.,GLASS CUTTER BULLET 4'',40
146,10151,10151 F CLAMP  120*300,1
147,10153,10153 F CLAMP 120*500,-1.000
148,102.,SCREW BIT DOUBLE SIDE STAR BUL,-5.000
149,1021.,NUT RUNNER 10X65,-3.000
150,1021/12,ADAPTER 12MM EVEREST ,4
151,1021/6,NUT RUNNER 6X65MM,2
152,1021/8,NUT RUNNER 8X50MM E-ULTRAFAST,615
153,1021/8,NUT RUNNER 8X50MM E-ULTRAFAST,25
154,1021/8,NUT RUNNER 8X50MM E-ULTRAFAST,-1.000
155,1021/8H,HYPER MAGNETIC NUT DRIVER BIT 8*45MM ,418
156,1022,Claw Hammer Nagori 1LB,1
157,1023,Claw Hammer GI(PH),-1.000
158,10231.,TOLSEN PIPE WRENCH  8 INCH 10231,18
159,10234,TOLSEN PIPE WRENCH 14 INCH ,9
160,1024,Claw Hammer Nagori3/4LB,-1.000
161,10244.,TOLSEN BRC CUTTER 24 INCH 10244,3
162,10244B,TOLSEN SPARE BLADE BRC CUTTER 24 INCH 10244B,1
163,10247.,10247 TOLSEN BOLT CUTTER 42',2
164,10247B,TOLSEN SPARE BLADE 10247B,1
165,1025,Claw Hammer Nagori 1Lg,19
166,1028/1,HAMMER,-16.000
167,10280,TOLSEN LONG NOSE PLIER 8 INCH ,2
168,103.,SCREW BIT STAR&MINUS ,8
169,1030/1,CHISEL 12 INCH   TIGER ,-2.000
170,1030/1,CHISEL 12 INCH   TIGER ,-1.000
171,1030/1,CHISEL 12 INCH   TIGER ,-1.000
172,1033,Mason Trowel Square,1
173,10345,10345 TOLSEN END CUTTING PLIER 8INCH ,-1.000
174,104.,PUTTY BLADE 2',652
175,1043/1,SAFTY BELT  MUMBAI,7
176,1043B,SAFETY BELT GREEN BULL ,3
177,1047,Cable Tye 100mm,279
178,105.,Putty Blade 3 Inch,204
179,1050,BOLT 11/4*3/4,34
180,1052/1,NUT SS 1/4 JOM,2
181,1053,Nut Ss 1/4,3
182,1055,Screw Cycle 1/8*3/4,30
183,1056.,Screw Cycle 1/8*1,-9.000
184,106.,Putty Blade 4 Inch,344
185,106.,Putty Blade 4 Inch,-34.000
186,1063,Welding Helmet Sunshine,1
187,1065.,TCT BLADE 5X40 JK,75
188,1068.,Hammer 2.5dfs,-1.000
189,107.,PUTTY BLADE 6 INCH ,117
190,107.,PUTTY BLADE 6 INCH ,95
191,1077,Hammer Rubber,-1.000
192,1078/S,SWITCH  40A,232
193,1078/S,SWITCH  40A,42
194,1079,SWITCH 30A,150
195,1079,SWITCH 30A,2
196,10804., BENCH VISE H/D 4INCH  10804,2
197,10806.,TOLSEN BENCH VISE 6,2
198,10808,TOLSEN BENCH VISE 8 INCH 10808,2
199,1083.,FAN DC 24V 38MM,10
200,1085.,FAN AC 220V 38MM,1
201,1085.,FAN AC 220V 38MM,14
202,1088,"Combination Plier 8""",1
203,10AK,ALLENKEY 10MM,7
204,10LB,SLEDGE HAMMER  10LB,-1.000
205,10LB/1,SLEDGE HAMMER 10,4
206,10LB/1,SLEDGE HAMMER 10,1
207,10mm Nut.,Nut Ms 3/8,7.48
208,10S3S,SHOVEL SPADE 3 AS ,1
209,10X100AC,TC BLADE 10X100 BULLET,1
210,11/2FV,FOOT VALVE 11/2',1
211,11/2FV,FOOT VALVE 11/2',2
212,11/4FV,1 1/4 SUB BEND FOOT VALVE ,1
213,1107,30MM CAPASITER ,5
214,111,HACKSAW BLADE 12*1/2WOOD MASTER,-100.000
215,1115.,FAN,8
216,1115.,FAN,20
217,1118.,25MM CAPASITOR ,8
218,116/1,LEVEL HOSE 6MM (30MTR),444
219,116/1,LEVEL HOSE 6MM (30MTR),943.5
220,116/8,LEVEL HOSE 8MM ,986.5
221,116/8,LEVEL HOSE 8MM ,986.5
222,116/8,LEVEL HOSE 8MM ,-65.000
223,117,SPIRIT LEVEL BLUE 12'' FREEMANS,-15.000
224,117/1,"SPIRIT LEVEL 12"" FREEMANS RED",-28.000
225,117/1,"SPIRIT LEVEL 12"" FREEMANS RED",-1.000
226,117/1,"SPIRIT LEVEL 12"" FREEMANS RED",32
227,117/1,"SPIRIT LEVEL 12"" FREEMANS RED",32
228,117/B,FREEMANS SPIRIT LEVEL BLUE ,7
229,117/Y,FREEMANS SPIRIT LEVEL YELLOW 1 FEET ,7
230,11E864,11E NEEDLE BEARING ,-9.000
231,11E864,11E NEEDLE BEARING ,-9.000
232,11ECB,11E CARBON BRUSH,1
233,11ECP,11E CLAMP DHARA,90
234,11ECRD,EMTEX SPARES 11E CONNECTING ROD ,22
235,11EFCS,SPARE 11E FRONT CAP SET 5 PCS  SET ,12
236,11EFCS,SPARE 11E FRONT CAP SET 5 PCS  SET ,12
237,11EFH,11E FRONT HANDLE ,172
238,11EG,GOVERNER 11E AKARI SPARE,-4.000
239,11EGC,11E GREASE CAP  EVEREST ,20
240,11EGL,GEAR FOR 11E LASERTECH ,44
241,11EHANDLE ,YURI SPARE 11E SIDE HANDLE ,-1.000
242,11EORING,ORING 11E ,4
243,11EORP,11E ORING ,-8.000
244,11ES,LASERTECH SPARES 11E SWITCH ,3
245,11ESCRL,LASERTECH SPARES 11E GOVERNOR ,4
246,11ESD,YURI SPARES 11E STOPPING DEVISE ,6
247,11ETH,TOOL HOLDER 11E YURI ,2
248,11S4S,SHOVEL 4AS SPADE,1
249,12,4' WOOD CUTTER(XTRA POWER),-1.000
250,1221,SCREW WASHER ,12
251,123.,SELF SCREW PATTA 8*32,2600
252,123.,SELF SCREW PATTA 8*32,-5.000
253,123/2,SELF SCREW 2 INCH ,3860
254,123/H,SELF SCREW MODI HEAD 1 1/4INCH ,8674
255,123/H,SELF SCREW MODI HEAD 1 1/4INCH ,1108
256,124.,PATTA DRY WALL 1/2'(13*6),-775.000
257,1257.,FAN,-1.000
258,1257.,FAN,12
259,129.,WATER PAPER BULLET 60,192
260,12ADG,ROTARY TOOL ACCESSORIES KIT OI-12ADG 12PCS,3
261,12HSS,HOLESAW SET ASG 12 PCS ,-1.000
262,12WMB,12W LumenexPrimeMosqbulb/colorwhite,3
263,12WP,17299 LED LAMPS 12W OSRAM,82
264,12WP,17299 LED LAMPS 12W OSRAM,1
265,130.,WATER PAPER BULLET 80,1
266,130.,WATER PAPER BULLET 80,39
267,13001,LIVON 6 AMP 3 PIN TOP 13001,-1.000
268,13002,LIVON 16 AMP 3 PIN TOP 13002,2
269,13002,LIVON 16 AMP 3 PIN TOP 13002,2
270,13003.,LIVON 6AMP MULTY PLUG 13003,51
271,13006.,LIVON  FLEX BOX 2 PIN 4 MTR EB3/4 LIVON ,2
272,13010,LIVON 2 PIN 1 TOP 13010,22
273,13011.,LIVON MALE AND FEMALE 13011,3
274,13017.,LIVON 13017 20AMP 1 WAY SWITCH  ,200
275,131.,WATER PAPER BULLET 100,-5.000
276,131.,WATER PAPER BULLET 100,476
277,132.,WATER PAPER BULLET 120,1144
278,132.,WATER PAPER BULLET 120,193
279,132.,WATER PAPER BULLET 120,-5.000
280,1322,IGBT 40T60 BT,6
281,133,WATER PAPER BULLET 150,-100.000
282,133,WATER PAPER BULLET 150,2230
283,134,WATER PAPER BULLET 180,323
284,135,WATER PAPER BULLET 220,48
285,135,WATER PAPER BULLET 220,74
286,1350,CABLE LUG 50*110MM ,-5.000
287,13529.,SHIFT PLATE +BALL BEARING +SWTCH,18
288,13550,COLUMN PIPE ADAPTER 11/4,1
289,13551,COLUMIN PIPE 32MM 15 KG ,120
290,136.,WATER PAPER BULLET 400,496
291,136.,WATER PAPER BULLET 400,218
292,136.,WATER PAPER BULLET 400,-99.000
293,137,WATER PAPER BULLET 320,292
294,138.,FEVISEAL ACETOXY 280ML CLEAR,140
295,138.,FEVISEAL ACETOXY 280ML CLEAR,2
296,138.,FEVISEAL ACETOXY 280ML CLEAR,1
297,138/1,SILICON CLEAR RTV GR100(260ML),2
298,138/3,EXTENSION WIRE 3MTR,-1.000
299,13MM ELECTRIC PLANNER DRILL ATTACHMENT ,13MM ELECTRIC PLANNER DRILL ATTACHMENT ,1
300,13SSS,SMALL SQUARE SHOVEL ,1
301,140.,FEVISEAL ACETOXY 280ML BLACK,124
302,140.,FEVISEAL ACETOXY 280ML BLACK,16
303,1407,SCREW ,65
304,14081,HAVELLS FAN CABIN 300MM HAVELLS  14081,2
305,141.,SILICON  WHITE  RTV GP100(260ML),29
306,141.,SILICON  WHITE  RTV GP100(260ML),39
307,141.,SILICON  WHITE  RTV GP100(260ML),154
308,141.,SILICON  WHITE  RTV GP100(260ML),2
309,141.,SILICON  WHITE  RTV GP100(260ML),26
310,141.,SILICON  WHITE  RTV GP100(260ML),-4.000
311,141.,SILICON  WHITE  RTV GP100(260ML),-10.000
312,141.,SILICON  WHITE  RTV GP100(260ML),-2.000
313,141/1,SILICON WHITE RTV GP100(260ML),-4.000
314,14134,WALL FAN HAVELLS 14134,3
315,1416,BOLT,64
316,1417,SCREW,85
317,142.,ANCHOR BOLT 6MM,3994
318,142.,ANCHOR BOLT 6MM,402.6
319,14264 ,14264 EX FAN 12INCH  ALMONARD ,1
320,14270,14270  EX/FAN 15INCH  ALMONARD ,1
321,14285,14285 EX.FAN HD 1400 RPM -ALMONARD ,1
322,14293,ALMONARD EX/FAN 14293,1
323,142F,ANCHOR HOOK TYPE 6MM,283
324,143.,ANCHOR BOLT 8MM(BG),1762
325,143.,ANCHOR BOLT 8MM(BG),-5.000
326,143.,ANCHOR BOLT 8MM(BG),-264.000
327,143.,ANCHOR BOLT 8MM(BG),-304.000
328,143.,ANCHOR BOLT 8MM(BG),-1.000
329,143/F,ANCHOR BOLT 8MM FERRY ,575
330,1432,WIRE SLEEVE ,28
331,1432,WIRE SLEEVE ,-8.000
332,1432,WIRE SLEEVE ,-3.500
333,1433.,WIRE SLEEV ,54
334,1433.,WIRE SLEEV ,5
335,1433.,WIRE SLEEV ,-8.000
336,1433.,WIRE SLEEV ,-11.500
337,1434,WIRE SLEEVE ,-1.000
338,1434,WIRE SLEEVE ,-2.000
339,14349.,VEBSTAR MALE AND FE MALE 14349,16
340,144,ANCHOR BOLT 10MM BEB,-48.000
341,145,ANCHOR BOLT 12 MM(CANGO),91
342,145/1,ANCHOR BOLT 12MM HOOK ,43
343,145/1,ANCHOR BOLT 12MM HOOK ,214
344,147,ANCHER BOLT 10MM  HOOK,177
345,147,ANCHER BOLT 10MM  HOOK,-43.000
346,147,ANCHER BOLT 10MM  HOOK,-43.000
347,147/1,ANCHOR BOLT HOOK TYPE 8MM,238
348,147/1,ANCHOR BOLT HOOK TYPE 8MM,41
349,14LB,A145AM SLEDGE HAMMER 14LB,1
350,14SSLB,SHOVEL SMALL SQUARE WITH L BLEND ,4
351,15002,TOLSEN 15002 ADJUSTABLE SPANNER 8INCH ,1
352,15003,TOLSEN 15003 AD.SPANNER  10INCH ,1
353,1505,OIL SEAL  CW 12-20 ,50
354,1506,OIL SEAL CW 14-22,6
355,1507,WATER SEAL  ,3
356,1508,WATER SEAL  CW 14-22,3
357,1511.,PLUNGER ROD 1511,6
358,1511.,PLUNGER ROD 1511,24
359,15118,TOLSEN RATCHET SPANNER 1/4 ,4
360,1512.,SPRING PLUNGER  1512,6
361,1512.,SPRING PLUNGER  1512,23
362,15120,REVERSIBLE RATCHET SPANNER 1/2,-1.000
363,1516,SWITCH  CARWASH,18
364,1519,SWITCH,116
365,152,JIGSAW BLADE MAC BULLET,-75.000
366,1520,CARWASHERV SWITCH ,2
367,1522,FAN COVER,1
368,1528,OVERLOAD SWITCH 10A 1528,12
369,15282,UNIVERSAL WRENCH 2 PCS SET  9,2
370,15309,ADJ. SPANNER  15309 TOLSEN,1
371,15309,ADJ. SPANNER  15309 TOLSEN,-2.000
372,15310,TOLSEN ADJ. SPANNER 15310 ,-1.000
373,15311,ADJ .SPANNER 15311 TOLSEN ,1
374,1532890,1532890   CHANGE LEVER  HR2020,2
375,1534,WATER SEAL ,3
376,15390,TOLSEN RATCHET SET 13 PCS 1/4 INCH 15390,5
377,154,PANNER BLADE 82MM POWEREX,2
378,1541,THRUST BEARING -51106 1541,12
379,1544,QRC CARWASHER 1/4,5
380,1554.,THRUST BEARING -51107 S2 1554,12
381,1555.,ADPATER M3/8XF22,59
382,1556,ADAPTER M22*F22,22
383,1557,ADAPTER M22XF3/8,38
384,1559.,ADPATOR M22*M22,5
385,156,PATTA HEAD SCREA 3/4 INCH ,9946
386,156,PATTA HEAD SCREA 3/4 INCH ,-466.000
387,156,PATTA HEAD SCREA 3/4 INCH ,-1169.000
388,156/1,SELF DRILLING  SCREW 8*25 TRUSS HEAD ,5540
389,156/1,SELF DRILLING  SCREW 8*25 TRUSS HEAD ,-2723.000
390,156/1,SELF DRILLING  SCREW 8*25 TRUSS HEAD ,-961.000
391,156/1,SELF DRILLING  SCREW 8*25 TRUSS HEAD ,-458.000
392,156/1,SELF DRILLING  SCREW 8*25 TRUSS HEAD ,-502.000
393,156/1 1/2, SELF HEAD SCREW 11/2 MODIHEAD,8034
394,156/1/2,SELF SCREW 1/2 MODI HEAD ,9262
395,156/1/2,SELF SCREW 1/2 MODI HEAD ,4850
396,156/2, SELF HEAD SCREW 2 INCH  MODI HEAD ,8837
397,1562.,PLUNCHER ROD 56*10 S3,6
398,158,CUP BRUSH TWISTED,-5.000
399,158/1,"5""CUPBRUSH",57
400,15886,TOLSEN SPANNER SET 5 PCS 8-19 15886,2
401,15887,TOLSEN SPANNER SET 8 PCS 8 TO 18,2
402,158X,TWISTED WIRE BRUSH  OMEGA,44
403,15MSS,SHOVEL MEDIUM SMALL SHOVEL ,1
404,15WP,15W LED LAMP ORSAM/LUMENEX,12
405,162,PATTA DRY WALL 1 1/4(32*6),391
406,1622459,CHANGE LEVER 162245-9,1
407,16290,16290 6A MULTY PLUG KOMEX ,10
408,165,HSS DRILL BIT 2MM,7
409,1653234,BASE MT410 165323,2
410,1653234,BASE MT410 165323,1
411,166/1,LEVEL HOSE 6MM,-61.000
412,167/1,DRILL BIT 4MM IMP,24
413,1671,LENZ,1
414,16ISSS,SHOVEL SQUARE  STEEL HANDLE ,1
415,1718,SOLDER WIRE 15G,26
416,17211,TUBE  T/SET LED 20W LEDVANCE ,55
417,17211,TUBE  T/SET LED 20W LEDVANCE ,18
418,17211,TUBE  T/SET LED 20W LEDVANCE ,8
419,17226,17226 LED LAMP 40W ,1
420,17228,17228 LED TUBE 24W ,8
421,17233,17233 3W SLEEK JB LED ,27
422,17276,17276 LED TUBE 36W OSRAM,15
423,17276,17276 LED TUBE 36W OSRAM,14
424,17276,17276 LED TUBE 36W OSRAM,1
425,173,CHAINSAW FILE 4 MM,11
426,17ISRS,SHOVEL ROUND STEEL HANDLE ,1
427,1808,MIG SWAN NECK ,2
428,1817,MIG TIP HOLDER 15AK,16
429,1818,MIG TIP M6*25*0.8+MM,45
430,18212,TOLSEN IMPACT SOCKET 1/2 INCH 12MM,4
431,18216,TOLSEN IMPACT WRENCH 1/2 INCH 16MM,4
432,18218.,TOLSEN IMPACT SOCKET 1/2 INCH 18MM,4
433,18220.,TOLSEN IMPACT SOCKET 1/2 INCH 20MM,4
434,18222,TOLSEN IMPACT SOCKET 1/2 INCH 22 MM,4
435,1861,MIG NOZZLE 15AK,20
436,1871,NITROGEN REGULATOR,2
437,1872,ARGON  REGULATOR ,3
438,18PDS,18INCH PED. SWITCH ,4
439,18WP,17218 LED LAMP 18W OSRAM,7
440,1906,SWITCH ,2
441,1911,TIG TORCH SWITCH ,16
442,1916,TIG TORCH 26V 4M PREMIUM ,-3.000
443,1923,TIG TORCH CAP ,4
444,1932.,CERAMIC NOZZLE NO -5 T42,19
445,1938,COLLET TIG TORCH 2.4MM,55
446,1952,FLOW METER,2
447,1952,FLOW METER,1
448,1954,GAS OXYGEN REGULATER  1954,5
449,1955,ARGON REGULATOR WITH FLOW METER,2
450,19567,PREETHI MIXER GRINDER CROWN 500W 3 JAR ,1
451,1972.,ANTI SPATTER TIP SPRAY ,4
452,1973,CYLINDER KEY OXYGEN 1973,9
453,1974,SPANNER CO2,10
454,1974,SPANNER CO2,3
455,1982,TUNGSTEN ROD 2.4MM ,-27.000
456,199,Tile master,19
457,1990,MRS CONNECTOR SET -2PIN,7
458,1991,MRS CONNECTER SET -3PIN,1
459,1992,MRS CONNECTER SET -4PIN ,2
460,1BSS,BIG SQUARE SHOVEL ,34
461,1FV,"FOOT VALVE 1""",17
462,1HP/100PUMP,1HP PUMP100,1
463,1HPPB,1HP PANEL  BOARD,4
464,1LB,HAMMER 1LB TATA,12
465,1X03,CORDLESS DRILL DRIVER IXO3,1
466,2 CORE WIRE,2 CORE WIRE,3
467,2.5LB,SLEDGE HAMMER 2.5 LB,-1.000
468,2+2/5,POWER CABLE ,1
469,2+2/5,POWER CABLE ,4
470,2+2/5C,2+2 5MTR CODE ,1
471,20,5' TILE CUTTER(FAST CUT),4
472,20/242 PARELLEL WIRE ,20/242 PARELLEL WIRE ,16
473,200,CLIF NONMOVEN FINISH WHEEL,4
474,20001,TROLLY WHEEL2IN.37.5*23.5 P.NYLON INSERTWITH BLACK RUBBER LOCK ,29
475,20002,TROLLY WHEEL 2IN.37.5*23.5 NYLON INSERT WITH BLACK RUBBER,17
476,20002/T,TOLSEN SCREW DRIVER 100MM SLOTTED ,6
477,20004,TOLSEN SCREW DRIVER 150MM SLOTTED,6
478,20007,TOLSEN SCREW DRIVER 100MM PH1,17
479,20008,TOLSEN SCREW DRIVER 150MM PH2,23
480,2001.,ADAPTOR BSP1/4*1/4,61
481,20014,GREASE 100,-4.000
482,2002,ADAPTOR BSP3/8*3/8,5
483,2003,ADAPTOR BSP1/2*1/2,10
484,20035,TOLSEN RATCHET DRILL AND SOCKET SET 38 PCS ,2
485,20037,20037 P/HOLDER  SKERT ESSENZ,4
486,20042 , TOLSEN 2 IN 1 SCREW DRIVER SET ,28
487,20043, TOLSEN 6 IN 1 SCREW DRIVER ,4
488,20050,20050 CUB 6A 3PIN TOP GOLDMEDEL ,1
489,20051,TOLSEN 10PCS  HEX ALLENKEY SET 20051,7
490,20053,TOLSEN ALLENKEY SET 9 PCS 20053 ,10
491,20053,TOLSEN ALLENKEY SET 9 PCS 20053 ,-3.000
492,20056,TOLSEN ALLENKEY SET STAR TYPE 20056,-2.000
493,20056,TOLSEN ALLENKEY SET STAR TYPE 20056,11
494,20057,TOLSEN  ALLENKEY SET LONG 9PCS 20057 ,6
495,20090,TOLSEN 13 PCS BALL POINT LONG HEX KEY ,2
496,20094,TOLSEN INCH AND METRIC HEX KEY SET 36 PCS 20094,2
497,20094,TOLSEN INCH AND METRIC HEX KEY SET 36 PCS 20094,1
498,20097,TROLLY WHEEL 2 IN.37.5*23.5 PLATE 60*60 BLACK NO DUST COVER ,32
499,20097,TROLLY WHEEL 2 IN.37.5*23.5 PLATE 60*60 BLACK NO DUST COVER ,26
500,20098,TROLLY WHEEL 2IN.37.5*23.5 BLACK NO DUST,23
501,20098,TROLLY WHEEL 2IN.37.5*23.5 BLACK NO DUST,19
502,201/1,VICE GRIP PLIER TOOL WORTH ,-1.000
503,20115,TOLSEN SCREW DRIVER PH 2*150 20115,12
504,20124,TOLSEN SCREW DRIVER GO THROUGH PH2*100,5
505,20125,TOLSEN SCREW DRIVER PH2*150 20125,7
506,20127,TOLSEN SCREW DRIVER PH3*150 20127,12
507,20129,TOLSEN SCREW DRIVER  PH3*150 20129,23
508,20129,TOLSEN SCREW DRIVER  PH3*150 20129,1
509,20132,TOLSEN SCREW DRIVER PH2 20132,17
510,20134,TOLSEN SCREW DRIVER PH2 20134,11
511,202,CLOTH POLISH,-11.000
512,2020,ADAPTOR BSP 1/4*3/8,10
513,202022,20035 2PIN TOP6A 3052 GM,-121.000
514,202028,20030 3 PIN TOP 6A FUSION GM,1
515,202037,20037 HOLDER SKERT  GOLD MEDEL,1
516,202042,20058 3 PIN MULTI ADAPTER,5
517,20205,20205 1W SWITCH 10A ESSENZA -GM,82
518,20210,202102 2 IN 1 SOCK 10A ESSENZA -GM,78
519,20211,20211 SOCKET 6A INTER ,-7.000
520,20-211,LEVER TYPE GREASE GUN 20211,2
521,20221,LEVET TYPE GREASE GUN 20221,2
522,20226,20226 1W SWITCH 20AMP,8
523,20231,16 AMP SOCKET ,3
524,20-231,LEVER TYPE GREASE GUN 20-231,2
525,20233,20233 BED SWITCH 10A -GM,-3.000
526,20233,20233 BED SWITCH 10A -GM,8
527,20237,20237 HOLDER ,20
528,2024,E2024 WIRE STRIPPER,1
529,2025,ADAPTOR BSP 1/8*1/4,9
530,20276,TOLSEN SCREW BIT 5 PCS 20*25 MM 20276,3
531,203.,IDL HACKSAW BLADE 1(D-SIDE),449
532,20337,TROLLY WHEEL 2IN.37.5*23.5 NYLON INSERT WITH SLEEVE ,40
533,20338,TROLLY WHEEL 2IN.37.5*23.5 PLATE NYLON INSERT GREY ,41
534,2050,TEE BSP 1/4,6
535,2091,REDUCER MS M1/4*F3/8   2091,-1.000
536,20910,OSRAM IRON BOX CREASE MASTER ECO 600W,4
537,20911,OSRAM IRON BOX CREASE MASTER NEO 1000W,12
538,20916.,HAVELLS ECOSTAR POWER CABLE 4+1 2MTR 20916,2
539,2092,REDUCER M3/8*1/4,1
540,2093,REDUCER M1/4*F1/4,1
541,20932,20932 FLOOD LIGHT 50W LEDVANCE  (OSRAM ),1
542,20935,FLOOD LIGHT 20W 20935 OSRAM ,6
543,20935,FLOOD LIGHT 20W 20935 OSRAM ,1
544,2094,REDUCER M3/8*F3/8,1
545,2095,REDUCER M1/4*F1/8,59
546,2096,REDUCER M1/8*F1/4,1
547,20SRS4,SHOVEL SMALL ROUND 4 STEEL HANDLE ,1
548,2105,E-2105 SCREW DRIVER WITH NEON BULB ,2
549,2109,CLAW HAMMER TUBULAR HANDLE ,-1.000
550,2111,ADAPTOR 5V- 2111,39
551,212,DOUBLE OPEN END SPANNER 16*17,3
552,2130736,213073-6 O RING ,4
553,2130736,213073-6 O RING ,1
554,2131287,213128-7 O RING ,1
555,2132275,213227-5 O RING ,6
556,2132275,213227-5 O RING ,2
557,2132275,213227-5 O RING ,6
558,2132275,213227-5 O RING ,2
559,2132322,213232-2 O RING ,1
560,2132788,213278-8 O RING ,1
561,2133459,DUST STEAL HR2230 2133459,1
562,213380,213380-7 ORING  24 FOR  HR2020,4
563,213508,213508-7 ORING 38 FOR HM0810,10
564,213654,O RING HM0810T 213654-6,5
565,2137788,2137788 O RING HR2020,1
566,2137877,213787-7 ORING ,10
567,213960,213960-9 O RING 5 FOR GA4032 ,4
568,2155,GAS WELDING TORCH SMALL,2
569,21688,TROLLY WHEEL 2IN.31*22.6 PLATE ON TOP ,84
570,220,BULLET HACK SAW FRAME PIPE TYPE,46
571,220,BULLET HACK SAW FRAME PIPE TYPE,76
572,220BODY,LASERTECH SPARES 2-20 BODY ,24
573,220BODY,LASERTECH SPARES 2-20 BODY ,10
574,220BODY,LASERTECH SPARES 2-20 BODY ,6
575,220FRS,W/O SPARES 2-20 CHUCK SET ,-24.000
576,2-20FS,YURI SPARES 2-20 CYLINDER ,4
577,2-20G,LASERTECH SPARE 2-20 GEAR ,160
578,220GB,LASERTECH SPARES 2-20 GEAR BOX WITH NEEDLE ,-2.000
579,2-20OB,2-20 ORING BROWN ,28
580,220P,PISTON FOR 2-20,32
581,220P,PISTON FOR 2-20,32
582,220P,PISTON FOR 2-20,60
583,220P,PISTON FOR 2-20,84
584,220SB,SWASH BEARING PENDULAM 2-20,24
585,220SB,SWASH BEARING PENDULAM 2-20,24
586,2-20STR,SPARES 2-20 STRICKER,5
587,223,SCREW KIT 5 IN 1,2
588,224314,224314-5 INNER FLANGE (9553 AB WASHER ),12
589,2245595,224559-5 LOCK NUT 10-30 FOR ,10
590,226BHS,BRUSH HOLDER SET FOR 2-26 ,94
591,226BHS,BRUSH HOLDER SET FOR 2-26 ,-1.000
592,226C,CARBON BRUSH 2-26,90
593,226CAP,LASERTECH SPARES 2-26 FRONT CAP SET ,2
594,226CAPS,YURI 2-26 FRONT CAP SET ,8
595,226CY,CYLINDER FOR 2-26,4
596,2-26DBS,2-26 DUMPING SET 2-26 DBS ,1
597,226FH,YURI FRONT HANDLE 2-26 EVEREST ,1
598,226GB,YURISPARES 2-26 GEAR BOX ,48
599,226GB,YURISPARES 2-26 GEAR BOX ,4
600,2-26GBC,LASERTECH SPARES 2-26 CYLINDER,12
601,226KB,2-26 KNOB POWERTUFF ,92
602,226OR,2-26 ORING ,82
603,226P,PISTON FOR 2-26,48
604,226SB,YURI SPARE SWASH BEARING BEARING 2-26,25
605,226SB,YURI SPARE SWASH BEARING BEARING 2-26,22
606,226SB,YURI SPARE SWASH BEARING BEARING 2-26,28
607,226TS,2-26TS 2-26 TOOTHED SHAFT ,9
608,2274718,227471-8 SPIRAL BEVEL GEAR 11 FOR 9553NB,2
609,227506,2275065 SPIRAL BEVEL GEAR 36 FOR 9556NB,2
610,2277384,227738- HELICAL GEAR 17 FOR MT412,1
611,2277384,227738- HELICAL GEAR 17 FOR MT412,3
612,2277392,227739-2 HELICAL GEAR 44 FOR MT412 ,1
613,2277392,227739-2 HELICAL GEAR 44 FOR MT412 ,4
614,2277627,227762-7 HELICAL GEAR 14 FOR MT40,2
615,2277635,227763-5 HELICAL GEAR 32 FOR MT40,2
616,228,METAL TOOL BOX BAUM,1
617,23/13H,KANGRO STAPLIERS 23/23-H,1
618,23/8H,K  MILES 23/8 PIN NWE,-2.000
619,230,MASONARY DRILL BIT 4MM,41
620,230,MASONARY DRILL BIT 4MM,-1.000
621,230/10H,23/10-H 10MM STAPLIER ,9
622,2303,MULTI METER -830 ,1
623,2306,MULTI METER ,8
624,2309,MULTY METER TEST LEAD,9
625,231,8 MM ADDISSON ORIGINAL,1
626,2310,DIGITAL CLAMP METER -DT266,2
627,2311,MULTIMETER LED 130722,7
628,2312,MULTI METER UNITY -DT9205A,2
629,2312,MULTI METER UNITY -DT9205A,1
630,2314576,COMPRESSION SPRING FOR LS1040 231457,2
631,231593,TORSION SPRING LS1040 231593-8,2
632,232,MASONARY DRILL BIT 5MM,33
633,2320,CONTINUTY TESTER ,2
634,2323,CONTINUTY TESTER,1
635,2324,TESTER,-1.000
636,2325,TESTER AC VOLTAGE DETECTOR ,23
637,2325,TESTER AC VOLTAGE DETECTOR ,1
638,233,MASONARY DRILL BIT 6MM,8
639,233,MASONARY DRILL BIT 6MM,-38.000
640,233,MASONARY DRILL BIT 6MM,-1.000
641,2332.,CONTINUTY TEESTER 2332,3
642,233376,233376.2 COMPRESSION SPRING  FOR MT950 ,9
643,2334598,COMPRESSION SPRING  2334598,1
644,2339297,RING SPRING HR2450 233929-7,1
645,234,MASONARY DRILL BIT 8MM,-1.000
646,234,MASONARY DRILL BIT 8MM,18
647,2344,SOLDER WIRE 100G 2344,6
648,2345,SOLDER WIRE 50G 2345,50
649,2347,OPENING TOOL,1
650,235,MASONARY DRILL BIT 10MM,15
651,235,MASONARY DRILL BIT 10MM,10
652,235/16,MASONARY DRILL BIT 12MM,24
653,2352,SOLDERING BIT ,3
654,2357,SOLDERING IRON 15W 2357,5
655,2358,SOLDERING IRON 25W 2358,2
656,2359,SOLDERING IRON  35W,1
657,236,WELDING GLASS BLACK 11DIN ATHERMEL,57
658,236,WELDING GLASS BLACK 11DIN ATHERMEL,-19.000
659,236/1,WELDING GLASS BLACK 9DIN,93
660,236/1,WELDING GLASS BLACK 9DIN,17
661,236/2,WELDING GLASS BLACK 10DIN ATHERMAL,98
662,236/2,WELDING GLASS BLACK 10DIN ATHERMAL,15
663,236/E,SQUARE GLASS BLACK ,398
664,2360,SOLDERING IRON 60W,5
665,238,FLEX KWIK 20G,49
666,238,FLEX KWIK 20G,43
667,238,FLEX KWIK 20G,-1.000
668,238,FLEX KWIK 20G,24
669,238,FLEX KWIK 20G,-1.000
670,238/50GM,FLEXKWIK 50GM,-2.000
671,238/50GM,FLEXKWIK 50GM,22
672,238/50GM,FLEXKWIK 50GM,-6.000
673,239,ANABOND 20 GM,-2.000
674,241,PAD NUT,49
675,243,SPANNER KEY 801,473
676,243,SPANNER KEY 801,17
677,243/5,SPANNER KEY 5 INCH  G15SA2,3
678,2450,CUTTING TORCH -NM250 2450,1
679,2450,CUTTING TORCH -NM250 2450,1
680,2452,GAC CUTTING NOZZLE 3/64 ANME,5
681,2462,GAS CUTTING NOZZLE 3/64 PNME,2
682,2481,GAS  WELDING NOZZLE ,9
683,2494,GAS CUTTING NOZZLE ,-1.000
684,2494,GAS CUTTING NOZZLE ,3
685,250/18,CALTEX AUTO CLOSE BIT 18MM,47
686,250/20,CALTEX  HINGESBIT 20MM,29
687,250/20,CALTEX  HINGESBIT 20MM,-6.000
688,250/25,CALTEX  HINGESBIT 25MM,36
689,250/25,CALTEX  HINGESBIT 25MM,-12.000
690,250/32,K EMTEX  HINGES BIT 32MM,35
691,250/32,K EMTEX  HINGES BIT 32MM,4
692,250/35,AUTO CLOSE BIT 35MM B,2
693,250/35,AUTO CLOSE BIT 35MM B,17
694,25027,TOLSEN CLAW HAMMER STUBBY 25027,6
695,25028 ,TOLSEN CLAW HAMMER ,20
696,25030  ,25030  TOLSEN CLAW HAMMER 16,5
697,25030  ,25030  TOLSEN CLAW HAMMER 16,1
698,25030  ,25030  TOLSEN CLAW HAMMER 16,-6.000
699,25033,TOLSEN RUBBER HAMMER BLACK 8,3
700,25035,TOLSEN RUBBER HAMMER BLACK 16,6
701,25037,TOLSEN RUBBER HAMMER BLACK 24,30
702,25043,TOLSEN SLEDGE HAMMER 2 LB,26
703,25044,TOLSEN SLEDGE HAMMER 4 LB,3
704,25053,TOLSEN AXE FIBER HANDLE 600GRM 25053,4
705,25082,TOLSEN CHISEL POINTED 10 INCH 25082,2
706,25083,TOLSEN CHISEL POINTED 10 INCH 25083,5
707,25084.,TOLSEN COLD CHISEL 4*18*300,12
708,25087 ,25087 COLD CHISEL 22*16*250MM,12
709,25087 ,25087 COLD CHISEL 22*16*250MM,-1.000
710,25088,25088 TOLSEN CHISEL FLAT  12INCH ,12
711,25109,CROWBAR  BARI 24 INCH 25109,-2.000
712,25111,CROWBAR BARI 30INCH 25111,1
713,25118,CROWBAR BARI 24 INCH 25118,3
714,25119,CROWBAR  BARI36 INCH 25119,2
715,25120,CROWBAR  BARI 48 INCH 25120,3
716,25156,TOLSEN  RIP HAMMER 25156,6
717,25156,TOLSEN  RIP HAMMER 25156,1
718,2521753,HEX NUT MT410 2521753,3
719,25253,TOLSEN AXE WITH HANDLE 600 GRM  25253,6
720,254,PVC PAD 5'INCH BULLET,-24.000
721,254,PVC PAD 5'INCH BULLET,71
722,254,PVC PAD 5'INCH BULLET,-11.000
723,254/1,PVC PAD 5 INCH POLAR POWER,35
724,255,FRONTLINE SAFETY GLASS,-1.000
725,2550,OXYGEN REGULATOR OR16,5
726,256,CORE BIT 1' NORTON,-27.000
727,256486,256486-8 SHOULDER PIN FOR  9553NB ,5
728,257,CORE BIT 1-1/2 NORTON,3
729,2571732,257173-2 RING FOR 5806B DRILL BOX,1
730,258,HOLESAW WOODEN 2',1
731,25995,HAND RIVERTER 10 INCH IDEAL ,1
732,25LEG,COPPER LEG 25 SQ MM,-4.000
733,25LEG,COPPER LEG 25 SQ MM,370
734,25LUG,COPPER LUG25MM,35
735,26102,SWITCH 2W 6AMP .LIVON 26102,52
736,26202,SWITCH 2W 6AMP LIVON  26202,1198
737,26213,SWITCH 16AMP 2W 26213,31
738,263,RUBBER HAMMER  BULLET 50 MM,-1.000
739,2650562,PAN HEAD SCREW  FOR CC300D 2650562,3
740,2657548,THUMP SCREW MT580 2657548,6
741,266,COMBINATION STONE 8' BULLET,30
742,266,COMBINATION STONE 8' BULLET,12
743,267,GLASS CUTTER BULLET,-6.000
744,267,GLASS CUTTER BULLET,2
745,268,FRONT CUTTING PLIER,1
746,268228,268228-8 SHOULDER PIN 5 FOR MT960,7
747,270,ADDISSON  DRILL BIT 12MM,4
748,272,AB WASHER  801,31
749,280,STAR HEAD SCREW 3/4 (19*8),11408
750,284,TRUSS HEAD 1',805
751,28410,CHALK LINE DHOORI SET 28410 PUMPKIN ,1
752,285,TRUSS HEAD 8*32(1-1/4),9480
753,2858522,BEARING RETAINER 19-33 FOR MT412 285852,1
754,2858522,BEARING RETAINER 19-33 FOR MT412 285852,1
755,286,METAL HOLESAW 1-1/4 BULLET 32M,-1.000
756,287,GLASS CUTTER,2
757,288,HACKSAW FRAME,-1.000
758,2880,WIRE LEY FEMAIL,94
759,2881,HS SLEEVE 6MM -1M,10
760,288WH,HACKSAW FRAME (MINI POLAND) 5MM,2
761,290,BUFFING WHEEL RED 6*1/2',3
762,290551,DOOR LOCK LAXMI BULLET,2
763,291,CLOTH WHEEL 6*1,1
764,29108,29108 FLOOD LIGHT LED 50W ,12
765,2919,SWITCH CARWASH,2
766,292,CLOTH WHEEL 4*1,8
767,294,MASKING TAPE 2 INCH 48*20,224
768,294,MASKING TAPE 2 INCH 48*20,26
769,294,MASKING TAPE 2 INCH 48*20,-6.000
770,294/30,MASKING TAPE 36*20,172
771,294/30,MASKING TAPE 36*20,-2.000
772,294/50,MASKING TAPE 48MM *50 MTR  2INCH ,72
773,294/50,MASKING TAPE 48MM *50 MTR  2INCH ,72
774,2941,DVR CAMERA CHARGER ,3
775,2995,SWITCH ,2
776,29Y,CUTTING WHEEL 4*1 EASYCUT GREEN,474
777,2LB,SLEDGE HAMMER 2LB TATA,4
778,2LB..,SLEDGE HAMMER 2LB TATA,2
779,2LB/1..,SLEDGE HAMMER  2,1
780,2LBH,SLEDGE HAMMER  2LB (F.H CNC),-2.000
781,2LBH,SLEDGE HAMMER  2LB (F.H CNC),1
782,2LCH,ALCO CHAIR LADDER 2 STEP ,2
783,2PS,2 PIN SOC ZOOM,-4.000
784,2T14*2.5, 2T BLADE 14 INCH 2.5MM,11
785,2T14*2.5, 2T BLADE 14 INCH 2.5MM,84
786,2T14*2.5, 2T BLADE 14 INCH 2.5MM,59
787,2T14*2.5, 2T BLADE 14 INCH 2.5MM,20
788,2T14*2.5M,2T BLADE 2.5 MM TWO TEETH BLADE ,4
789,2T14*2M,2T BLADE 14 INCH 2MM,18
790,2TBLADE,2T BLADE SS,8
791,2TBLADE,2T BLADE SS,-4.000
792,2TBLADE/1,2T BLADE SS,43
793,2TOIL,2T OIL 1 LTR BRUSH CUTTER ,2
794,2TOIL,2T OIL 1 LTR BRUSH CUTTER ,16
795,2TOIL,2T OIL 1 LTR BRUSH CUTTER ,-2.000
796,"3""RMCB",E-RAINBOW -CUP BLADE 3'' SEG,16
797,3/4LCLAMP,ANGLE BRACKET ,321
798,3+3/5,3+3 5 MTR CODE WIRE ,2
799,3+3/5,3+3 5 MTR CODE WIRE ,3
800,3+3/5,3+3 5 MTR CODE WIRE ,-4.000
801,30.,BULLET CUTTING WHEEL 4 INCH GREEN &BLACK ,1641
802,30.,BULLET CUTTING WHEEL 4 INCH GREEN &BLACK ,1645
803,30.,BULLET CUTTING WHEEL 4 INCH GREEN &BLACK ,-5.000
804,30.,BULLET CUTTING WHEEL 4 INCH GREEN &BLACK ,-7.000
805,30.,BULLET CUTTING WHEEL 4 INCH GREEN &BLACK ,-50.000
806,3000001.,TROLLY WHEEL 3 INCH HOLDER 63*36 PLATE ON TOP BLACK RUBBER ,44
807,3000002.,TROLLY WHEEL 3 INCH63*36 PLATE ON TOP 100*85 RIVERT WITH ,42
808,3000219,TROLLY WHEEL 3 IN .63*36 F.H 100*85 BREAK NYLON WHEEL ,10
809,30004,TOLSEN CARPET CUTTER KNIFE PVC 9MM 30004,68
810,30005,TOLSEN CARPET CUTTER KNIFE SS 9MM 30005,58
811,3001327,TROLLY WHEEL 3 INCH 63*36 ON TOP 100*85 BLACL NYLONE WITH GREY ,4
812,3001328,TROLLY WHEEL 3 INCH 63*36 BRAKE BLACK NYLON WITH GREY DOUBLE ,6
813,3001341,TROLLY WHEEL 3 IN .63*36 BLA.NYLON WITH GREY D.BEARING ,10
814,30022,TOLSEN AVINIATION CUTTER 10 INCH ,2
815,30022,TOLSEN AVINIATION CUTTER 10 INCH ,-2.000
816,30030,TOLSEN TINMAN SNIP 10 INCH 30030,5
817,3003228,TROLLY WHEEL 3IN.63*36 F100*85 SINGLE MOULDING ,6
818,3004081,TROLLY WHEEL 3IN. 63*36 PLATE ON TOP  BREAK COATING ,3
819,30044,TOLSEN  TOLSEN HOUSE HOLD SCISSOR 8 INCH ,25
820,30045,TOLSEN  KITCHEN SCISSOR  8INCH ,31
821,30045,TOLSEN  KITCHEN SCISSOR  8INCH ,-2.000
822,30049,TOLSEN KITCHEN SCISSOR MULTY PURPOSE 30049,20
823,30052,TOLSEN  HACK SAW FRAME SQUARE TUBE 12 INCH ,9
824,30061,TOLSEN HACK SAW BLADE 10 PCS,68
825,30081,TOLSEN KNIFE 18MM,4
826,30081,TOLSEN KNIFE 18MM,-1.000
827,301679,WASHER -DH24/22VB,2
828,301942,SPRING PDA100M,14
829,301943,LOCK PIN PDA100D,20
830,301944,PUSHING BUTTON  PDA100D,10
831,302,GSH 5 DEMOLITION HAMMER,1
832,302047,WOOD RUFF KEY -PDA100M,8
833,306,SCREW DRIVER T306 STAR ,2
834,307127,MACHINE SCREWM4*12,30
835,307127,MACHINE SCREWM4*12,1
836,3083400,O RING 3083400,-17.000
837,309929,RUBBER BUSHING PDA100M G10SR2(309929),30
838,309929,RUBBER BUSHING PDA100M G10SR2(309929),46
839,309929,RUBBER BUSHING PDA100M G10SR2(309929),6
840,30B,BULL GOLD CUTTING WHEEL 4 INCH ,-154.000
841,30B,BULL GOLD CUTTING WHEEL 4 INCH ,-4265.000
842,30B,BULL GOLD CUTTING WHEEL 4 INCH ,11481
843,30SS,CUTTING WHEEL 4 INCH SSG/B BULLET,250
844,31/2X2,V PULLY ,1
845,310,SCREW DRIVER T608 DOUBLE SIDE,1
846,3100GP,AIR REMOVER NUT ,6
847,31014,TOLSEN FOLDABLE SAW 180 180 7 inch ,10
848,31021,TOLSEN BYPASS PRUNNING SHEAR 8 INCH ,10
849,31046,TOLSEN PRUNNING SAW 14 INCH ,5
850,31046,TOLSEN PRUNNING SAW 14 INCH ,-1.000
851,31070,31070 TOLSEN HAND SAW 16',6
852,31071 ,31071 TOLSEN HAND SAW 18 INCH,6
853,31202,HAND RIVERTER GUN  31202,1
854,31202,HAND RIVERTER GUN  31202,1
855,31206,ALLEN KEY SET MINI,1
856,313,SCREW DRIVER T809,2
857,313777,"BRUSH HOLDER -G10SR2 PDA100M,G10SS",2
858,316484,GEAR COVER -G13SDPDA100M,5
859,316489,"PACKING GLAND PDA100M, G13SD, G13SR3, G1",16
860,3178193,317819-3 BEARING BOX FOR9553NB,1
861,3178216,317821-6 GEAR HOUSING COVER FOR 9556NB,2
862,317822,SPINDLE PDA100M ,3
863,317822,SPINDLE PDA100M ,3
864,317822.,SPINDLE SHAFT PDA100M 317822,3
865,3186827,BEARING BOX MT412 3186827,1
866,3188.,RING TERNIVAL LUG2.5*4MM ,100
867,3189.,RING TERNIMAL LUG 2.5*6MM,100
868,3190.,RING TERMINAL LUG 4*6MM,100
869,3191.,RING TERNIVAL LUG 10*5MM ,100
870,3192.,RING TERMINAL LUG 10*5MM ,50
871,3193.,RING TERMINAL LUG 15*5MM,25
872,319898,FAN GUIDE PDA100M,12
873,319898,FAN GUIDE PDA100M,10
874,32001,TOLSEN STEEL FILE 8 INCH FLAT ,3
875,320234,SPINDLE G18SH2 320234,18
876,320497,"WHEEL WASHER G10SS,G10SR2,320497",14
877,320523,TAPPING SCREW D5X25 320523,5
878,32062,32062 TOLSEN WIRE BRUSH W/H 4 LINES ,2
879,32062,32062 TOLSEN WIRE BRUSH W/H 4 LINES ,-1.000
880,32062,32062 TOLSEN WIRE BRUSH W/H 4 LINES ,-6.000
881,321,CHISSEL 5 KG FLAT,1
882,321451,GEAR -PDA100M,4
883,321452,PINION -PDA100M,3
884,321452,PINION -PDA100M,4
885,322,CHISSEL 5 KG POINT A,1
886,322002,"FAN GUIDE -C7SF,C7SS",1
887,3221.,CIRCLIP HEX 6MM ,10
888,3222.,CIRCLIP HEX 9MM ,10
889,3223.,CIRCLIP HEX 9MM ,10
890,3228.,CIRCLIP HEX 15MM,10
891,322805,DAMPER A-DH24PB2,1
892,3230.,CIRCLIP HEX 17MM,10
893,3233.,CIRCLIP HEX 20MM,10
894,3237.,CIRCLIP HEX 24MM,10
895,3238.,CIRCLIP HEX 75MM,10
896,3243.,CIRCLIP HEX 30MM,10
897,3244.,CIRCLIP HEX 31MM,10
898,3244883,324488-3 SPINDLE FOR MT958,2
899,3245.,CIRCLIP HEX 32MM,10
900,3246699,IMPACT BOLT  HR2810 324669-9,1
901,3248.,CIRCLIP HEX 30MM ,10
902,3249.,CIRCLIP HEX 36MM,10
903,325,PH 65 FLAT (30*410),-1.000
904,3251.,CIRCLIP EXIT 8MM,10
905,325140,HOUSING PDA100M,1
906,325140,HOUSING PDA100M,6
907,325141,TAIL COVER PDA100M,1
908,3252.,CIRCLIP EXIT 9MM,10
909,3253.,CIRCLIP EXT 10MM,10
910,3254.,CIRCLIP EXT 11MM,10
911,3255.,CIRCLIP EXIT 12MM,10
912,3259.,CIRCLIP EXIT 15MM,10
913,326,16KG FLAT BIT  YURI PH65,9
914,326,16KG FLAT BIT  YURI PH65,2
915,3261.,CIRCLIP EXIT 15MM,10
916,3262772,3262277-2 SPINDLE FOR MT410,3
917,3263.,CIRCLIP EXIT 20MM,10
918,3268.,CIRCLIP  EXIT 25MM,10
919,3268281,326828-1 SPINDLE FOR 9506 A,2
920,3269.,CIRCLIP EXIT 25MM,10
921,3270.,CIRCLIP EXIT 27MM,10
922,3271.,CIRCLIP EXT 28MM ,10
923,3273.,CIRCLIP EXIT 30MM,10
924,3275.,CIRCLIP EXIT 32MM,10
925,3278.,CIRCLIP EXT 35MM ,10
926,3279.,CIRCLIP EXT 36MM,10
927,3280,SOCKET 16 A 3 PIN BLUE NIRWAN ,-6.000
928,3281,SWITCH  16 A 3 PIN BLUE NIRWAN ,5
929,328174M,SPINDLE  G10SS2,3
930,328178,GEAR & PENION -G10SS/G10SS2,1
931,328182,PACKING GLAND (BEARING FLANGE G10SS),12
932,3282.,CYLINDER KEY CO2,10
933,329,PUTTY BLADE 3',-1.000
934,330,PUTTY BLADE 4',-1.000
935,33001,TOLSEN PVC PPR CUTTER 3-42 MM 33001,34
936,33002,TOLSEN  PVC PIPE CUTTER  33002,24
937,33002B,TOLSEN PIPE CUTTER BLADE 33002-B,11
938,331,PUTTY BLADE 6' HANDLE,2
939,33100 ,33100 TOLSEN PVC PPR CUTTER 3,14
940,33100 ,33100 TOLSEN PVC PPR CUTTER 3,18
941,33100 ,33100 TOLSEN PVC PPR CUTTER 3,-11.000
942,33100B,TOLSEN PVC PIPE CUTTER BLADE 33100-B,11
943,334,PUTTY BLADE 12' HANDLE,2
944,335,PUTTY BLADE 16' HANDLE,1
945,335247,"O RING DH24PG ,DH24PH ,DH28PC ",2
946,335268,"HAMMER HOLDER  DH24PH ,28PB ,28PCY",1
947,335795,SLEEVE DH28PCY DH24PG ,1
948,338,30 MM MIDAS,-10.000
949,338849,PACKING GLAND G10SS2 338849,12
950,338851,HIKOKI HOUSING G10SS20,1
951,338853,FAN GUIDE -G10SS2,2
952,338854,SLIDE KNOB-G10SS2(338854),7
953,338855,SLIDE BAR G10SS2 (338855),6
954,339,35 MM MIDAS,20
955,339149,SWITCH -G10SS2,3
956,340,PAD LOCK 40MM SINGH,-3.000
957,340649G,"STATOR PDA100M ,125 ",3
958,340L,PAD LOCK 40MM SINGH,-10.000
959,341,padlock 30mm ,-1.000
960,341862,341862-0 INNER RING 36 FOR HM1201,1
961,343639,CENTRE PLATE LS1040 343639-9,2
962,3439,40 MM MIDAS,-3.000
963,344380,CENTER COVER LS1040 344380-7,2
964,3451,SWITCH 16 A  BLUE  NIRWAN ,1
965,3452,SOCKET 16 A BLUE NIRWAN ,5
966,3453,SWITCH  32A 5PIN RED NIRWAN ,9
967,3454,SOCKET 32A  5 PIN RED NIRWAN ,9
968,3466746,BASE MT40 3466746,1
969,3502,CYLINDER,1
970,3503,CONNECTING  ROD 12*78*20,4
971,3504,RING SET STD 42MM 3504,5
972,35043,RIGHT ANGLE  TRY SQUARE 16*24 INCH,9
973,3505,RING SET (PISTON RING ),-1.000
974,3505,RING SET (PISTON RING ),-2.000
975,3507,PISTON 47MM,4
976,3508,TONGUE U TYPE ,50
977,3508,TONGUE U TYPE ,32
978,3508,TONGUE U TYPE ,-20.000
979,35080,TOLSEN TRY SQUARE 10 INCH ,8
980,35080,TOLSEN TRY SQUARE 10 INCH ,-2.000
981,35081,35081 TOLSEN TRY SQUARE 12 INCH ,6
982,3508TU,TONGUE U TYPE ,50
983,3509,SWITCH ,2
984,35099,WINDING ROPE ,185.5
985,3509TN ,TONGUE NAIL TYPE ,92
986,3509TN ,TONGUE NAIL TYPE ,50
987,3510,AIR COMPRESSOR BLADE3510,54
988,3510T,TONGUE BLADE TYPE 3510,50
989,3511,PACKING SET  60 AIR,88
990,3511,PACKING SET  60 AIR,50
991,3511,PACKING SET  60 AIR,18
992,35111,TOLSEN  SPIRIT LEVEL MAGNETIC,22
993,35111,TOLSEN  SPIRIT LEVEL MAGNETIC,-1.000
994,3512,ELBOW AIR 3/8+3/8 3512,18
995,3515,CRANK 42MM AIR COMPRESSOR,9
996,3517,AIR PIPE ,17
997,3517,AIR PIPE ,-2.000
998,3519,COMPRESSOR BODY,6
999,3519,COMPRESSOR BODY,1
1000,352,CLOTH WHEEL 4',5
1001,3521,AUTO CUT KB1 AIR (SWITCH COMPRESSOR),22
1002,35210,TOLSEN MINI SPIRIT LEVEL 9 INCH ,5
1003,3522.,AUTO CUT KB 4 AIR (SWITCH COMPRESSOR ),28
1004,35221 ,TOLSEN SPIRIT LEVEL  16 INCH,10
1005,35223,TOLSEN SPIRIT LEVEL 60CM 24INCH ,6
1006,35223,TOLSEN SPIRIT LEVEL 60CM 24INCH ,-3.000
1007,3526,GATE VALVE 1/4*1/4,4
1008,3527,VALVE ,218
1009,3527,VALVE ,122
1010,3527,VALVE ,-6.000
1011,3531.,CIRCLIP HEX 18MM,10
1012,3535,"PRESSURE GAUGE 1/8""",2
1013,3536,"PRESSURE GAUGE 1/4""",16
1014,3539,VRV VALVE,7
1015,354,OILCAN 1/2 PINT,-2.000
1016,354,OILCAN 1/2 PINT,1
1017,354,OILCAN 1/2 PINT,89
1018,354,OILCAN 1/2 PINT,-12.000
1019,354,OILCAN 1/2 PINT,-12.000
1020,3542, FAN FOR COMPRESSOR ,21
1021,3542, FAN FOR COMPRESSOR ,94
1022,3542, FAN FOR COMPRESSOR ,1
1023,3543,AIR FILTER 1/2 inch ,-1.000
1024,3543,AIR FILTER 1/2 inch ,48
1025,3544.,AIR FILTER ,2
1026,3544.,AIR FILTER ,32
1027,3544.,AIR FILTER ,-1.000
1028,3546,UNLOADING PIPE ,3
1029,3546,UNLOADING PIPE ,3
1030,3549,PACKING SET 2051 AIR ,50
1031,3549,PACKING SET 2051 AIR ,22
1032,3553,CONNECTING ROD 12*76  COMPRESSER,3
1033,3554,REGULATER CROSS VALVE AIR ,-1.000
1034,3557,CYLINDER HEAD ,5
1035,3557,CYLINDER HEAD ,1
1036,3560,REAR COVER AIR,2
1037,3561,REGULATOR VALVE  AIR ,9
1038,3562,REGULATOR WITH WATER FILTER AIR COMPRESSOR ,6
1039,3563,CYLINDER HEAD 25L,2
1040,3572,AIR FILTER ELG AIR 3/4,5
1041,3573, GAUGE COMPRESSOR  AR2000,6
1042,3574,PISTON 48MM 3574,2
1043,3575,WHEEL BOLT AIR ,1
1044,3576,WHEEL,5
1045,358,OILCAN SMALL 1/4PINT,81
1046,358,OILCAN SMALL 1/4PINT,-1.000
1047,358,OILCAN SMALL 1/4PINT,98
1048,3582,RING SET 48MM AIR 3582,3
1049,3583,PACKING SET 2065 AIR,2
1050,3584,PACKING SET ,2
1051,3588,REDUCER NIPPLE ,1
1052,359,OILCAN 3/4,2
1053,359,OILCAN 3/4,48
1054,3594,SWITCH ,6
1055,3594T,TONGUE  BLADE TYPE ,24
1056,3602,L BOW,1
1057,36025,36025 ARIY ABRIZ BROWN FAN ,1
1058,3603,PNEUMATIC BUSH ,1
1059,3605,NRV PIPE ,3
1060,3607,SWITCH ,8
1061,3607TN,TONGUE 550W/750W ,5
1062,361.,RAINBOW 12' CUTTING WHEEL,78
1063,361/1,"MC BLADE 12"" RAIN BOW RED",1
1064,3612,AIR FILTER 1/4 OIL FREE ,-10.000
1065,3618,WHITE FAN ,2
1066,362,13MM CHUCK KEY,-17.000
1067,362,13MM CHUCK KEY,4
1068,362/10,YURI CHUCK KEY 3/8,22
1069,3621,TONGUE OIL FREE 11*31,5
1070,3628,OIL CAP PUSH TYPE 18MM ,12
1071,3629.,AUTOCUT SWITCH COVER FOR COMPRESSOR ,20
1072,363,6MM DRILL CHULK KEY,-8.000
1073,363,6MM DRILL CHULK KEY,6
1074,363/10,DRILL CHUCK KEY 10MM,7
1075,363/10,DRILL CHUCK KEY 10MM,180
1076,36314,CROMPTON WALL FAN ,-1.000
1077,3632,WHITE FAN ,12
1078,364,EMTEX 9096 ROUTER BIT,1
1079,3641,FEMALE PLUG -PF20 3641,39
1080,3641,FEMALE PLUG -PF20 3641,45
1081,3643,QRC FEMALE PLUG 3643,2
1082,3646,HOSE JOINT TEE 08MM MS ,9
1083,3649,QRC HOSE PLUG 6MM  3649,-1.000
1084,3651,HOSE JOINT 08MM MS,105
1085,3651,HOSE JOINT 08MM MS,11
1086,3659,CYLINDER HEAD 50L,2
1087,3672,QRC PLUG 8MM 3672,37
1088,3672,QRC PLUG 8MM 3672,1
1089,3673,AIR FILTER SILVER 3/4,11
1090,3678,CIRCLIP 13MM,50
1091,3681,ADAPTER (HOSE PLUG 8MM ),-1.000
1092,3681,ADAPTER (HOSE PLUG 8MM ),-2.000
1093,3682.,ADAPTER (8MM PLUG ),20
1094,3683,ADAPTER,-4.000
1095,3684,QRC 1/4 INCH THREAD 3684,3
1096,3685,ADAPTER ,-1.000
1097,3686,QRC PLUG 6MM,22
1098,3686,QRC PLUG 6MM,-1.000
1099,3686,QRC PLUG 6MM,1
1100,3687.,QRC MALE PLUG PM-20 NIRWAN 3687,-23.000
1101,3687/20,ADPATER (MALE PLUG PM-20),13
1102,3688,QRC HOSE PLUG 8MM,2
1103,3688,QRC HOSE PLUG 8MM,2
1104,3690,CONNECTIN ROD 12*67 COMPRESSOR ,9
1105,3692,NIPPLE AND NUT ,2
1106,3693,WING OUT NIPPLE ,10
1107,3693,WING OUT NIPPLE ,2
1108,3694.,HOSE NIPPLE 12*10MM,6
1109,3695.,"3/4"" HOSE CONNECTER",15
1110,3696.,HOSE NIPPLE 1/4*8MM,6
1111,3697,CONNECTOR ,10
1112,3698.,VALVE 3698,18
1113,3698.,VALVE 3698,2
1114,37002,CROMTON FAN BROWN 37002,1
1115,37039,37039 HIGH SPEED FAN 900MM CROMTON ,1
1116,3704,SAFTY VALVE ,5
1117,3708,RING SET 51MM 3708,6
1118,3712,PISTON 51MM,1
1119,3721,"AIR DISCHARGE HOSE D-22/1/2""",2
1120,3722,"AIR DISCHARGE HOSE D-24*1/2""",2
1121,3726,AIR FILTER  ELG AIR 3/8,-1.000
1122,3728,PACKING SET 42MM *3501,2
1123,3734.,HOSE CLIP BUTTER FLY 1 INCH ,162
1124,3734.,HOSE CLIP BUTTER FLY 1 INCH ,-3.000
1125,3735.,HOSE CLAMP BUTTER FLY 1 INCH ,-128.000
1126,3737.,FAN BLOWER ,9
1127,373779,WHEEL NUT M14,2
1128,374074,PISTON 374074,2
1129,374093,AIR GUIDER 374093,1
1130,374854,PLASTIC KNOB BUTTON BLOCK ,1
1131,374855,PLASTIC KNOWB BUTTON ,1
1132,374867,ORING FOR ANVIL DH22PBS,4
1133,374875,STRICKER ORING ,4
1134,374876,CYLINDER -DH22PBS ,2
1135,374883,HAMMER MODE PLATE -DH22PBS ,1
1136,374897,MIDDLE COVER ,1
1137,374908,CARBON BRUSH  DH22PBS374908,13
1138,374911,SWITCH -DH22PBS,1
1139,375753,BRUSH CAP M6ST PDA100M 375753,12
1140,375770,ADJUSTMENT KNOB M6ST 375770,4
1141,3761.,VALVE PLATE ASSY SMALL,10
1142,3770,PISTON 42MM,6
1143,3775.,AIR FILTER MS 1/2,11
1144,3780.,GATE VALVE 1/4*8M,6
1145,3785.,ELBOW AIR 3/8 +3/8 BRASS 3785,17
1146,378511,CARBON BRUSH FOR 11E HMH60A 378511,50
1147,3789.,HOSE NIPPLE 1/2 INCH 10MM ,6
1148,3794.,HOSE NIPPLE 1/2*10MM,6
1149,3795.,HOSE NIPPLE 3/8*10MM ,6
1150,3796,GATE VALVE 1/4*10M,10
1151,38*6FT,SS SCREW OMNI 38*6 FT,140
1152,38.,CONCRETE41/2 BULLET BLACK 108MM,152
1153,38.,CONCRETE41/2 BULLET BLACK 108MM,44
1154,38.,CONCRETE41/2 BULLET BLACK 108MM,-46.000
1155,38.,CONCRETE41/2 BULLET BLACK 108MM,8
1156,38.,CONCRETE41/2 BULLET BLACK 108MM,8
1157,38050,TOLSEN ADJ.WIRE STRIPPER ,8
1158,38054,TOLSEN CRIMPING PLIER RATCHET ,4
1159,380826,DRILL BIT SET 1 TO 13MM A,2
1160,38114,TOLSEN  VOLTAGE TESTER SMALL 38114,18
1161,38115,TOLSEN VOLTAGE TESTER BIG  38115,3
1162,3835.,GATE VALVE  1/4 INCH NEW ,196
1163,3840.,NIPPLE GA CONNECTER 38401/2*1/2,24
1164,3848,NIPPLE AND NUT 10MM BRASS 3848,26
1165,3849,NIPPLE AND NUT 1/2 10MM BRASS,29
1166,3850,NIPPLE AND NUT 8MM BRASS,16
1167,3851,NIPPLE &NUT-3/8 8MM BRASS ,27
1168,3858.,NRV VALVE 10-18-20MM  NIRWAN ,28
1169,3870.,NIPPLE 1/4*3/8 BRASS 3870,23
1170,3871.,REDUCER BUSH 1/4*1/8 INCH BRASS,10
1171,3872.,REDUCER BUSH 3/8 TO 1/4 BRASS ,10
1172,3873.,REDUCER BUSH 1/2 TO 1/8 BRASS ,10
1173,3874.,REDUCER BUSH 1/2 *1/4 INCH BRASS ,10
1174,3875.,REDUCER BUSH 1/2*3/8 INCH BRASS ,10
1175,3876.,REDUCER BUSH 3/4*1/4 BRASS ,10
1176,3877.,REDUCER BUSH 3/4 TO 3/8 BRASS,10
1177,3878.,REDUCER BUSH 3/4 INCH TO 1/2 BRASS,10
1178,3880.,HOSE NIPPLE 1/4 INCH *10MM ,6
1179,3881.,HOSE NIPPLE 3/8 INCH  8MM ,6
1180,3882.,HOSE NIPPLE 1/4 INCH 10MM ,6
1181,3883.,HOSE NIPPLE 3/8*8MM,6
1182,3884.,HOSE NIPPLE 3/8*10MM ,6
1183,3885.,STRAIGHT JOINT 5/16 BRASS -8,10
1184,3886.,STRAIGHT JOINT 3/16 BRASS ,10
1185,3887.,STRAIGHT JOINT 3/8 INCH BRASS,10
1186,3888.,STRAIGHT JOINT 1/4 BRASS ,10
1187,3889.,STRAIGHT JOINT 1/2 INCH BRASS ,10
1188,388L,DIE GRIDER IDEL 388L,5
1189,389.,SILICON SEALANT GREY ,3
1190,3890.,T JOINT 1/4 INCH BRASS ,10
1191,3891.,T JOINT 3/16 BRASS ,10
1192,3892.,T JOINT 5/16 INCH BRASS ,10
1193,3893.,T JOINT 3/8 INCH BRASS ,10
1194,3894.,CROSS JOINT 1/4 INCH BRASS ,10
1195,3895.,CROSS JOINT 5/16 INCH BRASS ,10
1196,3896.,CROSS JOINT 3/8 INCH  BRASS ,10
1197,3897.,NIPPLE 3/8*1/2 BRASS,25
1198,3898.,NIPPLE BRASS GA CONNECTER 38981/4*1/2,25
1199,39.,CONCRETE CUTTER 5 INCH  BULLET BLACK,-76.000
1200,39/1,CONCRETE CUTTER 5 INCH  BULLET BLACK,454
1201,3905.,VACCUM CLEANER DUST BAG 28*25 CM ,5
1202,3906.,V CLEANER DUST BAG 30*25CM ,5
1203,3907.,VACCUM CLEANER DUST BAG ,5
1204,3923.,vaccum cleaner nozzle 44 mm,2
1205,3924.,VACCUM CLEANER NOZZLE 35 MM ,-1.000
1206,3924.,VACCUM CLEANER NOZZLE 35 MM ,1
1207,3925.,VACCUM CLEANER BRUSH HEAD 44MM,1
1208,3926.,VACCUM CLEANER BRUSH HEAD 35 MM ,1
1209,3935.,VACCUM CLEANER WATER BRUSH ,2
1210,3936.,VACCUM CLEANER AIR FILTER 120*115*70,5
1211,399044,CARBON BRUSH-44,2
1212,3BRS,BIG ROUND SHOVEL ,6
1213,3FV,FOOT VALVE PVC 3 INCH,2
1214,3HL,HOSE CLIP,-2.000
1215,3JAW,GREASE GUN ADAPTER MEDIUM ,21
1216,3LB,SLEDGE HAMMER 3LB (W.H.H.F),4
1217,3LB,SLEDGE HAMMER 3LB (W.H.H.F),1
1218,3LB/1..,SLEDGE HAMMER  3LB,1
1219,3LCH,ALCO CHAIR LADDER 3STEP,1
1220,3LSS,A TYPE LADDER 3STEP,2
1221,3MK,3MULLU KAIMANTHI (WEEDING FORK ),2
1222,3PINTG,20083 CUB 16A 3 PIN TOP ,-31.000
1223,3PL16,16AMP SOCKET,499
1224,3PL16,16AMP SOCKET,534
1225,3PL16,16AMP SOCKET,14
1226,3RD,"MS SHEET CUTTING (DUMMY PLATE 3"")",10
1227,3RMSB,E-RAINBOW-CUP BLADE 3INCH  SEG ,2
1228,3WP,3WLumenexLedPrimeLedBulb/ColorWhite,-1.000
1229,3X2A,3X2A V PULLY ,1
1230,3X2B,V PULLY ,2
1231,4+4/5M,POWER CABLE ,1
1232,40.,CONCRETE BLADE SEGMENT 4 INCH GREEN ,-3.000
1233,4000219,TROLLY WHEEL 63*46 F.HOLDER VIRGIN NYLON WHEEL WITHOUT DUST COVER,16
1234,4000219,TROLLY WHEEL 63*46 F.HOLDER VIRGIN NYLON WHEEL WITHOUT DUST COVER,2
1235,4001.,ORING3*2MM,47
1236,4001443,TROLLY WHEEL 4IN. 63*46 F.HOLDER BLACK WHEEL WITHOUT DUST COVER ,14
1237,40016,TOLSEN WALL SCAPPER 4 INCH ,1
1238,40016,TOLSEN WALL SCAPPER 4 INCH ,-1.000
1239,4002,ORING4*2MM,36
1240,4003.,ORING5*2MM,-2.000
1241,4004.,ORING6*2MM,36
1242,4005.,ORING7*2MM,16
1243,4005917,TROLLY WHEEL 4IN. 63*46 PLATE ON TOP WITHOUT DUST COVER ,48
1244,4006.,ORING8*2MM,1
1245,4006.,ORING8*2MM,24
1246,4007.,ORING10*2MM,13
1247,4007.,ORING10*2MM,1
1248,4008.,ORING10*2.5MM,-11.000
1249,4009.,ORING11*2.5MM,10
1250,4010.,ORING 4010,38
1251,401006,SDS HAMMER DRILL BIT 6*110 ,10
1252,401007,SDS HAMMER DRIL BIT HIKOKI 401007,65
1253,401030,BULL POINT HEX.280MM 401030,40
1254,401031,BULL POINT  HEX 450MM H41SST,11
1255,401037,COLD CHISEL HEXX280MM H41SST ,36
1256,401037,COLD CHISEL HEXX280MM H41SST ,-2.000
1257,401039,COLD CHISEL HEX 450MM H41SST,10
1258,4011.,ORING12*2.5MM,11
1259,4011286,TROLLT WHEEL 4 IN. 63*46 BREAK BLACK NYLON INSERT WITH GREY ,2
1260,4012.,ORING14*2.5MM,130
1261,4013.,ORING ,-10.000
1262,401346,BULL POINT  SDS MAX 400MM ,62
1263,401346,BULL POINT  SDS MAX 400MM ,-4.000
1264,401346,BULL POINT  SDS MAX 400MM ,-1.000
1265,401349,COLD CHISEL 400MM SDS MAX ,47
1266,401349,COLD CHISEL 400MM SDS MAX ,3
1267,401349,COLD CHISEL 400MM SDS MAX ,-14.000
1268,401349,COLD CHISEL 400MM SDS MAX ,5
1269,4014.,ORING N,16
1270,4015.,ORING ,11
1271,4016.,ORING ,-2.000
1272,4027.,ORING ,12
1273,402770Z,SCREW DRIVER BIT PH2 65MM,-39.000
1274,4028,ORING ,17
1275,4029.,ORING,20
1276,4030,ARMATURE GRINDER ,1
1277,403042,HIKOKI FLAP DISK 80 403042Z,60
1278,403043,HIKOKI FLAP DISK 120 403043,3
1279,403043,HIKOKI FLAP DISK 120 403043,-3.000
1280,4031.,COMMON RING ,23
1281,4032.,ORING9*2MM,4
1282,4040,ORING2X1MM,29
1283,4041,ORING3X1MM,30
1284,4042,ORING4X1MM,32
1285,4043.,ORING5X1MM,38
1286,4044,ORING6*1MM,30
1287,4050103003,STANLEY STHM5KH IN ORING,12
1288,4050106005,BRUSH PAIR STHM10K,2
1289,40503017,O RING STHM,5
1290,4050306001,CARBON BRUSH ,9
1291,4050307001,BRUSH HOLDER STHM5KH-IN,4
1292,4070.,O RING 1.5 MM ,23
1293,41.,CONCRETE CUTTER 4'' BULLET RED,-1.000
1294,41.,CONCRETE CUTTER 4'' BULLET RED,45
1295,41012,TOLSEN  STEEL GURMALA  PLAIN (PATHRA),12
1296,41012,TOLSEN  STEEL GURMALA  PLAIN (PATHRA),1
1297,41013,41013 STEEL GURMALA WITH TEETH ,12
1298,41031,TOLSEN GLASS CUTTER 178MM,20
1299,4114786,411478-6 SWITCH BUTTON LS1040,6
1300,412049,412049-2 PISTON RING 40 FOR HM1201,2
1301,412226,MOTOR HOUSING FOR M9513B 412226-6,2
1302,412226,MOTOR HOUSING FOR M9513B 412226-6,1
1303,413U97,MOTOR HOUSING M9509B  413U97,1
1304,4141406601,BRUSH PAIR STGS9100-IN 4141406601,3
1305,414546,414546-4 CAM FOR LS1040 BOX ,4
1306,4159990,SWITCH LEVER FOR LS1040 415999-0,5
1307,416000,416000-4 LOCK OFF LEVER FOR LS1040,5
1308,416003,SAFTY COVER LS1040 416003,1
1309,4176281,4176281 CAP FOR HR2020,2
1310,417771,417771-6 PIN CAP FOR 9553NB ,12
1311,4180165,418016-5 SWITCH KNOB MT951,1
1312,4187256,4187256 MOTOR HOUSING FOR 9557NB,2
1313,418794,MOTOR HOUSING  FOR 9553NB,1
1314,4187963,SWITCH LEVER C FOR  9553NB ,-1.000
1315,4191928,LOCK BUTTON HR2230 4191928,1
1316,4195663,SWITCH KNOB FOR 9553NB 419566-3,22
1317,419589,419589-1CAP FOR 5377 MG ,7
1318,4196663,SWITCH BUTTON 4196663,4
1319,42.,CONCRET CUTTER 5 INCH BULLET RED,154
1320,420/7,VELCRO BACKING PAD 7'',3
1321,42017,TOLSEN CHALK LINE POWER ONLY BLUE  42017,4
1322,42018,TOLSEN CHALK LINE POWER ONLY RED 42018,10
1323,421,Blind Rivet 1 Bullet,75
1324,421868,LABYRINNTH RUBBER RING 19 FOR GA4032,4
1325,4219550,CUSHION RING HR2810 421955-0,1
1326,4219550,CUSHION RING HR2810 421955-0,1
1327,422768,LABYRINTH RUBBER RING 19 422768-2,20
1328,4240610601,STANLEY STSP125-IN GEAR 4240610601,2
1329,4240610602,STANLEY GEAR PINION STSP125-IN,1
1330,42431,ALTECH CONNECTER SOCKET 32A 3 PIN 42431,7
1331,42432,ALTECH 3 PIN PLUG 32A 42432 323P44,4
1332,42446,ALTECH  PANEL ANGLE SOCKET 63A 42446,1
1333,42447,ALTECH  5 PIN PLUG 63A 42447,1
1334,42452,ALTECH 16AMP 3 PIN PLUG 42452 163P44,9
1335,42475,ALTECH SOCKET CONNECTER 16AMP 42475,10
1336,43,"THIN TURBO 4"" YELLOW ",39
1337,43/1,THIN TURBO YELLOW 4 INCH,248
1338,43/1,THIN TURBO YELLOW 4 INCH,-1.000
1339,43001,TOLSEN  HAND RIVERTER GUN ,11
1340,43001,TOLSEN  HAND RIVERTER GUN ,2
1341,43003,"TOLSEN HAND RIVETER,RIVET GUN",-2.000
1342,43003,"TOLSEN HAND RIVETER,RIVET GUN",9
1343,4301085,TROLLY WHEEL 4IN.85*65 PLATE WELDED CASTERLEG3MM BREAK BLACK ,38
1344,4301085,TROLLY WHEEL 4IN.85*65 PLATE WELDED CASTERLEG3MM BREAK BLACK ,4
1345,43020 ,TOLSEN STAPLER GUN,6
1346,43024,TOLSEN  STAPLER PIN .7*843024,-16.000
1347,43024,TOLSEN  STAPLER PIN .7*843024,10
1348,43024,TOLSEN  STAPLER PIN .7*843024,125
1349,43025 , TOLSEN STAPLER PIN .7*10,94
1350,43025 , TOLSEN STAPLER PIN .7*10,-1.000
1351,43096,TOLSEN HAND RIVERTER 13 INCH ,3
1352,43099,"TOLSEN HAND RIVERTER 8 INCH FOR ALU,STEEL ",2
1353,433.,11E POINT CHISEL  18*400,3
1354,436.,DRILL CHUCK 13M BULLET,3
1355,440,Chainsaw File 4 Mm  o,7
1356,444.,WIRE BRUSH 5R BULLET,-11.000
1357,444.,WIRE BRUSH 5R BULLET,42
1358,444.,WIRE BRUSH 5R BULLET,-12.000
1359,444.,WIRE BRUSH 5R BULLET,-5.000
1360,444MAF,WIRE BRUSH 5R PVC MAF,4
1361,449.,EARTH CLAMP,-1.000
1362,449.,EARTH CLAMP,26
1363,44945,TOLSEN WELDING CHIPPING HAMMER ,5
1364,449A,EARTH CLAMP 400 AMP AREFLOW ,16
1365,449IN,E SUPER EARTH CLAMP 400AMPS,-5.000
1366,449L,EARTH CLAMP LIMCO,-17.000
1367,449L,EARTH CLAMP LIMCO,26
1368,449LI,EARTH CLAMP LIMCO INSULATED,14
1369,449LI,EARTH CLAMP LIMCO INSULATED,-20.000
1370,44P,THIN TURBO 4'' PINK,4
1371,45.,GENERAL PURPUS  BLADE 4 INCH ,2
1372,4506199,450619-9 GEAR HOUSING FOR HP1630 DRILL BOX,1
1373,45085,TOLSEN WELDING HELMET SHIELD 45085,2
1374,45086 ,45086 TOLSEN WELDING HELMET,1
1375,45182 ,45182 TOLSEN WELDING FACE SHIELD ,-2.000
1376,452.,8MM PVC AIR BRIDED HOSE (COMPRESSOR HOSE )SILVERLON,23
1377,452.,8MM PVC AIR BRIDED HOSE (COMPRESSOR HOSE )SILVERLON,546
1378,452.,8MM PVC AIR BRIDED HOSE (COMPRESSOR HOSE )SILVERLON,27
1379,452.,8MM PVC AIR BRIDED HOSE (COMPRESSOR HOSE )SILVERLON,1.25
1380,452/1,COMPRESSOR HOSE DARK BLUE ,-11.000
1381,452/1,COMPRESSOR HOSE DARK BLUE ,4
1382,452/2,ELEPHANT PVC BLUE CLEAR HOSE ,-10.000
1383,452/3,8MM PVC BRAIDED AIR HOSE (COMPRESSOR HOSE),-74.250
1384,452/M,MAYURFLEX BRIDED HOSE 8MM ,17
1385,4543753,CHANGE LEVER M0801 454375-3,1
1386,4571221,457122-1 BEARING RETAINER FOR M9506,2
1387,4571360,SWITCH LEVER FOR M9509B ,4
1388,4577934,457793-4 BAFFLE PLATE FOR 9553 NB ,8
1389,458.,CUTTING WHEEL 14 INCH  BULLET ,144
1390,458.,CUTTING WHEEL 14 INCH  BULLET ,-39.000
1391,458G,CUTTING WHEEL 14'' BULLET MS,-2.000
1392,461.,Plier 6.5 Side Cutter,1
1393,462,Water Pump Plier,1
1394,472,Screw Driver Set K585,1
1395,474,T Socket Spanner 8 Mm,2
1396,475,T SPANNER 10MM,8
1397,47G,"CUTTING BLADE ECO GREEN 4""",16
1398,480,Tool Box With 5 Cmprt,1
1399,480B,TOOL BOX 17X9X9,-1.000
1400,481,MULTY WRENCH PIIER,1
1401,482,Knotted Cup Brush 3 Inch,-4.000
1402,484.,Adjustable spanner 6 Inch,-1.000
1403,486/10,ADJUSTABLE WRENCH 10 INCH SWAMI ,57
1404,491,Pipe Wrench 18 Inch / 450,-1.000
1405,491J,PIPPE WRENCH 18 INCH J,1
1406,495.,Tubular Box Spanner 12*13,2
1407,497.,Tubular Box Spanner 18*19,3
1408,498.,Tubular Box Spanner 20*22,-1.000
1409,4BYRS,SHOVEL BABY ROUND ,5
1410,4BYSS,SHOVEL BABY SQUARE ,1
1411,4FV,FOOT VALVE 4 INCH ,4
1412,4JAW,GREASE ADAPTER 4 JAW HEAVY ,21
1413,4LB,SLEDGE HAMMER 4LB(W.H.H.F),1
1414,4LB/1,HAMMER,1
1415,4LCH,ALCO CHAIR LADDER 4 STEP ,2
1416,4LSS,SELF SUPPORT DOUBLE SIDE LADDER 4,1
1417,4MK,4 MULLU KAIMANTHI ,2
1418,4MULLU,WEEDER SMALL 4 MULLU,14
1419,4PDA100M,Angle Grinder 4pad100m Hitachi,2
1420,4RD,"MS SHEET CUTTING (DUMMY PLATE 4"")",4.8
1421,4'RMB,"RAINBOW CERAMIC BLADE 4""(SEG BLACK )",84
1422,4'RMB,"RAINBOW CERAMIC BLADE 4""(SEG BLACK )",-1.000
1423,4'RMB,"RAINBOW CERAMIC BLADE 4""(SEG BLACK )",186
1424,4'RMB,"RAINBOW CERAMIC BLADE 4""(SEG BLACK )",-1.000
1425,4'rmb/1,"RAINBOW CERAMIC BLADE 4""(SEG BLACK )",-34.000
1426,4'RMBL.,RAINBOW MARBLE CUTTING BLACK,73
1427,4'RMBL.,RAINBOW MARBLE CUTTING BLACK,64
1428,4RMCB, RAINBOW CUP BLADE 4INCH GREEN ,92
1429,4'RMSB,"RAIN BOW TURBO BLADE 4"" GREEN",7
1430,4SBC,4 strock brush cutter SUPER STEEL,1
1431,4X2A,V PULLY,3
1432,4X2B,V PULLY ,2
1433,5*30LB,BOLT,16
1434,50.,MC BLADE 8'',3
1435,5000001,TROLLY WHEEL 5 INCH 63*46 PLATE 100*85 FORMED RIVET BRAKE COATING ,34
1436,5000219,TROLLY WHEEL 5IN.63*46 F.HOLDR VIRGIN NYLON WHEEL,6
1437,5001.,ROUTER BIT 5001,19
1438,5001443,TROLLY WHEEL 5IN. 63*46 F.HOLDR BREAK BLACK ,8
1439,5002.,ROUTER BIT 5002 1/4,47
1440,5003.,ROUTER BIT 5003,-3.000
1441,5003RB,IDEAL ROUTER BIT 5003 RB,50
1442,5003RBL,IDEAL ROUTER BIT 5003,20
1443,5003T,ROUTER BIT ,101
1444,5004.,ROUTER BIT,159
1445,5004T,TRIMMER BIT 5004T,70
1446,5004TB,BULLET ROUTER BIT 5004T,20
1447,5009028,TROLLY WHEEL 5 INCH 63*46 SINGLE BEARING FULL PLASTIC DUST COVER ,30
1448,5009029,TROLLY WHEEL 5 INCH 63*46 BLACK NYLON INSERT ,22
1449,5011082,TROLLY WHEEL 5IN.63*46 F.HOLDR BREAK B.NYLON INS.WITH GREY,8
1450,507,De Spanner 24*27,1
1451,50771,50771 LED EMERGENCY BULB 9W LEDVANCE,7
1452,50771,50771 LED EMERGENCY BULB 9W LEDVANCE,-1.000
1453,509573,HAND SHOWER 8MM 509573,1
1454,50LEG,CABLE LEG SMALL,-2.000
1455,50LEGS,CABLE LEG COPPER MEDIUM,92
1456,50LEGS,CABLE LEG COPPER MEDIUM,5
1457,51106B,TOOL SPARE BEARNG 51106,2
1458,51107,BEARING 51107,2
1459,514/,Ring Spanner 30*32,1
1460,5152892,515289-2 ARMATURE 240V  HR2470 HAMMER DRILL,2
1461,5152892,515289-2 ARMATURE 240V  HR2470 HAMMER DRILL,2
1462,5152892,515289-2 ARMATURE 240V  HR2470 HAMMER DRILL,3
1463,5156692,ARMATURE HR2020 5156692 HAMMER DRILL ,1
1464,5177945,ARMATURE FOR GA7020 5177945,2
1465,5200,GASKET SET 58CC,1
1466,5260683,526068-3 FIELD FOR LS1040 RAK 2A ,1
1467,52663,DENT PULLER  MIRROR PULLER TRIPPLE 52663,2
1468,531.,MINI HACK SAW FRAME,2
1469,532.,Cobbler Pincer 6 Inch,1
1470,533.,Cobbler Pincer8 Inch,-1.000
1471,534,ATCO BALL PEN HAMMER 500G,1
1472,540,Screw Driver 6*125 flat,1
1473,542.,Screw Driver Green,-1.000
1474,544.,Carbon Brush Set Bosch 1607014145,18
1475,544.,Carbon Brush Set Bosch 1607014145,18
1476,545.,Carbon Brush Set Bosch1619P01777,21
1477,546.,Carbon Brush GWS 600,-1.000
1478,547.,1619P10371 CARBON BRUSH SET ,110
1479,55133,55133 TOLSEN PAD LOCK 32MM,10
1480,55134,55134 TOLSEN PAD LOCK  38MM ,6
1481,55135,55135 PAD LOCK 50MM,12
1482,55135,55135 PAD LOCK 50MM,-1.000
1483,55136,55136 PADLOCK 63MM,12
1484,555,fiber tape 15 mt eti,5
1485,57101,TOLSEN GARDEN SPRAY GUN ADJUSTABLE NOZZLE ,2
1486,57292,TOLSEN PRESSURE SPRAYER 5 LTR 57292,15
1487,575,1/4msnry Drill Bit 605,1
1488,582,38 Flat Wood Bit 38 Mm Bullet,5
1489,585,8 Flat Wood Bit 8 Mm,4
1490,586,Flat Wood Bit 14 Mm Golden Bullet,2
1491,5DP100,VELCRO FIBER DISK 100 5 INCH ,544
1492,5DP100,VELCRO FIBER DISK 100 5 INCH ,252
1493,5DP100,VELCRO FIBER DISK 100 5 INCH ,-24.000
1494,5DP120,VELCRO FIBER DISK 120 5 INCH,113
1495,5DP60,VELCRO FIBER DISK XTRAPOWER 60,512
1496,5DP80,VELCRO FIBER DISK 80 5 INCH XTRAPOWER,294
1497,5GL,E YURI DC WHEEL 4''X6MM (GREEN),6
1498,5KGBALL,STEEL BALL,55
1499,5KGORINGSET,INGCO 5KG ORING SET ,3
1500,5KGR,SLEEVE,2
1501,5KGRODE,INGCO 5KG CONNECTING RODE,1
1502,5KGSTRIKER,INGCO 5KG STRIKER ,1
1503,5LBMPT,YAYSREE 5LB MAGNETIC PICK UP TOOL ,2
1504,5LSS,SELF SUPPORT DOUBLE SIDE LADDER 5,-2.000
1505,5LSS,SELF SUPPORT DOUBLE SIDE LADDER 5,1
1506,5LSS,SELF SUPPORT DOUBLE SIDE LADDER 5,-2.000
1507,5LSS,SELF SUPPORT DOUBLE SIDE LADDER 5,-1.000
1508,5MK,5 MULLU KAIMANTHI,-2.000
1509,5MK/1,HAND FORT SMALL 5 MULLU,2
1510,5WP,5WLumenexPrimeLedBulb/ColorWhite,-1.000
1511,6000021,TROLLY WHEEL 6IN.93*60*3 F.HOLDRBREAK EG COATING VIRGIN,2
1512,6000100,TROLLY WHEEL 6 INCH 93*60 PLATE 140*110 RIVET BRAKE COATING ,1
1513,6000102,TROLLY WHEEL 6IN.93*60*3 F.HOLDDIE CAST BLACK RUBBER ,4
1514,6000160,TROLLY WHEEL 6 INCH 93*60 PLATE 110*140 CASTORE WITH BRAKE COATING ,1
1515,6000161,TROLLY WHEEL 6 INCH 93*60 PLATE 110*140 CASTOR BRAKE COATING ,5
1516,6000166,TROLLY WHEEL 6IN.93*60*3 ADD REVERT BREAK RESIN HIGH WHEEL,4
1517,6000204,TROLLY WHEEL 6IN.93*60*3 BLACK NYLON INSERT GREY OVER MOLDED,2
1518,60050 ,60050 WORKING LIGHT 5M,1
1519,60051,60051 WORKING LIGHT 10 M ,1
1520,60513,3 PIN PLUG TOP 16A 60513,40
1521,60513,3 PIN PLUG TOP 16A 60513,-40.000
1522,60513,3 PIN PLUG TOP 16A 60513,-174.000
1523,60514,60514 16AMP 3PIN PLUG TOP STANDARD,-1.000
1524,60514,60514 16AMP 3PIN PLUG TOP STANDARD,1
1525,60514,60514 16AMP 3PIN PLUG TOP STANDARD,1
1526,60517,BATTEN HOLDER 60517,25
1527,60518,HOLDER PENDANT  60518,69
1528,60518,HOLDER PENDANT  60518,37
1529,6052.,FITTINGS COUPLER 6052,1
1530,60533,60533 6A/16A 3 PIN MULTI ADAPTOR-STANDARD,36
1531,60535,MCB 25A 3M  STANDRD 60535,1
1532,6054.,FITTINGS COUPLER 6054,2
1533,60547,MCB 32A  POWER SHIELD STANDARD 60547,6
1534,6056.,FITTINGS COUPLER 6056,1
1535,6058.,FITTINGS COUPLER 6058,2
1536,607B,GROOV BALL BEARING 607-1619P11239,50
1537,608,B133a Thread Bolt Marble Cutter,-2.000
1538,608B, 1619P13103  GROOVE BALL BEARING 608 ,2
1539,610,Spary Gun 1 Pint Ss Cup,4
1540,6-100,Spanner for Ag6-100 Bullet,-3.000
1541,611.,Sai Welding Machine Arc 200zx7,7
1542,611/MMA200,SAI WELD MACHINE ARC200 MMA IGBT (2018056702),15
1543,611MIG160E,SAI WELDING MACHINE NIG 160E ROUND,1
1544,611MIG205,SAI WELDING MACHINE MIG205 SYN ROUND ,3
1545,611MINI/IGBT,SAI WELDING MACHINE ARC200 IGBT MINI ,3
1546,611MINI200,SAI WELD MACHINE MINI 200 SMALL,4
1547,611TG,SAIWELD MACHINE TIG200 WS IGBT,1
1548,612,Chainsaw Himax 58 Cc New,1
1549,614,Self Support Ds Ladder 03,2
1550,61849,SCREW DRIVER,1
1551,61851,SCREW DRIVER,1
1552,621.,BACK LIFT LADDER 6,3
1553,621.,BACK LIFT LADDER 6,3
1554,621.,BACK LIFT LADDER 6,1
1555,621.,BACK LIFT LADDER 6,-2.000
1556,621.,BACK LIFT LADDER 6,1
1557,62237,TOLSEN LUGGAGE ROPE 24 INCH ,24
1558,62239,TOLSEN LAGGAGE ROPE 48 INCH ,18
1559,62240,TOLSEN LUGGAGE ROPE 72 INCH ,8
1560,62269,SCREW DRIVER STAR 300,3
1561,62661,TOLSEN DENT PULLER MIRROR PULLER SINGLE 62661,7
1562,62662,TOLSEN DENT PULLER MIRROR PULLER DOUBLE,6
1563,62663,TOLSEN  DENT PULLER  MIRROR PULLER DOUBLE ,11
1564,62683,TOLSEN STEEL LADDER 3 STEP ,1
1565,62684,TOLSEN STEEL LADDER 4 STEP ,5
1566,62685,TOLSEN STEEL LADDER 5 STEP ,3
1567,62685,TOLSEN STEEL LADDER 5 STEP ,-1.000
1568,627.,FREEMANS 50MTR TAPE ,102
1569,6304.,NIPPLE AND NUT 8MM IMPO,18
1570,631/1,TCT BLADE 5X30T BULLET,271
1571,631/1,TCT BLADE 5X30T BULLET,-21.000
1572,631/1,TCT BLADE 5X30T BULLET,-36.000
1573,633,COTTON MASK GREEN,1268
1574,634.,RIVERT 3.2*12.5,4258
1575,634.,RIVERT 3.2*12.5,-10.000
1576,6348SPX,IMPACT SCREWDRIVER SET,2
1577,638.,HACKSAW BLADE12*1/2 ESTMAN,40
1578,6385006,BRUSH HOLDER 638500-6,1
1579,640,"C CLAMP  4""",1
1580,643650,643650-4 HOLDER CAP FOR  LS1040 BOX,10
1581,6437500,643750-0 BRUSH HOLDER CAP MT410,9
1582,6437500,643750-0 BRUSH HOLDER CAP MT410,17
1583,65010,TOLSEN GEAR PULLER 3 JAW 6 INCH 65010,2
1584,65011,65011 GEAR PULLER 3 JAW 4 INCH ,6
1585,65012 ,TOLSEN  GEAR PULLER 3 JAW 6 INCH ,2
1586,65012 ,TOLSEN  GEAR PULLER 3 JAW 6 INCH ,1
1587,65013,TOLSEN  GEAR PULLER 3 JAW 8 INCH 65013,3
1588,651941,651941-9   SWITCH FOR LS1040,2
1589,651941,651941-9   SWITCH FOR LS1040,1
1590,651947,SWITCH FOR 9526651947,4
1591,65200.,TOLSEN GREESE GUN 500G ,2
1592,653.,FIELD GDC120-121 1619P08330,5
1593,65390,TOLSEN BOTTLE JACK 2T,1
1594,65392,TOLSEN BOTTLE JACK 4 T ,2
1595,65393,TOLSEN BOTTLE JACK 6T 65393,2
1596,65393,TOLSEN BOTTLE JACK 6T 65393,1
1597,65395,TOLSEN BOTTLE JACK 10 TON ,2
1598,65397,TOLSEN BOTTLE JACK 20 T,1
1599,654.,Armature POS 803Set 1619p10368,6
1600,654.,Armature POS 803Set 1619p10368,6
1601,654.,Armature POS 803Set 1619p10368,1
1602,65421,65421 TOLSEN BOTTLE JACK 32 TON,1
1603,65422,65422 TOLSEN BOTTLE JACK 50 TON,1
1604,65462,TOLSEN  HYDROLIC TROLLEY JACK 2 TON,1
1605,65463,TOLSEN  HYDROLIC TROLLY JACK 3 TON,2
1606,655,Armature 1604010626,2
1607,656,Field 1604220328,1
1608,658,Carbon Brush Set 1607014171,1
1609,65LS,BIT LOCK ,15
1610,660.,SDSPLUS HAMMER DRILL BIT 6*160 2608680263,-2.000
1611,66005,66005 TELES PICK UP TOOL SET LIGHT+GLASS,-1.000
1612,661.,6*210 bosch drill bit,-2.000
1613,661244,GEAR CASE DW801ORG,3
1614,662.,7-110 bosch drill bit,18
1615,664.,SDSPLUS HAMMER DRILL BIT 8*110 2608680269,-1.000
1616,667.,SDSPLUS HAMMER DRILL BIT 8*260 (272),1
1617,668,SDSPLUS HAMMER DRILL BIT10*160,2
1618,669.,2608680274  10*150 MM DRILL BIT BOSCH,-3.000
1619,672.,SDSPLUS HAMMER DRILL BIT 12*210,26
1620,675., 2608644274  Cir Saw Blade Ec Wo 110*20 bosch,81
1621,677.,BOSCH TCT BLADE 5 INCH 40 TEETH 2608644275,13
1622,677.,BOSCH TCT BLADE 5 INCH 40 TEETH 2608644275,13
1623,677.,BOSCH TCT BLADE 5 INCH 40 TEETH 2608644275,-1.000
1624,678.,Cir Saw Blade 180*25 2608644278,4
1625,68.,FLAP WHEEL 4INCH 80,195
1626,68.,FLAP WHEEL 4INCH 80,-6.000
1627,68.,FLAP WHEEL 4INCH 80,-2.000
1628,68/120,FLAP WHEEL 4 INCH 120,195
1629,680,Cir Saw Blade Mm Mu 305*25,1
1630,681.,2608680273 SDS HAMMER DRILL BIT ,-34.000
1631,683.,Diamond Cutting Blade Standard  for 12,1
1632,686,SCREWDRIVER BLADE PH2/65,1
1633,687.,BOSCH GOLDEN STAR BIT 2608521041,-28.000
1634,687.,BOSCH GOLDEN STAR BIT 2608521041,-12.000
1635,69/120,BULLET FLAP WHEEL 120,200
1636,69/80,BULLET FLAP WHEEL 80,200
1637,69/80,BULLET FLAP WHEEL 80,-1.000
1638,6901.,BRASS ADAPTER 1/8-3/8 INCH ,6
1639,6902,BRASS ADAPTER 1/4*1/8,6
1640,6903.,BRASS ADAPTER 1/8-3/8 INCH ,6
1641,69031B,STANLEY SOLDERING IRON 30W/220W ROUND,-1.000
1642,6904.,BRASS ADAPTER 1/8 INCH 1/4,6
1643,6905.,BRASS ADAPTER 1/4 INCH *1/4,6
1644,6907.,BRASS ADAPTER 3/8*1/4 INCH ,6
1645,6908.,BRASS ADAPTER 3/8*3/8 INCH ,6
1646,6909.,BRASS ADAPTER 3/8-1/2 INCH ,6
1647,691.,TCT BLADE 4*30T BULLET,206
1648,691.,TCT BLADE 4*30T BULLET,-1.000
1649,691.,TCT BLADE 4*30T BULLET,96
1650,6910.,BRASS ADAPTER M-1/4 INCH 3/8,6
1651,696B,BEARING 696,17
1652,696B,BEARING 696,17
1653,698,Angle Grinter Green 101 4,-1.000
1654,698VVC2,BALL BEARING ,1
1655,698VVC2,BALL BEARING ,20
1656,6AIN,INDICATER,19
1657,6AMPS,ONE WAY SWITCH 6 AMP ,471
1658,6AMPS,ONE WAY SWITCH 6 AMP ,153
1659,6AMPST,6AMP SOCKET ,2752
1660,6AMPST,6AMP SOCKET ,584
1661,6CHS ,METRO HSS 6PCS COUNTER SHANK SET 4241,1
1662,6DP120,"VELCRO PAPPER 6""120",80
1663,6DP180,"VELCRO PAPPER 6""180",80
1664,6DP80,"VELCRO PAPPER 6""80",76
1665,6LSS,SELF SUPPORT DOUBLE SIDE LADDER 06',2
1666,6LSS,SELF SUPPORT DOUBLE SIDE LADDER 06',-3.000
1667,6LSS/SS,SELF SUPPORT SUPER  STRONG LADDER 6',-1.000
1668,6LSS/SS,SELF SUPPORT SUPER  STRONG LADDER 6',1
1669,6TRBS,K EXTRA POWER TRIMMER BIT SET,1
1670,6TRBS/1,K EXTRA POWER TRIMMER BIT ,11
1671,6X450MTR,6MM ALUMINIUM TWIN 450 MTR ,450
1672,7/22,7/22 ALLUMINIUM VIR ,36
1673,70001,70001 1200MM GATI400 IS BROWN FAN GOLD MEDAL,24
1674,70004,WALL FAN DYNO -GOLDMEDEL 70004,3
1675,70004,WALL FAN DYNO -GOLDMEDEL 70004,1
1676,70009,70009 E/FAN 150MM,1
1677,70015,70015 FAN 1200MM BLUE GOLDMEDAL,2
1678,70029,PEDESTAL FAN GOLDMEDEL 16 INCH  70029,1
1679,70038,GOLDMEDAL FAN 48 INCH BROWN AND IVERY ,6
1680,70038,GOLDMEDAL FAN 48 INCH BROWN AND IVERY ,9
1681,702,Rotery Hammer Machine Blue 20 Mm,1
1682,708,INSULATION TAP ALL COLOUR,66
1683,708,INSULATION TAP ALL COLOUR,-2.000
1684,708,INSULATION TAP ALL COLOUR,-4.000
1685,708.,30427 INSULATIONNNN TAPE [WR 7632]-GM,-264.000
1686,708.,30427 INSULATIONNNN TAPE [WR 7632]-GM,-16.000
1687,708.,30427 INSULATIONNNN TAPE [WR 7632]-GM,-16.000
1688,708RBL,INSULATION TAPE RBL,72
1689,708RBL,INSULATION TAPE RBL,567
1690,708RBL,INSULATION TAPE RBL,-124.000
1691,709.,NICE CUT THIN SEGMENTED BLADE  YELLOW,450
1692,709.,NICE CUT THIN SEGMENTED BLADE  YELLOW,-2.000
1693,709/1,NICE CUT THIN SEGMENTED BLADE  YELLOW,343
1694,709/1,NICE CUT THIN SEGMENTED BLADE  YELLOW,40
1695,709X,"XTRA POWER CERAMIC BLADE 4"" SEG",1
1696,712/1,Cutting Wheel Bosch,72
1697,71669,STANLEY WATER PUMP PLIER B*T10,14
1698,720,Holder Uday,1
1699,725,Combination Spanners 6,6
1700,726,Combination Spanner 7,9
1701,727,Combination Spanner 8,2
1702,728,Combination Spanners 9,3
1703,730,Combination Spanners 11,3
1704,73190.,AIR WASHING GUN 1000ML 73190,6
1705,73191,73191 TOLSEN AIR WASHING GUN 1000ML,-1.000
1706,733,Combination Spanners 15,5
1707,734,Combination Spanner18,4
1708,735,Combination Spanners 19,-1.000
1709,736,Combination Spanners 20,3
1710,738,Combination Spanners 22,-0.060
1711,739,Combination Spanners 23,7
1712,741,Combination Spanners25,3
1713,744,Combination Spanners 28,-18.000
1714,749.,WOOD FILL 50 GM ,-23.000
1715,749.,WOOD FILL 50 GM ,-14.000
1716,749.,WOOD FILL 50 GM ,100
1717,75,DISC PAPER 120 BULLET,80
1718,750.,WOOD FILL 20GM,41
1719,750.,WOOD FILL 20GM,-24.000
1720,750.,WOOD FILL 20GM,74
1721,751.,Fevicol Sh 125g,76
1722,751.,Fevicol Sh 125g,-10.000
1723,751.,Fevicol Sh 125g,-2.000
1724,752.,FEVICOL SH250 GM,28
1725,752.,FEVICOL SH250 GM,4
1726,753.,FEVICOL SH 500GM,6
1727,753.,FEVICOL SH 500GM,18
1728,753/1,FEVICOL SH 1KG,10
1729,753/1,FEVICOL SH 1KG,3
1730,75625,TOLSEN WOOD DRILL BIT SET 5PCS,12
1731,75625,TOLSEN WOOD DRILL BIT SET 5PCS,-5.000
1732,75625,TOLSEN WOOD DRILL BIT SET 5PCS,5
1733,75626,TOLSEN WOOD DRILL BIT SET 8 PCS ,4
1734,75690,75690 TOLSEN  GLASS DRILL BIT 3MM,3
1735,75692 ,75692  TOLSEN GLASS BIT 5MM,4
1736,75693,TOLSEN GLASS DRILL BIT  6MM,-14.000
1737,75693,TOLSEN GLASS DRILL BIT  6MM,48
1738,75693,TOLSEN GLASS DRILL BIT  6MM,34
1739,75694,TOLSEN GLASS CORE BIT 7MM,4
1740,75695,75695 TOLSEN GLASS DRILL BIT 8MM,50
1741,75696  ,TOLSEN GLASS CORE BIT 9MM,7
1742,75699 ,TOLSEN GLASS CORE BIT 12MM,3
1743,75700,75700 HOLE SAW 3/8,5
1744,75701,TOLSEN  ARBOR FOR HOLE SAW 16 INCH ,8
1745,75732,75732 TOLSEN HOLE SAW 32MM,1
1746,75738,75738 HOLE SAW 38MM,2
1747,75751,TOLSEN HOLE SAW METAL 50,3
1748,75776,TOLSEN HOLE SAW 4INCH ,3
1749,75802,TOLSEN HOLE SAW 4 INCH ,3
1750,75865,75865 TOLSEN HOLESAW SET 11 PCS,4
1751,759.,Spider Pad Lock Cp 65mm,-1.000
1752,761,Spider Pad Lock Cp 40mm,7
1753,762.,8MMPVSWALLPLUG50'S,1254
1754,762.,8MMPVSWALLPLUG50'S,827
1755,762.,8MMPVSWALLPLUG50'S,-50.000
1756,762.,8MMPVSWALLPLUG50'S,223
1757,763.,Fissure Screw Plug No 10,972
1758,763.,Fissure Screw Plug No 10,111
1759,764.,12MMPVSWALLPLUG20'S,-18.000
1760,765.,MSEAL 90gm,106
1761,765.,MSEAL 90gm,106
1762,765/250,M SEAL REGULAR 1 KG,42
1763,765/250,M SEAL REGULAR 1 KG,5
1764,765/250,M SEAL REGULAR 1 KG,57
1765,765/250,M SEAL REGULAR 1 KG,34
1766,766,M-SEAL REGULAR 1KG,-1.000
1767,768,MS Wire Nails2X10,-0.420
1768,771,Panal Pins 25*17g,5
1769,77110,TOLSEN 5 PCS GRINDING MOUNDED STONE ,4
1770,773.,DRYWALL SCREW 6*50 PATTA ,10238
1771,773.,DRYWALL SCREW 6*50 PATTA ,-8874.000
1772,773/1,DRY WALL SCREW 2 INCH *50MM STAR,5970
1773,773/2,DRY WALL SCREW 2 1/2'',5274
1774,773/2,DRY WALL SCREW 2 1/2'',-777.000
1775,774.,DRY WALL SCREW 1 1/2,4249
1776,774.,DRY WALL SCREW 1 1/2,-1560.000
1777,774.,DRY WALL SCREW 1 1/2,-60.000
1778,775.,DRY WALL SCREW 1 1/4 INCH 6*32,659
1779,775.,DRY WALL SCREW 1 1/4 INCH 6*32,659
1780,775/1,SS SCREW OMNI 50X8 HT(100 NOS),2
1781,780.,PVC GRIP 6MM (KG),2
1782,780.,PVC GRIP 6MM (KG),3280
1783,780.,PVC GRIP 6MM (KG),-9836.000
1784,782.,Concrete Nails 2 INCH ,-4.204
1785,782.,Concrete Nails 2 INCH ,22.85
1786,782.,Concrete Nails 2 INCH ,-19.306
1787,782.,Concrete Nails 2 INCH ,-19.306
1788,782.,Concrete Nails 2 INCH ,0.005
1789,782.,Concrete Nails 2 INCH ,-0.335
1790,783.,CONCRETE NAIL 1.5 INCH ,-0.040
1791,783.,CONCRETE NAIL 1.5 INCH ,0.962
1792,783.,CONCRETE NAIL 1.5 INCH ,44.578
1793,783.,CONCRETE NAIL 1.5 INCH ,-1.324
1794,783.,CONCRETE NAIL 1.5 INCH ,-203.164
1795,783.,CONCRETE NAIL 1.5 INCH ,0.005
1796,783.,CONCRETE NAIL 1.5 INCH ,-0.180
1797,7831,RUBBER BRUSH ,-1.000
1798,784.,Concrete Nails25*12-5/75*8,-0.700
1799,785.,Concrete Nails 25MM 1,-1.850
1800,785.,Concrete Nails 25MM 1,18.95
1801,785.,Concrete Nails 25MM 1,-0.580
1802,785.,Concrete Nails 25MM 1,-128.580
1803,785.,Concrete Nails 25MM 1,-1.995
1804,786.,CONCREAT NAIL 3X8 COBRA(75MM)3 INCH,10.061
1805,786.,CONCREAT NAIL 3X8 COBRA(75MM)3 INCH,-76.692
1806,786.,CONCREAT NAIL 3X8 COBRA(75MM)3 INCH,0.225
1807,788.,Welding Rod Ss Superon12g3.15,31
1808,788/1,WELDING ROD SS 2.5,65
1809,788/2,WELDING ROAD 2.00 SUNBOND SS,230
1810,789.,CONCREAT  NAIL 2.5*10 COBRA,-226.592
1811,789.,CONCREAT  NAIL 2.5*10 COBRA,-7.982
1812,790,Welding Rod Tungsten2.4mm,14
1813,791.,BG ANCOR BOLT 10MM,228
1814,791.,BG ANCOR BOLT 10MM,392
1815,791/F,ANCHER BOLT 10MM FERRY ,300
1816,79105,TOLSEN GLUE GUN 15W 79105,3
1817,79111,TOLSEN GLUE STICK BIG 1,14
1818,794.,Polishing Soap Green,46
1819,795,YURI-DC WHEEL 4*6MM (GREEN ),-1.000
1820,795/1,DC WHEEL 4X6MM BULLET B,-136.000
1821,795/1,DC WHEEL 4X6MM BULLET B,292
1822,795/1,DC WHEEL 4X6MM BULLET B,-130.000
1823,795/1,DC WHEEL 4X6MM BULLET B,-48.000
1824,795/7,"DC GRINDING WHEEL 7""7*6MM",10
1825,796187,OUTLET VALVE  KIT AW130,48
1826,796187,OUTLET VALVE  KIT AW130,20
1827,797.,Gm Play Angle Holder,17
1828,799,SWITCH 15A 1-W ZOOM W,5.82
1829,7DP,"VELCRO PAPER 7'150 GR 60,80,100,120,150,",-230.000
1830,7DP,"VELCRO PAPER 7'150 GR 60,80,100,120,150,",-444.000
1831,7DP,"VELCRO PAPER 7'150 GR 60,80,100,120,150,",2724
1832,7DP,"VELCRO PAPER 7'150 GR 60,80,100,120,150,",802
1833,7DP100,SANDING DISK PAPPER 7 INCH 100,118
1834,7DP150,IBELL SANDING DISK PAPPER 7 INCH  150,15
1835,7DP180,SANDING DISK PAPPER 7 INCH 180,137
1836,7DP220,IBELL SANDING DISK PAPPER 220MM 120,200
1837,7DP240,IBELL SANDING PAPPER 7 INCH 240 MM ,15
1838,7LSS,SELF SUPPORT DOUBLE SIDE LADDER 07,-1.000
1839,7LSS,SELF SUPPORT DOUBLE SIDE LADDER 07,-2.000
1840,7LSS,SELF SUPPORT DOUBLE SIDE LADDER 07,1
1841,7LSS,SELF SUPPORT DOUBLE SIDE LADDER 07,-1.000
1842,7SRS,SHOVEL SMALL ROUND ,1
1843,8000272F,TROLLY WHEEL 8IN.85*65 F.HOLDER WELDED LEG,4
1844,8000656F,TROLLY WHEEL 8IN.85*65 F.HOLDER OVERMOLD BLACK,4
1845,8001232F,TROLLY WHEEL 8IN.85*65 F.HOLDER BREAK BLACK SOILD RUBBER,4
1846,801FG,E-DC SPARE 801 BAFFLE ,4
1847,801SR,801 SPANNER,36
1848,801SW,SPARE 801 SWITCH  SMALL ,186
1849,804.,SPRING ELEPHANT 15M (WIRE PULLER ),4
1850,804.,SPRING ELEPHANT 15M (WIRE PULLER ),-1.000
1851,805.,SPRING ELEPHANT 30M (WIRE PULLER ),6
1852,807/S,SPRING 1INCH HEAVY,10
1853,807B,PIPE BEND  SPRING BLACK 20MM,7
1854,807B,PIPE BEND  SPRING BLACK 20MM,-2.000
1855,807B/25,PIPE BEND  SPRING BLACK 25MM,63
1856,809,Tape,-2.000
1857,810,Long Nose Pliers7,2
1858,810CR,YURI SPARE 0810T CONNECTING ROD ,5
1859,810CR,YURI SPARE 0810T CONNECTING ROD ,68
1860,810GC,GREASE CAP ,19
1861,810THO,810 TOOL HOLDER ORING 810THO QUALITY,38
1862,811,Spanner Set Box6MI,1
1863,812,Combination Spanners16,3
1864,816,Globe1-1/2',-1.000
1865,8160.,TROWELS PALAKA 6*12 WOOD ,10
1866,82010000 HOE014,82010000 HOE014,12
1867,826,20*22 Ring,1
1868,828.,Buffing Cloth4*1/2stitch,15
1869,830.,3pin Top Million 6A Way,-9.000
1870,834.,3 Pin Multi Cona Style,414
1871,835,PVC WIRE CLIP 5MM,200
1872,836.,PVC WIRE CLIP 6MM,138
1873,837.,PVC WIRE CLIP 8MM,13
1874,838.,Spade Bit Cleancut 19*160mm,2
1875,841.,SPADE BIT CLEANCUT 8*155 MM,18
1876,8413.,TROWELS 7*12 WOOD ,11
1877,8414.,TROWELS 8*12 WOOD ,8
1878,842.,SPADE BIT CLEANCUT 10*155MM,10
1879,844.,SPADE BIT CLEANCUT 20*160MM,28
1880,846.,SPADE BIT CLEANCUT 32*165MM,-2.000
1881,849,FIBRE-SANDING DISC ALOXIDE 120 BOSCH,3
1882,850.,BOSCH CLOTH PAPPER  60 F03E02G1FK,78
1883,850.,BOSCH CLOTH PAPPER  60 F03E02G1FK,137.5
1884,851.,Sanding Roller102*50000mm P80 F03E02G199,26.5
1885,851.,Sanding Roller102*50000mm P80 F03E02G199,-5.670
1886,851.,Sanding Roller102*50000mm P80 F03E02G199,111
1887,852.,BOSCH CLOTH PAPPER 100 F03E02GI8X,24.5
1888,852.,BOSCH CLOTH PAPPER 100 F03E02GI8X,-32.270
1889,85243,INDIGO 30M CHALK LINE SET,1
1890,853.,Sanding Roller102*50000mm  F03E02G19A,-1.990
1891,853.,Sanding Roller102*50000mm  F03E02G19A,73.89
1892,854.,Socket spanner for HEX,10
1893,855,Hole Saw Bim 32mm,2
1894,856.,Hole Saw Bim 25mm,-0.500
1895,864,Chuck Key 13mm 1/2,1
1896,874,PRESSURE WASHER SEAL,1
1897,875, 2608601587 FIBER -SANDING DISC ALOXIDE 60,4
1898,875/1,2608601580 FIBER SANDING DISC ALOXIDE,100
1899,876,2608601581  FIBER-SANDING DISC ALOXIDE 80,48
1900,892 .,DRILL CHUCK KEY LESS  10MM BULL,-2.000
1901,892/1,DRILL CHUCK CODELESS 13MM,1
1902,893.,DRILL CHUCK 6MM,-30.000
1903,893B,DRILL  CHUCK 6MM BULL,-10.000
1904,893B,DRILL  CHUCK 6MM BULL,84
1905,894,INTERNATIONAL MULTY SOCKET,-1.000
1906,896B,GOGGLE SUNTECH  BLACK,-16.000
1907,896W,GOGGLES SUNTECH G/W,3223
1908,896W,GOGGLES SUNTECH G/W,-4.000
1909,896WC,GOOGLESS WELD CRAFT,-130.000
1910,8LB,SLEDGE HAMMER 8LB(W.H.H.F),1
1911,8LB/1,SLEDGE HAMMER 8,2
1912,8LSS,"SELF SUPPORT DOUBLE SIDE LADDER 08""",3
1913,8LSS,"SELF SUPPORT DOUBLE SIDE LADDER 08""",-1.000
1914,8LSS,"SELF SUPPORT DOUBLE SIDE LADDER 08""",1
1915,8T8CP,"COMBINATION PLIER 8"" STANTLEY",3
1916,90,CARBON BRUSH CUTTER U/F,27
1917,903.,Handsaw Orange Handle 457mm 495 18',8
1918,9031.,ROUTER BIT 9031,41
1919,9031.,ROUTER BIT 9031,4
1920,9032,ROUTER BIT 9032,18
1921,9032,ROUTER BIT 9032,11
1922,9032..,ROUTER BIT 9032 LOCKAL ,36
1923,9033.,K-EMTEX-ROUTER BIT -9033,28
1924,9033.,K-EMTEX-ROUTER BIT -9033,39
1925,9034.,ROUTER BIT ,13
1926,9035.,ROUTER BIT 9035,72
1927,9036,ROUTER BIT 9036,12
1928,9036..,ROUTER BIT 9036 LOCKAL ,44
1929,9037.,ROUTER BIT 9037,23
1930,9041.,ROUTER BIT 9041,19
1931,9041.,ROUTER BIT 9041,10
1932,9042.,K-EMTEX ROUTER BIT 9042,14
1933,9043.,K-EMTEX ROUTER BIT-9043,28
1934,904IBT,TAPARIA SCREW DRIVERS BLACK TIP-904IBT,-2.000
1935,9063.,E-EXTRAPOWER ROUTER BIT 9063,96
1936,90633,90633 MTA 63MM SUPREME ,2
1937,9064,EXTRAPOWER ROUTER BIT,15
1938,90655,90655 MTA 50MM SUPREME ,2
1939,907,Socket 1/2' Bi-hex 11mm East,1
1940,9071.,Router Bit 9071,25
1941,9073,K-EMTEX ROUTER BIT 9073,13
1942,9082.,ROUTER BIT ,-1.000
1943,90847,90847 63MM PVC BEND STAR ,1
1944,9091.,K EMTEX ROUTER BIT 9091,22
1945,9092.,ROUTER BIT 9092,47
1946,9092.,ROUTER BIT 9092,35
1947,9093.,Router Bit 9093,15
1948,9093.,Router Bit 9093,4
1949,9094.,ROUTER BIT9094,94
1950,9094.,ROUTER BIT9094,1
1951,9094RB,IDEAL ROUTER BIT 9094,19
1952,9095.,Router Bit 9095,22
1953,9096.,Router Bit 9096,13
1954,9096RB,IDEAL ROUTER BIT 9096,17
1955,9097.,9097 ROUTER BIT,10
1956,9097RB,IDEAL ROUTER BIT 9097,9
1957,9099.,ROUTER BIT 9099,40
1958,91.,CUTTING WHEEL 5 INCH GREEN ,128
1959,91.,CUTTING WHEEL 5 INCH GREEN ,128
1960,912.,Socket Spanner Hex J-19 29mm,1
1961,917/1,"SELF SCREW 1"" MODI HEAD",2694
1962,920.,J.k Slim FILE 4',1
1963,922.,MINI HACK SAW BLADE,79
1964,923,Adjustable Spanner8'j/b,2
1965,926,Taparia Wire Stripper,-5.000
1966,928.,Taparia Screw Driver 824,1
1967,929,Taparia Screw Driver 861*200,-2.000
1968,930.,Taparia Screw Driver 862*100,8
1969,930275,BEARING COVER DW801 ORG,4
1970,9304.,K-EMTEX ROUTER BIT 9304,29
1971,93071,93071 PVC THREAD BEND 50MM11/2 INCH STAR ,1
1972,931,Polishing Wheel Pol Mop Small,-4.000
1973,932,Welding Rod Ss Tig Wire1.60mm,-3.000
1974,934.,White Disc 100*8mm,13
1975,93426,93426 JUBILY CLIP 11/2 INCH ,1
1976,936551,"BRUSH CAP PDA100D, CN16SA, G10SR2, (9365",14
1977,937907,WHEEL WASHER A G23SE2 G18SH2,2
1978,938214Z,WHEEL NUT B PDA100D938214Z,9
1979,938214Z,WHEEL NUT B PDA100D938214Z,6
1980,94.,FREEMAN TAPE 5 MTR  IKON,399
1981,94.,FREEMAN TAPE 5 MTR  IKON,-2.000
1982,94.,FREEMAN TAPE 5 MTR  IKON,-2.000
1983,94/1,FREEMANS 5 MTR TAPE BASIK,34
1984,94/1,FREEMANS 5 MTR TAPE BASIK,400
1985,94/AF,TAPE FREEMANS 5 MTR AUTOFLEX,12
1986,9402.,ROUTER BIT 9402,2
1987,9402.,ROUTER BIT 9402,14
1988,9403.,ROUTER BIT 9403,146
1989,9404.,ROUTER BIT 9404,33
1990,9404T,TRIMMER BIT 9404T,95
1991,940540,"BRUSH CAP -G18SE2 ,TR12  ,PH65A,  CC14SF",2
1992,942.,Hasp &staples Cp Safty 2.5,15
1993,9421017,SPRING WASHER FOR MT410 9421017,3
1994,9421512,SPRING WASHER FOR MT580 CIR.SAW 9421512,1
1995,943,Hasp &staples cp safty 100mm,9
1996,944.,SPANNER KEY  CM4SA,1068
1997,944927,L-RING -PH65A,1
1998,945,L Handle 1/2*450,2
1999,950,Screw Driver Flat 5*100,1
2000,9501.,ROUTER BIT 9501,13
2001,9502 L,ROUTER BIT 9502 L,114
2002,9502.,ROUTER BIT 9502,88
2003,9502L,ROUTER BIT ,101
2004,9502T,TRIMMER BIT 9502T,5
2005,9502XL,ROUTER BIT9502XL,43
2006,9503.,ROUTER BIT 9503,-36.000
2007,9503.,ROUTER BIT 9503,109
2008,9503L,ROUTER BIT9503 L,45
2009,9503L,ROUTER BIT9503 L,230
2010,9503L,ROUTER BIT9503 L,12
2011,9503T,TRIMMER BIT9503T,8
2012,9503T,TRIMMER BIT9503T,39
2013,9503XL,K-EMTEX-ROUTERBIT 9503XL,28
2014,9504.,ROUTER BIT 9504,4
2015,9504.,ROUTER BIT 9504,-32.000
2016,9504.,ROUTER BIT 9504,56
2017,9504L,K EMTEX ROUTER BIT 9504L,54
2018,9504L,K EMTEX ROUTER BIT 9504L,81
2019,9504T,Router Bit 9504T,67
2020,9504XL,K-EMTEX- ROUTER BIT 9504XL,-3.000
2021,9504XL,K-EMTEX- ROUTER BIT 9504XL,6
2022,9505,K EMTEX ROUTER BIT 9505,-7.000
2023,9505,K EMTEX ROUTER BIT 9505,4
2024,9505L,K EMTEX ROUTER BIT 9505L,-1.000
2025,9505XL,K-EMTEX-ROUTERBIT9505XL,5
2026,9506RB,IDEAL ROUTER BIT 9506,50
2027,9506RBL ,IDEAL ROUTER BIT 9506L,19
2028,9506T,ROUTER BIT 9506 T,1
2029,9506XL,ROUTER BIT 9506XL,8
2030,9507.,K-POWERTEX-ROUTER BIT  9507,107
2031,9508.,ROUTER BIT 9508,38
2032,9509.,K-POWER TEX ROUTER BIT 9509,10
2033,950GB,JCB AG950 GEAR BOX 950GB,1
2034,950N,950NUT ARMATURE NUT ,5
2035,951,Screw Driver Flat 5*200,1
2036,9510.,K-POWERTEX-ROUTER BIT -9510,85
2037,953,Screw  Driver Flat 6*200,1
2038,953327,HIKOKI CORD ARMOR DV16V,6
2039,955,Screw Driver Flat 8*200,10
2040,955509,"SWITCH -G10SS ,PDA100M ",22
2041,96.,FREEMANS 3 MTR TAPE IKON ,400
2042,964,Ovel Head Ratchet Handle1/2,2
2043,97.,FREEMANS TAPE 3 MTR  BASIC,235
2044,97.,FREEMANS TAPE 3 MTR  BASIC,-7.000
2045,97.,FREEMANS TAPE 3 MTR  BASIC,-25.000
2046,97/1,3M TRANSPERENT TAPE FREEMANS ,18
2047,9712.,OIL SEAL ,14
2048,979,Lance 281,1
2049,98.,FREEMANS TAPE 10 MTR ,237
2050,98.,FREEMANS TAPE 10 MTR ,2
2051,9801,K-EMTEX ROUTER BIT 9801,14
2052,986104,O RING -H41SA 986104,23
2053,986104,O RING -H41SA 986104,500
2054,986104,O RING -H41SA 986104,-1.000
2055,988.,Welding Rod Best Arc 2.5,8235
2056,988.,Welding Rod Best Arc 2.5,13427
2057,988.,Welding Rod Best Arc 2.5,13427
2058,988.,Welding Rod Best Arc 2.5,2504
2059,989.,Welding Rod Best Arc 3.5,10080
2060,989.,Welding Rod Best Arc 3.5,-82.000
2061,989.,Welding Rod Best Arc 3.5,300
2062,9890,ORING 7KG ,3
2063,9898,RH28 ORING ,25
2064,99.,FREEMANS 15 MTR TAPE ,102
2065,9911.,ROUTER BIT 9911,8
2066,9913,ROUTER BIT ,16
2067,9924,ROUTER BIT 9924,5
2068,993.,Chissel J/b 3/4,2
2069,9932.,ROUTER BIT ,6
2070,9933,ROUTER BIT 9933,2
2071,9941.,ROUTER BIT 9941,10
2072,995.,BACKLIFT LADDER 07',1
2073,995.,BACKLIFT LADDER 07',3
2074,995.,BACKLIFT LADDER 07',-1.000
2075,9952.,K-EMTEX ROUTER BIT 9952,5
2076,9953.,ROUTER BIT9953,1
2077,996.,BACKLIFT LADDER 08',1
2078,996.,BACKLIFT LADDER 08',1
2079,996.,BACKLIFT LADDER 08',1
2080,997263,HIKOKI SEAL LOCK SCREW M4*109 997263,16
2081,998030,PUNCH -CN16,1
2082,999.,BOSCH SCREW DRIVER BIT DOUBL END 2608522372,-59.000
2083,999.,BOSCH SCREW DRIVER BIT DOUBL END 2608522372,968
2084,999/1,2608521039 SCREW DRIVER BIT DOUBLE STAR ,-48.000
2085,999021,CARBON BRUSH -21 SET  PDA100,64
2086,999038,CARBON BRUSH -38 SET C12FCH,2
2087,999043,CARBON BRUSH -43 999043 FOR TILECUTTER ,100
2088,999061,CARBON BRUSH -61 G18SH2,18
2089,999061,CARBON BRUSH -61 G18SH2,5
2090,999067,CARBON BRUSH -67 G10SS2,66
2091,999067,CARBON BRUSH -67 G10SS2,22
2092,999067,CARBON BRUSH -67 G10SS2,-6.000
2093,9997,OIL SEAL ,3
2094,9998.,0810 ORING  SET,320
2095,9DP,VALCRO PAPPER 9 INCH IBELL,10
2096,9DP,VALCRO PAPPER 9 INCH IBELL,90
2097,9DP,VALCRO PAPPER 9 INCH IBELL,419
2098,9DP120,VALCRO PAPPER 9 INCH IBELL 120,25
2099,9S2S,SHOVEL 2AS SHOVEL ,1
2100,9SL,SPIRIT  LEVEL 9'',2
2101,9TH,METRO 9 PCS PICK AND HOOK SET ,1
2102,9WACDC,EMERGENCY BULB RECHARGABLE 9W,24
2103,9WP, LED LAMPS 9W OSRAM ,89
2104,9WP, LED LAMPS 9W OSRAM ,15
2105,9WP, LED LAMPS 9W OSRAM ,-9.000
2106,9WP, LED LAMPS 9W OSRAM ,-1.000
2107,A 39,V BELT A 39,-6.000
2108,A/L120008,AGRO LADDER 18 FEET A/L120008,1
2109,A/L120035,AGRO LADDER 18 FEET SERIAL NO  120035,1
2110,A+A,A+A,1
2111,A032,V BELT A32,4
2112,A036,V BELT A36,4
2113,A039,V BELT A039,3
2114,A041,V BELT A 41,5
2115,A041,V BELT A 41,2
2116,A042,V BELT A042,5
2117,A0810BC,BOTTOM COVER 0810,9
2118,A0810BH,BRUSH HOLDER 0810,24
2119,A0810BHC,BRUSH HOLDER XCAP ,35
2120,A0810CRNB,CONNECT ROD WITH NEEDLE BEARING 0810,12
2121,A0810CRNB,CONNECT ROD WITH NEEDLE BEARING 0810,-102.000
2122,A0810FTH,FRONT TOOL HOLDER 0810,8
2123,A0810OR,ORING RED 5KG ,25
2124,A0810ORR,OIL CAP WITH RUBBER RING ,14
2125,A0810OS,OIL SEAL 0810T,66
2126,A0810PP,PISTON PIN 0810,90
2127,A0810SB,STEEL BALL 5KG ,139
2128,A0810SCR,STEEL CONNECT ROD 0810,2
2129,A0810SH,SIDE HANDLE 0810,6
2130,A0810SH,SIDE HANDLE 0810,26
2131,A0835P, PISTON 0835 7KG ,4
2132,A11EB,11E BUSHING ,10
2133,A11EB,11E BUSHING ,16
2134,A11EBC,BEARING COVER 11E,8
2135,A11EBH,11E BRUSH HOLDER SET ,7
2136,A11EBHS,BRUSH HOLDER SPRING ,15
2137,A11ECR,11E CONNECTING ROD ,128
2138,A11ECS,CABLE SLEEV 11E,13
2139,A11EF,FAN 11E,6
2140,A11EFK,FRONT KIT 11E,2
2141,A11EFSH,CLAMPER FOR SIDE HANDLE ,-10.000
2142,A11EG,GEAR WHEEL ,-8.000
2143,A11EH,11E HOLDER ,10
2144,A11EOF,OIL FELT 11E ,10
2145,A11ERDR,DAMPING RING ,14
2146,A11ESLR,SWITCH LEVER 11E,82
2147,A11ESPT,SWITCH PLATE 11E,50
2148,A11ETR,THREAD RING 11E ,-8.000
2149,A11ETR,THREAD RING 11E ,12
2150,A13REH,DRILL HOLDER ,5
2151,A146B,"TIN CUTTER SPL8"" DHAMAN WITH SLEEVES ",3
2152,A160S,PUTTY SPRAYER,11
2153,A1630S.,SWITCH,-3.000
2154,A1LBH,SLEDGE HAMMER WITH FIBER GLASS HANDLE ,-2.000
2155,A1P,ARIVAKATHI SPECIAL ONE RING ,4
2156,A200.,SCISSORS BIG BLACK CLOTH CUTTING 8 INCH A-200,3
2157,A20180SP,GRINDER 20-180 SPINDLE ,5
2158,A2200,2-20 ORING ,13
2159,A220AS,SDS ADAPTER WITH SCREW 2-20,97
2160,A220AS,SDS ADAPTER WITH SCREW 2-20,10
2161,A220BC,BEARING SLEEV ,27
2162,A220BFG,BIG FLAT GEAR 2-20,14
2163,A220DS,DUMPING SET 2-20,-32.000
2164,A220FKS,FRONT KIT SET 2-20,6
2165,A220G,GEAR A2-20,-2.000
2166,A220G,GEAR A2-20,98
2167,A220KB,KNOB ,2
2168,A220MCS,mouth CAP SET ,1
2169,A220MH,2-20 MOTOR HOUSING ,6
2170,A220O,ORING 2-20,150
2171,A220OS,OIL SEAL 2-20,130
2172,A220P,2-20 PISTON ,2
2173,A220PW,WASHER ,14
2174,A220S,2-20 SWITCH ,50
2175,A220SB,SWING BEARING ,3
2176,A226BFG,FLAT GEAR ,9
2177,A226CP,2-26 CLAMPER SET,20
2178,A226CTC,C TYPE CLIP,12
2179,A226FTH,FRONT TOOL HOLDER 2-26,4
2180,A226G,GEAR,5
2181,A226H,A2-26 HOLDER ,3
2182,A226IB,IMPACT BOLT ,30
2183,A226KB,2-26 KNOB ,-28.000
2184,A226MCS,2-26 MCS,-1.000
2185,A226NB,NEEDLE BEARING ,10
2186,A226O,ORING 2-26,-24.000
2187,A226PP,2-26 PISTON ,100
2188,A226PP,2-26 PISTON ,36
2189,A226S,2-26 SWITCH ,15
2190,A226SB,NEEDLE BEARING ,-2.000
2191,A226SP,STARTOR PIN ,24
2192,A226SP,STARTOR PIN ,84
2193,A226TS,2-26 SPRING ,19
2194,A2410S,DRILL SWITCH 2410  10MM DRILL DARK,13
2195,A250.,SCISSORS BIG BLACK 10 INCH -A-250,2
2196,A28,V BELT A28,1
2197,A3.5KG,ALAVANGOES 3.5KG,3
2198,A300.,SCISSORS BIG BLACK 12 INCH A-300,2
2199,A32,V BELT A32,3
2200,A326FKS,FRONT KIT SET ,24
2201,A326IB,IMPACT BOLT 3-26,20
2202,A326ORR,OIL CAP WITH ORING ,13
2203,A326S,SWITCH,14
2204,A326TH,TOOLS HOLDER 3-26,32
2205,A32F,V BELT A32,3
2206,A33F,V BELT A33F ,4
2207,A35,V BELT A35,5
2208,A36,A36FENNER POLY F PLUS,3
2209,A36.,V BELT A36,4
2210,A3612BS,BODY SET ROUTER ,6
2211,A37,V BELT FENNER POLY A37,5
2212,A39.,VBELT A39 FENNER POLY ,5
2213,A39.,VBELT A39 FENNER POLY ,24
2214,A4  SHEET ,A4  SHEET ,10
2215,A4.5KG,ALAVANGUE 4.5 KG ,3
2216,A40,V BELT A40,10
2217,A40,V BELT A40,2
2218,A40..,A40 FENNER WET GRINDER BELT   A40,3
2219,A41.,V BELT A 41,9
2220,A42,A42 FENNER WET GRINDER BELT,5
2221,A42F,V BELT A42F,5
2222,A43,V BELT A43,5
2223,A44,A44 FENNER WET GRINDER BELT,2
2224,A44.,A44 FENNER WET GRINDER BELT,-1.000
2225,A46,A46 FENNER WET GRINDER BELT,5
2226,A57F,V BELT A57F,5
2227,A5KG,ALAVANGOES 5 KG ,6
2228,A6100AW,6-100 AB WASHE R,19
2229,A6100BC,GWS6-100 BEARING COVER ,6
2230,A6100CCR,CENTRAL COVER GWS6-100,30
2231,A6100G,GWS6-100 GEAR ,4
2232,A6100IP,IG PLATE GWS6-100,46
2233,A6100KL,KNOB,24
2234,A6100LS,LOCK SET AG6-100,1
2235,A6100PBB,PVC BEARING BOX GWS6100,6
2236,A6100S,SPINDLE AG6100,92
2237,A6100SKB,SWITCH KNOB +LEVER GWS6-100,49
2238,A6100SKB,SWITCH KNOB +LEVER GWS6-100,40
2239,A6100SP,AG6100 SPANNER KEY ,-94.000
2240,A6100SP,AG6100 SPANNER KEY ,-3.000
2241,A61F,V BELT A61 F,9
2242,A62,V BELT A62,1
2243,A621,NEW AMERICAN LADDER 6',1
2244,A6510S,13MM DRILL SWITCH ,6
2245,A65AM,16KG MOUTH ,16
2246,A65BC,BOTTOM COVER,6
2247,A65BHS,BRUSH HOLDER SET ,2
2248,A65DS,DEMBAR BUSH ,-6.000
2249,A65FSC,BOLT,6
2250,A65LS,BIT LOCK SET ,-1.000
2251,A65LS,BIT LOCK SET ,-32.000
2252,A65MS,MOUTH SLEEVE ,40
2253,A65SBHC,HOLDER CAP,17
2254,A65SD,16KG DUMPER SET ,20
2255,A65SH,16KG HANDLE ,1
2256,A65SR,16KGSTARTOR RING ,18
2257,A65SS,SHANK SLEEV,2
2258,A66.,V BELT A 66,3
2259,A71F,V BELT 71F,2
2260,A7LB,SCREW,3
2261,A8100R,ORING ,-6.000
2262,A810SB,5KG BALL BEARING ,-1.000
2263,A810SW,SWITCH 5KG,-12.000
2264,A83696,MAKITA MULTI BLADE 10*32T A-83696,19
2265,A9523SH,SWITCH ,1
2266,A9553G,GEAR 9553GRINDER,4
2267,A9553G,GEAR 9553GRINDER,18
2268,A9553LS,LOCK SET 9553,64
2269,AAAB,PANASONIC BATTERY ,-6.000
2270,AAD2,SPARE GUAGE ,2
2271,AB1903,AB WASHER CM4SA,10
2272,AB25MM,AUGER BIT 25MM,4
2273,AB3,PULLER,1
2274,ABG,AIR BLOW GUN LONG 110 HANBON ,1
2275,ABL50,TUQO CORDLESS AIR BLOWER 2 IN 1LED TYPE C,9
2276,ABLADE,BRUSHCUTTER HOLDER A-BLADE ,18
2277,ABN-50,AIR BLOWER NO -50,1
2278,ABN-70,AIR BLOWER NO -70,1
2279,ABP,BLOWER PIPE ,6
2280,ABS128,VOYLET AIR BRUSH ABS128,1
2281,ABU,ARTIST AIR BRUSH GUN UNIQUE,3
2282,ABU,ARTIST AIR BRUSH GUN UNIQUE,1
2283,ABVR,ALUMINIUM BODY HUB FOR VIBRATOR ,1
2284,ABWASHERA,AB WASHER ALL TYPE APPU ,320
2285,ABWT,AB WASHER 6-100 ,156
2286,ABWT,AB WASHER 6-100 ,-2.000
2287,ABWT,AB WASHER 6-100 ,80
2288,AC,ALUMINIUM CABLE ,1
2289,AC FAN ,AC FAN ,6
2290,AC PARKING ,AC PARKING ,18
2291,AC3AF,AC3 AIR FILTER ,4
2292,AC3C,AC3 CIRCLIP 1,6
2293,AC3C,AC3 CIRCLIP 1,23
2294,AC3CAP,AC3 BREATH PIPE WITH TWO SEALED RING ,1
2295,AC3CAP/1,AC3 BREATH PIPE WITH TWO SEALED RING ,3
2296,AC3CCG,AC3 CYLINDER COVER  GASKET FOR COMPRESSOR ,12
2297,AC3CCG,AC3 CYLINDER COVER  GASKET FOR COMPRESSOR ,3
2298,AC3CG ,AC3 CYLINDER GASKET FOR COMPRESSOR ,12
2299,AC3CG ,AC3 CYLINDER GASKET FOR COMPRESSOR ,3
2300,AC3CG ,AC3 CYLINDER GASKET FOR COMPRESSOR ,3
2301,AC3CR,AC3 CONNECTING ROD,1
2302,AC3CRANK,AC3 CRANK,1
2303,AC3CYR,AC3 CYLINDER FOR BRUSHCUTTER 2642,2
2304,AC3DV,AC3  DRAIN VALVE FOR COMPRESSOR ,6
2305,AC3FC,AC3 FAN COVER,4
2306,AC3FFB,AC3 FASHER FOOT 50L WITH BOLT ,2
2307,AC3MC,AC3 MOTOR COVER,1
2308,AC3OL,AC3 OIL LEVELER ,1
2309,AC3P,AC3 PISTON ,3
2310,AC3PG,AC3 PRESSURE GAUGE,1
2311,AC3PP,AC3 PISTON PIN ,4
2312,AC3PR,AC3 PISTON RING ,6
2313,AC3PR,AC3 PISTON RING ,13
2314,AC3ROTOR ,AC3 ROTOR ,1
2315,AC3RP,AC3 RELEASE PIPE ,4
2316,AC3RV,AC3 DISTRIBUTOR,2
2317,AC3RVDV,AC3 REGULATOR VALVE AND DISTRIBUTER VALVE ,6
2318,AC3SC,AC3 SWITCH COVER ,10
2319,AC3SR,AC3 SEALING RING ,6
2320,AC3SR,AC3 SEALING RING ,1
2321,AC3STATOR ,AC3 STATOR ,2
2322,AC3VP,AC3 VALVE PLATE ,1
2323,AC3VPG,A C3 VALVE PLATE GASKET FOR COMPRESSOR ,12
2324,AC3VPG,A C3 VALVE PLATE GASKET FOR COMPRESSOR ,1
2325,AC3VPG,A C3 VALVE PLATE GASKET FOR COMPRESSOR ,3
2326,AC3W50L,AC3 WHEEL 50L,1
2327,AC3WV,AC3 ONLY WAY VALVE,18
2328,AC3WV,AC3 ONLY WAY VALVE,1
2329,AC876486,AC876486,1
2330,ACB2,ALAVANGOES CROW BAR 2 KG ,3
2331,ACB3,ALAVANGOES CROW BAR 3. KG ,3
2332,ACB4,ALAVANGOES CROW BAR 4 KG ,1
2333,ACBOARD,18 INCH A/C P.C BOARD,3
2334,ACC,ADJUSTABLE CIRCLE CUTTER,10
2335,ACC14S,SWITCH CC14SF CUTT OFF SAW,15
2336,ACE GOLD DIAMOND CUP WHEEL 125 MM DOUBLE ROW ,ACE GOLD DIAMOND CUP WHEEL 125 MM DOUBLE ROW ,10
2337,ACE GOLD DIAMOND CUP WHEEL 180MM DOUBLE WHEEL ,ACE GOLD DIAMOND CUP WHEEL 180MM DOUBLE WHEEL ,10
2338,ACF,AIR COMPRESSOR FILTER,1
2339,ACFC8,FAD CUTTING SHEAR 8 INCH GRAPE A3,1
2340,ACH0,AUTO CLOSE HINGES SOFT CRANK PRIME 0,30
2341,ACH15,AUTO CLOSE HINGES 15 CRANK PRIME ,15
2342,ACH8,AUTO CLOSE HINGES CLOSING CRANK PRIME 8,29
2343,ACM4SAAW,AB WASHER,1010
2344,ACM4SAAW,AB WASHER,-6.000
2345,ACM4SAAW,AB WASHER,-4.000
2346,ACM4SABB,BEARING BOX  CM4SA,172
2347,ACM4SABB,BEARING BOX  CM4SA,-2.000
2348,ACM4SABHC,BRUSH HOLDER CAP CM4SA,142
2349,ACM4SACS,CM4 CABLE SLEEVE,2
2350,ACM4SAG,CM4SA GEAR ,162
2351,ACM4SAHB,BEARING  BOX ,36
2352,ACM4SAS,SWITCH  ACM4SAS,-2.000
2353,ACM4SAS,SWITCH  ACM4SAS,12
2354,ACM4SASP,CM4SA  SPINDLE ,64
2355,ACM4SBAW,AB WASHER ,4
2356,ACM4SBAW,AB WASHER ,87
2357,ACM4SBB,BEARING BOX ,10
2358,ACM4SBB,BEARING BOX ,94
2359,ACM4SBBHC,BRUSH HOLDER CAP CM4SB,-42.000
2360,ACM4SBG,GEAR,22
2361,ACM4SBSP,SPINDLE CM4SB,41
2362,ACM4SBWG,WIND GUARD  CM4SB,14
2363,ACM5G,CM5 GEAR ,11
2364,ACOSWITCH,AC OVER LOAD SWITCH 200 LTR ,6
2365,ACP120,BANCH DRILL PIN ,1
2366,ACRING,AC RING SET -BIG ,6
2367,ACSP30L,KENYU AIR COMPRESSOR 2HP 30L HEAD KYP-ACSP30L,2
2368,ACSPRING ,ACCELERATOR SPRING ,24
2369,ACUC8,ULTRA CUT GARDEN FLOWER CUTTER 8 INCH ,5
2370,AD1,HSS DRILL BIT 1MM,141
2371,AD1,HSS DRILL BIT 1MM,6
2372,AD1.5,HSS DRILL BIT 1.5MM,20
2373,AD1/2,"DRILL BIT 1/2""",7
2374,AD1/8,DRILL BIT 1/8A,-23.000
2375,AD10,HSS DRILL 10MM MIRANDA,1
2376,AD10.5/1,DRILL BIT 10.5,5
2377,AD10/1,DRILL BIT 10M ,-1.000
2378,AD10/1,DRILL BIT 10M ,-1.000
2379,AD10B,DRILL BIT 10MM BULLET,58
2380,AD11.5/1,DRILL BIT  11.5,-1.000
2381,AD11/1,DRILL BIT  11/1  RUHI,40
2382,AD11/1,DRILL BIT  11/1  RUHI,3
2383,AD12,HSS DRILL BIT 12MM MIRANDA,7
2384,AD12.5,DRILL BIT ,-1.000
2385,AD12/1,DRILL BIT  12  RUHI,21
2386,AD12/1,DRILL BIT  12  RUHI,23
2387,AD13/1,RUHI DRILL BIT 13,47
2388,AD13/1,RUHI DRILL BIT 13,21
2389,AD13/1,RUHI DRILL BIT 13,5
2390,AD13B,DRILL BIT 13MM BULLET,40
2391,AD16,DRILL BIT 16MM RAJ ,1
2392,AD2,HSS DRILL BIT 2MM,-26.000
2393,AD2.5,HSS DRILL BIT2.5MM,49
2394,AD2.5,HSS DRILL BIT2.5MM,-16.000
2395,AD2.5/1,RUHI  DRILL BIT 205,79
2396,AD2.5/1,RUHI  DRILL BIT 205,82
2397,AD2.5/1,RUHI  DRILL BIT 205,34
2398,AD2.6,HSS DRILL BIT 2.6MM,50
2399,AD2.9,HSS DRILL BIT 2.9MM,-1.000
2400,AD2/1,RUHI DRILL BIT 2MM IMP,154
2401,AD2/1,RUHI DRILL BIT 2MM IMP,154
2402,AD2/1,RUHI DRILL BIT 2MM IMP,-3.000
2403,AD3.5,DRILL BIT 3.5  MMA,98
2404,AD3.5,DRILL BIT 3.5  MMA,-108.000
2405,AD3.5/1,DRILL BIT 3.5,39
2406,AD3.5/1,DRILL BIT 3.5,10
2407,AD3.5B,DRILL BIT 3.5 BULLET,-2.000
2408,AD3/1,RUHI DRILL BIT  3M ,32
2409,AD3/1,RUHI DRILL BIT  3M ,-1.000
2410,AD3/1,RUHI DRILL BIT  3M ,-28.000
2411,AD3/1,RUHI DRILL BIT  3M ,-4.000
2412,AD3/32,DRILL BIT 3/32,-12.000
2413,AD3M,DRILL BIT 3MM,86
2414,AD3M,DRILL BIT 3MM,-40.300
2415,AD4.5,DRILL BIT 4.5MA,-4.000
2416,AD4.5/1,RUHI DRILL BIT 4.5MM IMP,79
2417,AD4.5/1,RUHI DRILL BIT 4.5MM IMP,-1.000
2418,AD4.5/1,RUHI DRILL BIT 4.5MM IMP,33
2419,AD4/1,RUHI DRILL BIT  4  ,22
2420,AD4/1,RUHI DRILL BIT  4  ,24
2421,AD4B,DRILL BIT 4 BULLET,19
2422,AD4M,DRILL BIT 4MM,-8.000
2423,AD4M,DRILL BIT 4MM,-18.000
2424,AD5,DRILL BIT 5MM SS MIRANDA,112
2425,AD5.5,DRILL BIT 5.5MMA,70
2426,AD5.5/1,DRILL BIT 5.5MM IMP,-5.000
2427,AD5/1,RUHI DRILL BIT  5 ,112
2428,AD5/1,RUHI DRILL BIT  5 ,73
2429,AD5/64,HS DRILL BIT 5/64,3
2430,AD5M,DRILL BIT 5MM SS,100
2431,AD5M,DRILL BIT 5MM SS,27
2432,AD6,DRILL BIT 6MM A,98
2433,AD6,DRILL BIT 6MM A,-3.000
2434,AD6.5,DRILL BIT 6.5MMA,-1.000
2435,AD6.5/1,DRILL BIT  6.5,20
2436,AD6/1,RUHI DRILL BIT 6MM IMP,158
2437,AD6/1,RUHI DRILL BIT 6MM IMP,33
2438,AD6/1,RUHI DRILL BIT 6MM IMP,1
2439,AD6/M,DRILL BIT 6MM  MIRANDA,4
2440,AD6B,DRILL BIT 6M BULLET,8
2441,AD7,DRILL BIT 7MM SS,1
2442,AD7.5/1,DRILL BIT  7.5,29
2443,AD7/1,DRILL BIT  7 ,-2.000
2444,AD7/1,DRILL BIT  7 ,60
2445,AD7/1,DRILL BIT  7 ,10
2446,AD7/64,HSS DRILL BIT 7/64,18
2447,AD8.5,DRILL BIT 8.5MM,25
2448,AD8.5/1,DRILL BIT 8.5,3
2449,AD8/1,RUHI DRILL BIT  8 RUHI,-1.000
2450,AD8/1,RUHI DRILL BIT  8 RUHI,50
2451,AD8/1,RUHI DRILL BIT  8 RUHI,-1.000
2452,AD8/1,RUHI DRILL BIT  8 RUHI,-3.000
2453,AD8/M,DRILL BIT 8MM  MIRANDA ,5
2454,AD8B,DRILL BIT 8M BULLET,12
2455,AD8M,DRILL BIT 8MM SS,-7.000
2456,AD8M,DRILL BIT 8MM SS,17
2457,AD9.5/1,DRILL BIT 9.5,70
2458,AD9/1,DRILL BIT  9M  RUHI,46
2459,AD9/1,DRILL BIT  9M  RUHI,42
2460,ADAPTER,ADAPTER,49
2461,ADCABLE,ADDED CABLE NO SIZE ,1
2462,ADD ON BLOCK MNX1 NO ,ADD ON BLOCK MNX1 NO ,2
2463,ADH,AUTO DARKENING HELMET GB LD,1
2464,ADK,ADAKKAKATHI,-55.000
2465,ADP100,ALKON DISK PAPPER 100,-2.000
2466,ADP100,ALKON DISK PAPPER 100,122
2467,ADP100/G,ALKON DISK PAPPER 100,158
2468,ADP120,NORTON  ALKON PAPPER 120,-66.000
2469,ADP120/G,NORTON  ALKON PAPPER 120,195
2470,ADP120/G,NORTON  ALKON PAPPER 120,102
2471,ADP36,ALKON DISK PAPPER 36 BULL,149
2472,ADP36,ALKON DISK PAPPER 36 BULL,7
2473,ADP60,ALKON DISK PAPPER 60 BULL ,135
2474,ADP60,ALKON DISK PAPPER 60 BULL ,33
2475,ADP60,ALKON DISK PAPPER 60 BULL ,33
2476,ADP80,ALKON DISK PAPPER 80,121
2477,ADP80,ALKON DISK PAPPER 80,60
2478,ADP80,ALKON DISK PAPPER 80,-30.000
2479,ADPTR/1,ADAPTER,3
2480,ADR,ARIVAL DOUBLE RING (THOTTI ) ,-24.000
2481,ADSJ02S,HAMMER DRILL SLEEVE ,2
2482,ADU10G,GEAR ,26
2483,aduppu,aduppu,1
2484,ADV13SS,SWITCH,18
2485,ADVERTISING CALENDER ,ADVERTISING CALENDER ,1
2486,ADW801AW,AB WASHER  dw801,-10.000
2487,ADW801AW,AB WASHER  dw801,38
2488,ADW801BH,BEARING HOLDER DW801,10
2489,ADW801BHS,BRUSH HOLDER SUPPORT DW801,9
2490,ADW801BNB,DW801 GEAR BOX+BH+NEEDLE BEARING,6
2491,ADW801CS,DW801 CABLE SLEEVE ,6
2492,ADW801G,GEAR DW801,2
2493,ADW801G,GEAR DW801,142
2494,ADW801LS,LOCK SET DW801,3
2495,ADW801NB,NEEDLE BEARING DW801,18
2496,ADW801S,SWITCH ,74
2497,ADW801S,SWITCH ,12
2498,ADW801SP,DW801 SPINDLE ,12
2499,ADW801WG,WIND GUARD DW801,142
2500,AEG13S,13MM DRILL SWITCH ,5
2501,AEID13AG,EID13A DRILL GEAR ,13
2502,AEID13G,GEAR,10
2503,AF6,AIR FILTER ,2
2504,AF74CC,AIR FILTER 74CC,2
2505,AFB/1,AIRFILTER BIG 58CC ,1
2506,AFI2,CUTTING TORCH ARCFLOW ISI 2PIPE AFI-2,2
2507,AFR,MINIAIR COMPRESSOR FILTER,1
2508,AFS,AIR FILTER  SMALL 58CC ,1
2509,AFSA,AIR FILTER  SET  ASSY  RAJ AGRO ,20
2510,AFX,FEVICOL ALLFIX ,2
2511,AG06S,SWITCH ON/OFF AG06,12
2512,AG100CCR,BULL GOLD AG-100 CENTER COVER ,7
2513,AG100LS,BULL GOLD AG-100 LOCKSET ,1
2514,AG100LS,BULL GOLD AG-100 LOCKSET ,6
2515,AG100MH,BULL GOLD AG-100 MOTOR HOUSING ,3
2516,AG1072C,AG72 CARBON BRUSH,104
2517,AG1092C,AG92 CARBON BRUSH ,44
2518,AG10SSBB,BEARING  BOX,-2.000
2519,AG10SSG,GEAR WHEEL ,2
2520,AG125BS,BULL GOLD AG-125 BEARING SLEEVE 607,11
2521,AG125BS,BULL GOLD AG-125 BEARING SLEEVE 607,11
2522,AG125C,BULL GOLD AG125 CARBON BRUSH ,4
2523,AG125G,AG-125 GEAR BULL GOLD ,2
2524,AG125G,AG-125 GEAR BULL GOLD ,2
2525,AG125GL,AG125 GEARLOCK SET  AG125GL,24
2526,AG125H,BULL GOLD AG-125 HOUSING ,3
2527,AG125S,KENYU PRIME 5 ANGLE GRINDER 1200W,-2.000
2528,AG15SA2AW,AB WASHE R,2
2529,AG15SA2G,GEAR,18
2530,AG15SA2S,SWITCH G15SA2,114
2531,AG18SE2BC,BRUSH HOLDER CAP G18SE2,80
2532,AG18SE2G,GEAR,7
2533,AG18SE2S,G18SE2  SWITCH 7INCH GRINDER,86
2534,AG2100H,BULL GOLD AG-2100 HOUSING ,3
2535,AG2100LS,LOCK SET AG2-100 BULL,34
2536,AG3005,OMR 801 NEW MODEL SWITCH ,142
2537,AG3010,OMR FAN GUARD OLD 801 AG3010,36
2538,AG3021,OMR MOTOR HOUSING 801,5
2539,AG3043,OMR GEAR SET 6-100 OMR ,2
2540,AG3045,OMR SWITCH FOR AG6-100,10
2541,AG3051,OMR MOTOR HOUSING 6-100 (BODY ) ,6
2542,AG3100BS,BULL GOLD AG3-100 BEARING SLEEVE ,2
2543,AG3100C,BULL GOLD AG3-100 CARBON BRUSH ,4
2544,AG3100H,BULL GOLD AG3-100 HOUSING ,1
2545,AG3100LS,BULL GOLD AG3-100 LOCK SET ,2
2546,AG3100SC,SPEED CONTROL AG3-100,5
2547,AG500,APPU GREASE ,13
2548,AG51400,BULLET ANGLE GRINDER 5 INCH 1400W AG51400,-1.000
2549,AG51400,BULLET ANGLE GRINDER 5 INCH 1400W AG51400,-2.000
2550,Ag6100,ARMATURE GWS6-100,-2.000
2551,AG6100BB,BEARING BUSH 6-100,10
2552,AG6100BH,BEARING HOUSING AG6100 GRINDER ,65
2553,AG6100C,CARBON BRUSH BULLET,12
2554,AG6100C,CARBON BRUSH BULLET,6
2555,AG6100C,CARBON BRUSH BULLET,-1.000
2556,AG6100C,CARBON BRUSH BULLET,-8.000
2557,AG6100G,GEAR 6-100,9
2558,AG635,O RING FOR SV09 AG635,6
2559,AG68C,CARBON BRUSH AG68,4
2560,AG70BG,AG70 BIG GEAR ,4
2561,AG70BS,AG70  BEARING SLEEVE ,6
2562,AG70F,AG70 FIELD,2
2563,AG70FC,AG70 FRONT COVER ,1
2564,AG70GB,AG70 GEAR BOX,3
2565,AG70GB,AG70 GEAR BOX,2
2566,AG70IW,AG70 INNER WASHER ,8
2567,AG70LW,AG70 LOCK WASHER ,12
2568,AG70PN,AG70 PINION ,4
2569,AG70SL,AG70 SPINDLE ,2
2570,AG70SLC,AG70 SELF LOCK CAP,2
2571,AG70SLC,AG70 SELF LOCK CAP,20
2572,AG70SLP,AG70 SELF LOCK PIN ,20
2573,AG70SLS,AG70 SELFLOCK CAPSPRING ,4
2574,AG70SLS,AG70 SELFLOCK CAPSPRING ,18
2575,AG72,AG72 BEARING SLEEV,6
2576,AG72,AG72 BEARING SLEEV,6
2577,AG72BC ,AG72 BEARING COVER ,3
2578,AG72BG,AG72 BIG GEAR,2
2579,AG72CAP,AG72 SELF LOCK CAP,7
2580,AG72CAP,AG72 SELF LOCK CAP,1
2581,AG72CAP,AG72 SELF LOCK CAP,15
2582,AG72CD,AG72 CORD ,2
2583,AG72GB,AG72 GEAR BOX,2
2584,AG72IW,AG72 INNER WASHER ,6
2585,AG72IW,AG72 INNER WASHER ,2
2586,AG72LW,AG72 LOCK WASHE R,6
2587,AG72LW,AG72 LOCK WASHE R,2
2588,AG72PIN,AG72 SELFLOCK PIN,4
2589,AG72PIN,AG72 SELFLOCK PIN,22
2590,AG72S,AG72 SWITCH ,1
2591,AG72SC,AG72 SCREW ST4-2*14,10
2592,AG72SG,AG72 SMALL GEAR,6
2593,AG72SPRING ,AG72 SELFLOCK SPRING ,7
2594,AG72SPRING ,AG72 SELFLOCK SPRING ,15
2595,AG801C,CARBON BRUSH BULLET 801,-2.000
2596,AG8100CB,CARBON FOR AG 8100,1
2597,AG8219C,CARBON BRUSH FOR DAMIER GRINDER AG8219,62
2598,AG92BS,AG92 BEARING SLEEVE ,6
2599,AG92C,AG92 CARBON BRUSH ,2
2600,AG92CAP,AG92 SELFLOCK CAP,1
2601,AG92GB,AG92 GEAR BOX ,1
2602,AG92IW,AG92 INNER WASHER ,1
2603,AG92LW,AG92 LOCK WASHER ,1
2604,AG92PIN,AG92 SELFLOCK PIN,2
2605,AG92S,AS92 SPINDLE ,2
2606,AG92SK,AG92 SWITCH KNOB ,1
2607,AG92SK,AG92 SWITCH KNOB ,-18.000
2608,AG950BH,AG950-10 JCB AG950 BEARING HOLDER ,3
2609,AG950BW,BAFFLE WIND  AG950 BWCAG950,3
2610,AG950H,HOUSING  AG950H,2
2611,AG952,O RING FOR SV010 AG952,5
2612,AGBH13S,SWITCH GBH13RE,15
2613,AGBS850H,AGBS 850 HOUSING WITH REAR COVER BWS850H,1
2614,AGPM180C,CARBON BRUSH POLYMAK GRINDER 7/9 INCH ,5
2615,AGSP,ANGLE GRINDER SPANNER(ADJUSTABLE),34
2616,AGSP/1,ADJUSTABLE GRINDER SPANNERHEAVY 4MM,-11.000
2617,AGSP/2,ADJUSTABLE ANGLE GRINDER SPANNER HEAVY 4MM,-2.000
2618,AGSP/2,ADJUSTABLE ANGLE GRINDER SPANNER HEAVY 4MM,509
2619,AGSP/W,ADJUSTABLE GRINDER SPANNER (WRENCH ),47
2620,AGSS,ANGLE GRINDER STAND SMALL ,10
2621,AGT,ARROW GUN TAG,15
2622,AGW3,ANGLE GATE WHEEL ROTATED 3INCH ,8
2623,AGWR2.5,ANGLE GATE WHEEL ROTATED 2.5 WITH CLAMP,10
2624,AH150,TUQO CORDLESS IMPACT DRILL AH150,-1.000
2625,AH150B,ACE BATTERY FOR AH150,38
2626,AH17*280F,METSO CHISEL BIT HEX 17*280 FLAT BIT ,11
2627,AH17*400F,ULTRA TOUCH CHISEL BIT 17*400 FLAT ,9
2628,AH65S,16KG SWITCH ,13
2629,AHTD,UNITED ARABANA (HAND TROLLY )DOUBLE SL. NO- UTL-S2- 125007,3
2630,AHTD,UNITED ARABANA (HAND TROLLY )DOUBLE SL. NO- UTL-S2- 125007,3
2631,AHTS,UNITED ARABANA (HAND TROLLY ),-3.000
2632,AIRF,AIR FILTER  CHAINSAW ,-2.000
2633,AIRFILTER -AC,AIRFILTER -AC,3
2634,AIRFTR12.5M,AIR COMPRESSOR  FILTER,7
2635,AIRNET,AIRHOLE NET 2' SIDE BLACK BORDER ,-3.000
2636,AIRNET,AIRHOLE NET 2' SIDE BLACK BORDER ,36
2637,AIRNET,AIRHOLE NET 2' SIDE BLACK BORDER ,-23.000
2638,AIRNET2,AIRHOLE NET 2' ,11
2639,AIRNET2.5,AIRHOLE NET 2.5 ' BLACK BORDER ,-6.000
2640,AIRNET2.5,AIRHOLE NET 2.5 ' BLACK BORDER ,-6.000
2641,AIRNET2.5,AIRHOLE NET 2.5 ' BLACK BORDER ,-12.000
2642,AIRNET3,AIRHOLE NET  3 ' BLACK BORDER ,-2.000
2643,AIRNET3,AIRHOLE NET  3 ' BLACK BORDER ,1
2644,AIRNET3.5,AIRHOLE NET  3 1/2 BLACK  BORDER ,-2.000
2645,AIRNETR2,AIRHOLE NET ROUND 2 INCH ,49
2646,AIRNETR2.5,AIR HOLE NET ROUND 2.5 INCH ,-2.000
2647,AJZ02,DCA ELECTRIC DRILL 6MM  AJZ02,-2.000
2648,AK1.5M,ALLENKEY 1.5M,1
2649,AK10MM,ALLEN KEY 10MM,94
2650,AK10MM,ALLEN KEY 10MM,1
2651,AK12MM,ALLENKEY KEY 12MM ,85
2652,Ak2.5mm,Allen Key 2.5mm,3
2653,AK2MM,TAPARIA ALLENKEY BLACK FINISH K2V,49
2654,AK2MM,TAPARIA ALLENKEY BLACK FINISH K2V,2
2655,Ak3 mm,Allen Key 3mm,6
2656,AK4M,TAPARIA ALLENKEY  BLACK FINISH  K4V,13
2657,AK4M,TAPARIA ALLENKEY  BLACK FINISH  K4V,-1.000
2658,Ak4mm,Allen Key 4mm,-5.000
2659,AK5M,TAPARIA K5V ALLENKEY ,12
2660,AK5M,TAPARIA K5V ALLENKEY ,139
2661,AK6MM,TAPARIA  ALLENKEY K6V,82
2662,AK6MM,TAPARIA  ALLENKEY K6V,-24.000
2663,AK8MM,ALLEN KEY 8MM,91
2664,AKDL30906,INGCO 9 PCSSDS PLUS HAMMER DRILL BIT ,7
2665,AKDL31101,DRILL BIT SET 11PCS INDICO,1
2666,AKL,ATHULYA KUNDALI,1
2667,AKS,ALLEN KEY SET flower,-1.000
2668,AKS,ALLEN KEY SET flower,6
2669,AKSDB9165,SCREWDRIVER SET 16 PCS,2
2670,AKSP,ALLENKEY SET DAYTON,1
2671,AKT0053,INGCO 5 PCS AIR TOOLS SET ,3
2672,AKT10,ALLENKEY SET  TORX AKT10,1
2673,AKT11,ALLENKEY SET  TORX  AKT11,7
2674,AKT12,ALLENKEY SET  TORX  AKT12,6
2675,AL1,ALICON WIRE,50
2676,AL1/8*1/2AR,BLIND RIVET 1/8*1/2 ANODIC RED (NEW),20
2677,AL1/8*1/2G,BLIND RIVET 1/8*1/2 GREY,500
2678,AL36,FIBER DISC 5'' ALKON 36GRT,2
2679,AL60,FIBER DISC 60 G ALKON,2
2680,ALF21V,CORDLESS BLOWER AND VACCUM  21 V,1
2681,ALF36V,ALF CORDLESS DRILL 36V2.6AH 10MM 118 PCS ,1
2682,ALF4.AH,BATTERY 4.AH ALF,5
2683,ALF6.AH,BATTERY 21V ALF 6.AH ,6
2684,ALFB,ALF BLOWER YELLOW ,2
2685,ALFSS21V,ALF RECIPROCATING SAW ALLYS,1
2686,ALG355BH,BRUSH HOLDER LG355,15
2687,ALG355G,GEAR,13
2688,ALG355S,CUT OFF SWITCH ,12
2689,ALG355S,CUT OFF SWITCH ,15
2690,ALI265,PRO CUT TUBELESS TIRE REPAIRE KIT ALI-265,8
2691,ALI286,PRO CUT ELECTRIC SHEEP CLIPPER ,1
2692,ALI300,COUNTER SHANK DRILL SET 4PCS ,6
2693,ALI360,MULTI FUNCTION WIRE STRIPPER ,2
2694,ALL HOME HERBAL CLEANER ,ALL HOME HERBAL CLEANER ,4
2695,ALLYSPW,PRESSURE WASHER,4
2696,ALS2001,INGCO TRIMMER LINE ,3
2697,ALU7D,"COMBINATION PLIER 7"" ALU7D15",3
2698,ALUG,20w LumenexPrimrTubeT5Alu/color-White,3
2699,ALUHPF,20WLumenexLedTubeHPF/Color=White,14
2700,AM1550P,PISTON AM1550P,2
2701,AM16,AGRIMATE SPRAYER AM16 MANUAL -PRO SS,4
2702,AM170130,AM1701-30 SPEED CONTROLLER ,1
2703,AM185011,AM1850-11 PISTON ASSEMBLY,1
2704,AM185034,MICRO SWITCH  AM1850-34,4
2705,AM185043,AM1850-43 SPRING FOR PLUNGER ,2
2706,AM18TP31,THRUST BEARING 51107 AM18TP31,10
2707,AM21611,AM216-11 GEAR ,2
2708,AM21618,AM216-18 GEAR,2
2709,AM21622,AM216-22 ARMATURE ,1
2710,AM21637,AM216-37 CARBON  BRUSH ,2
2711,AM22338,AGRIMATE PRUNNING SAW 8 INCH AM22338,2
2712,AM405E,AGRIMATE SPRAYER 18 LTR AM405E BACK PACK 2 IN 1 -12AH ,2
2713,AM450/18,ALMONARD PEDESTAL FAN 18 INCH /450MM 1440RPM,4
2714,AM52313,AGRIMATE PRUNNING SECATURE  AM52313,8
2715,AM6238,INDUSRIAL VACCUM CLEANER  AM-6238,1
2716,AM827,GLOBAL POWER SPRAY GUN AM827,-1.000
2717,AM827,GLOBAL POWER SPRAY GUN AM827,26
2718,AM9263,AGRIMATE PROFESSIONAL GEAR TYPE BYPASS ,8
2719,AMCCMG400,AGRIMATE CHAFF CUTTER ELITE WITH 3HP SINGLE PHASE MOTOR AMCCMG400,1
2720,AMT410AW,AB WASHER,2
2721,AMT410C,"BRUSH HOLDER CAP,",42
2722,AMT410G,GEAR,8
2723,AMT410H,MT410 HOLDER ,1
2724,AMT410S,SWITCH ,3
2725,AMV,ATHULYA MANVETTY,2
2726,AMV,ATHULYA MANVETTY,4
2727,AMWH25031,INGCO MAGNETIC WELDING HOLDER ,1
2728,AMY,AGRICULTURAL MANVETTY YELLOW ,-3.000
2729,ANB164P,ANUPAMA NOTE BOOK 164 PAGE ,12
2730,ANB164PA,ANUPAMA NOTE BOOK 164 PAGE A,12
2731,ANB240P,ANUPAMA NOTE BOOK 240 PAGE ,12
2732,ANET2.5,AIRHOLE NET 3 ',6
2733,ANET3,AIRHOLE NET 3',2
2734,ANGLE GRINDER 220W,ANGLE GRINDER 220W,1
2735,ANPARA ,ANI PARA ,1
2736,AOD,ALDROP ALLUMINIUM ,4
2737,AP1,GREASE BLACK POUCH 200 RED ,2
2738,APC,CLEANER,3
2739,APCR,CONNECTING ROD ,-1.000
2740,APD100BHC,BRUSH HOLDER CAP PD100D,25
2741,APD100DAW,AB WASHER PD100D,68
2742,APD100S,GRINDER SWITCH,19
2743,APDA100G,PDA100D GEAR ,15
2744,APDA100MG,GEAR PDA100M,62
2745,APDA100MG,GEAR PDA100M,15
2746,APDA100SP,PD100M SPINDLE ,14
2747,APH65BHC,BRUSH HOLDER CAP PH65,46
2748,APH65CR,CONNECTING ROD PH65,10
2749,APH65DS,DAMPER SET PH65A,128
2750,APH65DW,DISTANCE WASHER PH645,25
2751,APH65FCR,SCREW FRONT COVER  PH65,18
2752,APH65G,GEAR,10
2753,APH65H,16KG HOLDER PH65,10
2754,APH65NBC,NEEDLE BEARING COVER ,18
2755,APH65P,PISTON PH65,86
2756,APH65S,appu 16kg switch ,16
2757,APH65SH,SWITCH HANDLE  PH65A,7
2758,APH65SR,STARTOR RING ,36
2759,APK230010 ,APK230010  PLUNGER ,3
2760,APM5105,AUTOPOWER ANGLE GRINDER 4 INCH 1400W,7
2761,APP0810,AUTOPOWER DEMOLITION HAMMER  5KG ,2
2762,APP1133,AUTO POWER HAMMER DRILL 20MM 1000W,1
2763,APP1136,AUTOPOWER DEMOLITION HAMMER 5 KG ,12
2764,APP1147,AUTO POWER DEMOLISHION HAMMER 7 KG 2000W,-1.000
2765,APP1147,AUTO POWER DEMOLISHION HAMMER 7 KG 2000W,1
2766,APP1161,AUTOPOWER BLOWER MINI TURBO ,1
2767,APP18*30,ANI PARA PYTHON 18*30,-1.000
2768,APS,SOLDERING IRON ,1
2769,APS10,SHARP SCREW DRILL 10MM 750W,3
2770,APS1170HO, AIRLESS SPRAY PAINTER HEAD ORING ,18
2771,APS1170SO, AIRLESS SPRAY PAINTER SMALL ORING ,66
2772,APS2130, AIRLESS SPRAY PAINTER APS2130 GUN,1
2773,APS6100,SHARP ANGLE GRINDER 950W 6-100,29
2774,APS6100,SHARP ANGLE GRINDER 950W 6-100,17
2775,APS6100/G,SHARP ANGLE GRINDER 950W 6-100,9
2776,APSDH0810,SHARP DEMOLITION HAMMER 0810  1450W,1
2777,APSMC4SA,SHARP MARBLE CUTTER CM4SA 1200W,1
2778,APSMC4SB/G,SHARP MARBLE CUTTER CM4SB  1680W,1
2779,APSRH20,AP SHARP HAMMER DRILL 2-20 800W,2
2780,APSRH20/G,SHARP HAMMER DRILL 2-20 800W,3
2781,APT,PARALLEL ADAPTOR PIN TYPE,1
2782,APT6100,ANGLE GRINDER GWS6-100 ,1
2783,APTCM4SA,MARBLE CUTTING MACHINE CM4SA,4
2784,AQT125HS,SPARE PARTS OF CAR WASHER MACHINE ,1
2785,AQT150H,AQT150H HOSE,1
2786,AR0010,MAKITHA GRINDER ARMATURE,1
2787,AR0810,ARMATURE HM0810,6
2788,AR0810/R,ARMATURE FOR 0810 RAJ AGRO ,10
2789,AR0810S,0810T ARMATURE  SHARP,1
2790,AR0810T,POWEREX  ARMATURE -0810T,8
2791,AR1,ARALDITE 10GM KLEAR,-4.000
2792,AR1/2/15,GARDEN HOSE 1/2 INCH 15 MTR,13
2793,AR1/2/15,GARDEN HOSE 1/2 INCH 15 MTR,1
2794,AR1/2/30,GARDEN HOSE 1/2 INCH 30 MTR ,3
2795,AR1/30SH,SUCTION HOSE 1 INCH 30 MTR ,5
2796,AR1/30SH,SUCTION HOSE 1 INCH 30 MTR ,8
2797,AR10,ARALDITE KLEAR 10KG,25
2798,AR10,ARALDITE KLEAR 10KG,22
2799,AR10,ARALDITE KLEAR 10KG,26
2800,AR10,ARALDITE KLEAR 10KG,-10.000
2801,AR11/230SH,SUCTION HOSE 11/2 INCH 30 MTR ,1
2802,AR11E,ARMATURE 11EYURI,6
2803,AR11E,ARMATURE 11EYURI,40
2804,AR11E,ARMATURE 11EYURI,-2.000
2805,AR11E/R,ARMATURE FOR 11E RAJ AGRO ,16
2806,AR11EH,ARMATURE FOR V11E HORSEKING EVEREST,10
2807,AR13,ARALDITE 13G STD,20
2808,AR13,ARALDITE 13G STD,9
2809,AR13,ARALDITE 13G STD,2
2810,AR16SP,ARMATURE 16SP 16SPAR83,1
2811,AR180,ARALDITE 180MM  STD,29
2812,AR180,ARALDITE 180MM  STD,6
2813,AR180,ARALDITE 180MM  STD,3
2814,AR180/1,ARALDITE KLEAR 180G,21
2815,AR180/1,ARALDITE KLEAR 180G,12
2816,AR180/1,ARALDITE KLEAR 180G,8
2817,AR180/1,ARALDITE KLEAR 180G,7
2818,AR180/1,ARALDITE KLEAR 180G,-1.000
2819,AR180A,ARMATURE S1M-FF-180A,8
2820,AR1900B,K HAWK KING ARMATURE 1900B,3
2821,AR1KG,ARALDITE 1KG KLEAR 1.08,2
2822,AR1KG,ARALDITE 1KG KLEAR 1.08,3
2823,AR220,ARMATURE POWEREX 2-20,6
2824,AR220,ARMATURE POWEREX 2-20,-2.000
2825,AR2-20,ARMATURE 2-20 POWEREXCHANGE ,82
2826,AR2-20,ARMATURE 2-20 POWEREXCHANGE ,4
2827,AR2-20/1,ARMATURE GBH2-20 DONG CHENG,2
2828,AR220/B,ARMATURE FOR 2-20 BULLET ,1
2829,AR2-26,ARMATURE 2-26 POWEREX ,32
2830,AR2-26,ARMATURE 2-26 POWEREX ,38
2831,AR2-26/1,2-26 ARMATURE DONGCHENG,1
2832,AR26,ARALDITE 26GM KLEAR,16
2833,AR26,ARALDITE 26GM KLEAR,-5.000
2834,AR26,ARALDITE 26GM KLEAR,-5.000
2835,AR26,ARALDITE 26GM KLEAR,-8.000
2836,AR3/4/15,GARDEN HOSE 3/4 INCH 15 MTR,-1.000
2837,AR3/4/15,GARDEN HOSE 3/4 INCH 15 MTR,2
2838,AR3/4/15,GARDEN HOSE 3/4 INCH 15 MTR,3
2839,AR3/4/30,GARDEN HOSE 3/4 INCH 30 MTR ,-1.000
2840,AR3/4B30,BRIAIDED HOSE 3/4 INCH 30 MTR ,2
2841,AR304,CLAW HAMMER 250G AR304,34
2842,AR305,CLAW HAMMER 500GM -AR305,15
2843,AR305,CLAW HAMMER 500GM -AR305,-1.000
2844,AR36,ARALDITE 36G STD,17
2845,AR36,ARALDITE 36G STD,-18.000
2846,AR36/1,ARALDINATE 36G  ,-1.000
2847,AR3612,DCA  ARMATURE  ROUTER 3612BR,8
2848,AR388,ARMATURE ,1
2849,AR412/1,ARMATURE MT412,1
2850,AR4141450009,STANLEY ARMATURE SA STSP 125-IN,1
2851,AR4240650003,STANLEY ARMATURE STGS9100-IN,1
2852,AR450,Araldite 450g KLEAR,4
2853,AR450,Araldite 450g KLEAR,-1.000
2854,AR450,Araldite 450g KLEAR,2
2855,AR450,Araldite 450g KLEAR,-1.000
2856,AR450/1,ARALDITE 450 GM STD,3
2857,AR450/1,ARALDITE 450 GM STD,12
2858,AR450/1,ARALDITE 450 GM STD,-1.000
2859,AR510086,9553NB ARMATURE ASSY 510086,2
2860,AR6.5DRXC,ARMATURE  (JCB 6.5 DRXC) 6.5DRXC-12,1
2861,AR602553,STANLEY ARMATURE SA STHM5KH-IN N602553,1
2862,AR6100,DAC MAX 6-100 STATOR,46
2863,AR6100P,ARMATURE FOR GRINDER 6100 POWEREX,168
2864,AR7014,OMR ARMATURE FOR G10SS2 OMR,2
2865,AR7031,OMR ARMATURE FOR VIBRATOR VR35,4
2866,AR7345,ARMATURE 7345,4
2867,AR7602553,ARMATURE ,1
2868,AR7614NB,POWERTEX-ARMATURE 7614NB,1
2869,AR800,ARALDITE HARDNER 800G,1
2870,AR801,ARMATURE DW801 POWEREX,4
2871,AR801,ARMATURE DW801 POWEREX,110
2872,AR801H,HIWALT ARMATURE FOR 801,286
2873,AR801R,ARMATURE FOR DW801 GRINDER RAJ AGRO ,14
2874,AR90,ARALDITE 90g STAND,14
2875,AR90,ARALDITE 90g STAND,28
2876,AR90,ARALDITE 90g STAND,14
2877,AR90/1,ARALDITE STR 90 GM KLEAR,10
2878,AR90/1,ARALDITE STR 90 GM KLEAR,5
2879,AR90/1,ARALDITE STR 90 GM KLEAR,51
2880,AR90/1,ARALDITE STR 90 GM KLEAR,-2.000
2881,AR9513,ARMATURE FOR M9513B 515548-4,3
2882,AR9553,ARMAYTURE FOR 9553NB   HANA,1
2883,AR9553/1,ARMATURE 9553,1
2884,AR9553NB.,9553NB ARMATURE ASSY 510086-1,1
2885,AR9553NB.,9553NB ARMATURE ASSY 510086-1,1
2886,AR9556,ARMATURE FOR 9556 HB 5100845,1
2887,AR9556,ARMATURE FOR 9556 HB 5100845,1
2888,AR9556,ARMATURE FOR 9556 HB 5100845,2
2889,ARABLR,AIR BLOWER ARMATURE ,1
2890,ARAG10,AG10 ROTOR (ARMATURE),1
2891,ARAG100,BULL GOLD AG-100 ARMATURE ,3
2892,ARAG1070,AG70 ARMATURE ,6
2893,ARAG1072,AG1072 ARMATURE,28
2894,ARAG1092,AG92 ARMATURE,2
2895,ARAG125,ARMATURE BULL GOLD AG-125,2
2896,ARAG125,ARMATURE BULL GOLD AG-125,12
2897,ARAG2100,BULL GOLD AG2-100 ARMATURE,8
2898,ARAG3100,BULL GOLD AG3-100 ARMATURE,4
2899,ARAG6100,ARMATURE 6-100,2
2900,ARAG6100/1,ARMATURE 6-100 DCA MODEL ,5
2901,ARAG6100B,ARMATURE 4-100B DCA,3
2902,ARAG72,AG 72 ARMATURE,2
2903,ARAG72,AG 72 ARMATURE,1
2904,ARAG80026,AG80026-AG800 ARMATURE ,1
2905,ARAG801,ARMATURE -801 YURI ,2
2906,ARAG8100,ARMATURE FOR 8-100 GRINDER,1
2907,ARAG8219,ARMATURE FOR DAMIER GRINDER AG8219,1
2908,ARAGBC85022,MAL AGBC 850 ARMATURE (22) AGBC85022,1
2909,ARAM3,TRIANGLE FILE 4INCH ,1
2910,ARAM4,FILE 4G REGULAR,62
2911,ARAM4/1,ARAM MUKKON 4 INCH ,10
2912,ARAM6,FILE 6E REGULAR,58
2913,ARAM6/1,MUKKONARAM 6 INCH ,5
2914,ARAM6/1,MUKKONARAM 6 INCH ,45
2915,ARAM6/1,MUKKONARAM 6 INCH ,2
2916,ARAM7236,AM7236-32 ROTOR ,1
2917,ARASS125B,ARMATURE FOR STRAIGHT GRINDER ASS125B,2
2918,ARB6001,BEARING 6001 ARB,6
2919,ARB6004,BEAREING 6004 2RS,2
2920,ARB6005,BEARING 6005 2RS,7
2921,ARB607,BEARING ARB 607 2RS,2
2922,ARB608,BEARING ARB608,-12.000
2923,ARB609,BEARING 609 ZZ,6
2924,ARB6201,BEARING 6201 ,-12.000
2925,ARB625,BEARING 625 2RS,25
2926,ARB628,BEARING 628 2RS,3
2927,ARB629,BEARING ARB 629,4
2928,ARB6302,BEARING 6302 2RS,3
2929,ARBAG125,BULL ARMATURE GRINDER 5 INCH ,1
2930,ARBAG180,ARMATURE FOR ANGLE GRINDER BGAG180,1
2931,ARBGAG125,BULL GOLD AG-125 ARMATURE ,12
2932,ARBGAG2100,ARMATURE FOR BULL GRINDER BGAG2100,-4.000
2933,ARBGET6,BULL GOLD ET6 ARMATURE ,5
2934,ARBGRH22,BULL GOLD RH2-22 ARMATURE ,3
2935,ARBLS1040,ARMATURE FOR LS1040 BULL ,1
2936,ARBM60,BM60 ARMATURE ,2
2937,ARBPD100,BULL GOLD ARMATURE FOR GRINDER PD100,60
2938,ARC200,TOSHON WELDING MACHINE ARC200 HEAVY(MOSFET ,2
2939,ARC200E,GLOBAL WELDING MACHINE ARC200E,5
2940,ARC200G/S,SAI ARC200G WELDING MACHINE  3 BOARD,8
2941,ARC200G/S,SAI ARC200G WELDING MACHINE  3 BOARD,1
2942,ARC200RELAY,RELAY ARC200,2
2943,ARC636,ARMATURE 636,1
2944,ARC7SS, ARMATURE C7SS,1
2945,ARCAGLI201008,ARMATURE FOR CAGLI201008-SP-1,4
2946,ARCC4000,GAOCHENG ARMATURE GCCC4000,1
2947,ARCDLI20668,ARMATURE FOR CDLI20668-SP-8,3
2948,ARCM46,YURI SPEED ARMATURE CM6,2
2949,ARCM4SA,ARMATURE CM4SA(EVEREST   CM4SA),58
2950,ARCM4SA,ARMATURE CM4SA(EVEREST   CM4SA),128
2951,ARCM4SAH,HIWALT ARMATURE FOR CM4SA EVEREST,90
2952,ARCM4SB, ARMATURE  DXCCM4SB,92
2953,ARCM4SB, ARMATURE  DXCCM4SB,18
2954,ARCM4SB/1,ARMATURE CM4SB (DCA),16
2955,ARCRHLI20208,ARMATURE FOR CRHLI20208-SP-4,2
2956,ARCUMI5,TILE CUTTER 5 INCH ARMATURE CUMI,2
2957,ARCV48,CV48 ARMATURE ,1
2958,ARCV81,CV81 ARMATURE,4
2959,ARDA5052,DAYURI SPARE DA5052 ARMATURE ,2
2960,ARDA5052,DAYURI SPARE DA5052 ARMATURE ,1
2961,ARDH0810,ARMATURE FOR 5KG 0810 BULL  VIVO,4
2962,ARDH1078,DH78 ARMATURE (ROTOR),12
2963,ARDH22PBS,MOTOR ARMATURE DH22PBS,2
2964,ARDH4520,DH20 ROTOR ,3
2965,ARDH4520,DH20 ROTOR ,1
2966,ARDH4566,IBELL 11E ARMATURE 4566,2
2967,ARDS25,DS25 ARMATURE ,2
2968,ARDS25,DS25 ARMATURE ,1
2969,ARDS70,DS70 ARMATURE ,12
2970,ARDS70,DS70 ARMATURE ,1
2971,ARDS70,DS70 ARMATURE ,-4.000
2972,ARDSF02,ARMATURE DSF-02,3
2973,ARDSM125A,ARMATURE G15SA2,1
2974,ARDSM230A,ARMATURE DSM230A,1
2975,ARDU10,ARMATURE DU-10,27
2976,ARDW862,DEWALT CUTTER DW862 ARMATURE 514014566,1
2977,ARDWS180,ARMATURE FOR MAL DRYWALLSANDER DWS180,2
2978,ARDWS18030,DWS 180 ARMATURE DWS18030,8
2979,ARDZG06,ARMATURE DZG06-6S,6
2980,ARDZG10,DONGCHENG ARMATURE 11E  RAJAGRO,20
2981,ARDZG10/P,ARMATURE FOR GBH11E DZG10 PERFECT,11
2982,ARDZG6S,ARMATURE FOR HM0810 DZG6S,30
2983,AREB20,ARMATURE FOR BLOWER EB20,6
2984,AREB2937,ARMATURE AREB,3
2985,ARED10,ARMATURE ED10 BULL,2
2986,ARED6H,ED60 ARMATURE DONGCHENG ,92
2987,ARED6H,ED60 ARMATURE DONGCHENG ,6
2988,ARED6H,ED60 ARMATURE DONGCHENG ,24
2989,AREDS,K DCA ARMATURE ED6H J1ZFF026A,-2.000
2990,ARER8,K-ENDICO ARMATURE AS8,1
2991,ARETDH35K,ARMATURE FOR  ETDH35K,1
2992,ARETDH35K,ARMATURE FOR  ETDH35K,2
2993,ARF20A,K DCK ARMATURE F 20 A,3
2994,ARFF160,ARMATURE  MIXER FF-160,10
2995,ARFF160,ARMATURE  MIXER FF-160,1
2996,ARFS87,FS87 ROTOR,2
2997,ARFY,ARGON REGULATER WITH FLOWMETER YAMATO ,1
2998,ARG10SS,ARMATURE  G10SS,2
2999,ARG10SS2,ARMATURE G10SS2,2
3000,ARG10SS2/1,ARMATURE G10SS2 361007,3
3001,ARG10SS2/1,ARMATURE G10SS2 361007,2
3002,ARG10SS2S,G10SS2 ARMATURE  SHARP,11
3003,ARG15SA2,K YURI SPEED ARMATURE G15SA2,-4.000
3004,ARG18SE2,E-DAMIER-ARMATURE-G18SE2,1
3005,ARGDC120,K HAWKING ARMATURE GDC120,-8.000
3006,ARGP600,GP-600 11 ARMATURE ,1
3007,ARGWS750,LASERTECH ARMATURE GWS750,1
3008,ARH226,ARMATURE FOR BULLET 2-26 AR226 HANA,1
3009,ARHM810,ARMATURE 810,1
3010,ARHR1630,ARMATURE 10MM DRILL ,2
3011,ARHR2470,ARMATURE FOR HR2470 MAKITA 5179840,2
3012,ARID80,ID80 ROTOR ,1
3013,ARJCB850,ARMATURE FOR JCB ANGLE GRINDER 850W,1
3014,ARJCB950,ARMATURE FOR JCB ANGLE GRINDER 950W,1
3015,ARJUN50,CRIMPING TOOL ARJUN 50,2
3016,ARKFM180A,E-DCK-ARMATURE-G18SE2,1
3017,ARKIAG4HD,ARMATURE FOR GRINDER 1200W KIAG4HD,5
3018,ARKPEMHDA,ARMATURE FOR KPEMHDA PUTTYMIXER,1
3019,ARKXWP90,KENNEX ARMATURE FOR WALL PLANNER ,2
3020,ARKYP4850,ARMATURE FOR KENYU GRINDER KYP4-850,4
3021,ARLG355S,LG355 ARMATURE SHARP,1
3022,ARLS1030,516718-8 ARMATURE 220V FOR LS1030 N RAK 1A ,2
3023,ARLS1030,516718-8 ARMATURE 220V FOR LS1030 N RAK 1A ,1
3024,ARLS1030,516718-8 ARMATURE 220V FOR LS1030 N RAK 1A ,-1.000
3025,ARLS1040,ARMATURE FOR LS1040 5167188,2
3026,ARM82111,POWERTEX-ARMATURE CC14STD,1
3027,ARM82124,ARMATURE ARM82124,3
3028,ARM9506,515553-1 ARMATURE  ASSY HP0300 9506,6
3029,ARM9506,515553-1 ARMATURE  ASSY HP0300 9506,1
3030,ARM9506,515553-1 ARMATURE  ASSY HP0300 9506,2
3031,ARMAL10,ARMATURE FOR MAL 10 DRILL ,3
3032,ARMAL13,ARMATURE FOR MAL 13 MM DRILL,1
3033,ARMAL5KG,ARMATURE FOR MAL 5KG ,3
3034,ARMAL950,ARMATURE   AG 950,-2.000
3035,ARMAL950,ARMATURE   AG 950,26
3036,ARMAL950,ARMATURE   AG 950,-1.000
3037,ARMAL950H,ARMATURE FOR JCB ANGLE GRINDER 950W,6
3038,ARMALMC5,MCF5 MAL ARMATURE ,1
3039,ARMARK180,DRY WALL SANDER ARMATURE ,5
3040,ARMATURE 230V STGS9100 -INN563260,ARMATURE 230V STGS9100 -INN563260,1
3041,ARMATURE DOUBLE SIDE INSULATED ,ARMATURE DOUBLE SIDE INSULATED ,156
3042,ARMATURE FOR 11E,ARMATURE FOR 11E,24
3043,ARMATURE GROWLER,ARMATURE GROWLER,1
3044,ARMC1030,MC30 ROTOR,1
3045,ARMS18,ARMATURE FOR METER SAW MS18,2
3046,ARMT40,ARMATURE 240V MT40 513879-5,1
3047,ARMT40,ARMATURE 240V MT40 513879-5,4
3048,ARMT410,ARMATURE  MT410,3
3049,ARMT410,ARMATURE  MT410,1
3050,ARMT412,513814-3  MT412 ARMATURE,1
3051,ARMT412/,ARMATURE FOR MT412 513814-3,1
3052,ARMT60,515834-3 ARMATURE MT60,7
3053,ARMT60,515834-3 ARMATURE MT60,1
3054,ARMT80A,515894-5 ARMATURE MT80A,2
3055,ARMT80A,515894-5 ARMATURE MT80A,1
3056,ARMT80A,515894-5 ARMATURE MT80A,1
3057,ARNAGRY/1,ARABANA GREY hilson,-1.000
3058,ARNAGRY/1,ARABANA GREY hilson,-1.000
3059,ARNAGRY/1,ARABANA GREY hilson,1
3060,ARNAGRY/1,ARABANA GREY hilson,-3.000
3061,ARNAMGL,HAND PROPELLED TROLLY,1
3062,ARNAMGL...,HAND PROPELLED TROLLY,-1.000
3063,ARNARED..,ARABANA  HEAVY,5
3064,AROS,ARMATURE 9035,3
3065,AROS125,ARMATURE FOR OS125,2
3066,AROS187,ARMATURE FOR FINISHING SANDER BULL,2
3067,ARP1900B,ARMATURE PLANNER POWERTEX,1
3068,ARPARA12,ARMATURE PARA12,12
3069,ARPARA8,K-ENDICO ARMATURE -AS8,30
3070,ARPARA8,K-ENDICO ARMATURE -AS8,25
3071,ARPARA8,K-ENDICO ARMATURE -AS8,-2.000
3072,ARPDA100/125,ARMATURE PDA100M/125M,6
3073,ARPDA100/R,ARMATURE FOR PDA100M RAJ AGRO ,74
3074,ARPDA100D,Armature for Angle Grinder100mmswm6,8
3075,ARPDA125M,ARMATURE PDA100M/125M(NEW 360744G,5
3076,ARPDA125M,ARMATURE PDA100M/125M(NEW 360744G,1
3077,ARPG1003,ARMATURE ,1
3078,ARPGAG100,ARMATURE FOR GRINDER POWERTEX AG100,30
3079,ARPH65A,E-YURISPEED-ARMATURE -PH65A,3
3080,ARPH65A,E-YURISPEED-ARMATURE -PH65A,3
3081,ARPH65C,ARMATURE FOR PH65SC 16KG ,6
3082,ARPH65HR,ARMATURE FOR 16KG COVINA RAJ AGRO ,6
3083,ARPH65S,PH65 ARMATURE SHARP,8
3084,ARPM1250,PM50 ARMATURE,1
3085,ARPMCV3M,ARMATURE FOR PMCV3M VIBRATOR ,1
3086,ARPMCV3M,ARMATURE FOR PMCV3M VIBRATOR ,2
3087,ARPMDH11P,ARMATURE FOR POLYMAK 11E ,2
3088,ARPPTCM125B,YURI ARMATURE CM5,1
3089,ARPSB400,ARMATURE 10MM IMPACT DRILL BOSCH MODEL ,3
3090,ARPSCAG100,ARMATURE PSCAG100C,3
3091,ARPSCAG125,ARMATUREPSCAG125,3
3092,ARPSCCM125A,POWER TEX SLIM CUT ARMATURE PSCCM125A,4
3093,ARPSCDM7,ARMATURE FOR SLIMCUT PSCDM7,3
3094,ARR/W,"9"" GRINDER ARMATURE ",1
3095,ARRH201,RH20 ROTOR,2
3096,ARRH26,RH26 ARMATURE,5
3097,ARRH28,RH28 ARMATURE,3
3098,ARRS,RINGSAW ARMATURE ,1
3099,ARSLOKT30,ARMATURE FOR SLOK T 30,3
3100,ARST100,STANLEY ANGLE GRINDER  STGS9100IN69-31B,1
3101,ARST125,STANLEY STSP 125 IN ARM ORG,4
3102,ARSTG850,ARMATURE STG850,1
3103,ARSTGT8100,ARMATURE STGT8100,1
3104,ARSTGT8100,ARMATURE STGT8100,6
3105,ARSTGT8100,ARMATURE STGT8100,1
3106,ARSTGT8100,ARMATURE STGT8100,2
3107,ARSTGT8100,ARMATURE STGT8100,6
3108,ARSTPT600,"STPT600 ARMATURE 5170011-22 SPT500,BDB530",1
3109,ARSTPT600,"STPT600 ARMATURE 5170011-22 SPT500,BDB530",1
3110,ART02,1/4 INCH SOCKET SET 12PCS  ART02,6
3111,ART2707,SOCKET WRENCH SET 13 PCS 1/2 INCH ,61
3112,ART2707,SOCKET WRENCH SET 13 PCS 1/2 INCH ,-1.000
3113,ART2801,40 PCS SOCKET SET ,1
3114,ART55,METSO WORKING LIGHT HOLDER 10MM ART55,1
3115,ART67006,ACE TIRE PRESSURE GAUGE 67006,10
3116,ART6756,SOCKET SET 12 PCS 1/4 INCH ART6756,4
3117,ART73,1/2INCH SOCKET SET  12PCS ,-18.000
3118,ART73B,1/2INCH SOCKET SET BLACK ART73,-6.000
3119,ARTG21006,TOOLS SPARE ROTOR TG1121006 ,2
3120,ARTM6,BULL GOLD FIELD COIL,1
3121,ARTUHR,TILE CUTTER ARMATURE ,1
3122,ARVAG4,VELMOC ARMATURE GRINDER,1
3123,ARVBR,ARMATURE 2-26 VBR,1
3124,ARVR35,ARMATURE FOR VIBRATER BR35 EVEREST,5
3125,ARY2300,BOSCH SANDER ARMATURE ,1
3126,ARY7100,YURI CHAMP ARMATURE 7-100,2
3127,ARYCOM355,CUT OFF SWITCH ,1
3128,ARYDWS/180,DRYWALL SANDER ARMATURE ,1
3129,ARYZG10,ARMATURE DAYIRI YZG10(11E),1
3130,As102,Aluminium Rivet 1/8*1/2,13698
3131,As102,Aluminium Rivet 1/8*1/2,8
3132,As103,Metal Screw Flat 13*6,1010
3133,AS104,METAL SCREW FLAT 19*6,992
3134,AS107,Choice Woodscrew Ss75*10,44
3135,As108,Choice Woodscrew Ss75*10,31
3136,AS108/38,Choice Woodscrew Ss75*10,180
3137,AS108/50,Choice Woodscrew Ss75*10,413
3138,As109,Ss Woodscrew 75*10,1
3139,AS11/2,TIG COLLET SIZE:1.6MM,11
3140,AS11/25,TIG COLLET BODY 2.4,2
3141,AS11/3,TIG COLLET SIZE:2.0MM,11
3142,AS11/5,LONG CAP,1
3143,AS11/6,SHORT CAP,1
3144,AS11/8,CERAMIC CUP NO:5,1
3145,AS11/9,CERAMIC CUP NO:6,2
3146,AS113/1,GRANITE CUTTETR 4' BULLET ORANGE ,-6.000
3147,AS113/1,GRANITE CUTTETR 4' BULLET ORANGE ,400
3148,As115, GENERAL PURPOSE SEG 125 WHITE ,81
3149,As116,DRY WALL SCREW PENTAGON 25X6,9073
3150,As116,DRY WALL SCREW PENTAGON 25X6,2
3151,AS117,PATTA SELF DRILLING SCREW HEAD 1 INCH ,-29.000
3152,AS117,PATTA SELF DRILLING SCREW HEAD 1 INCH ,4910
3153,AS117,PATTA SELF DRILLING SCREW HEAD 1 INCH ,11
3154,AS119,ABRO PTFL THREAD SEAL TAPE 5M,8
3155,AS120,ENERGY HACKSAW BLADE YELLOW,-411.000
3156,AS123,SANJAY SAFTY PAD 4INC,5
3157,As125,TOWERBOLT BHARTHI 6 INCH ,92
3158,As127,Core Bit 38,1
3159,As128,Core Bit Orange 19mm,2
3160,AS129,TOWER BHARTHI 4'',1
3161,As132,Bullet Aluminium Cutting Blade 10inc,1
3162,As133,PAINT SCRAPPER 2 INCH ,8
3163,As134,PAINT SCRAPPER 75MM 3 INCH ,2
3164,AS136,PAINT SCRAPPER 6 INCH ,1
3165,AS137,PAINT SCRAPPER 8 INCH ,3
3166,AS138,ROPE,2
3167,AS142/OR,ABRO SPRAY PAINT ORANGE RED400,3
3168,AS142B,SPRAY PAINT ANTIRUST BROWN ,6
3169,AS142B,SPRAY PAINT ANTIRUST BROWN ,-6.000
3170,AS142BLU,ABRO SPRAY PAINT ISUSU BLUE400,14
3171,AS142CY,ABRO SPRAY PAINT CANARY YELLOW 400,7
3172,AS142FG,ABRO SPRAY PAINT FRESH GREEN 400,10
3173,AS142G,ABRO SPRAY PAINT GOLD400,2
3174,AS142GB,ABRO SPRAY PAINT GLOSSY BLACK400,4
3175,AS142GR,I-STIX SPRAY PAINT GRASS GREEN 400 ML,7
3176,AS142GR,I-STIX SPRAY PAINT GRASS GREEN 400 ML,2
3177,AS142GRAY,ABRO SPRAY PAINT HAIER GREY 400,12
3178,AS142I,I-STIX SPRAY PAINT IVORY 400ML,13
3179,AS142L,I-STIX SPRAY PAINT LAQUER 400,2
3180,AS142MB,ABRO SPRAY PAINT MATT BLACK 400,5
3181,AS142MB,ABRO SPRAY PAINT MATT BLACK 400,3
3182,AS142MR,SPRAY PAINT MARS RED 400,4
3183,AS142OR,ABRO SPRAY PAINT ORANGE RED 400 ,8
3184,AS142OR,ABRO SPRAY PAINT ORANGE RED 400 ,4
3185,AS142R,1-STIX SPRAY PAINT MARS RED 400ML,-6.000
3186,AS142S,I-STIX SPRAY PAINT SILVER,6
3187,AS142V,I-STX SPRAY PAINT VIOLET 400ML,2
3188,AS142W,ABRO SPRAY PAINT GLOSSY WHITE400,10
3189,AS142Y,ABRO SPRAY PAINT CANARY YELLOW400,5
3190,AS143,TILE CUTTER,8
3191,AS147,PRESSURE WASHER NOZZLE TIP,-47.000
3192,AS147,PRESSURE WASHER NOZZLE TIP,-40.000
3193,AS147/1,PRESSURE WASHER NOZZLE TIP,-49.000
3194,AS147G,QUICK NOZZLE 1/4 GREEN ,2
3195,AS147Y,QUICK SPRAY NOZZLE YELLOW ,-6.000
3196,AS149,GREASE GUN,1
3197,As15,CHIPPING  HAMMER 450GMS,2
3198,AS15/1,CHIPPING  HAMMER350GMS,-1.000
3199,AS152,WELDING GOOGLES ,15
3200,AS152,WELDING GOOGLES ,5
3201,AS156,BHAGAT BIVELL SQUARE BH224,1
3202,AS157,MEGA DIAL TYPRE PRESSURE GAUGE MBDTG,1
3203,As16,DAMAN COLD CHISEL POINT 3/4''*10'' GRIP,1
3204,AS16/H,OCTANGLE POINT CHISEL 1*10(HEAVY GRIP),1
3205,AS162,POWERGRIP CRIMPING TOOL RJ-45,-1.000
3206,AS170,HANDLE- 068,1
3207,AS172,HIGH-PRESSURE HOSE-583,1
3208,AS173,EXTENSION HOSE 6MM,1
3209,AS175,HIGH-PRESSURE HOSE 6-65,3
3210,AS176,F016L73281 WIDE ANGLE NOZZLE ,1
3211,AS180,SDSPLUS HAMMER DRILL BIT 22*260,1
3212,AS181,SPADE BIT  CLEANCUT 6*155MM,9
3213,AS183,SPADE BIT CLEANCUT 14*155MM,31
3214,AS184, 2608587502  SPADE BIT CLEANCUT 16*160MM,8
3215,AS185,SPADE BIT CLEANCUT 22*160MM,21
3216,AS186,SPADE BIT CLEANCUT 30*165MM,3
3217,AS187,SPADE BIT CLEANCUT 35*165MM,19
3218,AS189,SPADE BIT CLEANCUT 28*165MM,-1.000
3219,As20,CLEAR TAPE 48*100MTR 2 INCH ,93
3220,As20,CLEAR TAPE 48*100MTR 2 INCH ,90
3221,As20,CLEAR TAPE 48*100MTR 2 INCH ,164
3222,AS20/50,CELLO CLEAR TAPE 48*50M TR  TAPE ,132
3223,AS20B,BROWN TAPE 48*35,31
3224,AS20B,BROWN TAPE 48*35,26
3225,AS20B,BROWN TAPE 48*35,-6.000
3226,AS20B,BROWN TAPE 48*35,82
3227,AS20S,CELLO TAPE 1 INCH  24MM*100 MTR,142
3228,AS20S,CELLO TAPE 1 INCH  24MM*100 MTR,81
3229,AS20S,CELLO TAPE 1 INCH  24MM*100 MTR,12
3230,As22,Chisel Handle Striking (PVC),-5.000
3231,AS22/P,CHISEL HANDLE PLASTIC,20
3232,AS22/W,CHISEL HANDLE WOODEN,-1.000
3233,AS226OR,2-26 ORING ,22
3234,AS22R,CHISEL HANDLE RED,4
3235,As23,CLEAR TAPE 48*35 MTR ,48
3236,AS24*50,BROWN TAPE 24*50 mtr,17
3237,As25,Rainbow G+ Blue 1st,-1.000
3238,AS28,E AOG CARBON BRUSH CM4SA,165
3239,AS28,E AOG CARBON BRUSH CM4SA,-22.000
3240,AS28,E AOG CARBON BRUSH CM4SA,-11.000
3241,As29,Rotary Hammer Bit 32*520,1
3242,As33, 2608690231 SDS-max Pointed 400mm,4
3243,As33, 2608690231 SDS-max Pointed 400mm,9
3244,AS34C,AS-8 /PARA8 CARBON CAP ,-62.000
3245,AS35,HAMMER DRILL BIT 20*460 2608680291,1
3246,AS36,SPADE BIT CLEANCUT 24*160,7
3247,AS36/300,CABLE 25 SQMM ORANGE 36/300 PHILIPS ,100
3248,AS37,CORE BIT 10MM,2
3249,AS39,CORE BIT 12MM,1
3250,AS3X16,"HINGES 4""",20
3251,As4,Cutting Nozzle 1/16,2
3252,AS40,HOSE- 523(5-65),2
3253,AS43,CORE BIT,10
3254,AS48,CORE BIT 50MM,1
3255,AS48*65,BROWN TAPE 48*65  mtr,13
3256,AS48/1,CORE BIT 10MM,1
3257,AS4X16,"HINGES 3""",17
3258,As5,Front Open Helmet,-1.000
3259,AS50,DAMPING RING ,-2.000
3260,AS50MM,ROYAL ENAMEL PAINT BRUSH 2,75
3261,AS50MM,ROYAL ENAMEL PAINT BRUSH 2,40
3262,AS50MM,ROYAL ENAMEL PAINT BRUSH 2,20
3263,AS54,NEEDLE BEARING ,16
3264,As6,Safety Helmet Heapro Ratchet,2
3265,AS60,BAUM ART-172 MULTI CABLE STRIPPER,-1.000
3266,AS65,ONIX RECHARGEBLE LED OL880,1
3267,AS66,FREEMANS IKON 7.5MTR,-2.000
3268,AS66,FREEMANS IKON 7.5MTR,120
3269,AS66,FREEMANS IKON 7.5MTR,-4.000
3270,As7,MASK YELLOW,177
3271,As73,Dog Belt With Chain,5
3272,As75,Gate Chain Welded Star6*12,-0.650
3273,AS8,COPPER CABLE G TECH 25 SQM SAI,40
3274,AS8,COPPER CABLE G TECH 25 SQM SAI,37
3275,AS8,COPPER CABLE G TECH 25 SQM SAI,125
3276,AS8,COPPER CABLE G TECH 25 SQM SAI,98
3277,AS8,COPPER CABLE G TECH 25 SQM SAI,-5.000
3278,AS8/35,SAI WELDING CABLE 35 SQM,122
3279,AS8/35,SAI WELDING CABLE 35 SQM,-8.000
3280,AS8/50,SAI WELDING CABLE 50 SQMM,26
3281,AS8/O,SAI WELDIN G CABLE ORANGE COLOUR 25 SQ ,14
3282,AS8/R,WELDING CABLE ORANGE 16SQMM   SAIWELD,-103.500
3283,AS8/R,WELDING CABLE ORANGE 16SQMM   SAIWELD,-10.500
3284,AS81,IRON CUTTING CHISEL 4,2
3285,AS83/1,AS83/1,3
3286,As84,S HOOK CP 3 INCH PLAIN ,-3.000
3287,As88,Epoxy Primer Grey,3
3288,As89,NS ROLLER HANDLE,7
3289,AS8A,COPPER CABLE MAX WELD 25 SQMM ISI,-12.500
3290,AS8A,COPPER CABLE MAX WELD 25 SQMM ISI,3
3291,AS8A,COPPER CABLE MAX WELD 25 SQMM ISI,95
3292,AS8A,COPPER CABLE MAX WELD 25 SQMM ISI,180
3293,AS8A,COPPER CABLE MAX WELD 25 SQMM ISI,0.5
3294,AS8A,COPPER CABLE MAX WELD 25 SQMM ISI,-7.000
3295,AS8B,AS8 BODY ,8
3296,AS8BG,E ENDIGOSPARES AS8 BEARING GUIDE,3
3297,AS8YG,E ENDIGO SPARES AS8YGUIDE,1
3298,As9,COTTON KNITTED DOTTED GLOVES,796
3299,As90,ROYAL ROLLER POUCH 4',27
3300,As90,ROYAL ROLLER POUCH 4',476
3301,As90,ROYAL ROLLER POUCH 4',-2.000
3302,As90,ROYAL ROLLER POUCH 4',171
3303,AS90/1,4'ENAMEL REFIL,-5.000
3304,AS90/1,4'ENAMEL REFIL,490
3305,AS90/2,ROLLER SLEEVE 2INCH ,50
3306,As91,PAINT BRUSH 2'(38mm),12
3307,As92,PAINT BRUSH 2.5',-1.000
3308,As93,PAINT BRUSH 1',24
3309,As93,PAINT BRUSH 1',26
3310,AS93/1,PAINT BRUSH 1.5',38
3311,AS93/1,PAINT BRUSH 1.5',-2.000
3312,AS93/1,PAINT BRUSH 1.5',20
3313,As94,PAINT BRUSH MAH SIN 3',-15.000
3314,As94,PAINT BRUSH MAH SIN 3',6
3315,As95,PAINT BRUSH 4',54
3316,As96,Freemans Wood Cutting Blade 5*30,2
3317,AS9W,COTTON GLOUSE 100GRM ,-4.000
3318,ASG1061,INGCO AIR SPRAY GUN ,2
3319,ASG112,GRANITE &STONE CUTTING BLADE 112MM,11
3320,ASL64,DIGITAL MULIMETER ,1
3321,AT700,AIR TRACT SPRAY GUN  AT700,-1.000
3322,AT86,BOZA BENCH VICE 4*4.5 INCH   ,-1.000
3323,AT86,BOZA BENCH VICE 4*4.5 INCH   ,1
3324,AT8BP,ENDICO SPARES AS8 BACKALITE PLATE ,3
3325,ATC07,HACK SAW FRAME JUNIER 6MM,1
3326,ATC08,HACK SAW FRAME MINI ,1
3327,ATC1,15351 1 SQMM CABLE COP ATC,140
3328,ATC5,VICE 5 ',108
3329,ATC80,T  BAR STEEL CASTED  VICE 2INCH TEE 6',-1.000
3330,ATS1028,E-ENDICO-SPARES-AS8 SLEEVE,1
3331,ATU600,WELDING HOLDER  LEGO MINI BRASS,-2.000
3332,ATU600,WELDING HOLDER  LEGO MINI BRASS,34
3333,ATU600,WELDING HOLDER  LEGO MINI BRASS,-2.000
3334,AVD,VOLTAGE DETECTOR,7
3335,AW05,TUQO HYDRAULIC HOSE AW05 7 MTR ,49
3336,AW06,TUQO HYDRAULIC HOSE AW06 7 MTR ,74
3337,AW4043,ALUMINIUM FILER WIRE 4043,5
3338,AW5356,ALUMINIUM FILLER WIRE 5356,5
3339,AWB,AB WASHER 7'',5
3340,AWRK,WOOD RUFF KEY ,30
3341,AWS,AUTO WIRE STRIPPER & CRIMPING TOOL,1
3342,AWS15,METSO WIRE STRIPPER MULTI AWS15,-1.000
3343,AXE2,ATHULYA AXE KODALI 2KG,3
3344,AXE2,ATHULYA AXE KODALI 2KG,-8.000
3345,AXE2.5,ATHULYA AXE KODALI2.5,-1.000
3346,AXE2.5,ATHULYA AXE KODALI2.5,-1.000
3347,AXE2.5,ATHULYA AXE KODALI2.5,3
3348,AXE2.8,ATHULYA AXE 2.8 KODALI ,2
3349,AXE2.8,ATHULYA AXE 2.8 KODALI ,3
3350,AXE3,ATHULYA AXE KODALI3 KG ,3
3351,AXEC250,AIMAXE POWER PRESSURE WASHER 250 BAR AXEC250,2
3352,B002.,TEXTURE GUN ,2
3353,B002.,TEXTURE GUN ,5
3354,B0324,BC 28MM CONNECTING CASE HOUSING ,2
3355,B03710,B03710-SANDER 92*185,2
3356,B0810O,810 ORING ,92
3357,B0810O,810 ORING ,-2.000
3358,B0810OL,0810 OIL SEAL ,44
3359,B0835H,BULL 5KG HANDLE  DH0835,2
3360,B1/16,CUTTING NOZZLE IMPEX B1/16,10
3361,B1/16,CUTTING NOZZLE IMPEX B1/16,7
3362,B1/16,CUTTING NOZZLE IMPEX B1/16,1
3363,B1/16,CUTTING NOZZLE IMPEX B1/16,-1.000
3364,B1/32,CUTTING NOZZLE IMPEX 1/32,10
3365,B1/32,CUTTING NOZZLE IMPEX 1/32,10
3366,B1/32,CUTTING NOZZLE IMPEX 1/32,1
3367,B1/32,CUTTING NOZZLE IMPEX 1/32,3
3368,B100/30,BULL STAPLIER PIN 100/30,1
3369,B100/40,BULL STAPLIER PIN 100/40,1
3370,B100/45,BULL STAPLIER PIN 100/45,1
3371,B1005,06012161F4 GSB 10 RE KIT IMPACT DRILL ,1
3372,B111,BREAD BOX 111,12
3373,B115,GRINDER ARMATURE ,3
3374,B11EFOS,11E FELT OIL SEAL ,8
3375,B11ESD,11E STOPPING DEVICE ,36
3376,B11ESD,11E STOPPING DEVICE ,18
3377,B1LBH,BULLET HAMMER 450 GRM  WITH HANDLE ,8
3378,B2,GHP5-65 High Pressure Cleaner,1
3379,B22,V BELT B22,22
3380,B222,BREAD BOX 222,120
3381,B229WP,17294 9WP BULB OSRAM B22,200
3382,B23/10,BULL23/10 STAPLIER PIN ,3
3383,B23/6,BULL 23/6 STAPLIER PIN ,-4.000
3384,B23/8,BULL 23/8 STAPLIER PIN ,220
3385,B23/8,BULL 23/8 STAPLIER PIN ,-6.000
3386,B23/8,BULL 23/8 STAPLIER PIN ,18
3387,B288OS,288 OIL SEAL ,1
3388,B288OS,288 OIL SEAL ,7
3389,B288P,288 PISTON ,9
3390,B288S,288 MICRO SWITCH ,4
3391,B288SG,288 SPRING ,7
3392,B288V,288 VALVE,47
3393,B288V,288 VALVE,14
3394,B288WS,288 WATER SEAL ,3
3395,B298,GSB 501 DRILL MACHINE,1
3396,B3/64,CUTTING NOZZLE IMPEX B3/64 WALT ,10
3397,B3/64,CUTTING NOZZLE IMPEX B3/64 WALT ,10
3398,B333,BREAD BOX 333,12
3399,B36,B36 FENNER WET GRINDER BELT,2
3400,B4*12B,BUFFING  WHEEL 4 INCH  BROWN ,324
3401,B4*12G ,BUFFING WHEEL 4*12 BULL GREEN ,8
3402,B4*40T,TCT BLADE 4*40T SLIM PRO BULL,-8.000
3403,B4*40T,TCT BLADE 4*40T SLIM PRO BULL,532
3404,B4*40T,TCT BLADE 4*40T SLIM PRO BULL,532
3405,B42,B42 FENNER WET GRINDER BELT,2
3406,B45,V BELT,12
3407,B48,B48 FENNER WET GRINDER BELT,2
3408,B5*40T,TCT BLADE 5*40T SLIM PRO ,4
3409,B547,GSS 2300 SANDER,2
3410,B6*1,NON WOVEN WHEEL 6*1,20
3411,B6202,BEARING 6202,1
3412,B6204 ,BEARING 6204 ,2
3413,B66,V BELT B66,3
3414,B67773,MAGNET NUTSETTER 8X50MM 50PCS B-67773,3
3415,B708,T144DHCS SPEED FOR WOOD100PACK-2608637880,153
3416,B708/244,BOSCH JIGSAW BLADE T 244 D 2608637881,271
3417,b713,Bosch Go Cordless Screw Deriver Kit,3
3418,B72,G CLAMP 2 INCH,1
3419,B74,CALTEX  C CLAMP 3 INCH ,1
3420,B80/10,BULL STAPLIER PIN 80/10,1
3421,B80/12,BULL STAPLIER PIN 80/12,1
3422,B80/8,BULL STAPLIER PIN 80/8,1
3423,B80/9,BULL STAPLIER PIN 80/9,1
3424,B80357,CARBON BRUSH B-80357,6
3425,B80422,CARBON BRUSH MAKITA (B-80422 } ,9
3426,B806,BEND SPRING 20 MM,37
3427,B810OS,810 OIL SEAL  BULL ,134
3428,b837,BOSCH PRESURE WASHER,2
3429,B905,GBM 6,-1.000
3430,B910,Bosch Angle Gws22-230 0601850155,1
3431,B911,Bosch Gbm 13 Re,1
3432,B93C,AIR BLOW GUN ,-2.000
3433,BA1/2*3/4,REDUCER,5
3434,BA150,BEARING PULLER 6INCH BA150,4
3435,BA417,BA417 1/2 DRIVE SLIDING BAR 300MM,1
3436,BACPG,BULL AIRCOMPRESSOR PRESSURE GUAGE ,5
3437,BACRV,BULL AIR COMPRESSOR REGULATOR VALVU ,8
3438,BACRV,BULL AIR COMPRESSOR REGULATOR VALVU ,1
3439,BACVP,BULL AIR COMPRESSOR VALVU PLATE,2
3440,BAD1,ADDITION DRILL BIT 1 M M,60
3441,BAD1/8,ADDISION DRILL BIT 1/8 JOBBER ,92
3442,BAD10M,ADDISION DRILL BIT 10M JOBBER  BITWORLD ,32
3443,BAD2,ADDISION DRILL BIT 2MM  BITWORLD  JOBBER,49
3444,BAD2,ADDISION DRILL BIT 2MM  BITWORLD  JOBBER,66
3445,BAD2,ADDISION DRILL BIT 2MM  BITWORLD  JOBBER,66
3446,BAD2.5,ADDISION DRILL BIT JOBBER 2.5 BITWORLD ,132
3447,BAD3.5,ADDISION DRILL BIT 3.5 JOBBER BITWOLD ,-38.000
3448,BAD3.5,ADDISION DRILL BIT 3.5 JOBBER BITWOLD ,102
3449,BAD3/32,ADDITION DRILL BIT 3/32,40
3450,BAD3M,ADDISION DRILL BIT 3MM JOBBER BITWORLD ,24
3451,BAD4.5,ADDISION DRILL BIT 4.5M JOBBER ,32
3452,BAD4M,ADDISION DRILL 4M JOBBER BITWORLD ,-4.000
3453,BAD4M,ADDISION DRILL 4M JOBBER BITWORLD ,56
3454,BAD5M,ADDISION DRILL BIT 5M JOBBER BITWOLD ,48
3455,BAD6M,ADDISION DRILL BIT 6M JOBBER  BITWORLD ,1
3456,BAG100BS,BULL GOLD AG100 BEARING SLEEVE ,5
3457,BAG100C,CARBON BRUSH BGAG100,-6.000
3458,BAG100GB,GEAR BOX FOR BULL ANGLE GRINDER AG-100,1
3459,BAG100GS,BULL GOLD AG-100 GEAR SET ,10
3460,BAG100GS,BULL GOLD AG-100 GEAR SET ,2
3461,BAG100LS,LOCK SET FOR BULL ANGLE GRINDER BAG100,22
3462,BAG100S,AG-100 MULTI SPANNER ,5
3463,BAG125C,BULL GOLD AG-125  CARBON BRUSH ,58
3464,BAG125H,BULL GOLD HOUSING AG125,5
3465,BAG2100BS,BULL GOLD AG2100 BEARING SLEEVE ,2
3466,BAG2100BS,BULL GOLD AG2100 BEARING SLEEVE ,2
3467,BAG2100BS2,BEARING SLEEVE FOR AG2100,10
3468,BAG2100C,BULL GOLD AG2-100 CARBON ,30
3469,BAG2100C,BULL GOLD AG2-100 CARBON ,-7.000
3470,BAG2100GC,BULL GOLD AG2100 GEAR CASE ,1
3471,BAG2100GS,BULL GOLD AG2100 GEAR SET ,3
3472,BAG2100LS,BULL GOLD AG2100 LOCK SET ,18
3473,BAG230S,BULL GRINDER 9 INCH SWITCH AG-230,1
3474,BAG3100BS,BULL GOLD AG3100 BEARING SLEEVE,10
3475,BAG3100G,BULL GOLD AG3100 GEAR ,2
3476,BAG6100C,BULL CARBON 6100,1914
3477,BAG801,BULLET ANGLE GRINDER 4 INCH 801,1
3478,BAG801C,BULL CARBON 801,464
3479,BALL BEARING 607,BALL BEARING 607,1
3480,BARNUT,BAR NUT M8,-9.000
3481,BAS28,BULL CARBON CM4SA,2834
3482,BAS28,BULL CARBON CM4SA,-54.000
3483,BASE PLATE,Q1120,1
3484,BATTERY 21V ,BATTERY 21V ,9
3485,BB1.5AH,BULLET BATTERY 1.5 AH 20V,4
3486,BB607,BEARING BUSH 607,16
3487,BB62001,BALL BEARING 62001,1
3488,BB80T,80T BLADE BLACK ,2
3489,BB85B,VORMIER  BATTERY FOR BRUSHCUTTER BB85,6
3490,BB85C,VORMIER CHARGER  CORDLESS LEAF BLOWER ,1
3491,BBCTS9T,BC TRANSIT SHAFT 9T,10
3492,BBDH16KP,BLOCK BLESSING FOR MAL 16KG BBDH16KP,1
3493,BBH,BANGALORE BILL HOOK,5
3494,BC1/8/4,CENTRAL PUNCH 4 INCH  TAPARIA ,-2.000
3495,BC1/8/4,CENTRAL PUNCH 4 INCH  TAPARIA ,7
3496,BC10*40T,TCT BLADE OMR 10*40T BRUSH CUTTER ,4
3497,BC1000A,BOOSTER CABLE HEAVY,-1.000
3498,BC26C,BC26 CYLINDER,2
3499,BC26CCS,BC 26 CONNECTING CASE ,-2.000
3500,BC26CG,BC CARBURATOR GASKET ,450
3501,BC26CP,BC26 CONNECTING PARTS,1
3502,BC26CRG,BC26 CYLINDER GASKET,8
3503,BC26FTC,BC26 FUEL TANK COVER ,2
3504,BC26FTC,BC26 FUEL TANK COVER ,3
3505,BC26MF,BC MANIFOLD ,92
3506,BC26OS,BC26 OIL SEAL ,1
3507,BC26P,BC26 PISTON ,1
3508,BC26PP,BC26 PIPE ,34
3509,BC26PR,BC26 PISTON RING ,6
3510,BC26PR,BC26 PISTON RING ,2
3511,BC28 INLET PIPE GASKET ,BC28 INLET PIPE GASKET ,1
3512,BC28 PISTON,BC28 PISTON,1
3513,BC28AFE,BC28 AIR FILTER ELEMENT ,6
3514,BC28CD,BC28 CLUTCH DRUM ,1
3515,BC28CP,BC28 CLIP,2
3516,BC28FC,BC28 FUEL CAP ,1
3517,BC28FPS,BC28 FUEL PIPE SET,2
3518,BC28FT,BC28 FUEL TANK ASSY,2
3519,BC28PP,BC28MM PIPE,14
3520,BC28PP,BC28MM PIPE,-1.000
3521,BC28PP,BC28MM PIPE,-1.000
3522,BC28S,BC28 STARTER,1
3523,BC28SA,BC28 STARTER ASSY ,4
3524,BC28SH,BC28 SWITCH HANDLE   RIGHT ,1
3525,BC2ST,CARBURATOR 2 ST. B/C S/S,2
3526,BC3 15X30X7,BC3 OIL SEAL 15X30X7,1
3527,BC312X22X7,BC3 OIL SEAL 12X22X7,1
3528,BC36202,BC3 BALL BEARING 6202,1
3529,BC3A,BC3 AIR BOX BASE,1
3530,BC3ABA,BC3 AIR BOX ASSY ,2
3531,BC3B10*13*16,BC3 BEARING 10*13*16,2
3532,BC3BB,BC3 BALANCE BODY,5
3533,BC3C,BC3 CARBURATOR,2
3534,BC3C,BC3 CARBURATOR,14
3535,BC3C,BC3 CARBURATOR,1
3536,BC3CA,BC3 CLUTCH ASSY,1
3537,BC3CD,BC3 CLUTCH DRUM,1
3538,BC3CH,BC3 CLUTCH ASSY ,2
3539,BC3CHE,BC3 CONTROL HANDLE ,3
3540,BC3CHE,BC3 CONTROL HANDLE ,1
3541,BC3CLH,BC3 CLAMP LH,12
3542,BC3CLH,BC3 CLAMP LH,12
3543,BC3CLH,BC3 CLAMP LH,2
3544,BC3CP,BC3 CIRCLIP PISTON RING,4
3545,BC3CP,BC3 CIRCLIP PISTON RING,1
3546,BC3CRH,BC3 CLAMP RH,16
3547,BC3CY,BC3 CYLINDER,1
3548,BC3DS,BC3 DRIVER SHAFT ,2
3549,BC3FF,BC3 FILTER FUEL,8
3550,BC3FT,BC3 FUEL TANK ,6
3551,BC3FT,BC3 FUEL TANK ,2
3552,BC3FTC,BC3 FUEL TANK COVER ,2
3553,BC3FTUBE,BC3 FUEL TUBE ,6
3554,BC3FTUBE,BC3 FUEL TUBE ,1
3555,BC3G,BC3 GASKET,1
3556,BC3G/C,BC3 GASKET  CYLINDER ,3
3557,BC3G/C,BC3 GASKET  CYLINDER ,2
3558,BC3GBBR1,BC3 GB BLADE RETAINER ,7
3559,BC3GBBR1,BC3 GB BLADE RETAINER ,2
3560,BC3GBBR2,BC3 GB CAP WASHER,8
3561,BC3GBBR2,BC3 GB CAP WASHER,2
3562,BC3GCR,BC3 GASKET CARBURATOR ,12
3563,BC3GCR,BC3 GASKET CARBURATOR ,3
3564,BC3GCR,BC3 GASKET CARBURATOR ,6
3565,BC3GCR,BC3 GASKET CARBURATOR ,2
3566,BC3IG,BC3 INSULATOR  GASKET ,4
3567,BC3M5X25,BC3 SCREW M5X25,1
3568,BC3PB,BC3 PRIMING BULB,9
3569,BC3PB,BC3 PRIMING BULB,1
3570,BC3PN,BC3 PISTON ,4
3571,BC3PN,BC3 PISTON ,1
3572,BC3PR,BC3 PISTON RING ,5
3573,BC3PR,BC3 PISTON RING ,1
3574,BC3RB,BC3 RUBBER -BUMP,8
3575,BC3RB,BC3 RUBBER -BUMP,2
3576,BC3RFT,BC3 RETAINER FUEL ,6
3577,BC3RFT,BC3 RETAINER FUEL ,14
3578,BC3RRB,BC3 RUBBER BUMP,5
3579,BC3S,BC3 ALUMN TUBE -SHAFT,2
3580,BC3SA,BC3 START ASSEMBLY,2
3581,BC3SA,BC3 START ASSEMBLY,2
3582,BC3SGE,BC3 SPONGE ,42
3583,BC3SPG,BC3 SPARK PLUG,1
3584,BC3SPG,BC3 SPARK PLUG,1
3585,BC3SR,BC3 START REEL ,1
3586,BC3TCA,BC3 THROTTLE CABLE ASSY ,1
3587,BC40T,BLADE BRUSH CUTTER 40T ,47
3588,BC43CC,BC CARBURATOR HQ 43CC,1
3589,BC43CS,BC 43CC CYLINDER SET  VERTIGO GOLD ,48
3590,BC43CS/1,BC10 CYLINDER SET 43CC,6
3591,BC43PS,BC PISTON SET 43CC,9
3592,BC4EE,BC4EE MUFLER GASKET ,1
3593,BC4SH,RUBBER BEARING BC4SH,10
3594,BC50L,BELT COMPRESSOR Z0036/8 1 HP 50 L,1
3595,BC52CS,BC 52CC CYLINDER SET,-8.000
3596,BC52CS/1,BC10 CYLINDER SET 52CC,10
3597,BC52PS,BC PISTION SET  52CC,6
3598,BC60T,BLADE BRUSHCUTTER 60T ,46
3599,BC7436,BC STARTER OMR ,4
3600,BC7436,BC STARTER OMR ,10
3601,BC8,BOLT CUTTER 200MM ULTRAFAST,5
3602,BCA4,BC CLUTCH CASE ASSY 4 STROKE ,18
3603,BCAF,BC AIR FILTER SPONGE SQUARE,-44.000
3604,BCAW,BC AB WASHER 2ST,14
3605,BCAW,BC AB WASHER 2ST,1
3606,BCBA,BRUSH CUTTER BLADE ALLYS,-4.000
3607,BCBA,BRUSH CUTTER BLADE ALLYS,47
3608,BCBELT,BC BELT DOUBLE  BLACK ,32
3609,BCBELT,BC BELT DOUBLE  BLACK ,-2.000
3610,BCBELT/S,BC BELT SINGLE HEAVY ,97
3611,BCBO,BC OILSEAL BIG ,6
3612,BCCA,BC CAP LID ASSEMBLY ,2
3613,BCCB,BC CLUTCH BOLT RAJAGRO ,50
3614,BCCDM,BC CLUTCH DRUM ,-1.000
3615,BCCDM,BC CLUTCH DRUM ,-1.000
3616,BCCP,CARBURATER PACKING BC ,12
3617,BCCR,BC CLUTCH RED ,54
3618,BCCR,BC CLUTCH RED ,54
3619,BCCYP,BC CYLINDER PACKING ,12
3620,BCD,BC DRUM ,2
3621,BCDG,BC DRUM GOOD ,6
3622,BCFC,BC FUEL CAP ,6
3623,BCFFS,BC FUEL FILTER SMALL ,268
3624,BCFFS,BC FUEL FILTER SMALL ,201
3625,BCFFS,BC FUEL FILTER SMALL ,201
3626,BCFFS,BC FUEL FILTER SMALL ,-6.000
3627,BCFG,BC FRONT GUARD SET ,4
3628,BCFG12,BC FRONT GUARD 12,-50.000
3629,BCFG2,BC FRONT GUARD  2 strock ,8
3630,BCFP,BC FUAL PIPE ROLL 100 MTR ,32
3631,BCFP,BC FUAL PIPE ROLL 100 MTR ,54.5
3632,BCFP,BC FUAL PIPE ROLL 100 MTR ,54.5
3633,BCFP,BC FUAL PIPE ROLL 100 MTR ,-175.000
3634,BCGH26,GEAR HEAD 26MM  BRUSH CUTTER,26
3635,BCGH26,GEAR HEAD 26MM  BRUSH CUTTER,4
3636,BCGS4,BC GEAR CASE ASSY 4 STROKE ,7
3637,BCH26M,BC CLUTCH HOUSING 26MM ,40
3638,BCH28,BC HANGER 28MM,3
3639,BCH28M,BC CLUTCH HOUSING 28MM ,-3.000
3640,BCH28M,BC CLUTCH HOUSING 28MM ,6
3641,BCH28M,BC CLUTCH HOUSING 28MM ,12
3642,BCH6,BULL CHISEL FLAT 6 INCH ,13
3643,BCIC,BC IGNITION COIL ST43CC RAJAGRO ,4
3644,BCIC,BC IGNITION COIL ST43CC RAJAGRO ,94
3645,BCIC,BC IGNITION COIL ST43CC RAJAGRO ,36
3646,BCIC,BC IGNITION COIL ST43CC RAJAGRO ,6
3647,BCIR,BC INNER ROD ,6
3648,BCLH,BC LEFT HANDLE ,23
3649,BCLH,BC LEFT HANDLE ,6
3650,BCPS,BC PLUG CAP WITH SPRING ,26
3651,BCSA,STARTER ASSY BRUSH CUTTER RAJAGRO ,41
3652,BCSA,STARTER ASSY BRUSH CUTTER RAJAGRO ,41
3653,BCSO,BC OIL SEAL SAMLL ,6
3654,BCSP,BC SILENCER PACKING ,12
3655,BCSS,SWITCH BATTERY CHAINSAW 4 INCH ,9
3656,BCST ,BC ST ASSY STEEL RAJ AGRO ,41
3657,BCST ,BC ST ASSY STEEL RAJ AGRO ,41
3658,BCSTA,BC ST ASSY EASY 12 RAJAGRO ,46
3659,BCSTA,BC ST ASSY EASY 12 RAJAGRO ,6
3660,BCSTA/1,BC ST ASSY EASY 12 RAJAGRO ,52
3661,BCTS,BC TANK STAND ,1
3662,BCTS9T,BC TRANSIT SHAFT 9T 12%,4
3663,BCW125,CUP WHEEL SEGMENT 5 INCH ,-1.000
3664,BCW125,CUP WHEEL SEGMENT 5 INCH ,39
3665,BCW180,CUP WHEEL SEGMENT 7 INCH ,9
3666,BCWHS/1,HOSE SLEEVE ,-456.000
3667,BD100445518,B&D PRESSURE WASHER SWICH KIT 1004455-18,2
3668,BD1004455-91,PRESSURE WASHER SERVICE KIT1004455-91,2
3669,BD40K,BLACK AND DECKER LI IRON SCREW DRIVER,1
3670,BD411007-1,PLUNGER411007-1,3
3671,BD411007-2,SPRING 411007-2,3
3672,BD65RD,BLACK&DECKER BD65RD 6MM DRILLR/F,6
3673,BD81588,BLACK AND DECKER COMBINATION PLIER,2
3674,BD81593,BLACK AND ECKER HEXKEY SET 8PIC BDHT8159,136
3675,BD81593,BLACK AND ECKER HEXKEY SET 8PIC BDHT8159,-30.000
3676,BDC10M,BULL DRILL CHUCK  10MM,148
3677,BDCLAMB,MS SHEET CUTTING C-WH{BATHROOM CLAMP},0.835
3678,BDH11GC,BULL 11E GREASE CAP,10
3679,BDH11HIB,BULL GOLD DH-11H INSERT BLOCK ,2
3680,BDH11HSL,BULL GOLD DH11H SWITCH LOCK ,2
3681,BDHT570,BLACK AND DECKER SILICON GUN BDHT81570,1
3682,BDL/2,BULLET LOCK 8*11  DAMU,9
3683,BDL2,BULLET LOCK 2.1/4,8
3684,BDPM1/1,"1/2""  TABLE BRACKET (BUNCH DRILL BASE )",1
3685,BDU10,BULL CARBON BRUSH DU-10 DRILL,70
3686,BEARING 6000 S/S,BEARING 6000 S/S,1
3687,BEARING 6001 S/S,BEARING 6001 S/S,2
3688,BEARING 607,BEARING 607,1
3689,BEARING 607,BEARING 607,3
3690,BEARING 608,BEARING 608,2
3691,BEC4B,LEFT BOLT BULL EC4,88
3692,BEC4B,LEFT BOLT BULL EC4,-446.000
3693,BENDB,BEND BLUE 1 1/4 INCH SUBMERSIBLE ,1
3694,BFD,"BULL DISK PAPPER 60 ,80,100,120",302
3695,BFD,"BULL DISK PAPPER 60 ,80,100,120",225
3696,BFD,"BULL DISK PAPPER 60 ,80,100,120",1260
3697,BFMC,BLADE FOR MARBLE CUTTING ,1
3698,BFT2,BC FUEL TANK 2 STROCK ,8
3699,BG0810,BULL CARBON 0810,-74.000
3700,BG110,GB GRANITE SEG 110 ORANGE,12
3701,BG14B,BULL GOLD 14V BATTERY,1
3702,BG20B,BULL GOLD 20V BATTERY,2
3703,BG500,GREESE 500GM BULL,5
3704,BG8213,DAMIER BENCH GRINDER 8 INCH BG8213,2
3705,BG83502,INGCO BENCH GRINDER ,1
3706,BGAC24/1,BULL AIR  COMPRESSOR 24 LTR OIL FREE,1
3707,BGAC24L,BULL AIR  COMPRESSOR 24 LTR,2
3708,BGAC24L,BULL AIR  COMPRESSOR 24 LTR,7
3709,BGAC50L,BULL AIR COMPRESSOR BULL 50L ,3
3710,BGAC50L/1,BULL AIR COMPRESSOR BULL 50L  OIL FREE,2
3711,BGAG100/1,BULL GOLD  ANGLE GRINDER 1250W,9
3712,BGAG100GB,BGAG100 GRINDER GEAR BOX ,10
3713,BGAG100GS,BGAG100 GRINDER GEAR BOX ,20
3714,BGAG100LS,BGAG100 LOCK SET,6
3715,BGAG100LS,BGAG100 LOCK SET,6
3716,BGAG125,BULL GOLD AG-125 ANGLE GRINDER 1200W,1
3717,BGAG125,BULL GOLD AG-125 ANGLE GRINDER 1200W,6
3718,BGAG125BS,BEARING SLEEVE FOR GRINDER 54 INCH  607,18
3719,BGAG125BW,BEARING WASHER  FOR GRINDER 5 INCH ,6
3720,BGAG125C,BULL CARBON BRUSH AG125,2
3721,BGAG125GB,BULL GOLD  AG-125 GEAR BOX ,2
3722,BGAG125GS,BULL GOLD AG-125 GEAR SET,9
3723,BGAG125LS,BULL GOLD AG-125 LOCK SET ,12
3724,BGAG2100/1,BULL GOLD ANGLE GRINDER 1100W,48
3725,BGAG2100/1,BULL GOLD ANGLE GRINDER 1100W,13
3726,BGAG230,ANGLE GRINDER 9INCH 3200W BGAG230,1
3727,BGAG3100,BULL GOLD AG3-100 V/S,-2.000
3728,BGAGS6103,BULL GRINDER STAND ,3
3729,BGAGS6103,BULL GRINDER STAND ,10
3730,BGC14V/1,BULL GOLD CORDLESS DRILL 14V,-5.000
3731,BGC35/1,BULL GOLD CUT OFF MACHINE 355 ,1
3732,BGC355,BULL GOLD CUT OFF MACHINE 355 ,1
3733,BGCD14V,BULL GOLD CORDLESS DRILL 14V,3
3734,BGCS52/1,BULL  CHAINSAW  GCS52CC,11
3735,BGCS52/1,BULL  CHAINSAW  GCS52CC,3
3736,BGCS58CC,BULL  CHAINSAW  GCS58CC,8
3737,BGDH0835,BULL  DEMOLITION HAMMER 5KG 1400W,-1.000
3738,BGDH0835,BULL  DEMOLITION HAMMER 5KG 1400W,1
3739,BGDH0835,BULL  DEMOLITION HAMMER 5KG 1400W,1
3740,BGDH0835/1,BULL  DEMOLITION HAMMER 5KG 1400W,7
3741,BGDH0835AT,BULL GOLD ALUMINIUM TUBE  BGDH0835,2
3742,BGDH0835G,BULL GEAR BGDH08355,1
3743,BGDH0835O,SPARE O RING 0835 BULL 5KG..(EVEREST),86
3744,BGDH0835O,SPARE O RING 0835 BULL 5KG..(EVEREST),76
3745,BGDH0835P,PISTON BDH0835 BULL 5KG ,14
3746,BGDH0835TH,BULL GOLD TOOL HOLDER DH0835,8
3747,BGDH11H,BULL GOLD 11E BGDH11H,7
3748,BGDU10,BULL CARBON DU10,-26.000
3749,BGDU10,BULL CARBON DU10,-26.000
3750,BGED10,"BULL SCREW DRILL 10MM , 520W   BGED10",2
3751,BGED10/1,BULL GOLS ED10,9
3752,BGED6,BULL GOLD 6MM ELECTRIC DRILL,1
3753,BGED6H/1,BULL GOLD 6MM ELECTRIC DRILL,6
3754,BGH28/1,28MM GEAR HEAD RED,-4.000
3755,BGID13A/1,BULL GOLD  ID 13 IMPACT DRILL 800W,8
3756,BGID13H,BULL GOLD  ID 13 IMPACT DRILL980W,6
3757,BGJS65,BULL CARBON  JS65H,6
3758,BGLE55D,BULL LEAD VIBRATOR WITH NEEDLE LE-55D,2
3759,BGLG355,BULL CARBON LG355,8
3760,BGMC125/1,BULL GOLD MARBLE CUTTER 5 INCH MC125,6
3761,BGMC125/45,BULL  MARBLE CUTTER 5 INCH 45 DEGREE  MC125 1500W,4
3762,BGMC125/45,BULL  MARBLE CUTTER 5 INCH 45 DEGREE  MC125 1500W,2
3763,BGMC125/45,BULL  MARBLE CUTTER 5 INCH 45 DEGREE  MC125 1500W,1
3764,BGMC2,BULL GOLD MC2 -110H    MARBLE CUTTER 1150W,4
3765,BGMC2,BULL GOLD MC2 -110H    MARBLE CUTTER 1150W,-2.000
3766,BGMC2/1,BULL GOLD MC2 -110H    MARBLE CUTTER 1150W,12
3767,BGPC43CCIC,BRUSH CUTTER IGNITION COIL43CC,1
3768,BGPH65,BULL CARBON PH65,-3.000
3769,BGPH65A,BULL GOLD DEMOLISHION HAMMER 16KG PH65A,2
3770,BGPH65A/G,BULL GOLD DEMOLISHION HAMMER 16KG PH65A,1
3771,BGPH65H,BULL GOLD PH-65H DEMOLITION HAMMER,3
3772,BGPH65H/1,BULL GOLD PH-65H DEMOLITION HAMMER,2
3773,BGPH65H/G,BULL GOLD PH-65H DEMOLITION HAMMER,7
3774,BGPM12,BULL GOLD PUTTYMIXER PM12,6
3775,BGPT,BUTANE GAS SANPRA PREMIUM,11
3776,BGRH20/1,BULL GOLD RH-20 ROTARY HAMMER,14
3777,BGRH22/1,BULL GOLD RH-22 ROTARY HAMMER ,9
3778,BGRH226,BULL GOLD RH2-26(3 MODE) ROTARY HAMMER,3
3779,BGRH326,BULL GOLD ROTARY HAMMER DRILL RH3-26,4
3780,BGRH326/1,BULL GOLD ROTARY HAMMER DRILL RH3-26+,7
3781,BGS18,CHAIN BULL SUPER PVC BOX ,30
3782,BGW500N,MASTER GOLD CORDLESS WRENCH  21V 500N,1
3783,BH12,HAND RIVERTER COMMANDER 9.5 INCH BH12,35
3784,BH17X280F,SDS FLAT CHISEL 17X280F BULL ,1
3785,BH17X280P,SDS POINT BIT 17X280P BULL,43
3786,BH18*400F,BULL GOLD CHISEL BIT 11E ,10
3787,BH18*400P,BULL GOLD CHISEL 11E POINT ,102
3788,BH19M,HINGES BIT 19MM,3
3789,BH25,BILL HOOK -25,1
3790,BH27,BILL HOOK -27,5
3791,BH30*410,SDS 30*410 POINT/FLAT 16KG BIT ,21
3792,BH309,BILL HOOK -309 (KATHAL ),1
3793,BH32M,HINGES BIT 32M,1
3794,BH35,BILL HOOK -35,2
3795,BH36,BILL HOOK -36,1
3796,BH37,BILL HOOK -37,3
3797,BH5,BILL HOOK -05,2
3798,BH5,BILL HOOK -05,-2.000
3799,BH50,BILL HOOK -50,5
3800,BH50L,ACE FLOOR SWEEPER 50 L  BH50L,1
3801,BH56,BILL HOOK -56,1
3802,BH56,BILL HOOK -56,-3.000
3803,BH57, BILL HOOK -57,3
3804,BH57, BILL HOOK -57,-1.000
3805,BH57, BILL HOOK -57,-3.000
3806,BH6,BILL HOOK -.06,2
3807,BH60, BILL HOOK  -60,4
3808,BH63, BILL HOOK  63,2
3809,BH64, BILL HOOK  64,-5.000
3810,BH7,BILL HOOK -07,-3.000
3811,BH7,BILL HOOK -07,-1.000
3812,BH7,BILL HOOK -07,-1.000
3813,BH70, BILL HOOK  70,4
3814,BH75, BILL HOOK  75,4
3815,BH95,BILL HOOK 95,5
3816,BH95,BILL HOOK 95,1
3817,BH96, BILL HOOK  -96,-1.000
3818,BH97, BILL HOOK  97,1
3819,BH97, BILL HOOK  97,3
3820,BH98, BILL HOOK  98,1
3821,BH99, BILL HOOK  99,-3.000
3822,BHC/G5,BRUSH HOLDER CAP ASM02-125B GRINDER ,50
3823,BHC2414,"BRUSH HOLDER CAP7-18FOR 2414NB, 643700-5",2
3824,BHG10SS,K-YURI-SPARES-G10SS BEARING HOUSING,-116.000
3825,BHS,BULL HANDSAW ,156
3826,BHSO,B HOOK SCREW DRIVER ,3
3827,BIO+,BIOMAX BLOCK REMOVER,5
3828,BIO+,BIOMAX BLOCK REMOVER,-8.000
3829,BIOMAX ,BIOMAX ,1
3830,BIOWT,BIO WASTE TREATMENT PVC  SETTLEMENT TANK ,3
3831,BIT,BITS FOR POWERTOOL S,284
3832,BK,BUDDING KNIFE,26
3833,BKP,BUDDING KNIFE PALA,2
3834,BKS,BUDDING KNIFE SPECIAL ,66
3835,BKUTTY,BATHROOM KUTTY GI ,2.905
3836,BL1/2,L BOW ,8
3837,BL300K,BIKE LOCK 300  COMBINATION NO SIZE,1
3838,BL5,BACK LIFT LADDER 5',1
3839,BL5,BACK LIFT LADDER 5',-1.000
3840,BL5,BACK LIFT LADDER 5',2
3841,BLANK,BLANK,1
3842,BLSBD,BIT LOCK SET BENCH DRILL,1
3843,BM1860,BM60 CONTROLLER,2
3844,BM24/50 VF,COMPRESSOR VALVE FLESK 50 L 26B,12
3845,BM24LV,COMPRESSOR VALVE PACK  BM24L-26-2,9
3846,BM24LVP,COMPRESSOR VALVE PLATE BM2426.1 ,18
3847,BM50AFT,COMPRESSOR AIR FILTER BIG THREAD BM50L-30,5
3848,BM60GB,BM60 GEAR BOX ,6
3849,BM60LED,BM60 LED,1
3850,BM60S,BM60 SWITCH,2
3851,BM60S,BM60 SWITCH,2
3852,BMC2LB,MC2 -110H LEVER BOLT,19
3853,BMGAC24,BULL AIRCOMPRESSOR OIL FREE 24 LTR ,3
3854,BMGAC50,BULL AIRCOMPRESSOR OIL FREE 501 LTR ,3
3855,BML4*4,BULL MULTI LADDER 4*4,1
3856,BMT1/2,T CONNECTER ,5
3857,BMT1/4,T CONNECTOR,5
3858,BMT410AW,AB WASHER MT410 BULL,12
3859,BMT410C,CARBON BRUSH MT410 CALTEX,97
3860,BMT410C,CARBON BRUSH MT410 CALTEX,97
3861,BN1900,BELT NORMAL 1900,13
3862,BNB,BAG NEEDLES BIG (KOTTA SOOCHI ),49
3863,BNS,BAG NEEDLE (KOTTA SOOCHI ) SMALL ,48
3864,BOARD,EXTENTION  BOARD  ,-9.000
3865,BODH0835,ORING DH0835 BULL,5
3866,BOOKB,NOTE BOOK BIG ,10
3867,BOOKK,BOOK KING SIZE,7
3868,BOOKS,BOOK SMALL,7
3869,BOOT,"GUMBOOT 6 ,8,10",10
3870,BOOT10,PVC GUMBOOT BORRIS BULL 10'',-4.000
3871,BOOT10,PVC GUMBOOT BORRIS BULL 10'',-2.000
3872,BOOT10/1,PVC GUM BOOT BORRIS 15/10'',-3.000
3873,BOOT10/15W,WALT PVC GUM BOOT 10 INCH BLACK ,-1.000
3874,BOOT10/WH,WALT PVC BOOT 10 INCHSAFDOT ,8
3875,BOOT10/WH,WALT PVC BOOT 10 INCHSAFDOT ,4
3876,BOOT10/WM,WALT PVC GUMBOOT 10 INCH MARCUS ,29
3877,BOOT7,BOOT 7 INCH BULL BORRIS,-1.000
3878,BOOT7/W,WALT PVC GUM BOOT 7 INCH HARSH ,1
3879,BOOT8/15W,WALT PVC GUM BOOT SAFEDOT BLACK 15/8 INCH ,27
3880,BOOT8/WC,WALT PVC GUM BOOT 8INCH COMFORT ,17
3881,BOOT8/WM,WALT PVC GUMBOOT SAFEDOT MARCUS 8 INCH /15,21
3882,BOOT8/WMS,WALT PVC GUMBOOT MARCUS WITH STEEL 8 INCH ,1
3883,BOOT9,PVC GUM BOOT BORRIS 9'' BULL,-4.000
3884,BOOT9/1,PVC BOOT BORRIS 15/9'',3
3885,BOOT9/15W,WALT PVC GUM BOOT 9INCH SAFDOT BLACK ,17
3886,BOOT9/WC,WALT PVC BOOT 9 INCH COMFORT ,6
3887,BOOT9/WM,WALT PVC GUMBOOT MARCUS 9 INCH ,25
3888,BOOT9/WMS,WALT PVC GUMBOOT MARCUS WITH STEEL 9 INCH ,1
3889,BORINGIBL ,IBELL BIG ORING ,28
3890,BOS0835,FRAME OIL SEAL DH0835 ,16
3891,BOS125P,BULL SANDER PAD OS-125 PAD ,2
3892,BOX1+1,INDUSTRIAL SWITCH BOX 16A. 1+1,28
3893,BOX1+1,INDUSTRIAL SWITCH BOX 16A. 1+1,-26.000
3894,BOX1+1&1+2,INDUSTRIAL SWITCH BOX COMBO 1+1&1+2,77
3895,BOX1+1&1+2,INDUSTRIAL SWITCH BOX COMBO 1+1&1+2,74
3896,BOX1+2,INDUSTRIAL SWITCH BOX 10 A1+2,45
3897,BOX1+2,INDUSTRIAL SWITCH BOX 10 A1+2,-3.000
3898,BOX1+2/16,BOX RED 1+2 16 AMP ,316
3899,BOX1+5,INDUSTRIAL SWITCH BOX 10A 1+5,361
3900,BOX1+5,INDUSTRIAL SWITCH BOX 10A 1+5,25
3901,BOX2+2,INDUSTRIAL SWITCH BOX 16A 2+2,252
3902,BP10*4,BOX PVC 10*4 CON,5
3903,BP509,BASE PLATE 1619P13509,1
3904,BP5PCS ,"BULL POWER TOOLS 5 PCS DRILL ,GRINDER,BLOWER ,HEATGUN ,TILE CUTTER ",32.75
3905,BP8*6,BOX PVC 8*6 CON,-1.000
3906,BP8LSS,ALCO BIG PLAT FORM LADDER 8 ' A TYPE ,2
3907,BP90MM,BELT PVC 90MM PLANNER ,15
3908,BPA05,ACE FLOOR POLISHER PADS BPA05,1
3909,BPAD17,BUFFER PAD 17 INCH RED SURIE ,2
3910,BPAD17W,BUFFER PAD 17 INCH WHITE SURIE ,2
3911,BPAG801/1,BULL PRO ANGLE GRINDER 950W 4 INCH ,30
3912,BPB102,BLOCK PLANE BULLET 102,1
3913,BPCM4SA,CM4SA BASE PLATE ,82
3914,BPCM4SA,CM4SA BASE PLATE ,2
3915,BPDH0810/1,BULL GOLD DEMOLITION HAMMER 0810 5KGV 1300W,8
3916,BPDH0835,BULL  DEMOLITION HAMMER 7KG 1550W,-1.000
3917,BPDH0835/1,BULL PRO DEMOLITION HAMMER DH835,13
3918,BPH65C,CARBON BRUSH PH65C BULL,58
3919,BPH65C,CARBON BRUSH PH65C BULL,38
3920,BPH65M,PH65 MOUTH  BULL ,2
3921,BPH65M,PH65 MOUTH  BULL ,2
3922,BPH65O,PH-65 ORING,1
3923,BPIPE,BLOWER PIPE RUBBER,1
3924,BPIPE/6B,BEND PIPE GBP /6/B GROZ,11
3925,BPIPE/E,RUBBER PIPE BLOWER  EBC40,18
3926,BPM82A,BULL CARBON PM82A,95
3927,BPM82A,BULL CARBON PM82A,10
3928,BPN100,EM HAMMER BALL PEIN 100 GM ,1
3929,BPN100,EM HAMMER BALL PEIN 100 GM ,-1.000
3930,BPOLA,BATHROOM POLA GI  KG RATE,19.17
3931,BPOLA,BATHROOM POLA GI  KG RATE,-7.680
3932,BPS8M,POWER CABLE ,1
3933,BPSFT8,BULL PRUNING SAW 8 INCH FOLDING TYPE ,34
3934,BPSG,POWER CABLE,1
3935,BPSSM,BOARD,-2.000
3936,BPSWH10,PRUNING SAW 10 INCH WOODEN HANDLE ,39
3937,BR02,TYRE PRESSURE GUAGE ,3
3938,BR1900,BELT RUBBER 1900 PLANNER ,15
3939,BR200,BLOCK REMOVER ,-5.000
3940,BR3/4,BLIND RIVET 3/16*3/4 ,58
3941,BR5,"JP56 ARMATURE BERAING PULLER 5""",1
3942,BR850,TYRE PRESSURE GUAGE KIT,1
3943,BR90MM,BELT RUBBER 90MM PLANNER ,14
3944,BRB4,BULL RAINBOW BLADE VERTIFIDE ,83
3945,BRB8,"BRACKET WITH BEARING 8""",12
3946,BRC5,VELCRO PAD 5 INCH ,1
3947,BRDH11E,CIRCLIP RING DH11H,5
3948,BRF,G10SS2 BEARNG FLANGE ,3
3949,BRH20O,RH20 ORING SET ,2
3950,BRH20OG,BULL RH20-ORING ,37
3951,BRH20OG,BULL RH20-ORING ,37
3952,BRH2-20,BULL CARBON BRUSH RH2-20,101
3953,BRH220S,SWITCH 2-20,154
3954,BRH226,BULL CARBON BRUSH 2-26,44
3955,BRH2-26OS,BULL GOLD OIL SEAL 41*30*7 RH2-26,3
3956,BRH2-26OS,BULL GOLD OIL SEAL 41*30*7 RH2-26,3
3957,BRH28,BUTTOM FOR HAMMER DRILL MALRH28,3
3958,BRNC,ROTOR NOZZLE CERAMIC,4
3959,BRUSH ,BATHROOM BRUSH ,-3.000
3960,BRUSH ,BATHROOM BRUSH ,-2.000
3961,BRUSH DOUBLE HOCKEY ,BRUSH DOUBLE HOCKEY ,12
3962,BRUSH T,BRUSH TOILET CLEANING ,11
3963,BS08,IBELL CHAIN BS08  IBLBS2008,22
3964,BS08B,BS08 GUID BAR ,5
3965,BS220,ROTARY HAMMER RH2-20 500W BS220,21
3966,BS226,ROTARY HAMMER RH2-26  BS226,3
3967,BS226,ROTARY HAMMER RH2-26  BS226,3
3968,BS451,FIBER DISK SANDING KIT BS451  12PCS,1
3969,BS800,METSO DRILL BIT SHARPNER BS800,17
3970,BS810,METSO DRILL BIT SHARPNER BS810,5
3971,BSA,BED SWITCH ANCHOR,12
3972,BSB,BACK STOP BRACKET ,2
3973,BSCP10,WIRE PULLER 10 MTR BULL ,93
3974,BSCP15,WIRE PULLER 15 MTRBULL ,89
3975,BSCP20,CABLE PULLER 20MTR3.2 BULL,28
3976,BSCP20,CABLE PULLER 20MTR3.2 BULL,133
3977,BSCP25,WIRE PULLER 25 MTR BULL ,41
3978,BSCP30,WIRE PULLER 30 MTR BULL,18
3979,BSD21VB,BATTERY FOR PORTABLE DRILL MACHINE 21V,2
3980,BSD21VS,SWITCH FOR PORTABLE DRILL MACHJINE ,4
3981,BSH12,BSH 12 SOCKET ,1
3982,BSHEET,BLACK SHEET,443.435
3983,BSHEET,BLACK SHEET,276.72
3984,BSHEET,BLACK SHEET,-276.570
3985,BSHEET,BLACK SHEET,0.01
3986,BSHEET,BLACK SHEET,1.91
3987,BSHEET,BLACK SHEET,-14.200
3988,BSHEET,BLACK SHEET,0
3989,BSHEET,BLACK SHEET,-2.250
3990,BSHEET,BLACK SHEET,-8.725
3991,BSM330,SPIRIT LEVEL RED 30 CM BSM330,80
3992,BSRH28,BUTTOM SLIDER FOR HAMMER DRILL MALRH28,3
3993,BSSRH28,BUTTOM SLIDER SPRING FOR MALRH28,3
3994,BT1/2,BLUE TACKS 1/2'',-0.100
3995,BT1000CHPW,BITALI PRESSURE WASHER 2000W  BT1000CHPW,1
3996,BT1000CHPW,BITALI PRESSURE WASHER 2000W  BT1000CHPW,-1.000
3997,BT1000HPW,BTALI PRESSURE WASHER  1600W BT1000HPW,9
3998,BT1000SK,SEAL KIT BT1000 HPW ,4
3999,BT1000SK,SEAL KIT BT1000 HPW ,3
4000,BT1000VK,VALVE KIT BT1000,3
4001,BT1060HPW ,BITALI PRESSURE WASHER BT1060 2000W/170 BAR,1
4002,BT1400CV,CHECKING VALVE  BT1400 HPW  BT14003,5
4003,BT1400HPW,BTALI HIGH PRESSURE WASHER 2400W/250BAR,1
4004,BT1400V,BT1400 HPW CHECKING VALVE BT14003,1
4005,BT16,CHAIN 16 INCH  TIGER,88
4006,BT16,CHAIN 16 INCH  TIGER,5
4007,BT16,CHAIN 16 INCH  TIGER,5
4008,Bt2,Angle Grinder Gws900-125,1
4009,BT56,BULLWARK STAINLESS STEEL TWEEZER 6PCS SE,1
4010,Bt6,Router Pof 1400 Ace,1
4011,BTAG04,BTALI ANGLE GRINDER BTAG04 1200 PRO ,10
4012,BTAG04/1350,BTALI ANGLE GRINDER BTAG04-1350,4
4013,BTAG4,"GLOBAL CORDLESS ANGLE GRINDER 4 INCH GPGBTAG4, 21V",3
4014,BTAG4,"GLOBAL CORDLESS ANGLE GRINDER 4 INCH GPGBTAG4, 21V",3
4015,BTCB127*450,CORE BIT 127MM*450 BIT WORLD ,4
4016,BTCB16,SLAB CUTTING BLADE 16 INCH SEG BIT WORLD ,4
4017,BTCB203*450,CORE BIT 203MM*450 BIT WORLD ,4
4018,BTCH,BRUSH CUTTER TRIMMER HEAD ,2
4019,BTCT8*40, BULL GOLD TCT 8*40,2
4020,BTCT8*60,BULL GOLD TCT 8*60,11
4021,BTDH7,BTALI DEMOLITION HAMMER BT DH7PRO 1200,1
4022,BTG150,GREESE TUBE 150 GRM BULL,1
4023,BTIW41,GLOBAL IMPACT WRENCH 430 ,7
4024,BTIW6,GLOBAL IMPACT WRENCH 600 N GPG-BTIW6,4
4025,BTMACCVSS,COMMON VALVE SHEET BTMACCVS,4
4026,BTMACG,COMMON GASKET 24/50 LTR BTMACG,6
4027,BTMACG,COMMON GASKET 24/50 LTR BTMACG,2
4028,BTMACR,RING COMMON 24/50LTR BTMACR,3
4029,BTMAS,COMMON VALVE SHEET BTMACCVS,6
4030,BTORCH,BRAZING TORCH ASI,1
4031,BTORCH/1,BRAZING TORCH WELDCRAFT MONKEY,2
4032,BTP43,GLOBAL CORDLESS  PRUNER 25 MM  BTP43,2
4033,BTRH20650,BTALI ROTARY HAMMER BTRH20-650,6
4034,BTRH26800,BTALI ROTARY HAMMER DRILL BTRH26800,5
4035,BTRH7,GLOBAL ROTARY HAMMER DRILL BTRH7,5
4036,BTRM4.5,SEGMENT BLADE 4.5MM GENIUS ,64
4037,BTRMB,powerbilt CERAMIC BLADE 4 INCH BITWORLD ,35
4038,BTS100,ACE TUQO HOLESAW MASONARY BTS100,2
4039,BTS125,ACE TUQO HOLESAW MASONARY BTS125,2
4040,BTS30,ACE TUQO HOLESAW MASONARY BTS30,9
4041,BTS35,ACE TUQO HOLESAW MASONARY BTS35,9
4042,BTS50,ACE TUQO HOLESAW MASONARY BTS50,9
4043,BTS55,ACE TUQO HOLESAW MASONARY BTS55,9
4044,BTS60,ACE TUQO HOLESAW MASONARY BTS60,6
4045,BTS65,ACE TUQO HOLESAW MASONARY BTS65,5
4046,BTS70,ACE TUQO HOLESAW MASONARY BTS70,9
4047,BTS75,ACE TUQO HOLESAW MASONARY BTS75,9
4048,BTW,BARICADE TAPE WHITE ,16
4049,BTY,BARICADE TAPE YELLOW ,1
4050,BUBBLE,BUBBLE``,12
4051,BULL BLOWER,BULL BLOWER,-7.000
4052,BULL BLOWER,BULL BLOWER,14
4053,BULL HEAT GUN ,BULL HEAT GUN ,-4.000
4054,BUSH 30MM,BUSH30MM,109
4055,BUSH1,BUSH ,299
4056,BUSH1,BUSH ,-1.000
4057,BUSH1.5,BUSH1.5,-76.000
4058,BUSH20MM,BUSH ,2
4059,BUSH25MM,BUSH 25MM,1
4060,BUSHBL,BUSH BACKLIFT LADDER RT 18%,-31.000
4061,BUSHBL,BUSH BACKLIFT LADDER RT 18%,-14.000
4062,BUSHDSL,BUSH DOUBLE SIDE LADDER ,72
4063,BUSHSL,BUSH STRIGHT LADDER RT 18%,-62.000
4064,BUSHSL,BUSH STRIGHT LADDER RT 18%,-6.000
4065,BUSHST,SUPER STRONG BUSH RT,14
4066,BUSHST,SUPER STRONG BUSH RT,30
4067,BUSINESS PREMOTION EXP ,BUSINESS PREMOTION EXP ,102
4068,BV2,BENCH VICE 2,-1.000
4069,BVRN1,VIBRATOR  NEEDLE 1MTR BULL,5
4070,BVRN1.5,VIBREATET NEEDLE 1.5 MTR BULL,2
4071,BW6202,CARBON HOLDER EBC40 OMR ,10
4072,BW6203,HOLDER SPRING EBC40 OMR ,10
4073,BW6207,FAN BODY EBC40 OMR ,2
4074,BW6209,MOTOR BODY EBC40 OMR ,2
4075,BWBP,WELDING TORCH ,1
4076,BWC114,BROWN SEGMENTED WALL CHASER 114MM,18
4077,BWN,BRASS WELDING NOZZLE,5
4078,BWW,BATHROOM & WINDOW WIPER ,1
4079,C0,KARANDI ,22
4080,C0,KARANDI ,35
4081,C0,KARANDI ,-1.000
4082,C05,LANCE CONNECTER BRASS CARWASHER ,24
4083,C1,KARANDI,12
4084,C1,KARANDI,5
4085,C10FCE2,HIKOKI METER SAW  C10FCE2,1
4086,C110*30T ,K2 CORE CUT WOOD CUTTING 110*30T ,10
4087,C110*40T,K2 CORE CUT WOOD CUTTING 110*40T,-1.000
4088,C12,LANCE CONNECTOR C 12,2
4089,C125,PATTA DRY WALL3/4(19*6),26160
4090,C125,PATTA DRY WALL3/4(19*6),26160
4091,C125,PATTA DRY WALL3/4(19*6),-1452.000
4092,C150,ORING HOSE 21*2 MM,82.5
4093,C1773,SOCKET 1773(UNIVERSAL JOINT ),1
4094,C2.,KARANDI,3
4095,C2.,KARANDI,1
4096,C3,KARANDI,7
4097,C3,KARANDI,8
4098,C362,13MM CHUCK KEY CALTEX,15
4099,C362,13MM CHUCK KEY CALTEX,-15.000
4100,C4,KARANDI,-1.000
4101,C4,KARANDI,-2.000
4102,C5,KARANDI,-4.000
4103,C5025,ALF CORDLESS CHAINSAW 21VC5025,3
4104,C6,KARANDI,-1.000
4105,C7SS,SPINDLE &GEAR -C7SS ,1
4106,CA400V,MMA CAPACITOR 470UF400V 105 DEGREE,3
4107,CABLI2001,INGCO CORDLESS ASPIRATOR BLOWER ,3
4108,CABLI20028,INGCO CORDLESS BLOWER ,3
4109,CAGLI201008BG,BEVEL GEAR FOR CAGLI201008-SP-2,2
4110,CAGLI2210032,INGCO CORDLESS ANGLE GRINDER ,3.36
4111,CAGLI261021,INGCO CORDLESS ANGLE GRINDER ,-2.000
4112,CAGLI261021,INGCO CORDLESS ANGLE GRINDER ,6
4113,CAGLI261021-SP-10,INGCO SPARE CAGLI261021-SP-10,2
4114,CAGLI261021-SP-15/29,INGCO SPARE  CAGLI261021-SP-15/29,2
4115,CAGLI261021-SP-3,INGCO SPARE CAGLI261021-SP-3/4/7/9,2
4116,CAGLI261021-SP-5,INGCO SPARE CAGLI261021-SP-5,2
4117,CAGLI261021-SP-6,INDCO SPARE CAGLI261021-SP-6,2
4118,CAGLI261021-SP-8,INGCO  SPARE CAGLI261021-SP-8,2
4119,CAH,ALUMINIUM HANDLE ,1
4120,CAL1908,CALTEX COLD CHISEL 19MM*8 INCH  1908,3
4121,CAL1910,CALTEX COLD CHISEL PVC POINT 19*250,5
4122,CAL1910,CALTEX COLD CHISEL PVC POINT 19*250,6
4123,CAL1910F,CALTEX COLD CHISEL PVC GRIP FLAT 19*250,-2.000
4124,CAL1910F,CALTEX COLD CHISEL PVC GRIP FLAT 19*250,1
4125,CAL1910F,CALTEX COLD CHISEL PVC GRIP FLAT 19*250,-1.000
4126,CAL1910P,CALTEX COLD CHISEL PVC GRIT POINT 19*250,2
4127,CALI2610,INGCO CORDLESS ANGLE GRINDER CAGLI261021,2
4128,CALT055,TELESCOPIC ALUMINIUM LADDER CALT055 14 STEP,1
4129,CALT062,TELESCOPIC ALUMINIUM LADDER CALT062 16 STEP,2
4130,CALT065,TELESCOPIC ALUMINIUM LADDER CALT065 16 STEP,2
4131,CALTD44,TELESCOPIC LADDER ALUMINIUM CALT-D44,2
4132,CALTD56,TELESCOPIC ALUMINIUM LADDER CALT-D56,1
4133,CALTFP44,TELESCOPIC ALUMINIUM LADDER CALT FP44 11 STEP,1
4134,CALTFP50,TELESCOPIC ALUMINIUM LADDER CALT FP50 13 STEP,1
4135,CAN10,CALTEX AVIATION SNIP 10 INCH ,10
4136,CAP,CAP (250/120 ,2
4137,CAP1.5/440,CAPACITOR RW 1.50/440,3
4138,CAP1.85/440,CAPACITOR 1.85/440,3
4139,CAP10,KELTRON 15MFD CAPACTOR,14
4140,CAP100/120,KELTRON CAPASITOR100/120,5
4141,CAP12.5UF,CAPASITER,10
4142,CAP120/150,CAPASITER,2
4143,CAP15,CAPASITERCAP1,-2.000
4144,CAP2.25/440,CAPACITOR 2.25/440,2
4145,CAP2.5,KELTRON 2.5 MFD CAPACTOR,49
4146,CAP2.5,KELTRON 2.5 MFD CAPACTOR,226
4147,CAP2.5/440,CAPACITOR 2.50/440,3
4148,CAP2/440,CAPACITOR 2.00/440,4
4149,CAP200UF,CAPACITOR FOR 200UF,-2.000
4150,CAP20UF,CAPASITER 20UF,-3.000
4151,CAP20UF,CAPASITER 20UF,44
4152,CAP25UF,CAPASITER,7
4153,CAP25UF,CAPASITER,12
4154,CAP3,CAPASITOR PPW 3.,29
4155,CAP3.5UF,CAPASITOR,1
4156,CAP30UF,CAPASITER  30UF ,24
4157,CAP30UF,CAPASITER  30UF ,8
4158,CAP30UF,CAPASITER  30UF ,12
4159,CAP30UF,CAPASITER  30UF ,12
4160,CAP36UF,CAPASITER,12
4161,CAP4,KELTRON 4MFD CAPACTOR,-12.000
4162,CAP40,CAPASITER,22
4163,CAP40UF,CAPASITER,29
4164,CAP40UF,CAPASITER,-20.000
4165,CAP45UF,CAPASITER,12
4166,CAP470UF,CAPASITOR  450V X470UF SLIM TYPE ,3
4167,CAP5,CAPACITOR PPW 5,3
4168,CAP50UF,CAPASITER,22
4169,CAP6,CAPACITOR 6,10
4170,CAP60MF,CAPASITER ,19
4171,CAP72,KELTRON 72MFD CAPACTOR,-1.000
4172,CAP8,KELTRON 8MFD CAPACTOR,5
4173,CAR1R,RENTAL CAR WASH  VOYLET ,-1.000
4174,CAR1R,RENTAL CAR WASH  VOYLET ,28
4175,CARBON S/S,CARBON S/S,1
4176,CARBURATER,CARBURATER ASSY HUSQ.,1
4177,CARTOOLS,MAISON TOOLS KIT,150
4178,CASH COVER ,CASH COVER ,1
4179,CATCHER ,CHAIN CATCHER ,9
4180,CB0810,K DAMIER CARBON BRUSH 0810T,2272
4181,CB0810,K DAMIER CARBON BRUSH 0810T,-19.000
4182,CB0810,K DAMIER CARBON BRUSH 0810T,102
4183,CB1/4,CORE BIT 1/4 INCH  SUN EVEREST,13
4184,CB1/4,CORE BIT 1/4 INCH  SUN EVEREST,-6.000
4185,CB102*450,CORE BIT 102MM *450MM 4 INCH ,9
4186,CB102M,CORE BIT 102MM 111/4 PPT,1
4187,CB10MM,CALTEX GLASS CORE BIT 10MM,2
4188,CB12,CB 12,9
4189,CB12MM,CALTEX GLASS CORE BIT 12MM,4
4190,CB16,MARBLE CUTTING BLADE 16 INCH AVATAR ,15
4191,CB18,CHAIN SAW 18 BAR BULLET ,-1.000
4192,CB19,CORE BIT 3/4INCH,4
4193,CB20M,CHAIR BUSH 3/4 INCH ,56
4194,CB20MM,CALTEX GLASS CORE BIT 20MM,2
4195,CB22E,CROW BAR 22 ELAPANK,3
4196,CB22E,CROW BAR 22 ELAPANK,1
4197,CB25,CORE BIT 1 INCH,2
4198,CB25E,CROW BAR  (ELAVANK ),3
4199,CB25E,CROW BAR  (ELAVANK ),1
4200,CB25M,CHAIR BUSH 25 MM 1 INCH ,31
4201,CB25MM,CALTEX GLASS CORE BIT 25MM,4
4202,CB30M,CHAIR BUSH 30 MM 11/4 INCH ,88
4203,CB32E,CROW BAR 32MM (ELAVANK ),2
4204,CB32MM,CALTEX GLASS CORE BIT 32MM,3
4205,CB38M,CHAIR BUSH 11/2 INCH 38MM ,96
4206,CB38MM,CALTEX GLASS CORE BIT 38MM,1
4207,CB3T,CUP BRUSH CRIMPED,99
4208,CB3T,CUP BRUSH CRIMPED,-3.000
4209,CB3TON ,CHAIN BLOCK 3 TON ,2
4210,CB419,ED60 CARBON BRUSH CB-419,7
4211,CB5.5*25M,CROW BAR HEX 5.5*25MM PYTHON ,-2.000
4212,CB50MM,CHAIR BUSH 50 MM 2 INCH ,76
4213,CB5TX3M,CHAIN BLOCK 5TON 3 MTR KING ,1
4214,CB5TX3Y,CHAIN BLOCK 5 TON 3M YELLOW ,1
4215,CB78G,CB78 GUARD ,1
4216,CB78GR,CB78 GRASS ROPE ,1
4217,CB78S,CB78 SPRING ,1
4218,CB78SBW,CB78 STOP BLOCK OF WHEEL ,1
4219,CB78WB,CB78 WIND BLADERS,1
4220,CB78WBB,CB78 WIND BLADE BLOCK ,1
4221,CB78WW,CB78 WIRE WHEEL ,1
4222,CBAM7236,AM7236-38 CARBON BRUSH ,5
4223,CBBGAG100,BULL GOLD AG-100 CARBON BRUSH ,96
4224,CBBGAG100,BULL GOLD AG-100 CARBON BRUSH ,8
4225,CBBGAG2100,BULL GOLD AG2-100 CARBON BRUSH,104
4226,CBC,CLUTCH BRUSH CUTTER S/S,2
4227,CBC12,WALL CUTTING CAIN  12 INCH ,4
4228,CBC12B,WALL CUTTING CHAINSAW BAR ,4
4229,CBCC14STD,CARBON BRUSH  CC14STD ,1
4230,CBCLIP,CROCODLE CLIP,4
4231,CBD6,COTBOLT GOLD 6 INCH ,15
4232,CBD7,COTBOLT DAMODAR 7 INCH ,-3.250
4233,CBD7,COTBOLT DAMODAR 7 INCH ,-3.000
4234,CBD8,COTBOLT DAMODAR 8 INCH ,26.75
4235,CBDH20,DH20 CARBON BRUSH ,14
4236,CBDH20,DH20 CARBON BRUSH ,16
4237,CBDH20,DH20 CARBON BRUSH ,1
4238,CBDH4566,11E CARBON BRUSH ,5
4239,CBH500,CALTEX CLAW HAMMER FIBER HANDLE 500G,-6.000
4240,CBH500,CALTEX CLAW HAMMER FIBER HANDLE 500G,-2.000
4241,CBH500,CALTEX CLAW HAMMER FIBER HANDLE 500G,6
4242,CBJCB12,CORDLESS BATTERY JCB 12V ,1
4243,CBMARK180,DRY WALL SANDER CARBON BRUSH ,5
4244,CBP200,STAR GOLD COMBINATION PLIER 200M,-13.000
4245,CBP200,STAR GOLD COMBINATION PLIER 200M,68
4246,CBPSCAG125,LASERTECH CARBON  BRUSH ,1
4247,CBSET,CLEANING BRUSH SET ,20
4248,CBSTG850,CARBON BRUSH STG850W,1
4249,CBSTGT,STGT8100 BRUSH PAIR 4141406601,14
4250,CBSTGT,STGT8100 BRUSH PAIR 4141406601,14
4251,CBTM6,CARBON  TRIMMER ,1
4252,CC1025F,CONNECTER FEMALE ,55
4253,CC1025F,CONNECTER FEMALE ,140
4254,CC1025F,CONNECTER FEMALE ,76
4255,CC1025F,CONNECTER FEMALE ,-1.000
4256,CC1025M,CABLE CONNECTOR  CC1025M,-3.000
4257,CC1025M,CABLE CONNECTOR  CC1025M,-1.000
4258,CC14STD,HIKOKI CUT OFF MACHINE  CC14STDS9Z,1
4259,CC14STDDR,DISTANCE RING CUTT OFF SAW CC14STD,50
4260,CC15*50M,CORE CUTTER TCT BROACH CUTTER 15*50MM,1
4261,CC17*50M,CORE CUTTING TCT BROACH CUTTER17*50MM,1
4262,CC18,UNIVERSAL TAP ADAPTER CC18  ACE ,40
4263,CC19*50M,CORE CUTTER TCT BROACH CUTTER 19*50MM,1
4264,CC20*50M,CORE CUTTER TCT BROACH CUTTER 20*50MM,1
4265,CC22*50M,CORE CUTTER TCT BROACH CUTTER 22*50 MM,1
4266,CC25*50M,CORE CUTTER TCT BROACH CUTTER  25*50MM,1
4267,CC28*50M,CORE CUTTER TCT BROACH CUTTER 28*50MM,1
4268,CC30*50M,CORE CUTTER TCT BROACH CUTTER 30*50MM,1
4269,CC35*50M,CORE CUTTER TCT BROACH CUTTER B35*50MM,1
4270,CC3550F,CABLE CONNECTOR  35-50 FEMALE ,130
4271,CC3550F,CABLE CONNECTOR  35-50 FEMALE ,212
4272,CC3550F,CABLE CONNECTOR  35-50 FEMALE ,-2.000
4273,CC3550F,CABLE CONNECTOR  35-50 FEMALE ,-2.000
4274,CC3550F.,CABLE CONNECTOR  35-50 FEMALE ,-6.000
4275,CC3550F.,CABLE CONNECTOR  35-50 FEMALE ,-30.000
4276,CC3550M..,CABLE CONNECTOR 35-50 MALE ,18
4277,CC38*50M,CORE CUTTER TCT BROACH CUTTER 38*50MM,1
4278,CC38C,CARBON BRUSH CC38 16 INCH CUTTER,4
4279,CC38SS,CC38 SOFT START,1
4280,CC40*50M,CORE CUTTER TCT CUTTER 40*50MM,1
4281,CC4FT,CARPENTER CLAMP 4 FT ,2
4282,CC58,CARBORATOR 58CC EMTEX HQ,1
4283,CC6FT,CARPENTER CLAMP 6FT,1
4284,CC6FT,CARPENTER CLAMP 6FT,1
4285,CC6P,CRIMPING TOOL CHAKRA 6 PRIME ,1
4286,CC8M,"CABLE CUTTER 8""",1
4287,CCAM22F*11/4,CORE CUTTER ADAPTER M22-F*11/4,6
4288,CCAM22M*11/4,CORE CUTTER ADAPTER M22-M*11/4,5
4289,CCB14,CONCRETE CUTTER BLADE 14 INCH (LASER CUT ),2
4290,CCB3,CALTEX  CUP WIRE BRUSH 3INCH TWISTED ,23
4291,CCBW55,SPARE PARTS OF CARWASHER MACHINE ,24
4292,CCGCN110,GRANITE CUTTING BLADE ,1
4293,CCHAIN ,CARLTON  CHAIN ,10
4294,CCJCB12,CORDLESS CHARGER 12V JCB ,1
4295,CCLM,COCONUT PLUCKER,2
4296,CCLM/3,COCONUT CLIMBER 3 ROD,4
4297,CCLM/3,COCONUT CLIMBER 3 ROD,-4.000
4298,CCLUCH ,COMPACT CLUCH ,1
4299,CCM1025,CABLE CONNECTER MALE 10-25,4
4300,CCM3550/1,CABLE CONNECTER MALE 35-50,5
4301,CCMS/1,CCMS FILLER ROD ,-38.210
4302,CCMS1.6,CCMS FILLER ROD 1.6MM,-59.720
4303,CCP150,CALTEX COMBINATION PLIER 150MM,-1.000
4304,CCP150,CALTEX COMBINATION PLIER 150MM,46
4305,CCP200,CALTEX COMBINATION PLIER 200MM,3
4306,CCP200,CALTEX COMBINATION PLIER 200MM,-2.000
4307,CCU440*10P,CORE CUT TILE REGULATER PLAIN ,1
4308,CCW3,CALTEX CUP WIRE BRUSH 3 INCH TWISTED,62
4309,CCWC110*30,TCT WOOD CUTTING BLADE 110*30T,4
4310,CCWC110*40T,TCT WOOD CUTTING BLADE 100*40T,4
4311,CD100,WOOD CARVING DISK CD100 4 INCH ,4
4312,CD121B,BLACK & DECKER 12V DRILL  CD121B3,1
4313,CD74B,CD74 BATTERY ,2
4314,CD74CH,AC3 CURVED HEAD ,3
4315,CD74M,CD74 MOROR ,2
4316,CD74M,CD74 MOROR ,1
4317,CD74S,CD74 SWITCH WITH PROTECT PCB,4
4318,CD74SN,CD74 SWITCH NEW ,1
4319,CD74SWT,CD74 SWITCH  WITHOUT PROJECT PCB ,2
4320,CDB102*11/4,CORE DRILL BIT 102MM  4 inch 11/4 XTRAPOWER,2
4321,CDB102*11/4,CORE DRILL BIT 102MM  4 inch 11/4 XTRAPOWER,3
4322,CDB127*11/4,CORE DRILL BIT 127*450MM 5 inch 11/4 XTRAPOWER,3
4323,CDB152*450,CORE DRILL BIT RAIN NOW 152MM*450MM,2
4324,CDB25*450,CORE DRILL BIT 25*450*11/4  1 inchEXTRAPOWER,1
4325,CDB25*450,CORE DRILL BIT 25*450*11/4  1 inchEXTRAPOWER,5
4326,CDB32*450,CORE DRILL BIT 32*450*11/4 YURI,1
4327,CDB40*11/4,CORE DRILL BIT 40MM11/4 XTRAPOWER ,1
4328,CDB51*11/4,CORE DRILL BIT 51MM11/4 XTRAPOWER,4
4329,CDBS13.,CALTEX HSS DRILL BIT SET 13PCS ,-1.000
4330,CDBS13.,CALTEX HSS DRILL BIT SET 13PCS ,-1.000
4331,CDC13M,DRILL CHUCK 13MM CALTEX 20 UNF ,4
4332,CDCARW,CORDLESS CARWASHER,2
4333,CDLI1228,INGCO CORDLESS DRILL CDLI1228 FULL SET ,1
4334,CDLI12456,INGCO DRILL 12 V CDLI12456,42
4335,CDLI205581,INGCO CORDLESS DRILL CDLI205581,2
4336,CDM1,CORDLESS DRILL,1
4337,CDM2,POWER GRIP -4.8V CORDILESS DRILL,1
4338,CDMP,COCONUT DEHUSKER MULTI PURPOSE ,1
4339,CDP,PERMENENT MARKER  CD ,14
4340,CDRP,COCONUT DEHUSKER ROUND PIPE ,7
4341,CDRP,COCONUT DEHUSKER ROUND PIPE ,12
4342,CDS1,ARMATURE 8456,2
4343,CDS110*10,K2 TILE SPECIAL SHARP CUT 110*8,7
4344,CDS125*10,K2 TILE SPECIAL SHARP CUT 125*10,10
4345,CDSI110*10,K2 TILE CUTTING SLOT REGULAR ,10
4346,CDSP,COCONUT DEHUSKER SQUARE PIPE ,4
4347,CDSP,COCONUT DEHUSKER SQUARE PIPE ,14
4348,CDSU110*8,k2 TILE  SPECIAL NARROW CUT U 110*8,8
4349,CDTT,COCONUT DEHUSKER TWO TEETH,-1.000
4350,CDW400,CORDLESS HIGH PRESSURE WASHER CDW400,1
4351,CDW400,CORDLESS HIGH PRESSURE WASHER CDW400,1
4352,CE29,COLOUR WEEDER( KAMBI CHOOL ),2
4353,CE29,COLOUR WEEDER( KAMBI CHOOL ),5
4354,CEB69,EB69 CARBON BRUSH,15
4355,CED30,ED30 CARBON BRUSH,12
4356,CED60,ED60 CARBON BRUSH CB-419,10
4357,CEG10,SAW MASTER GRINDER ARMATURE ,1
4358,CEL1/2X1/2,CONNECTOR,2
4359,CER16MM/1,1520 GREAVES ENGINE ,4
4360,CER6M,CERAMIC DRILL BIT ,1
4361,CF09,FILTER WRENCH CHAIN TYPE CF09 9INCH ,1
4362,CFB150M,CALTEX FLAT BASTED 150MM WH,11
4363,CFB200M,CALTEX FLAT BASTARD 200MM WH,5
4364,CFB200M,CALTEX FLAT BASTARD 200MM WH,-1.000
4365,CFB250M,CALTEX FLAT BASTARD 250MM WH,6
4366,CFB250M,CALTEX FLAT BASTARD 250MM WH,2
4367,CFB300M,CALTEX FLAT BASED 300MMWH ,11
4368,CG430,CLUTCH DRUM FOR BRUSHCUTTER ,44
4369,CG430/520,CARBURATOR SS BRUSH CUTTER ,170
4370,CG430/520,CARBURATOR SS BRUSH CUTTER ,-2.000
4371,CG520,WOOD CUTTER  BRUSH CUTTER 52CC ,14
4372,CGC4,C CLAMP 4 INCH  RAJ ,1
4373,CGC6,C CLAMP 6 INCH  RAJ ,2
4374,CGK,GATE VALVE,1
4375,CGS,CHAINSAW GRINDING STONE ,10
4376,CGSLI20042,INGCO CORDLESS SPRAY GUN  CGSLI20042,1
4377,CGT,COCONUT SCRAPPER FLOOR TYPE MEDIUM ,11
4378,CGT/1,COCCOUNT GREATER TABLE ,1
4379,CGT/1,COCCOUNT GREATER TABLE ,-7.000
4380,CH1/4LB,GRAND CLAW HAMMER 1/4 LB WITH HANDLE ,4
4381,CH10C,CH10 CONTROLLER ,2
4382,CH10M,MOTOR FOR CORDLESS CHAINSAW CH2010,2
4383,CH10S,CH10 SWITCH ,2
4384,CH180,STHIL CHAIN 180 36380001840,36
4385,CH2020,BULLET BATTERY 2.0AH 2020,2
4386,CH210,63  STIHL CHAIN 210 36170001640,26
4387,CH250,STHIL CHAIN 250  36360001640,8
4388,CH2M,CHAIN MBS 2MM ANKER NO14,23.21
4389,CH3,"CHAIN WRENCH 3""",1
4390,CH35MM,CONCRETE  HOLESAW 35MM,-1.000
4391,CH35MM,CONCRETE  HOLESAW 35MM,6
4392,CH40MM,CONCRETE HOLESAW 40MM,3
4393,CH50MM,CONCRETE HOLESAW 50MM,9.25
4394,CH5MM,CHAIN ML 5MM GI 3OOKG TESTED,23.3
4395,CH650P,CLAW HAMMER 650GMS,2
4396,CH65MM,CONCRETE HOLESAW 65MM ,3
4397,CH6MM,CHAIN 6MM GI 6/24,-7.830
4398,CH6MM,CHAIN 6MM GI 6/24,6.35
4399,CH75MM,CONCRETE HOLE SAW 75MM,4
4400,CHAIN,CHAIN,-2.000
4401,CHAIN 21 LPX (84679100),CHAIN 18 INCH  21 LPX (84679100),6
4402,CHAIN 4 LEG ,CHAIN 4 LEG ,3
4403,CHAIN6M,CHAIN  6MM GI TESTED 450KG ,43.15
4404,CHARGER 20V,CHARGER 20V,-1.000
4405,CHARGER12V,CHARGER12V,6
4406,CHCM4SA,CARBON HOLDER CM4,90
4407,CHCV81,CV81 BRUSH HOLDER,4
4408,CHISEL COIL  STD ,CHISEL COIL  STD ,49
4409,CHL6000,CHL BEARING 6000 2RS ,50
4410,CHL6000,CHL BEARING 6000 2RS ,14
4411,CHL6001,CHL BEARING 6001 2RS ,168
4412,CHL6001,CHL BEARING 6001 2RS ,74
4413,CHL6002 ,CHL6002 BEARING ,18
4414,CHL6003,CHL BEARING 6003 2 RS ,50
4415,CHL6004,6004 2RS  CHL BEARING ,342
4416,CHL6005,CHL BEARING 6005 2 RS ,50
4417,CHL606,606 CHL BEARING 2 RS ,104
4418,CHL607,CHL BEARING 607 2RS,-72.000
4419,CHL607,CHL BEARING 607 2RS,244
4420,CHL607,CHL BEARING 607 2RS,172
4421,CHL608,CHL BEARING 608 2RS,368
4422,CHL608,CHL BEARING 608 2RS,84
4423,CHL609,609 BEARING,-2.000
4424,CHL6200,6200 CHL BEARING ,-84.000
4425,CHL6200.,CHL BEARING 62002 2RS ,96
4426,CHL62001,62001 2RS TN CHL ,384
4427,CHL62001,62001 2RS TN CHL ,-1.000
4428,CHL62001,62001 2RS TN CHL ,46
4429,CHL6201,6201 2RS TN CHL ,592
4430,CHL6201,6201 2RS TN CHL ,-2.000
4431,CHL6201,6201 2RS TN CHL ,24
4432,CHL6202,6202 BEARING 2RS CHL,200
4433,CHL6202,6202 BEARING 2RS CHL,-88.000
4434,CHL6203,CHL6203 BEARING ,136
4435,CHL6203,CHL6203 BEARING ,-2.000
4436,CHL6204,CHL BEARING 6204 2 RS TN GREEN ,46
4437,CHL6205,6205 2RS CHL BEARING ,40
4438,CHL625,CHL BEARING 625 2RS ,100
4439,CHL626,CHL BEARING 626 2RS,-12.000
4440,CHL626,CHL BEARING 626 2RS,192
4441,CHL627,CHL BEARING 627 2RS ,186
4442,CHL628,628 2RS CHL BEARING ,94
4443,CHL629,CHL BEARING 629 2RS,396
4444,CHL629,CHL BEARING 629 2RS,-14.000
4445,CHL629,CHL BEARING 629 2RS,186
4446,CHL6301,CHL BEARING 6301 2RS ,84
4447,CHL6302,CHL BEARING 6302 2 RS ,50
4448,CHL6303,CHL 6303 BEARING,6
4449,CHL6303,CHL 6303 BEARING,-8.000
4450,CHL6304,CHL BEARING 6304 2RS,50
4451,CHL6306,CHL BEARING 6306 2 RS ,86
4452,CHL6900,6900 CHL BEARING  2RS,20
4453,CHL698,698 2RS CHL BEARING ,172
4454,CHNAIL,CHARNAIL,2275
4455,CHNAIL/,CHAIR NAIL ,5
4456,CHOOK/1,CARABINER HOOK ,-1.000
4457,CHOOK/1,CARABINER HOOK ,5
4458,CHOOK/1,CARABINER HOOK ,1
4459,CHOOL,WEEDER BROOM CHOOL ,8
4460,CHOOL P V C ,CHOOL P V C ,-5.000
4461,CHOSE,BILLION CONSTRUCTION HOSE,90
4462,CHPS,EMTEX SPARE HOSE PROTECTION  SLEEVE SMALL,100
4463,CHR2765,BULLET CORDLESS RICVERTER CHR2765,3
4464,CHR2765B,BATTERY FOR BULLET 2.AH 20V RIVERTGUN,6
4465,CHS32,CALTEX HOLE SAW BIT 32MM,3
4466,CHS38,CALTEX BIMETAL HOLE SAW BIT 38MM,3
4467,CHS50,CALTEX BIMETAL HOLE SAW BIT 50MM,2
4468,CHSL,BIG STHIL CHAIN 3621000164036RSC QUALITY,14
4469,CHSL,BIG STHIL CHAIN 3621000164036RSC QUALITY,10
4470,CHSL,BIG STHIL CHAIN 3621000164036RSC QUALITY,4
4471,CHSL,BIG STHIL CHAIN 3621000164036RSC QUALITY,5
4472,CHSL,BIG STHIL CHAIN 3621000164036RSC QUALITY,12
4473,CHSL,BIG STHIL CHAIN 3621000164036RSC QUALITY,18
4474,CHSL,BIG STHIL CHAIN 3621000164036RSC QUALITY,2
4475,CHSL,BIG STHIL CHAIN 3621000164036RSC QUALITY,-1.000
4476,CHSL/1,CHAINA CHAIN  STIHL,3
4477,CHSL/36,CHAIN STIHL,2
4478,CHSL/63,63 PS3 CHAIN REEL PCS,5
4479,CHTR125,FOLDING HAND TRUCK (PNEUMATIC WHEEL ),1
4480,CIA3,"CI ADAPTOR 3""",3
4481,CID1664S,SWITCH FOR BULLET CORDLESS DRILL CID1664,8
4482,CIDLI201668,INGCO CORDLESS IMPACT DRILL ,1
4483,CIDLI205581,INGCO COMPACT CORDLESS DRILL ,-3.000
4484,CIDLI205581GC,GEAR CASE FOR CIDLI205581-SP-4,1
4485,CIDLI20668,INGCO COMPACT BRUSHLESS CORDLESS DRILL ,4
4486,CIDLI20668DC,DRILL CHUCK FOR CIDLI20668 DRILL,2
4487,CIDLI9681F,STATOR AND ELECTRIC ASSEMBLY CIDLI209681-SP-10,2
4488,CIDLI9681R,ARMATURE FOR CIDLI209681 SP10,2
4489,CIDLI9681S,SWITCH FOR CIDLI209681 SP-10,2
4490,CIRLI12015,INGCO CORDLESS IMPACT DRIVER ,4
4491,CIW4291,BULLET CORDLESS IMPACT WRENCH CIW4291,1
4492,CIW4291S,SWITCH SET ASSY CIW4291,1
4493,CIWLI20351,INGCO CORDLESS IMPACT WRENCH ,1
4494,CIWLI20351,INGCO CORDLESS IMPACT WRENCH ,-1.000
4495,CIWLI20351GC,GEAR CASE FOR INGCO CORDLESS IMPACT WRENCH ,2
4496,CIWLI20501/1,INGCO CORDLESS IMPACT WRENCH 500NM,2
4497,CIWLI20501GB,GEAR BOX ASSY INGCO CORDLESS IMPACT WRENCH ,3
4498,CIWLI20501RA,ROTOR ASSY FOR CIWLI20501-SP-3/4,3
4499,CIWLI2085EH,ELECTRONIC HOLDER CIWLI2085,2
4500,CIWLI2085F,FIELD FOR CIWLI2085-SP-24,2
4501,CIWLI2085FCA,INGCO FIELD AND ELECTRIC CONTROL ASSY  CIWLI2085,2
4502,CIWLI2085GB,GEAR BOX CIWLI2085-SP123,2
4503,CIWLI2085GC,GEAR CASE CIWLI2085-SP21,2
4504,CIWLI2085OS,OUTPUT SHAFT ASSY CIWLI2085-SP7,2
4505,CIWLI2085PCB,PCB CIWLI2085,2
4506,CIWLI2085R,ARMATURE  FOR CIWLI2085,2
4507,CIWLI2085S,SWITCH  FOR CIWLI2085-SP-30,2
4508,CK1,CHALK 12 PCS  1 PKT ,133
4509,CK1,CHALK 12 PCS  1 PKT ,-1290.000
4510,CK1,CHALK 12 PCS  1 PKT ,-20.000
4511,ck1/1,COLOUR CHALK 12 PCS ,156
4512,ck1/1,COLOUR CHALK 12 PCS ,104
4513,ck1/1,COLOUR CHALK 12 PCS ,-22.000
4514,CK62CC,CYLINDER KIT ,1
4515,CK74CC,EMTCS74-18 CYLINDER KIT ,8
4516,CK74CC,EMTCS74-18 CYLINDER KIT ,-1.000
4517,CKLI2027,INGCO CORDLESS 2 PCS COMBO KIT CKLI2027310,-0.004
4518,CKOTTA ,CHOORAL KOTTA ,31
4519,CKTCM5,CHECKMATE MARBLE CUTTER CKTCM5,8
4520,CKTGCS84,CHECKMATE CHAINSAW 18 INCH 84 CC,1
4521,CKTGCS86,CHECKMATE CHAINSAW 18 INCH 86CC,1
4522,CL,CABLE LOCK ,1
4523,CL1.5LBH,CALTEX SLEDGE HAMMER 1.5 LB WITH HANDLE ,-1.000
4524,CL1.5LBH,CALTEX SLEDGE HAMMER 1.5 LB WITH HANDLE ,-6.000
4525,CL10MM,COPPER LUG 10MM,-48.000
4526,CL10MM,COPPER LUG 10MM,93
4527,CL2LBH,CALTEX SLEDGE HAMMER 2 LB WITH HANDLE ,2
4528,CL35MM,COPPER LUG 35MM,364
4529,CL3LBH,CALTEX SLEDGE HAMMER 3LB WITH HANDLE ,1
4530,CL40L,CALTEX PREMIUM LOCK 40MM L/S 4KEY,-3.000
4531,CL40L,CALTEX PREMIUM LOCK 40MM L/S 4KEY,39
4532,CL40MM,CALTEX PREMIUM LOCK 40MM 4KEY ,29
4533,CL40MM,CALTEX PREMIUM LOCK 40MM 4KEY ,-6.000
4534,CL40MM,CALTEX PREMIUM LOCK 40MM 4KEY ,36
4535,CL44,COOL PACK NO 44,216
4536,CL4LBH,CALTEX SLEDGE HAMMER 4LBH WITH HANDLE ,2
4537,CL4LBH,CALTEX SLEDGE HAMMER 4LBH WITH HANDLE ,-2.000
4538,CL4MM,COPPER LUG 4MM,-5.000
4539,CL4MM,COPPER LUG 4MM,196
4540,CL50 MM,COPPER LUG 50 MM,60
4541,CL50 MM,COPPER LUG 50 MM,18
4542,CL50/4KEY,CALTEX PREMIUM LOCK 50MM 4KEY ,87
4543,CL50L,CALTEX PREMIUM LOCK 50MM L/S 4KEY,41
4544,CL58CC,CLUTCH M23  CHAINSAW 58CC,154
4545,CL63,CALTEX PREMIUM 63MM 4 KEYS ,4
4546,CL63,CALTEX PREMIUM 63MM 4 KEYS ,22
4547,CL63,CALTEX PREMIUM 63MM 4 KEYS ,-8.000
4548,CL6MM,COPPER LUG 6MM,1
4549,CLAS9,CALTEX  STAR ALLENKEY SET LONG 9 PCS ,11
4550,CLASE9,CALTEX ALLENKEY SET EXTRA LONG 9 PCS ,7
4551,CLAW10,CALTEX ADJUSTABLE WRENCH WITH GRIP 10 INCH ,1
4552,CLAW12,CALTEX ADJUSTABLE WRENCH 12 INCH ,6
4553,CLAW8,CALTEX ADJUSTABLE WRENCH WITH GRIP 8 INCH ,2
4554,CLB200,BULLET CORDLESS LEAF BLOWER CLB200,6
4555,CLBCG45,CLUTCH KSK BC G45,3
4556,CLD,COTTON LINE DHOORI ,9
4557,CLD1,COTTON LINE DHOORI ,-74.000
4558,CLEAR BOX ,CLEAR BOX ,60
4559,CLIX,CALTEX LOCK INSTALLATION KIT XTREAPOWER ,6
4560,CLPBL,CALTEX PLUM BOB LARGE (THUKKU KATTA ),20
4561,CLPBL,CALTEX PLUM BOB LARGE (THUKKU KATTA ),26
4562,CLPBP,CALTEX PLUMBOB PREMIUM CP ,69
4563,CLPC2,CALTEX PAINT SCRAPPER 2INCH ,12
4564,CLR130,CHALK LINE SET BULLET ,-2.000
4565,CLR130/Q,CHALK LINE SET BULLET QUALITY,20
4566,CLS12,CALTEX SCALE 12 INCH ,7
4567,CLTH58,CLUTCH 58CC ,1
4568,CLUTCH143,CLUTCH  NEW FOR 143,24
4569,CM14LG,ETERNITY CUT OFF MACHINE 14 INCH ,1
4570,CM24BC,BRUSH COVER CM24,5
4571,CM24CB,CARBON BRUSH CM24,10
4572,CM45,CONVEX MIRROR 45CM /18 INCH ,11
4573,CM4SAB,CM4SA BODY ,7
4574,CM4SABG,E- TOOL KRAFT SPARE -CM4SA BEARING DUMMY ,20
4575,CM4SADR,DISTANCE RING  CM4SA,100
4576,CM4SAG,SPARES CM4SA GEAR ,-40.000
4577,CM4SAGB,STAR SPARES CM4SA GEAR BOX ,3
4578,CM4SAGK,GEAR KEY ,88
4579,CM4SAHC,CARBON BRUSH HOLDER CAP FOR CM4SA,100
4580,CM4SAS,CM4SA SWITCH  EVEREST ,148
4581,CM4SAS,CM4SA SWITCH  EVEREST ,-2.000
4582,CM4SASP,SPRING FIELD FOR CM4SA  GALAXY ,100
4583,CM4SBB,CM4SB BODY,4
4584,CM4SBDR,DISTANCE RINF FOR CM4SB,100
4585,CM4SBDS,DISTANCE SPRING FOR CM4SB,80
4586,CM4SBS,SPARE  CM4SB SWITCH  MT410,10
4587,CM4SD,HIKOKI MARBLE CUTTER CM4SDS9Z,7
4588,CM4SS,CM4SA SPANNER SET (2MM FLAT/T),800
4589,CM5SC,HIKOKI MARBLE CUTTER 5INCH CM5SC,1
4590,CM60,CONVEX MIRROR  60CM /24,2
4591,CM7701,"OMR NON RETURN VALVE 8,16,24,30,50-1601",3
4592,CM7712,ELBOW BIG 50L OMR ,9
4593,CM7713,"ELBOW SMALL 24,30,50 OMR",16
4594,CM7716,OMR AIR FILTER 50L 1/2 CM7716,18
4595,CM7753,DRAIN VALVE OMR ,5
4596,CM7760,OMR OIL LEVELER METAL BIG ,8
4597,CM7769, OMR OIL FREE COMPRESSOR AIR FILTER 1/4,3
4598,CM80,CONVEX MIRROR 80CM/32,1
4599,CM80018,BRUSH CAP SIMM H3100B CM80018,10
4600,CMESH1/4*1/4B,PVC MESH 1/4*1/4 3' BLACK ,-0.500
4601,CMESH5*5,PVC COATED MESH 5',3.5
4602,CMESH5*5,PVC COATED MESH 5',20.3
4603,CMESH5X3,WELDMESH COATED 0.5X3,0.55
4604,CMESH5X3,WELDMESH COATED 0.5X3,54.5
4605,CMESH5X3,WELDMESH COATED 0.5X3,13.06
4606,CMESH5X3,WELDMESH COATED 0.5X3,-10.000
4607,CMESH5X3,WELDMESH COATED 0.5X3,0.25
4608,CMESH5X4,WELDMESH COATED 0.5X4,1.5
4609,CMESH5X4,WELDMESH COATED 0.5X4,59
4610,CMESH5X4,WELDMESH COATED 0.5X4,0.3
4611,CMGB,TILE CUTTER GEAR BOX,1
4612,CN15,FIBER CHATTY ,177
4613,CN15,FIBER CHATTY ,-6.000
4614,CN16,FIBER CIMENT CHATTY  CN16,70
4615,CN16SA,HIKOKI NIBBLER-CN16SAS9Z,1
4616,CN17,FIBER CHATTY ,90
4617,CN17,FIBER CHATTY ,51
4618,CN17,FIBER CHATTY ,18.2
4619,CN1F,CHAIN 1FT,11
4620,CN24,POWERX AIR COMPRESSOR 24L JETPOWER CN24,2
4621,CNB,CLUTCH NEEDLE BEARING  58CC ,10
4622,CNB100,ACE ULTRA TOUCH NYLON BURSH 100MM (SPINDLE MOUNDED),9
4623,CNRV,NRV VALVE ,13
4624,COAT/R,COAT PIDI ILLATHATHU TATA RED,3
4625,COAT1.8,COAT1.8 PIDI ILLATHATHU ,3
4626,COAT1.8,COAT1.8 PIDI ILLATHATHU ,-4.000
4627,COB,O RING COMPACTER BIG,9
4628,COC,OIL CAP,5
4629,COCR,COURIER CHARGE,-3.000
4630,COCR,COURIER CHARGE,-13.000
4631,COCR,COURIER CHARGE,3
4632,COCR,COURIER CHARGE,-7.000
4633,COCR,COURIER CHARGE,-5.000
4634,COCUNUT DEHUSKER,COCUNUT DEHUSKER,6
4635,CONCRETE MIXER MACHINE ,CONCRETE MIXER MACHINE WITH HYDRAULIC HOPPER,1
4636,COOL PACK NO 55,COOL PACK NO 55,48
4637,CORE25,CORE BIT 25MM -CORE25,6
4638,CORE38,CORE BIT 38MM CORE38 11/2 inch ,2
4639,CORE51,CORE BIT 51MM -CORE51 2 inch ,4
4640,COS,O RING COMPACTER SMALL ,8
4641,COS230910,INGCO TOOL BAG SET 4 PCS ,1
4642,COSLI241198,INGCO COMBO KIT  DRILL GRINDER HAMMER DRILL 3 PCS KIT ,1
4643,COSLI250281                      ,INGCO CORDLESS 32 PCS COMBO KIT ,0.996
4644,COUPLER,SPRAYWELL SPARE ADAPTOR 1/4X22M ,1
4645,COUPLER/1,COUPLER,8
4646,CP10MM,PVC WIRE CLIP 10MM,114
4647,CP12MM,PVC WIRE CLIP 12MM ,373
4648,CP3,NON RETURN VALVE,1
4649,CP3/4*1/2,HOSE COLLER,3
4650,CP4,PRESSURE GUAGE ,3
4651,CP470UF,CAPASITOR 400 V X 470 UF ,3
4652,Cp5,Safety Valve1/4 Sro,1
4653,CP7MM,PVC WIRE CLIP 7MM,98
4654,CP9M,PVC WIRE CLIP ,79
4655,CPA1.8KG,C P AXE 1.8 KG WITH HANDLE ,1
4656,CPA2.5,C P AXE 2.5KG,3
4657,CPA2.5KG,C P AXE 2.5KG  WITH HANDLE ,1
4658,CPA5T,CLUTCH PULLEY ASSEMBLY 5T,1
4659,CPCAP,AIR COMPRESSOR CUP,2
4660,CPCH1,CUP SCREW HOOKS KOSHA1,288
4661,CPCH1,CUP SCREW HOOKS KOSHA1,100
4662,CPCH1.5,CUP SCREW HOOKS SH1.5,288
4663,CPCH1.5,CUP SCREW HOOKS SH1.5,26
4664,CPCH11/4,CUP HOOK SCREW 11/4,268
4665,CPCH2,CUP SCREW HOOKS PARAS 2,120
4666,CPCH2,CUP SCREW HOOKS PARAS 2,13
4667,CPCH3/4,"CUP SCREW HOOKS SH3/4""",264
4668,CPCH3/4,"CUP SCREW HOOKS SH3/4""",-6.000
4669,CPCH5/8,HOOK CUP 5/8,288
4670,CPN,WHITENER  (CORRECTION PEN ),46
4671,CPN,WHITENER  (CORRECTION PEN ),-11.000
4672,CPN/,WHITNER,1
4673,CPN/,WHITNER,-5.000
4674,CPN/,WHITNER,-1.000
4675,CPP10,OMR CABLE PULLER PLASTIC COTTED 10 MTR CH,15
4676,CPP10,OMR CABLE PULLER PLASTIC COTTED 10 MTR CH,15
4677,CPP15,OMR CABLE PULLER PLASTIC COTTED 15 MTR ,7
4678,CPP20,OMR CABLE PULLER PLASTIC COTTED 20 MTR ,6
4679,CPP30,OMR CABLE PULLER PLASTIC COATED 30 MTR ,4
4680,CPP30,OMR CABLE PULLER PLASTIC COATED 30 MTR ,4
4681,CPRS,CHELLIPULLER STEEL,2
4682,CPS,CHUGH PLUG SPANNER MARUTI NEW HEAVY GES,1
4683,CPS3CM,COTTER PIN SET 3CM RAJAGRO,35
4684,CPSET,PISTON ,2
4685,CPTG,CYLINDER PRESSURE TESTING GAUGE,2
4686,CPTMS200HD ,FOLDING PLATFORM HAND TROLLY CPT-MS200HD ,1
4687,CPTMS400HD ,FOLDING PLATFORM HAND TROLLY  CPT-MS400HD ,1
4688,CPVC42M,CALTEX PVC PIPE CUTTER 42MM ,82
4689,CPWLI2008,INGCO CORDLESS PRESSURE WASHER ,2
4690,CPWLI20362,INGCO CORDLESS PRESSURE WASHER ,1
4691,CR1070,AG70 CARBON BRUSH ,94
4692,CR1070,AG70 CARBON BRUSH ,10
4693,CR1078,DH78 CARBON BRUSH,86
4694,CR11E,E POWERTUF-CARBON BRUSH-11E,218
4695,CR11E,E POWERTUF-CARBON BRUSH-11E,-170.000
4696,CR1R,RENTAL AIR COMPRESSOR,11
4697,CR28MM,28MM HOUSING ST43CC,1
4698,CRASS125B,CARBON BRUSH FORSTRAIGHT GRINDER 5 INCH ,3
4699,CRBD,B&D PRESSURE WASHER CARBON PW1370TD,3
4700,CRDH20,DH20 CARBON BRUSH IBELL,42
4701,CRDSM08/125,YURI CARBON BRUSH DCA  08-100 DSM08/DSM125,260
4702,CRDU10,POWERTEX CARBON BRUSH ,18
4703,CRDU10,POWERTEX CARBON BRUSH ,84
4704,CRDWE4235,CARBON BRUSH DWE4235,15
4705,CREB2937,CARBON BRUSH CREB,10
4706,CRH222,BULLET CORDLESS ROTARY HAMMER DRILL CRH222 20MM,2
4707,CRH2-26,CARBON ,3
4708,CRHLI201681,INGCO CORDLESS ROTARY HAMMER ,1
4709,CRHLI201681,INGCO CORDLESS ROTARY HAMMER ,3
4710,CRHLI2020,INGCO CORDLESS ROTARY HAMMER DRILL CRHLI202081,6
4711,CRHLI2022PS,PROTECTIVE SLEEVE  CORDLESS ROTARY HAMMER DRILL,3
4712,CRHLI202682,INGCO CORDLESS ROTARY HAMMER DRILL CRHLI202682,0.58
4713,CRHMH60,CARBON BRUSH -HMH60,4
4714,CRKEY,CYLINDER KEY,91
4715,CRKPEMHDCB,CARBON BRUSH -KPEMHDCB PUTTY MIXER,5
4716,CRM,COLLET FOR ROUTER MACHINE ,1
4717,CRM,COLLET FOR ROUTER MACHINE ,18
4718,CRPDA100,YURI CARBON BRUSH PDA100,502
4719,CRPDA100,YURI CARBON BRUSH PDA100,42
4720,CRPH65KP,JCB CARBON BRUSH 16 KG 1240W ,42
4721,CRPM1250,PM1250 CARBON BRUSH ,9
4722,CRRH26i,RH26 ELECTRIC BRUSH,1
4723,CRTG21006,TG1121006 CARBON BRUSH ,1
4724,CRTRISHOL,CRIMPING TOOL TRISHOL,1
4725,CRTV,M SEAL CLEAR RTV SIL GASKET MARKER ,4
4726,CRU11/4,CHINTHER BLADE 1 1/4'',4
4727,CRV1,BLADE 6X1,293
4728,CRV1,BLADE 6X1,7
4729,CRV1/2,1/2 INCH RATCHET WRENCH ,11
4730,CRV1/4,1/4 INCH RATCHET WRENCH ACE,8
4731,CRV10,AVINATION SNIP 10 INCH STRIGHT CUT ,3
4732,CRV10,AVINATION SNIP 10 INCH STRIGHT CUT ,3
4733,CRV11/2,CHINTHER  BLADE 6*11/2,41
4734,CRV11/4,CHINTHER  BLADE 6*11/4,145
4735,CRV11/4,CHINTHER  BLADE 6*11/4,-6.000
4736,CRV12,PUNCH DOWN TOOL SET STANLEY 12 PCS,-1.000
4737,CRV7,COMBINATION RATCHET SET 7 PCS CRV,1
4738,CRVB,PLANNER BLADE CERV BLUE,8
4739,CS10X100,COACH SCREW MS3/8X4,23
4740,CS10X125,COACH SCREW MS3/8X5,50
4741,CS10X50,COACH SCREW MS 3/8X2,32
4742,CS10X63,COACH SCREW MS 3/8X2.5,57
4743,CS10X75,COACH SCREW MS 3/8X3,19
4744,CS13*4P,SS SCREW 13X4 STAR ,9996
4745,CS17*18*19*21,CROSS SPANNER 17*18*19*21,1
4746,CS20B,CS20 ANT VIBRATION BUSH ,6
4747,CS20S,CS20 SCREW ST5*16,4
4748,CS22HXL,SOCKET SET CS22 HXL ,-2.000
4749,CS2500,BULL CHAINSAW 25CC,3
4750,CS38*6,CHOICE COACH SCREW 38*6,-64.000
4751,CS38*8,COACH SCREW 38*8,-25.000
4752,CS38X10,COACH SCREW MS3/8X1.5ARUN,430
4753,CS50X8,COACH SCREW MS 5/16X2,68
4754,CS56,C556 I GRINTER,1
4755,CS58C,CS58 CARBURATOR,-2.000
4756,CS58C,CS58 CARBURATOR,1
4757,CS62SA,CS62 START ASSY,-24.000
4758,CS62SA,CS62 START ASSY,1
4759,CS62SA,CS62 START ASSY,2
4760,CS6X38,COACH SCREW MS 1/4X1.5,2602
4761,CS6X62,COACH SCREW MS 1/4X2.5,144
4762,CS6X63,COACH SCREW MS1/4X2.5,364
4763,CS7213,CS OIL PUMP WORM CS7213,80
4764,CS7243,OMR CS CHOKE LEVER ,86
4765,CS7245,OMR PRIMER PUMP CS7245,10
4766,CS7259,OMR CHAINSAW COLLER SCREW  CS7259,5
4767,CS8X125,COACH SCREW MS 5/16X5,34
4768,CS8X38,COACH SCREW MS 5/16X1.6,32
4769,CS8X63,COACH SCREW MS 5/16X2.5,54
4770,CS9411,LT MNX 2 NO +2NC ADD ON BLOCK CS9411,2
4771,CSA12,YURI CHAINSAW ATTACHMENT 12 INCH CSA12,5
4772,CSA16,CHAINSAW ATTACHMENT 16 INCH CSA16 YURI,-3.000
4773,CSA16,CHAINSAW ATTACHMENT 16 INCH CSA16 YURI,-5.000
4774,CSA16,CHAINSAW ATTACHMENT 16 INCH CSA16 YURI,6
4775,CSAFM,CS AIR FILTER MED RAJARO ,16
4776,CSAFS,CS AIRFILTER  SMALL RAJAGRO ,25
4777,CSBA , BRAKE ASSY CHAIN SAW RAJ AGRO,-1.000
4778,CSC23,CS CLUTCH M23,54
4779,CSD/BS,COCONUT SCRAPPER DOUBLE SIDE WITH BASIN AND STAND ,1
4780,CSDS,CS DUMPING SPRING RAJAGRO ,39
4781,CSDSB,COCONUT SCRAPPER DOUBLE SIDE WITH BASIN AND STAND ,1
4782,CSFFR,CS FUEL FILTER,1
4783,CSGLI2003,INGCO CORDLESS SPRAY GUN CSGLI2003,-1.000
4784,CSH1.5,CLAW HAMMER 1LB PIPE TYPE ,1
4785,CSIC,CHAINSAW IGNITION COIL,4
4786,CSK13X4,SELF DRILLING SCREW STAR 13X4 CSK,701
4787,CSK3/16,M/C SCREW CSK3/16X1,-0.542
4788,CSK3/16,M/C SCREW CSK3/16X1,-191.340
4789,CSK3/16,M/C SCREW CSK3/16X1,-213.000
4790,CSK3/16*1.5,M/C SCREW CSK3/16X1,-5.022
4791,CSK3/16*1.5,M/C SCREW CSK3/16X1,-21.000
4792,CSK3/16*2,M/C SCREW CSK3/16X1,-11.832
4793,CSK3/16*2,M/C SCREW CSK3/16X1,-41.030
4794,CSK3/16X.50,m/c screw csk 3/16x.5,578.91
4795,CSK3/16X.75,M/C SCREW CSK3/16X.75,30
4796,CSK3/16X1.25,M/C SCREW CSK 3/16X1.25,58
4797,CSK3/16X1.25,M/C SCREW CSK 3/16X1.25,276
4798,CSK5/32*.5,M/C SCREW GOLDEN 5/32*.5,-49.000
4799,CSK5/32*.5,M/C SCREW GOLDEN 5/32*.5,146
4800,CSK5/32*.75,M/C SCREW GOLDEN 5/32*.75,-3.000
4801,CSK5/32*.75,M/C SCREW GOLDEN 5/32*.75,36
4802,CSK5/32*1,M/C SCREW GOLDEN  5/32*1,1.94
4803,CSK5/32*1,M/C SCREW GOLDEN  5/32*1,33
4804,CSK5/32*1.5,M/C SCREW GOLDEN5/32*1.5,3
4805,CSK6X25,SELF SCREW 1,1053
4806,CSK7*25,SELF DRILLING SCREW STAR 25*7 CSK,8914
4807,CSK7*25,SELF DRILLING SCREW STAR 25*7 CSK,-152.000
4808,CSLI1851,INGCO CORDLESS CIRCULAR SAW ,3
4809,CSM2,CS MUFFLER 2 HOLE RAJ AGRO,21
4810,CSOC,OIL CAP CHAINSAW RAJAGRO,36
4811,CSP5920,STHIL CHAINSAW CSP5920 1E48FKK220725TT02227,1
4812,CSPRING ,CLUTCH SPRING 58CC,2
4813,CSPULLY,CS ST PULLY SINGLE ,50
4814,CSSP,ST43CC SPARK PLUG ,-150.000
4815,CSSPRING,CS SPRING SINGLE ,25
4816,CSSPRING,CS SPRING SINGLE ,37
4817,CST58CC,CHAIN SPROCKET EMTEX,10
4818,CST8X150,COACH SCREW T-TYPE 8*150,86
4819,CSTS,COCONUT SCRAPPER TABLE STD ,10
4820,CSTS,COCONUT SCRAPPER TABLE STD ,-4.000
4821,CSTS,COCONUT SCRAPPER TABLE STD ,-1.000
4822,CSTS,COCONUT SCRAPPER TABLE STD ,13
4823,CSTT,COCOUNUT SCRAPPER TABLE TYPE ,-4.000
4824,CT06,CRIMPING TOOL CHAKRA  6,1
4825,CT127,TOOL WORTH MINI TUBE CUTTER CT-1271/8-5/,2
4826,CT16/50,CRIMPING TOOL VIKRANT 50,2
4827,CT202B,CRIMPING TOOL 202B,2
4828,CT348,ELECTRIC CONTINUTY TESTER,3
4829,CT364A08,TUBE BENDER 1/2 ATLAS,1
4830,CT3M,CUTTING TORCH G02 3 PIPE MUBEX ,1
4831,CT3M,CUTTING TORCH G02 3 PIPE MUBEX ,3
4832,CT40M,PAD LOCK 40MM LONG CALTEX ,-1.000
4833,CT536,MANIFOLD GAUGE CT536 GFP,1
4834,CT6/16,CRIMPING TOOL SAMRAT 16,-1.000
4835,"CT8""",CRIMPING TOOL 8'',1
4836,CT801,CREST ANGLE GRINDER  CT801,-1.000
4837,CTAB2,CUTTING TORCH ARC BRO GOLD 2 PIPE ,4
4838,CTC6,CRIMPING TOOL SPIDER 6,1
4839,CTCM4,CREST MARBLE CUTTER CT-CM4,4
4840,CTD,CUTTING TORCH DUMEX ,2
4841,CTEB40,CACTUS BLOWER ELECTRIC EB40C,-4.000
4842,CTM,SWNAN NECK M/H,2
4843,CTN3,CUTTING TORCH NATIONAL ISI 3 PIPE ,1
4844,CTP8,CALTEX TEXTURE GURMALA 8MM PATHRA  TEETH,216
4845,CTS,CAUTION TAPE ALL SIZE ,1
4846,CTS16,CRIMPING TOOLS SAMRAT -16,1
4847,CTS6,CRIMPING TOOLS SPIDER 6 ,1
4848,CTV6,CRIMPING TOOL VIRAT 6,1
4849,CTVC,CORDLESS TILE VB CONTROLLER,5
4850,CTVLI20018,INGCO CORDLESS TILEVIBRATER CTVLI20018,6
4851,CTVM,CORDLESS TILE VB MOTOR ,2
4852,CTW,SWAN NECK W/H,5
4853,CTY,CAUTION TAPE YELLOW ,1
4854,CUP ,SPRAY GUN CUP,40
4855,CUP...,CUP....,-2.000
4856,CUPIN,SPRAY GUN PLASTIC CUP IN SIDE ,3
4857,CUPLIER ,CUPLIER ,50
4858,CUPLIER/1,CUPLIER ,50
4859,CUPOUT,SPRAY GUN PLASTIC CUP OUT,-1.000
4860,CUTTER,CUTTER APSARA ,-5.000
4861,CUTTER,CUTTER APSARA ,7
4862,CUTTER,CUTTER APSARA ,-11.000
4863,CUTTER,CUTTER APSARA ,-83.000
4864,CV220,COVINO HAMMER DRILL 2-20 500W,1
4865,CV4,COVINA MARBLE BLADE 4'' (TILE CUTTING BLADE ),55
4866,CV4/1,COVINA MARBLE BLADE 4'',21
4867,CV419,CARBON,2
4868,CV48C,CV48 CARBON BRUSH ,18
4869,CV48S,CV48 SWITCH ,6
4870,CV5081CB,CV81 CARBON BRUSH,1
4871,CV81GB,CV81 GEAR BOX,2
4872,CV81S,CV81 SWITCH,4
4873,CV81SL,CV81 SPINDLE,1
4874,CV81WK,CV81 WOODRUFF KEY ,1
4875,CVLI20126,INGCO CORDLESS VACCUM CLEANER ,6
4876,CVLI201261HFA,HEPA FILTER ASSEMBLY  FOR VACCUM CLEANER CVLI201261 SP-4,2
4877,CW1,COTTON WASTE COLOUR,35.94
4878,CW1,COTTON WASTE COLOUR,120.88
4879,CW1,COTTON WASTE COLOUR,27.98
4880,CW1/1,COTTON WASTE WHITE ,38.84
4881,CW1/1,COTTON WASTE WHITE ,36.596
4882,CW1/1,COTTON WASTE WHITE ,-0.205
4883,CW1/1,COTTON WASTE WHITE ,16.16
4884,CW1/1G,COTTON WASTE WHITE ,9
4885,CW1/1G,COTTON WASTE WHITE ,21.2
4886,CW1G,COTTON WASTE COLOUR,27.12
4887,CW3,CONCRETE SEGMENT CUP BLADE GREEN BULLET ,59
4888,CW7,CUTTING  WHEEL 7 INCH,8
4889,CW7,CUTTING  WHEEL 7 INCH,3
4890,CW7802,OMR CARWASHER HOSE ORING BIG CW7802,50
4891,CW7807,OMR CARWASHER ON /OFF SWITCH ,34
4892,CWAR,OUT LET PIPE ,2
4893,CWB17*52*14,CAR WASH BEARING 17*52*14,9
4894,CWB75,CIRCLIP WIRE BRUSH 75MM ,1
4895,CWC11,WELDING LEG GUARD CWH 111,2
4896,CWC514,WELDING HAND SLEEVE CW-515,-1.000
4897,CWC515,WELDING HAND SLEEVE CW-515,1
4898,CWGST,CARWASH GUN ,4
4899,CWH10/300,HYDRAULIC HOSE WITH END IBELL 3000W 10 MTR ,2
4900,CWH500,CALTEX CLAW HAMMER WOODEN HANDLE 500GMS ,10
4901,CWH6/1,CAR WASHER HOSE 6M,-3.000
4902,CWH6/3,HYDRAULIC HOSE WITH END 1/4'6MTR LONG WITH BOSCH,-1.000
4903,CWH6/79,HYDRAULIC HOSE WITH END FITTINGS  6MTR IBELL79PRO ,32
4904,CWH7M,HYDRAULIC HOSE WITH END FITTINGS 7MTR BOSCH ,10
4905,CWH8/1,CAR WASHER HOSE 8M,1
4906,CWH8/2,MT18 CARWASHER HOSE 8MTR,4
4907,CWH8M,PRESSURE WASHER HOSE 8 MTR,10
4908,CWH8M,PRESSURE WASHER HOSE 8 MTR,-1.000
4909,CWHEEL ,COMPACT MACHINE WHEEL ,4
4910,CWHS,HOSE SLEEV,53.75
4911,CWHS/1,PVC ROLL(HOSE SLEEVE YELLOW /RED ),2262
4912,CWHS/1,PVC ROLL(HOSE SLEEVE YELLOW /RED ),-11.250
4913,CWHS/1,PVC ROLL(HOSE SLEEVE YELLOW /RED ),0.2
4914,CWHS/1,PVC ROLL(HOSE SLEEVE YELLOW /RED ),825
4915,CWHS/1,PVC ROLL(HOSE SLEEVE YELLOW /RED ),1706
4916,CWHS/1,PVC ROLL(HOSE SLEEVE YELLOW /RED ),372.5
4917,CWHS/1,PVC ROLL(HOSE SLEEVE YELLOW /RED ),-8.500
4918,CWHS/2,HOSE SLEEV RAJ,-542.000
4919,CWHS/2,HOSE SLEEV RAJ,-31.500
4920,CWHS10M,E-EMTEX-PRESSURE WASHER HOSE 10 MTR,-1.000
4921,CWHS10M,E-EMTEX-PRESSURE WASHER HOSE 10 MTR,-4.000
4922,CWHS5/1,E-POWERTUF PRESSURE WASHER HOSE -5MTR,1
4923,CWHS8B,HYDRAULIC HOSE BLACK 8 MTR ALLYS,5
4924,CWHS8W,HYDRAULIC HOSE WHITE  8 MTR,6
4925,CWRN ,79  ROTATING NOZZLE IBELL ,2
4926,CWS,16A 3PIN PLUG AND SOCKET,7
4927,CWS,16A 3PIN PLUG AND SOCKET,7
4928,CWS/1,16A 3PIN PLUG AND SWITCH,11
4929,CWS/1,16A 3PIN PLUG AND SWITCH,-2.000
4930,CWS01,XTREAM FORM WASH CWS01,1
4931,CWS02,SHAMPOO XTREME FOAM CWS02,3
4932,CWS04,XTREAM FORM WASH CWS04,18
4933,CWS22,SHAMPOO PREMIUM  CWS22 200ML,-5.000
4934,CWS22,SHAMPOO PREMIUM  CWS22 200ML,4
4935,CWS26,SHAMPOO PREMIUM  CWS26 1 LTR CWS26,4
4936,CWS42,SHAMPOO GOLD SELECT CWS42 200ML ,-5.000
4937,CWS42,SHAMPOO GOLD SELECT CWS42 200ML ,7
4938,CWS46,SHAMPOO PREMIUM 1 LTR GOLD CWS46,8
4939,D00022,SDS PLUS BIT 5X110D-00022,-2.000
4940,D00050,SDS PLUS BIT 6*110 D00050,56
4941,D00050,SDS PLUS BIT 6*110 D00050,-34.000
4942,D00050,SDS PLUS BIT 6*110 D00050,22
4943,D00050,SDS PLUS BIT 6*110 D00050,-2.000
4944,D00050,SDS PLUS BIT 6*110 D00050,-20.000
4945,D00066,HAMMER DRILL BIT 6-160,8
4946,D00125,SDS PLUS  BIT 8X110,76
4947,D00131,SDS PLUS BIT 8*160 D00131,56
4948,D00131,SDS PLUS BIT 8*160 D00131,-2.000
4949,D00175, SDS PLUS BIT 10*160,12
4950,D00175, SDS PLUS BIT 10*160,-9.000
4951,D00197,SDS PLUS BIT 10X260,36
4952,D00228,SDS PLUE HAMMER DRILL BIT 12*160 D00228,32
4953,D00240,SDS PLUS BIT 12*260 D00240,-3.000
4954,D00240,SDS PLUS BIT 12*260 D00240,18
4955,D00262,SDS PLUS BIT 14X160  D00262,62
4956,D00278,SDS PLUS BIT 14*260 D00278,22
4957,D00290,D00290 SDS PLUS BIT 16*210,13
4958,D02YD54,PETROL CHAINSAW D02YD54,1
4959,D03311,SDS PLUS BIT 25X350  D03311,9
4960,D08682,BULL POINT 17X280 FOR HM08010T D-8682,-17.000
4961,D08682,BULL POINT 17X280 FOR HM08010T D-8682,15
4962,D08682H,BULL POINT MAKITA 17*280 D08682,13
4963,D08707,COLD CHISEL 19X280 FOR HM0810T D-08707,4
4964,D08707,COLD CHISEL 19X280 FOR HM0810T D-08707,-9.000
4965,D08707H,COLD CHISEL MAKITA 19*280 D08707,12
4966,D10,ARAM FLAT 6INCH,-6.000
4967,D10,ARAM FLAT 6INCH,43
4968,D10,ARAM FLAT 6INCH,2
4969,D10VSTA,HIKOKI  DRILL-D10VST,2
4970,D11,"8"" FLAT FILE ",26
4971,D11,"8"" FLAT FILE ",-22.000
4972,D13,"Garden Rake 6 Teeth 12""",-2.000
4973,D15235,D-15235 SDS PLUS BIT 20*460,-1.000
4974,D15285,D-15285 BULL POINT 30-400 FOR HM 1306,1
4975,D16112,MAKITA HAMMER DRILL BIT 12*350 D16112,13
4976,D16134,SDS PLUS BIT 14*350 D16134,16
4977,D16215,SDS PLUS BIT 18X260 D-16215,16
4978,D16215,SDS PLUS BIT 18X260 D-16215,5
4979,D16215,SDS PLUS BIT 18X260 D-16215,2
4980,D16259,SDS PLUS BIT 20X260 D-16259,13
4981,D16259,SDS PLUS BIT 20X260 D-16259,2
4982,D17594,COLD CHISEL 26-450 FOR HM1201 D-17594,1
4983,D21331,D-21331 SDS PLUS 14X210,43
4984,D23824,BULL POINT 21-450 FOR HM1201 D-23284,1
4985,D28000,SPRING DW801-IN D28000-B1,6
4986,D30318,MAKITA MULTY PURPOSE DRILL BIT 6-100,60
4987,D30324,MAKITA MULTY PURPOSE  DRILL BIT 6*150,59
4988,D30352,MAKITA MULTY PURPOSE DRILL BIT 8-110,24
4989,D30449,MAKITA MULTY PURPOSE DRILL BIT D 30449,25
4990,D30651,SCREW DRIVER BIT SET MAKITA 11 PCS ,1
4991,D3540,DEWALT TCT WOOD 5' 40T,13
4992,D400,O RING 3083400,86
4993,D47,DH78 WASHER D47,10
4994,D47,DH78 WASHER D47,3
4995,D4740,DEWALT SEGMENTED 110MMX20,1
4996,D4X10M,GROOVE CUTTER,4
4997,D50,SOLDERING LED,-10.000
4998,D525,GREY PAINT ,1
4999,D54695,MAKITA ABRASIVE DISC 125MM G.80D-54695,42
5000,D54710,MAKITA ABRASIVE DISC125MMG.120D-54710,5
5001,D64901,MAKITA HSS TIN METAL BIT1/4''D-64901,4
5002,D64923,MAKITA HSS TIN METAL BIT 3/8''D-64923,4
5003,D64945,MAKITA HSS TIN METAL BIT1/2''D-64945,4
5004,D66999,TCT BLADE MAKITA 40T D66999,101
5005,D66999,TCT BLADE MAKITA 40T D66999,30
5006,D67228,PLANNER BLADE 2 PCS PKT MAKITA D-67228,10
5007,D71283,MAKITA DEMOLITION HAMMER DRILL 5KG BIT ,8
5008,D8,Nylon Brush(P.H),-1.000
5009,D8/,DISPLAY STAND D8,1
5010,D8/,DISPLAY STAND D8,7
5011,DA10*110,DAYURI SDS DRILL BIT 10*110,60
5012,DA10*110,DAYURI SDS DRILL BIT 10*110,4
5013,DA10*160,DAYURI SDS DRILL BIT 10*160,-8.000
5014,DA10*160,DAYURI SDS DRILL BIT 10*160,24
5015,DA12*160,DAYURI SDS DRILL BIT 12*160,17
5016,DA12*160,DAYURI SDS DRILL BIT 12*160,25
5017,DA14*160,DAYIRI SDS DRILL BIT 14*160,2
5018,DA14*250F,DAYURI CHISEL-SDS PLUS(14X250)FLAT,5
5019,DA14*250P,DAYURI CHIESEL SDSPLUS  POINT 14*250 3.5KG ,14
5020,DA14*250P,DAYURI CHIESEL SDSPLUS  POINT 14*250 3.5KG ,60
5021,DA14*350,DAYURI SDS DRILL BIT 14*350,8
5022,DA16*160,DAYURI SDS DRILL BIT 16*160,17
5023,DA16*160,DAYURI SDS DRILL BIT 16*160,1
5024,DA16*350,DAYIRI SDS DRILL BIT 16*350,52
5025,DA17X280F,CHISEL 0810T-17X280  EVEREST,-16.000
5026,DA17X280F,CHISEL 0810T-17X280  EVEREST,6
5027,DA17X280F,CHISEL 0810T-17X280  EVEREST,764
5028,DA17X280F,CHISEL 0810T-17X280  EVEREST,37
5029,DA18*400P,DAYURI FLAT BIT 18*400 POINT  ,-28.000
5030,DA18*400P,DAYURI FLAT BIT 18*400 POINT  ,53
5031,DA20*350,DAYURI SDS DRILL BIT 20*350,3
5032,DA20*460,DAYURI SDS DRILL BIT 20*460,29
5033,DA25*350,DAYURI SDS DRILL BIT 25*350,3
5034,DA25*460,DAYURI SDS DRILL BIT 25*460,38
5035,DA5050,DA YURI DEMOLITION HAMMER 5KG DA5050  1400W,2
5036,DA5050BLA,DAYURI BIT LOCK ASSY DA5050,3
5037,DA5050C,DAYURI CARBON BRUSH DA5050C,60
5038,DA5050SR,DA5050 STRIKER,8
5039,DA5051/CR,DAYURI SPARE DA5051 CONNECTING ROD ,2
5040,DA5051BLA,DAYURI BIT LOCK ASSY DA5051,2
5041,DA5051CR,DAYURI SPARE DA5051 CONNECTING ROD ,1
5042,DA5051S,DAYURI SPARE DA5051 SWITCH ,2
5043,DA5051SR,DAYURI STRIKER  7KG DA5051,5
5044,DA5052BL,DAYURI BIT LOCK ASSY DA5052,2
5045,DA5052C,DAYURI 11E CARBON BRUSH ,8
5046,DA5052CR,DAYURI SPARE DA5052 CONNECTING ROD ,3
5047,DA5052CR,DAYURI SPARE DA5052 CONNECTING ROD ,1
5048,DA5052G,DAYURI SPARE DA5052 GOVERNER,6
5049,DA5052G/G,DAYURI SPARE DA5052 GOVERNER surie ,9
5050,DA5052O,O RING DA5052,42
5051,DA5052OS,DAYURI OIL SEAL DA5052,10
5052,DA5052P,DAYURI SPARE DA5052 PISTON ,3
5053,DA5052P,DAYURI SPARE DA5052 PISTON ,1
5054,DA5052S,DAYURI SPRAE DA5052 SWITCH ,10
5055,DA5052S,DAYURI SPRAE DA5052 SWITCH ,2
5056,DA5053GS,DA5053 GEAR SET,3
5057,DA6*110,DAYURI SDS DRILL BIT 6*110,-8.000
5058,DA6*110,DAYURI SDS DRILL BIT 6*110,-8.000
5059,DA6*160,DYURI SDS DRILL BIT 6*160,8
5060,DA6*160,DYURI SDS DRILL BIT 6*160,84
5061,DA70SPW,DS70 SANDING PAD WASHER,20
5062,DA8*110,DAYIRI SDS DRILL BIT 8*110,196
5063,DA8*160,DAYURI SDS DRILL BIT 8*160,20
5064,DA8*160,DAYURI SDS DRILL BIT 8*160,-18.000
5065,DAAG100C,DAYURI GRINDER CARBON BRUSH DONGCENG MODEL ,84
5066,DAE15,DAYURI EXTENSION ROD 6 INCH DAER15DAER15,29
5067,DAPW5168,DAYURI PRESSURE WASHER DA-PW5168 2500W/150BAR,-1.000
5068,DAPW5174,DAYURI PRESSURE WASHER DA-PW5174 2800W/230 BAR,1
5069,DB1,DOG BELT,-1.000
5070,DB1,DOG BELT,-4.000
5071,DB1/2,DOG BELT ,6
5072,DB11/2,DOG BELT 11/2,1
5073,DB2110,TUQO DIAMOND CORE DRILL 2080W 4 INCH ,4
5074,DB3/4,DOG BELT ,8
5075,DB3/4,DOG BELT ,-4.000
5076,DBATTERY,DURACELL BATTERY ,10
5077,DBS,DRILL BIT SET 6PCS,-1.000
5078,DBUSH ,DOOR BUSH ,-2.000
5079,DC040,TAPER SHANK DRILL CHUCK 1/2 BULLET ,-1.000
5080,DC10X51/2,DOG CHAIN 10X51/2,2
5081,DC10X51/2,DOG CHAIN 10X51/2,5
5082,DC10X51/2,DOG CHAIN 10X51/2,4
5083,DC12*51/2,DOG CHAIN 12*5 1/2,8
5084,DC13/A,13MM DRILL CHUCK WITH ADAPTER ,4
5085,DC16*51/2,DOG CHAIN ,7
5086,DC16MM,DRILL CHUCK 16MM ,2
5087,DC3MM,DOG CHAIN 3MM SNAIP HOOK ,-1.000
5088,DC4,CUTTING WHEEL 107MM 2NET POWERTEX,40
5089,DC4,CUTTING WHEEL 107MM 2NET POWERTEX,4
5090,DC5,DC WHEEL 5INCH BULL GOLD ,118
5091,DC5/8,DRILL CHUCK 5/8,1
5092,DC8,STANLEY PLIER 8 INCH ,65
5093,DC8,STANLEY PLIER 8 INCH ,-2.000
5094,DC8X51/2,DOG CHAIN 8X51/2,-2.000
5095,DC8X51/2,DOG CHAIN 8X51/2,-1.000
5096,DCB1,SDT GRANITE CORE BIT 1,1
5097,DCB1/2,GRANITE CORE BIT 1/2 INCH ,20
5098,DCB1/4, CORE BIT 6MM 1/4 INCH ,-1.000
5099,DCB1/4C, CORE BIT 6MM 1/4 INCH ,1
5100,DCB102,DIAMOND CORE BIT 102*350,6
5101,DCB11/4,SDT GRANITE CORE BIT 11/4,2
5102,DCH1500,DESKTOP CHARGER 1.5AMP BULLET DCH1500,3
5103,DCH60,DOOR CLOSER HAFELE 60,6
5104,DCK8*51/2,DOG CHAIN NO 8*51/2,2
5105,DCKCB.,"E-W/O MARBLE BLADE 4"" SEG( ECONOMY )",77
5106,DCKEY,DRILL CHUCK KEY ,5
5107,DCKEY/1,DRILL CHUCK KEY 16MM ,-1.000
5108,DCM4SAS,DAC MAX CM4SA STATOR ,80
5109,DCM87,METSO CLAMPMULTY  METER OI-DCM87,4
5110,DCOCK,DRAIN COCK AC,12
5111,DCP5,DIAMOND CUP WHEEL DOUBLE ROW ,10
5112,DCP7,DIAMOND CUP WHEEL DOUBLEROW 7 INCH ,10
5113,DCP8,"CUTTING PLIER 8""",1
5114,DCT18,DOG CHAIN ,4
5115,DCT4,DOG CHAIN TWISTED NO 4,-5.000
5116,DCT6,DOG CHAIN TWISTED NO 6,5
5117,DCT8,DOG CHAIN TWISTED NO 8,4
5118,DD08P,DD08 PISTON  COMPRESSOR ,1
5119,DENT PULLER ,DENT PULLER ,1
5120,DEP06,TAPARIA DOUBLE EP SETS,-3.000
5121,DEP10,COMBINATION SPANNER 10MM,449
5122,DEP10*11,D/E SPANNER 10*11T,22
5123,DEP1213,TAPARIA DOUBLE ENDED SPANNER12-13,140
5124,DEP12N,D/E SPANNER SET 12PCS T,-4.000
5125,DEP1415,D/E SPANNER 14X15,151
5126,DEP1415,D/E SPANNER 14X15,-21.000
5127,DEP1617,D/E SPANNER 16X17,36
5128,DEP1617,D/E SPANNER 16X17,-1.000
5129,DEP1617,D/E SPANNER 16X17,20
5130,DEP1808,RING SPANNER SET 8 PCS,1
5131,DEP1819,TAPARIA DOUBLE ENDED SPANNER18-19,53
5132,DEP1819,TAPARIA DOUBLE ENDED SPANNER18-19,146
5133,DEP2022,TAPARIA DOUBLE ENDED SPANNER20-22,35
5134,DEP2022,TAPARIA DOUBLE ENDED SPANNER20-22,10
5135,DEP2123,TAPARIA DOUBLE ENDED SPANNER21-23,55
5136,DEP2426,TAPARIA DOUBLE ENDED SPANNER24-26,27
5137,DEP2426,TAPARIA DOUBLE ENDED SPANNER24-26,-3.000
5138,DEP2427,TAPARIA DOUBLE END SPANNER 24*27,27
5139,DEP2427,TAPARIA DOUBLE END SPANNER 24*27,2
5140,DEP2528,TAPARIA DOUBLE ENDED SPANNER25-28,33
5141,DEP2528,TAPARIA DOUBLE ENDED SPANNER25-28,1
5142,DEP3032,TAPARIA DOUBLE ENDED SPANNER30-32,4
5143,DEP3641,TAPARIA DOUBLE END SPANER36*41,2
5144,DEP4146,TAPARIA DOUBLE END SPANER 41*46,2
5145,DEP6*7,TAPARIA DOUBLE END  SPANER 6*7,41
5146,DEP8X9,TAPARIA SPANNER 8X9,100
5147,DEP8X9,TAPARIA SPANNER 8X9,52
5148,DFB,DIAGER PRESSURE WASHER SOAP FOAM PRODUCER.,3
5149,DFS10,HAMMER 10 DFS,1
5150,DFS8,HAMMER 8DFS,4
5151,DG4,"DIAL GUAGE 4""",1
5152,DGP12HP,DIAGER HIGH PRESSURE CLEANER DGP12HP,1
5153,DH083528*3.5,bull dh0835 or ing 28.4*3.5,20
5154,DH0835CR,CONNECTING RODDH0835,25
5155,DH0835H,BULL GOLD DH0835 HANDLE ,-1.000
5156,DH0835H,BULL GOLD DH0835 HANDLE ,-1.000
5157,DH0835O,BULL GOLD DH0835 O RING 5*2,24
5158,DH0835O26.3,BULL DH0835 ORING 26.3*4.3,20
5159,DH0835O26.3,BULL DH0835 ORING 26.3*4.3,20
5160,DH0835O40*2.5,BULL DH0835 O RING 40*2.5,20
5161,DH0835O40*2.5,BULL DH0835 O RING 40*2.5,20
5162,DH0835O44*2,BULL DH0835 PO RING 44*2,45
5163,DH0835OR,ORING DH0835,100
5164,DH0835OR,ORING DH0835,45
5165,DH0835OR,ORING DH0835,-1.000
5166,DH0835PPO,0835 PISTON PINORING ,5
5167,DH0835S,BULL GOLD DH-0835 SWITCH,5
5168,DH0835S,BULL GOLD DH-0835 SWITCH,34
5169,DH0835T,BULL DH0835 TUP,8
5170,DH0835TH,DH0835 TOOL HOLDER ,2
5171,DH1078,DH1078 WASHER,2
5172,DH1078TH,TUBE HOLDER 5KG IBELL ,-4.000
5173,DH11H,DH11H HANDLE SET  BULL,9
5174,DH11HC,BULL GOLD DH11H CIRCLIP ,-6.000
5175,DH11HS, BULL GOLD DH-11H HANDLE SET ,1
5176,DH17*350P,DAYURI CHISEL 17*350 POINT 5KG ,42
5177,DH20 M*40 SCREW SET ,DH20 M*40 SCREW SET ,2
5178,DH20 SS,DH20 SLIDING SLEEVE ,2
5179,DH20 SS,DH20 SLIDING SLEEVE ,2
5180,DH2027.5,DH20 ORING 27.5*4,1
5181,DH20AS,DH20 ADJUSTABLE SLEEVE ,2
5182,DH20BP,DH20 BLOCKING  PLATE ,2
5183,DH20CCR,DH20 CYLINDER CLIP RING ,2
5184,DH20CP,DH20 CYLINDERDRICAL PIN ,2
5185,DH20CP,DH20 CYLINDERDRICAL PIN ,4
5186,DH20CP,DH20 CYLINDERDRICAL PIN ,12
5187,DH20CPP,DH20 CYLINDERDRICAL PIN ,6
5188,DH20CR,DH20 D27 CLIP RING ,4
5189,DH20DPC,DH20 DUST PROOF CAP ,2
5190,DH20DPC,DH20 DUST PROOF CAP ,2
5191,DH20FT,DH20FT,1
5192,DH20H,DH20 HANDLE ,3
5193,DH20H,DH20 HANDLE ,3
5194,DH20H,DH20 HANDLE ,1
5195,DH20HC,DH20 HANDLE COVER ,3
5196,DH20HC,DH20 HANDLE COVER ,2
5197,DH20IS,DH20 IMPACT SHAFT ,1
5198,DH20LG,DH20 LOCKING RING ,3
5199,DH20LR,DH20 LINK ROD ,2
5200,DH20MG,DH20 MIDDLE GEAR,1
5201,DH20NB,DH20 NEEDLE BEARING NK1820,1
5202,DH20O,DH20 ORING ,2
5203,DH20O,DH20 ORING ,5
5204,DH20O,DH20 ORING ,2
5205,DH20OR,DH20 ORING ,2
5206,DH20OR,DH20 ORING ,4
5207,DH20OR41*2,DH20 ORING 41*22,5
5208,DH20ORP,DH20 OIL ROPE,18
5209,DH20ORP,DH20 OIL ROPE,-3.000
5210,DH20ORR,DH20 ORING ,5
5211,DH20OS,DH20 OIL SEAL ,5
5212,DH20P,DH20 PISTON ,-2.000
5213,DH20P,DH20 PISTON ,8
5214,DH20PN,DH20 PISTON ,1
5215,DH20PR,DH20 PITON RING ,12
5216,DH20PR.,DH20 PISTON RING ,1
5217,DH20RC,DH20 RECTANGLE CIRCLE ,2
5218,DH20RHS,DH20RHS,1
5219,DH20RS,DH20 ROTARY SLEEVE ,2
5220,DH20RS,DH20 ROTARY SLEEVE ,2
5221,DH20S,DH20 SWITCH ,2
5222,DH20S,DH20 SWITCH ,1
5223,DH20SSS,DH20 SLIDING SLEEVE SPRING ,2
5224,DH20W,DH20 WASHER ,2
5225,DH20W,DH20 WASHER ,7
5226,DH20WR,DH20 WASHER ,2
5227,DH20WR,DH20 WASHER ,1
5228,DH30GC,DH30 GREECE CAP SET ,2
5229,DH4520W,DH20 WASHER ,2
5230,DH4520W,DH20 WASHER ,2
5231,DH4566S,SWITH FOR 11E IBLDH4566,1
5232,DH45CC,DH45 CYLINDER CASE ,1
5233,DH5011,OMR 0810 CRANK SHAFT DH5011,26
5234,DH5015,0810 GEAR BOX ORING OMR ,10
5235,DH5016,0810 CONNECTING ROD ALUMINIUM ,98
5236,DH5023,0810 CUSHION WASHER OMR ,10
5237,DH5028,BALL SET 0810 6 PC\S OMR ,-8.136
5238,DH5040,0810 SWITCH HANDLE BOLT+NUT OMR,100
5239,DH5041,0810 SWITCH HANDLE BOLT SMALL OMR ,100
5240,DH5043,0810 CUSHION WASHER BOLT OMR ,90
5241,DH5322,835 NECK OMR,1
5242,DH5403,OMR SPEED GOVERNOR 11E DH5403,12
5243,DH5411,11E STRIKER PIN OMR ,5
5244,DH5412,OMR SWITCH 11E DH5412,30
5245,DH5417,11E GEAR BOX WITH OMR,4
5246,DH5422,11E STOPPING DEVICE OMR ,97
5247,DH5432,11E BRUSH BRACKET OMR ,5
5248,DH5436,INDEXING DISC 11E OMR ,5
5249,DH5436.,OMR INDEXING DISC 11E DH5436,19
5250,DH5437,11E RETAINING SNAP OMR ,9
5251,DH5444,11E CONTROL BUSHING OMR,2
5252,DH5450,OMR 11E LOCK ORING ,34
5253,DH5451,11E RUBBER OIL SEAL OMR,50
5254,DH5456,11E GEAR PLATE BOLT OMR,100
5255,DH5707,OMR ORING  BROWN PH65 16 KG ,46
5256,DH78,"DH78  MOUTH SET(CLIP WASHER ,COVER ,LIMIT COVER ,ROTOR ,SLIDING BUSH ,SPRING ,STEEL BSLL 7-93",12
5257,DH7825*36,DH78 WASHER 25*36-8*1,18
5258,DH784.2*16,DH78 SCREW  ST 4-2*16,1
5259,DH78BC,DH78 BIT CASE,64
5260,DH78BC,DH78 BIT CASE,-1.000
5261,DH78BRC,DH78 6201 BEARING COVER,2
5262,DH78FC,DH78 FRONT COVER ,4
5263,DH78FC,DH78 FRONT COVER ,1
5264,DH78FG,DH78 FAN GUID ,2
5265,DH78FS,DH78 FLAT SPRING ,4
5266,DH78K4X4X12,DH78 KEY 4X4X12,2
5267,DH78K4X4X12,DH78 KEY 4X4X12,16
5268,DH78LN,DH78 LOCK NUT ,1
5269,DH78M5X14,DH78 SCREW NUT M5X14,11
5270,DH78M6X35,DH78 SCREW  ST4-2*16,1
5271,DH78M8X30,DH78 SCREW NUT M5X14,1
5272,DH78MC,DH78 MIDDLE COVER ,12
5273,DH78MH,DH78 MOTOR HOUSING ,1
5274,DH78NUT,DH78 NUT ,5
5275,DH78O31*2,DH78 O RING 31*2,24
5276,DH78OS,DH78 OIL SEAL ,24
5277,DH78OS,DH78 OIL SEAL ,20
5278,DH78P,DH78 PISTON ,8
5279,DH78PCH,DH78 PISTON CYLINDER HEAD ,1
5280,DH78PP,DH78 PISTON PIN,6
5281,DH78S,DH78 SWITCH,22
5282,DH78S,DH78 SWITCH,2
5283,DH78S.,DH78 SWITCH,18
5284,DH78S.,DH78 SWITCH,10
5285,DH78S.,DH78 SWITCH,-1.000
5286,DH78SB,DH78 SPACING BUSH ,10
5287,DH78SR,DH78 SEAL RING ,32
5288,DH78SRD,DH78 STRICK ROD ,34
5289,DH78SRD,DH78 STRICK ROD ,-2.000
5290,DH78TC,DH78 TOP COVER ,1
5291,DH78W,DH78 WASHER FOR STICK ROD ,1
5292,DH78W,DH78 WASHER FOR STICK ROD ,13
5293,DH78W/1,dh78 washer ,24
5294,DH78W/1,dh78 washer ,4
5295,DH78W/25,DH78 WASHER 25*36,1
5296,DH8TH,CHECKMATE TOOL HOLDER -DH8,1
5297,DHOOK,D HOOK ,1
5298,DHP490F,HAMMER DRIVER DRILL 18V DHP490F001,3
5299,DHS6*2,DIAMOND SHARPENING STONE 6*2 INCH ,5
5300,DHX0815,BULLET DEMOLITION HAMMER DHX0815,2
5301,die grinder dongcheng ,die grinder dongcheng ,11
5302,DIODE 25 U 20,DIODE 25 U 20,3
5303,DISC3.5*10,DISC 3.5*10 ,2
5304,DISPLAY STAND HITECH ,DISPLAY STAND HITECH ,3
5305,DISPLAY STAND HITECH ,DISPLAY STAND HITECH ,4
5306,DIVSVM,DIVS VIBRATOR WITH SHAFT 1.5MTR,1
5307,DJC30,DONGCHENG MAGNETIC  DRILL ,1
5308,DJC30CA,CHUCK ADAPTER  DONGCHENG DRILL DJC30,10
5309,DJP2X7,DRYWALL JOINT TAPE 2''X70M,-1.000
5310,DJP5*70,TAPE,1
5311,DJZ02,DRILL DJZ02-6A(DONGCHENG ),29
5312,DJZ10A ,DONGCHENG 10MM DRILL  DJZ10A ,9
5313,DKY1024,BULLET KEYLESS DRILL CHUCK DKY1024 10MM,120
5314,DKY1320,BULLET KEYLESS DRILL CHUCK 13MM DKY1320,78
5315,DL288,BULL CARWASH DL288/160BAR/2200W,2
5316,DL288/1,BULL CARWASH DL288/160BAR/2200W,9
5317,DL288BL,DL-288 BASE LOAD,4
5318,DL288EW,DL288 ECCENTRIC WHEEL ,4
5319,DL288HFS,DL288 HEAD FULL SET ,1
5320,DL288MS,DL288 MICRO SWITCH ,2
5321,DL288OS,OIL SEAL DL288,100
5322,DL288OS,OIL SEAL DL288,52
5323,DL288P,PISTON DL288,25
5324,DL288P,PISTON DL288,1
5325,DL288P,PISTON DL288,1
5326,DL288PM,DL288 PRESSURE METER,7
5327,DL288S,SPRING DL288,34
5328,DL288S,SPRING DL288,-1.000
5329,DL288S,SPRING DL288,-1.000
5330,DL288SA,DL288 MICRO SWITCH ASSY ,2
5331,DL288TB,DL288 TRUST BEARING ,5
5332,DL288V ,VALVE DL288,6
5333,DL288V ,VALVE DL288,-1.000
5334,DL288V.,DL288 VALVE ,8
5335,DL288VN,288 VALVE NUT ,9
5336,DL288WS,WATER SEAL DL288,15
5337,DL288WS,WATER SEAL DL288,4
5338,DL288WS,WATER SEAL DL288,4
5339,DL5415,DELI HEAD  LAMP DL5415 120LM,1
5340,DL7,BULL CARWASHER DLQ7 ORANGE 2000W,36
5341,DL886100,DELI TIRE PRESSURE GAUGE DL886100,3
5342,DLQ7BL,DLQ7 BASE LOAD ,7
5343,DLQ7O,DLQ7 ORING ,12
5344,DLQ7OS,OIL SEAL DLQ7,6
5345,DLQ7P,DLQ7 PISTON ,6
5346,DLQ7PS,DLQ7 PISTON SPRING ,9
5347,DLQ7S,DLQ7 PELLET &SPRING,18
5348,DLQ7V,DLQ7 VALVE ,7
5349,DLQ7WS,WATER SEAL DLQ7,3
5350,DM3V,BATTERY,7
5351,DM3V,BATTERY,-5.000
5352,DM9V,BATTERY  CELL 9V,-2.000
5353,DMB82,K-DONGCHENG ELECTRIC PLANNER DMB82,10
5354,DMCT,45 DIGREE METAL CUTTING TOOL,6
5355,DML10,DORSET MORTICE LOCK  ,1
5356,DMM800,METSO MULTIMETER DMM800,6
5357,DMM830,METSO MULTIMETER OI -DMM830,1
5358,DMP02,TRIMMER MIP-FF02-6 DONG CHENG ,2
5359,DMP02,TRIMMER MIP-FF02-6 DONG CHENG ,5
5360,DMQ85,JIG SAW DMQ85,1
5361,DMR8,WOOD ROUTER DMR8 - 900 W,1
5362,DMSS46,1/4' DRIVER METRIC SOCKET SET 46PCS,-1.000
5363,DOORGUARD,DOOR GUARD,4
5364,dp120,VELCRO PAPER 7''120 GR,-3.000
5365,DPA,DOSA PALTA,2
5366,DPTA01,CORE CUTTER ADAPTOR SMALL 1 1/4*M22 F ,10
5367,DPTA02,CORE CUTTER ADAPTER BIG 1-1/4F*M22,10
5368,DPTA03,CORE CUTTER EXTENTION ROD 12 INCH ,5
5369,DPTA04,CORE CUTTER EXTENTION ROD 9 INCH ,10
5370,DPTA05,CORE CUTTER EXTENTION ROD 6 INCH ,10
5371,DPTA06,ADAPTOR AG5 M14*M10,9
5372,DPTA07,ADAPTOR M10*M14 AG5,10
5373,DPTA08,ADAPTOR M10*M10 AG4 EXTENTION ,18
5374,DPTA10,DOUBLE BALDE ADAPTOR 4 INCH ,10
5375,DPTA11,DOUBLE BLADE ADAPTER 5 INCH ,10
5376,DPTA12,ADAPTER M12*1/2 MIXER TO DRILL ,10
5377,DPTA13,ADAPTOR 1/2 UNF *M12 DRILL TO MIXER ,10
5378,DPTA13,ADAPTOR 1/2 UNF *M12 DRILL TO MIXER ,10
5379,DPTA14,ADAPTOR M10*1/2UNF AG4 TO DRILL ,10
5380,DPTA14,ADAPTOR M10*1/2UNF AG4 TO DRILL ,10
5381,DPTA15,CHUCK ADAPTOR 1/2 UNF DJC30 ,10
5382,DPTA16,CHUCK ADAPTOR  5/8 UNF DJC30,10
5383,DPTA18,CORE BIT ADAPTER M10,10
5384,DPTA19,BUFFING ADAPTER L5 INCH *M14,10
5385,DPTM06,0810 PISTON 5KG ,48
5386,DQF25,BLOWER VACCUM DQF25,1
5387,DQF25,BLOWER VACCUM DQF25,2
5388,DQU160,ELE.MIXER WITH PADDLE DQU160,3
5389,DQU160B,ELE.MIXER WITH PADDLE DQU160,6
5390,DR1R,RENTAL DRILL MACHINE,48
5391,DR4031,OMR SWITCH  1630/MT60 1900B,18
5392,DR7Y,"DESIGN ROLLER 7"" YELLOW",1
5393,DR9,DESIGN ROLLER 9'',3
5394,DR9A,DESIGN ROLLER 9 INCH ACLE,34
5395,DRA1,SHELLAC,4
5396,DRONN,DRONN  DRAINAGE BLOCK CLEANING POWDER,34
5397,DRS10X11,DEEPS S-TYPE RING SPANNER 10X 11MMDTPL,1
5398,DRUM PULLER ,DRUM PULLER  maruthi,1
5399,DRYL,DESIGN ROLLER YELLOW LINE 9'',9
5400,DRYWALLBIT,DRY WALL BIT,20
5401,DS06,DRAIN CLEANING NOZZLE DS06 ACE ,10
5402,DS07,DRAIN CLEANING NOZZLE DS07 ACE ,10
5403,DS1,CARBON BRUSH HOLDER 7345,6
5404,DS1/4X6M,"D SHACKLE 1/4"" 6MM GI ",5
5405,DS102,TIP NOZZLE SET 4PCS  DS102  ACE,13
5406,DS102,TIP NOZZLE SET 4PCS  DS102  ACE,18
5407,DS102,TIP NOZZLE SET 4PCS  DS102  ACE,34
5408,DS103,TIP NOZZLE SE T 6PCS ACE DS103,18
5409,DS12DE,HIKOKI  CORDLESS DRILL 12V DS12DE,4
5410,DS2,FIELD COIL P507345,2
5411,DS25C,DS25 CARBON BRUSH ,7
5412,DS25DH,DS25 DUST HOSE ,1
5413,DS25DHC,DS25 DUST HOSE CONNECTER ,1
5414,DS25LB,DS25 LIGHT BELT ,1
5415,DS25LH,DS25 LEFT HANDLE ,1
5416,DS25RH,DS25 RIGHT HANDLE ,1
5417,DS25S,DS25 SPRING ,4
5418,DS25SG ,DS25 SPEED GOVERNER ,1
5419,DS25SW,DS25 SCREW ,1
5420,DS25SW,DS25 SCREW ,2
5421,DS29,DRY WALL SANDER 929 ACTIVE SHAFT ,3
5422,DS3/8X10M,D SHACKLE 3/8 10MM GI IMT,4
5423,DS33,DRY WALL SANDER  -33 BRUSH HOLDER ,16
5424,DS356,SPRAY NOZZLE  5 IN 1 DS356  ACE ,3
5425,DS4,BACKING VELCRO PAD 187345,1
5426,DS5/16X8M,"D SHACKLE 5/16"" 8MM GI",6
5427,DS50,ADJUSTABLE NOZZLE DS50 BLACK ,976
5428,DS50,ADJUSTABLE NOZZLE DS50 BLACK ,-2.000
5429,DS62,TUQO TIP NOZZLE GREEN 25 DS62,25
5430,DS70BS,DS70 BEARING SLEEVE  F22,20
5431,DS70C,DS70 CARBON BRUSH,10
5432,DS70C,DS70 CARBON BRUSH,10
5433,DS70CBCAP,DS70 CARBON BRUSH  CAP,28
5434,DS70CBH,DS70 CARBON BRUSH HOLDER,1
5435,DS70F180,DS70 F180 SANDING PAD ,13
5436,DS70GEAR ,DS70 BIG GEAR ,2
5437,DS70LC,DS70 LED CONTROLLER ,10
5438,DS70M6*22,DS70 HEX SCREW M6*22,4
5439,DS70OS,DS70 OUTPUT SHAFT ,1
5440,DS70S,DS70 SWITCH,4
5441,DS70S/1,DS70 SWITCH ,2
5442,DS70SC,DS70 SPEED CONTROLLER,12
5443,DS70SP,DS70 SPINDLE,1
5444,DS70SPRING ,DS70  TOWERTYPE SPRING ,1
5445,DS70TS,DS70 TOWERTYPE SPRING ,3
5446,DS70TS,DS70 TOWERTYPE SPRING ,2
5447,DS78S,SWITCH,6
5448,DS80,TIP NOZZLE RED 0 DS80 ACE ,7
5449,DS80BHC,CV81 BRUSH  HOLDER ,7
5450,DS81,TIP NOZZLE YELLOW-15  DS81 ACE,2
5451,DS83,TIP NOZZLE WHITE 40 DS83 ACE ,4
5452,DS90C,DS90 CARBON BRUSH ,5
5453,DSAT,DOUBLE SIDE TAPE  1 INCH ,-7.000
5454,DSAT1/2*10,DOUBLE SIDE TAPE 1/2*10 3M,9
5455,DSB185,ORBITAL SANDER 93X185 (DONGCHENG ),-1.000
5456,DSB185,ORBITAL SANDER 93X185 (DONGCHENG ),1
5457,DSB185BA,BASE ASSY  DSB185,12
5458,DSB185C,CARBON BRUSH DSB185,50
5459,DSBD,DRILL SLEEVE 2-3 BENCH DRILL,2
5460,DSF02,DRYWALL SANDER DSF02,1
5461,DSFT/1,D/S 18MM FOAM TAPE DOUBLE SIDE ,-6.000
5462,DSFT1,DOUBLE SIDE TAPE 1 INCH ,7
5463,DSFT1,DOUBLE SIDE TAPE 1 INCH ,45
5464,DSFT1,DOUBLE SIDE TAPE 1 INCH ,-1.000
5465,DSFT1 1/2,DOUBLE SIDE TAPE 11/2 INCH ,9
5466,DSFT2,DOUBLE SIDE TAPE 2 INCH ,4
5467,DSFT3/4,DOUBLE SIDE TAPE 3/4 INCH ,-9.000
5468,DSM03,K DONGCHENG ANGLE GRINDER 4'' DSM03-100,1
5469,DSM04,ANGLE GRINDER DSM04-100A 560W,1
5470,DSM08,ANGLE GRINDER 4K-DONGCHENG --6-100 (S1M03-100A) 800W,9
5471,DSM08C,CARBON BRUSH 8-100,1
5472,DSM125A,ANGLE GRINDER  DSM125A(DONGCHENG) 850W,1
5473,DSM125A,ANGLE GRINDER  DSM125A(DONGCHENG) 850W,20
5474,DSM180A,ANGLE GRINDER DSM180A 2200W,1
5475,DSM180A,ANGLE GRINDER DSM180A 2200W,2
5476,DSM21,DONGCHENG ANGLE GRINDER DSM21 4 INCH ,3
5477,DSM230A,DONGCHENG ANGLE GRINDER 9-230A(KSM230A) 2200W,1
5478,DSM230A,DONGCHENG ANGLE GRINDER 9-230A(KSM230A) 2200W,5
5479,DST12,METSO DOUBLE SIDED TRIANGULAR SCALE DST12 12 INCH ,1
5480,DST12/D,DOOR STROPPER 12MM DOUBLE ,20
5481,DST12/S,DOOR STROPPER 12MM SINGLE ,60
5482,DSV25M,DAMIER VACCUM CLEANER 25 LTR MOTOR,1
5483,DT266,DIGITAL CLAMP METER DT266,2
5484,DT530,DEBURING TOOL 530,2
5485,DT9205A,MULTI METER -DT9205A,1
5486,DTD156RFE,MAKITA CORDLESS IMPACT DRIVER 18V ,1
5487,DTH18,ENDICO HEAT GUN ,4
5488,DTW300RFJ,MAKITA IMPACT WRENCH 18 V 1/2 MINCH ,1
5489,DV13,ARMATURE,1
5490,DVC15,VACCUM CLEANER DVC15 DONG CHENG ,4
5491,DW0165N,"DEWALT LASER DISTANCE M,ETER 50M ",1
5492,DW055PL,DW055PL DEWALT LASER 16M,2
5493,DW180SC,DW180 SC DWS 180 SPEED CONTROLLER ,2
5494,DW70802,DW708-02 DRILL HOLDER ,1
5495,DW70825,DW708-25 RAM ,1
5496,DW70826,DW708-26 NEEDLE BEARING NK1820,16
5497,DW70826,DW708-26 NEEDLE BEARING NK1820,-1.000
5498,DW70831,DW708-31 WOOD RUFF KEY ,4
5499,DW70838,DW708-38 BIG GEAR WHEEL ,1
5500,DW70860,DW708-60 RIGHT HANDLE ,2
5501,DW70862,DW708-62 LEFT HANDLE ,2
5502,DW70880,DW708-80 WICK,2
5503,DW714,DEWALT METER SAW COMPOUND  DW714,1
5504,DW801,"DEWALT ANGLE GRINDER DW801 , 850W",-1.000
5505,DW801,"DEWALT ANGLE GRINDER DW801 , 850W",-3.000
5506,DW801,"DEWALT ANGLE GRINDER DW801 , 850W",1
5507,DW801C,CARBON BRUSH PAIR DW801,118
5508,DW801C,CARBON BRUSH PAIR DW801,26
5509,DW801C,CARBON BRUSH PAIR DW801,10
5510,DW801GB,GEAR BOX GRINDER 801 MODEL ,34
5511,DW801ORG,BEARING COVER DW801 ORG ,4
5512,DW801Q,DEWALT ANGLE GRINDER DW801 850W QUALITY,3
5513,DW801S,SWITCH 801,-38.000
5514,DW803,DEWALT TOGGER GRINDER 1000W DW803,2
5515,DW862,DEWAL CUTTER DW862 1270W,1
5516,DWA801,DEWALT CUTTING WHEEL 14 INCH GREEN ,220
5517,DWA8060,DEWALT CUTTING WHEEL ,50
5518,DWE4235,DEWALT ANGLE GRINDER 125MM DWE4235,4
5519,DWE4235I,DEWALT GRINDER 5 INCH AB WASHER INNER ,92
5520,DWE4235O,DEWALT GRINDER 5 INCH AB WASHER ,94
5521,DWE493,DEWALT ANGLE GRINDER 180MM DWE493,2
5522,DWE750S,DEWALT ANGLE GRINDER 750 W 4 INCH ,1
5523,DWS14X15,DWS SOLID BOX SPANNER 14X 15MM,1
5524,DWS180,MAL DRY WALL SANDER 800W 7 INCH ,2
5525,DWS180,MAL DRY WALL SANDER 800W 7 INCH ,1
5526,DWS18005,DWS18005-DWS 180 OUT SHAFT,3
5527,DWS18023 ,DWS18023 BIG GEAR,2
5528,DWS18030,DW801ARMATURE,1
5529,DWS18031,DWS180 FIELD,1
5530,DWS18031/,DWS180 FIELD,5
5531,DWS18047,DWS180 SWITCH,14
5532,DWS180BC,DWS 180 BRUSH CAP  DWS18041,41
5533,DWS180C,CARBON BRUSH FOR MAL DRYWALL SANDER ,76
5534,DWS180CS,CABLE SHEET FOR MAL DRYWALL SANDER DWS180,6
5535,DWS180CST,CABLE SHEATH FOR MAL DRYWALL SANDER DWS180,6
5536,DWS180LCP,LED CONTROL PANEL FOR MAL DRYWALL SANDER DWS180,6
5537,DWS180LDRL,DWS 180 LED DOUBLE RAW LIGHTS DWS180LDRL,1
5538,DWS180LEDS,LEDSWITCH FOR MAL DRYWALL SANDER DWS180,6
5539,DWS180LS,LEFT SWITCH FOR MAL DRYWALL SANDER DWS180,6
5540,DWS180P,SANDER PAD FOR MAL DRYWALL SANDER ,6
5541,DWS180RS,RIGHT SWITCH BOX MAL DRYWALL SANDER DWS180,6
5542,DWS180S,SWITCH FOR MAL DRYWALL SANDER DWS180,18
5543,DWS180SC,SPEED CONTROLLER FOR MAL DRYWALL SANDER ,6
5544,DZC03,DONCHENG HAMMER DRILL 750W  DZC03-26B,1
5545,DZC03CS,CHUCK SLEEVE ASSY DZC03,10
5546,DZC03TH,CHUCK BODY ( TOOL HOLDER ) DZC03-26,10
5547,DZE02,KDONGCHENGMARBLCUTTER4'' CM4SB(DZE02-110,5
5548,DZE03,"K-DONGCHENG MARBLE CUTTER4""-CM4SA",2
5549,DZE03,"K-DONGCHENG MARBLE CUTTER4""-CM4SA",8
5550,DZE125,MARBLE CUTTER DZE125,3
5551,DZE180,DONGCHENG MARBLE CUTTER DZE03,4
5552,DZG02,K-DONGCHENG-PERCUSSION HAMMER PH65(DZG02 16KG,2
5553,DZG02,K-DONGCHENG-PERCUSSION HAMMER PH65(DZG02 16KG,1
5554,DZG06,PERCUSSION HAMMER  ZIG FF06  DONG CHENG 1400W,9
5555,DZG07,PERCUSSION HAMMER DONGCHENG DZG07,1
5556,DZG07,PERCUSSION HAMMER DONGCHENG DZG07,6
5557,DZG10,DONGCHENG PERCUSSION HAMMER 10KG,1
5558,DZJ02,IMPACT DRILL DZJ02-13MM ,2
5559,DZR110,DONGCHENG WALL GROOVE CUTTER ,2
5560,DZZ02-130,DONGCHENG CORE CUTTING MACHINE D130,1
5561,E+1,ULI,1
5562,E+2,ULI,3
5563,E+3,ULI,1
5564,E03442,MAG BOOST MAGNET MAKITA ,8
5565,E0810G,0810 GEAR EVEREST,26
5566,E0810P,EMTEX CHISEL 0810 POINT ,1
5567,E10540,MAKITA CUTT OFF WHEEL 14 INCH ,15
5568,E11,KAMBI ULI   E11,-4.000
5569,E11,KAMBI ULI   E11,2
5570,E11,KAMBI ULI   E11,3
5571,E12,KAMBI PARA ,-2.000
5572,E20,KOTTA MED,55
5573,E20,KOTTA MED,7
5574,E2001,EASTMAN DOUBLE SPANNER 30*32 E2001,20
5575,E2001/12,EASTMAN DEP SPANNER SET 12 PCS E2001-12,4
5576,E2001/24*27,EASTMAN DOUBLE END SPANNER B24*27/E2001,10
5577,E200112,EASTMAN DEP SPANNER SET 12 PCS E200112,5
5578,E2005/13,EASTMAN COMBINATION SPANNER 13MM E2005,10
5579,E2006,EASTMAN RING SPANNER DEEP30*32 E2006,10
5580,E2020,EASTMAN COMBINATION PLIER 8 INCH E2020,20
5581,E2030A,EASTMAN WATER PUMP PLIER 10 INCH E2030A,5
5582,E2051P,EASTMAN ADJUSTABLE 300MM 12 INCH E2051P,5
5583,E20S,RUBBER KOTTA SCR KARUNAGA,12
5584,E21,MS CHATTY,170
5585,E21,MS CHATTY,-3.000
5586,E21,MS CHATTY,-3.000
5587,E21/,MS CHATTY ,-31.000
5588,E2262,EASTMAN ROTARY BARREL PUMP  E2262,2
5589,E24,ULI,1
5590,E29,WEEDER 14SPL PIDIPPALLY ,12
5591,E29,WEEDER 14SPL PIDIPPALLY ,-1.000
5592,E29,WEEDER 14SPL PIDIPPALLY ,-6.000
5593,E29,WEEDER 14SPL PIDIPPALLY ,-3.000
5594,E3012,EASTMAN HAND RIVERTER 25MM E-3012,9
5595,E3013,EASTMAN PVC CUTTER 42MM ,69
5596,E308L,WELDING WIRE GASLESS CORED WIRE .8MM 1KG,3
5597,E32,PIDI COAT TATA,1
5598,E32,PIDI COAT TATA,-1.000
5599,E32,PIDI COAT TATA,-12.000
5600,E32,PIDI COAT TATA,-26.000
5601,E32,PIDI COAT TATA,-10.000
5602,E32,PIDI COAT TATA,-8.000
5603,E32/1.4,PIDI COAT 1.4 TATA RED,28
5604,E32/1.4,PIDI COAT 1.4 TATA RED,6
5605,E32/1.4,PIDI COAT 1.4 TATA RED,9
5606,E32/1.4,PIDI COAT 1.4 TATA RED,5
5607,E32/1.4,PIDI COAT 1.4 TATA RED,1
5608,E41,MATTAS,5
5609,E41,MATTAS,1
5610,E41,MATTAS,3
5611,E42,SHOWEL TATA,4
5612,E42,SHOWEL TATA,1
5613,E42,SHOWEL TATA,2
5614,E42,SHOWEL TATA,-2.000
5615,E42,SHOWEL TATA,-2.000
5616,E42H,SQUARE SHOWEL PVC HANDLE ,5
5617,E42PH,SHOWEL PVC HANDLE BLACK,-1.000
5618,E42PH,SHOWEL PVC HANDLE BLACK,4
5619,E42SH,SHOVEL STEEL HANDLE ,-1.000
5620,E42SH,SHOVEL STEEL HANDLE ,5
5621,E42SH,SHOVEL STEEL HANDLE ,-4.000
5622,E45, MASKING TAPE 24*20,390
5623,E45, MASKING TAPE 24*20,158
5624,E45, MASKING TAPE 24*20,-2.000
5625,E45, MASKING TAPE 24*20,-2.000
5626,E45/1,MASKING TAPE 24*40 1 INCH ,26
5627,E45/30,MASKING TAPE 30 MTR  24MM,162
5628,E45/50,MASKING TAPE 24MM*50 MTR 1 INCH ,131
5629,E45/50,MASKING TAPE 24MM*50 MTR 1 INCH ,131
5630,E4LSSA,120CM ALUMINIUM ARCH STEP LADDER A TYPE  4',1
5631,E500T,WELDING WIRE MILD SS GASLESS CORED WIRE ,-1.000
5632,E500T,WELDING WIRE MILD SS GASLESS CORED WIRE ,3
5633,E500T,WELDING WIRE MILD SS GASLESS CORED WIRE ,2
5634,E58CCSSC,EMTEX 58CC STARTER SPRING SET ,4
5635,E5LSS,150CM DOUBLE SIDE HEAVY ALUMINIUM STEP LADDER 5' ,5
5636,E621,180C  BACK LIFT ALUMINIUM LADDER E,2
5637,E621,180C  BACK LIFT ALUMINIUM LADDER E,-3.000
5638,E6LSS,180CM DOUBLE SIDE HEAVY ALUMINIUM LADDER 6',2
5639,E7LSS,210CM DOUBLE SIDE HEAVY ALUMINIUM LADDER 7',-1.000
5640,E7LSS,210CM DOUBLE SIDE HEAVY ALUMINIUM LADDER 7',3
5641,E8LSS,240CM DOUBLE SIDE ALUMINIUM LADDER 8',-2.000
5642,E8LSS,240CM DOUBLE SIDE ALUMINIUM LADDER 8',4
5643,E995,210CM BACK LIFT ALUMINIUM LADDER E7',3
5644,E995,210CM BACK LIFT ALUMINIUM LADDER E7',-1.000
5645,E995,210CM BACK LIFT ALUMINIUM LADDER E7',1
5646,E996,240CM BACKLIFT ALIMINIUM LADDER8',1
5647,E996,240CM BACKLIFT ALIMINIUM LADDER8',-2.000
5648,EA150M,EARTH AUGER BIT 150MM,-1.000
5649,EA621,180CM ALUMINIUM HEAVY ARCH STEP LADDER,6
5650,EAB100,EARTH AUGER BIT BITWORLD 100MM 4 INCH ,1
5651,EAB12*18,EARTH AUGER BIT 12INCH DOUBLE LAYER 18,1
5652,EAB12*18/S,EARTH AUGER BIT 12INCH SINGLE LAYER 18,1
5653,EAB150,EARTH AUGER BIT 150MM 6 INCH ,15
5654,EAB150,EARTH AUGER BIT 150MM 6 INCH ,1
5655,EAB200,EARTH AUGER BIT 20MM 8 INCH,-2.000
5656,EAB4*800,EARTH AUGER BIT 4 INCH 800*100MM DAMIER ,-1.000
5657,EAB6*18,EARTH AUGER BIT 6 INCH 18 DOUBLE LAYER ,-1.000
5658,EAE3F,EARTH AUGER EXTENTION -3FEET,-1.000
5659,EAK2406,ALLENKEY SET STAR BALL POINT  9PCS EAK2406,-1.000
5660,EAK2406,ALLENKEY SET STAR BALL POINT  9PCS EAK2406,1
5661,EAK2407,ALLENKEY SET STAR 7PCS EAK2407,1
5662,EB14*260,EMTEX SDS HAMMER DRILL BIT 14*260,45
5663,EB18,"MAH-GUIDE BAR 18""",1
5664,EB69BC,EB69 BRUSH COVER ,4
5665,EB69BH,EB69 BRUSH HOLDER,2
5666,EB69PCB,EB69 PCB,2
5667,EB69S,EB69 SWITCH ,2
5668,EB69WPR,EB69 WIND PIPE RING ,6
5669,EBA62CC,ERATEK BREAK ASSEMBLY FOR CHAINSAW,3
5670,EBC40SP,BLOWER FIELD SPRING EBC40,100
5671,EBL5,150CM BACKLIFT ALUMINIUM LADDER ,4
5672,EBM680E,ELECTRIC DUST CLEANER EBM680E,1
5673,EBS1/2*88,EYE BOLT SET 1/2 *88MM,746
5674,EBS58,BUMPER SPIKE  58CC ,1
5675,EBV260,BLOWER EBV260,1
5676,EC18,EMTEX CHAIN 18 INCH 21LPX ,76
5677,EC18B,EC18 CHAIN BOARD ,2
5678,EC18C,EC18 CHAIN,3
5679,EC18CB,EC18 CHAIN BOARD ,1
5680,EC18CW,EC18 CHAIN WHEEL,4
5681,EC18LS,EC18 LED SCREW ,1
5682,EC18N,EC18 M8 NUT ,12
5683,EC18OP,EC18 OIL PUMP ,6
5684,EC18S,EC18 SWITCH ,1
5685,EC18SN,EC18 FEED SCREW NUT ,1
5686,EC18TAG,EC18 TOOTH ALLOY GEAR,1
5687,EC18W,EC18 WASHER 1.6,4
5688,EC4BP,EC4 BASE PLATE,14
5689,EC4G,EC4 GEAR SET  CM4SA,16
5690,ECD58,CLUTCH DRUM ,2
5691,ECRV12,SOCKET SET 1/2INCH 12 PCS  ACE,23
5692,ECRV12,SOCKET SET 1/2INCH 12 PCS  ACE,28
5693,ECRV12/E,SOCKET SET 1/2INCH 12 PCS   EVEREST,14
5694,ECT1,CONTINUITY TESTER,1
5695,ED10CH,CARBON HOLDER ED 10 BULL,10
5696,ED10G,GEAR ED10 BULL,4
5697,ED10S,SWITCH ED10 BULL,5
5698,ED30S,IBLED1030  SWITCH,18
5699,ED60NS,ED60 NEW SWITCH ,14
5700,ED60NS,ED60 NEW SWITCH ,-2.000
5701,ED6AR,ARMATURE ,-1.000
5702,ED6HG,ED6H GEAR ( 6MM DRILL GEAR ),4
5703,ED6HGB,ED6H GEAR ,192
5704,ED6S,SWITCH ED6,114
5705,ED6S,SWITCH ED6,-5.000
5706,ED6S,SWITCH ED6,-5.000
5707,ED70S,ED60 SPINDLE,2
5708,EDCM266,EASTMAN DIGITAL CLAMP METER EDCM266,1
5709,EDD,ELECTRONIC DIGITAL DIPMETER ,3
5710,EDM81,EASTMAN DIGITAL MULTI METER EDM81,3
5711,EF415,EUROFINE BRUSH CUTTER 43CC ,3
5712,EF415,EUROFINE BRUSH CUTTER 43CC ,11
5713,EF50W, FLOOD LIGHT LED 50W ZEVA THIN,4
5714,EG125,ERATEK HAMMER GREASE 125ML ,2
5715,EG16,E-GAOCHENG CHAIN 16'' ELECTRIC,1
5716,EG500,ERATEK HAMMER GREASE 500GM,1
5717,EG5818,ECOGRINZ GASOLINE CHAINSAW ,1
5718,EG7,CHATTY GOLD,44
5719,EG7,CHATTY GOLD,-3.000
5720,EG7,CHATTY GOLD,-2.350
5721,EG7,CHATTY GOLD,-2.350
5722,EG7,CHATTY GOLD,4
5723,EG7,CHATTY GOLD,21
5724,EG7/,GOLDEN CHATTY ,8
5725,EG7/,GOLDEN CHATTY ,57
5726,EH17*280F,EASTMAN CHISEL BIT 5KG 17*280,8
5727,EH17*280P,EASTMAN CHISELBIT  5KG POINT ,8
5728,EH500,ULTRA TOUCH WELDING HOLDER 235MM EH500,13
5729,EH550,ULTRA TOUCH WELDING HOLDER 250MM EH550,-4.000
5730,EH550,ULTRA TOUCH WELDING HOLDER 250MM EH550,9
5731,EH600,ULTRA TOUCH WELDING HOLDER EH600,28
5732,EH661,AUTO DARKENING HELMET ROYAL   EH661,4
5733,EHS93,ETERNITY 3 PCS HOLE SAW-93,24
5734,EIC58,IGNITION COIL 58CC ,1
5735,EID13,EASTMAN IMPACT DRILL 13MM EID13,2
5736,ELAKATHY ,ELAKATHY BIG,1
5737,ELS21,EASTMAN L TYPE SPANNER 21MM,1
5738,EM PD GREEN GRIT ,EM PD GREEN GRIT ,20
5739,EM150,EASTMAN NOSEPLIER 6 INCH 150M ,15
5740,EMB10,"MARBLE BLADE 10"" SEG",26
5741,EMC,ELECTRIC MULTI COOKER,3
5742,EMC18,EMTEX CHAIN 18',-3.000
5743,EMCO355,EMCO355,3
5744,EMCO355D,EMCO355D,1
5745,EMDB25*450,EMDB25*450,18
5746,EMDB6*110,EMDB6*110,198
5747,EMDB6.5*110,EMDB6.5*110,4
5748,EMDH0810,DEMOLITION HAMMER 5KG  EM-DH-0810 EMBARO,1
5749,EMDHPH65,EMDHPH65,1
5750,EMF,EAR MUFLER RAJ ,1
5751,EMMR,EMTEX SPARE MIXER ROD ,3
5752,EMS8112,DAMIER MITERSAW 10 INCH (ELITE SERIES SLIDING )8112,1
5753,EMS8113,DAMIER MITERSAW 10 INCH (ELITE SERIES SLIDING ),2
5754,EMT18,"EMTEX BAR18""-21LPX",44
5755,EMT18,"EMTEX BAR18""-21LPX",-1.000
5756,EMT18/G,EMTEX YURI GUIDE BAR 18 INCH GREEN ,55
5757,EMW40X25,EMERGY MOP WHEEL40X25,3
5758,EMW50X25,EMERGY MOP WHEEL 50X25,1
5759,EN71,PENCIL APSARA,-184.000
5760,EN71,PENCIL APSARA,404
5761,EN71,PENCIL APSARA,-50.000
5762,EN71,PENCIL APSARA,-144.000
5763,END OF LIST .,END OF LIST .,1
5764,END1001,ENDICO SPARES PARA8 END COVER ,6
5765,END1006,E-ENDICO SPARES PARA8 SWITCH,2
5766,END1017,PARA 8 BACKLIGHT PLATE ,11
5767,END1027, ENDICO SPARES PARA8 COLLET ,44
5768,END1027, ENDICO SPARES PARA8 COLLET ,74
5769,END1027, ENDICO SPARES PARA8 COLLET ,16
5770,END1040,ENDICO SPARES PARA8 FIELD GUARD ,7
5771,END1043,ENDICO SPARE PARA8 LOCK KNOB ,6
5772,END1049,PARA8 KNOB ,44
5773,END1072,ENDICO SPARES PARA8 SPRING ,15
5774,END12,K-ENDICO ROUTER MACHINE 12MM PARA12TP,1
5775,END12,K-ENDICO ROUTER MACHINE 12MM PARA12TP,3
5776,END1571,ENDICO SPARES PARA12 SLEEVE ,4
5777,END1571,ENDICO SPARES PARA12 SLEEVE ,10
5778,END162,CARRY HANDLE ,2
5779,END165,BACK A LITE PLATE ,2
5780,END1698,PARA12 ADAPTER ,-3.000
5781,END2141,ENDICO SPARES PARA8 LOCK COVER,1
5782,END2241,ENDICO SPARES T-30 STRAIGHT GUIDE ,1
5783,END2271,BACKITE PLATE FOR PARA8 &PARA12,10
5784,END571,K-ENDICO SPARES -PARA12 COLLET ASSEMBLY,4
5785,END6,ENDICO CARPER ,5
5786,END8,ENDICO- ROUTER MACHINE 8MM-PARA8,2
5787,END804,GUARD ,3
5788,ENDT30,MARBLE CUTTER MACHINE INDICO ,-1.000
5789,EP10*160,EMTEX SDS HAMMER DRILL BIT 10*160,79
5790,EP11,PALAKA,3
5791,EP180,BULL GOLD EP-180 ELECTRIC POLISHER ,1
5792,EP58,EP58 CARBORN BRUSH ,1
5793,EP58B,EP58 BELT ,2
5794,EP58CB,CAINSAW CARBON ,1
5795,EPIPE12,"EXTENTION PIPE 6"" ",1
5796,EPIPE15,E-POWERTUF-SPARES RS3 EXTENTION PIPE,1
5797,EPIPE15/1,"EXTENTION ROD 15""",9
5798,EPJS150,ETERNITY PRUNNING JAB SAW -150MM ,-3.000
5799,EPJS150,ETERNITY PRUNNING JAB SAW -150MM ,9
5800,EPOXY1,EPOXY 1LR 3710007 GREY,3
5801,EPOXY500,EPOXY 500ML 3710015 GREY,3
5802,EPSG3140,EASTMAN PAINT SPRAY GUN EPSG3140,32
5803,EPSG827,EASTMAN SPRAY GUN ,120
5804,ER1.5/3/50,EXTENTION ROLLER WITH 1.5 CABLE 3CRE 50MTR ,1
5805,ER12,EXTENTION ROD  12 INCH GALEXY ,12
5806,ER4,ENAMEL REFIL 4'',491
5807,ER6,ENAMEL ROLLER 6'',50
5808,ER70S,MIG SOLD WIRE 5 KG ER70S  MS,2
5809,ERB05,EADTMAN DEMOLITION HAMMER 5KG ERB05 1100W,2
5810,ERBA,CL BODY ASSEMBLY ,1
5811,ERK1300,ROYAL KITCHEN SCISSORS ERK1300,54
5812,ERS6,ENAMEL ROLLER SET 6'',18
5813,ERVS,ERATEK RETAINING VALVE SET,1
5814,ES101,EASTMAN SOCKET ES101,3
5815,ES18,CHAIN 18 INCH E&S  (ECONOMY),177
5816,ES18,CHAIN 18 INCH E&S  (ECONOMY),-1.000
5817,ES18,CHAIN 18 INCH E&S  (ECONOMY),-3.000
5818,ES18,CHAIN 18 INCH E&S  (ECONOMY),12
5819,ES20,RUBBER BASKET,14
5820,ES20,RUBBER BASKET,4
5821,ES20/1,RUBBER BASKET,-4.000
5822,ES20B,RUBBER BASKET,-14.000
5823,ES20B,RUBBER BASKET,-2.000
5824,ES20B,RUBBER BASKET,10
5825,ES20B,RUBBER BASKET,-4.000
5826,ES20B,RUBBER BASKET,2
5827,ES20B,RUBBER BASKET,-15.000
5828,ES20B,RUBBER BASKET,-17.000
5829,ES20B,RUBBER BASKET,-1.000
5830,ES350,EXTENTION SOCKET 350MM,6
5831,ES45/1,STEELGRIP MASKING TAPE 24MM,30
5832,ESA62CC,ERATEK STARTER ASSEMBLY FOR CHAINSAW ,5
5833,ESAB,LEATHER GLOUSE  ESAB,30
5834,ESAB,LEATHER GLOUSE  ESAB,-7.000
5835,ESF,E & S CHAINSAW FILE ,5
5836,ESF,E & S CHAINSAW FILE ,-188.000
5837,ESF,E & S CHAINSAW FILE ,103
5838,ESH1,EYE SLING HOOK 1 TON RED,3
5839,ESH2,EYE SLING HOOK 2 TON RED,1
5840,ESH6LB,EASTMAN SLEDGE HAMMER 6 LB ,2
5841,ESP50501,SLURRY PUMP 1 HP ESP5050.1.R1 KOEL ,1
5842,ESP50501,SLURRY PUMP 1 HP ESP5050.1.R1 KOEL ,1
5843,ESP50502,SLURRY PUMP 2HP ESP5050.2.1 R1 KOEL ,1
5844,ESP58,STARTER PULLY 58 CC ,5
5845,ESPL12,360 CM PIPE ALUMINIUM LADDER 12 ',1
5846,ESPL14,420CM PIPE ALUMINIUM STEP LADDER  14',1
5847,ESSAB,LEATHER GLOUSE ESSAB  YELLOW ,6
5848,ESSAB,LEATHER GLOUSE ESSAB  YELLOW ,8
5849,EST221,EASTMAN PIPE WRENCH,-10.000
5850,EST222,EASTMAN PIPE WRENCH,3
5851,EST223,"EASTMAN PIPE WRENCH 14""  ",2
5852,ET1,EVERLIGHT TURPENTINE ET 900ML ,2
5853,ET1,EVERLIGHT TURPENTINE ET 900ML ,10
5854,ET1,EVERLIGHT TURPENTINE ET 900ML ,4
5855,ET30BR,ERATEK BASEROD ET30,2
5856,ET30CA,ERATEK PRESSURE WASHER CONTROL ASSY ET30,1
5857,ET30UWS,ERATEK UPPER WATER SEAL ET30,6
5858,ET30V,ERATEK VALVE ET30,12
5859,ET30WS,ERATEK WATER SEAL ET 30,6
5860,ET500,EVERLIGHT  ET 450 ML,6
5861,ET62CC,ERATEK CHAINSAW,8
5862,ET7,ERATEK BRAIDED HOSE 7MTR,70
5863,ET747,ERATEK CARWASHER ET747 150 BAR,3
5864,ET747,ERATEK CARWASHER ET747 150 BAR,8
5865,ET747,ERATEK CARWASHER ET747 150 BAR,1
5866,ET7505GC,ERATEK 5KG GEAR CASE 7505,-3.000
5867,ET757,ERATEK HIGH PRESSURE WASHER ET757230BAR/2900W,1
5868,ET777,"PRESSURE WASHER ET-777 ERATEK 1850W/135BAR , ONE YEAR WARANTY",4
5869,ET777,"PRESSURE WASHER ET-777 ERATEK 1850W/135BAR , ONE YEAR WARANTY",-1.000
5870,ET777PHF,"ERATEK PUMP BODY FULL SET 777,747",2
5871,ET787,"ERATEK  HIGH PRESSURE WASHER ET787 2350W 185 BAR, 1 YEAR MOTOR WARRANTY",5
5872,ET787G,ERATEK CARWASHER GAUGE 787,6
5873,ET787GH,ERATEK CARWASHER GAUGE HPW,6
5874,ET787GV,ERATEK GUAGE VALVE ET787,1
5875,ET787H,ERATEK PUMP HEAD 787,1
5876,ET787MOS,ERATEK CARWASHER MAIN OIL SEAL 787,4
5877,ET787MS,ERATEK MICRO SWITCH WITH COVER ,3
5878,ET787OS,ERATEK CARWASHER OIL SEAL 787,33
5879,ET787OS,ERATEK CARWASHER OIL SEAL 787,18
5880,ET787PH,ERATEK PUMP HEAD 787,2
5881,ET787PH,ERATEK PUMP HEAD 787,8
5882,ET787PHF,ERATEK PUMPHEAD FULL SET 787,-2.000
5883,ET787V,ERATEK VALVE ET787,120
5884,ET787WS,ERATEK WATER SEAL ET787,54
5885,ET797,ERATEK PRESSURE WASHER  ET797  195 BAR ,4
5886,ET797,ERATEK PRESSURE WASHER  ET797  195 BAR ,1
5887,ET7S,ERATEK BRAIDED HOSE 7MTR,2
5888,ETB100M,TOWER BOLT 100MMSS FIN ,6
5889,ETB150M,TOWER BOLT 150MM12 SS EQQ,10
5890,ETB200M,TOWER BOLT 200MM *12 SS,10
5891,ETBC520,ERATEK BRUSH CUTTER 2 STROKE BC520,8
5892,ETC250,EASTMAN TIN CUTTER 250MM,1
5893,ETC300,EASTMAN TIN CUTTER 300M,3
5894,ETCV35,ERATEK VIBRATOR ETCV35 WITH NEEDLE ,3
5895,ETCV35,ERATEK VIBRATOR ETCV35 WITH NEEDLE ,5
5896,ETDBH,ELECTRIC TORK DRILL  BRUSH HOLDER ,3
5897,ETDBHC,ELECTRIC TORK BRUSH HOLDER CAP ,5
5898,ETDC,ELECTRIC TORK DRILL CARBON BRUSH  POLYMAC,5
5899,ETDH0855,ERATEK DEMOLTION0855 1850W,10
5900,ETDH35CS,CRANK SHAFT FOR ETDH35 7KG ,5
5901,ETDH35GC,GREASE CAP FOR ETDH35 7KG ,5
5902,ETDH35GW,GEAR WHEEL FOR ETDH35K,5
5903,ETDH35KC,CARBON BRUSH FOR ETDH35K 7KG ,4
5904,ETDH35KC,CARBON BRUSH FOR ETDH35K 7KG ,50
5905,ETDH35KC,CARBON BRUSH FOR ETDH35K 7KG ,20
5906,ETDH35KO,ORING ETDH35K 7KG,10
5907,ETDH35KP,PISTON FOR ETDH35K 7KG,5
5908,ETDH35OG,ORING GREEN FOR ETDH35 7KG,10
5909,ETDH35S,SWITCH FOR ETDH35K 7KG ,44
5910,ETDH35TH,TOOL HOLDERING FOR ERATEK 7 KG ETDH35K,1
5911,ETDH7505,"ERATEK DEMOLITION HAMMER ETDH7505 5KG ,  1600W",11
5912,ETDH7505S,SWITCH FOR ERATEK DEMOLITION HAMMER ,1
5913,ETDS,ELECTRIC TORK DRILL SWITCH POLYMAC/MAL,4
5914,ETG500,EMTEX GREASE 500GM 12,-1.000
5915,ETG500,EMTEX GREASE 500GM 12,14
5916,ETMC1200,ERATEK MARBLE CUTTER ETMC1200 1200W,10
5917,ETMC1500,ERATEK MARBLE CUTTER ETMC500 1500W,14
5918,ETP16800,ALF HANDLY  CORDLESS BLOWER ,2
5919,ETPM1200,ERATEK PAINT MIXER ,3
5920,ETRH20,ERATEK ROTARY HAMMER 2-20  800W,8
5921,ETRH20,ERATEK ROTARY HAMMER 2-20  800W,2
5922,ETRH226HD,ERATEK HAMMER DRILL 2-26 HD 1200W,2
5923,EVR1.5,ERATEK VIBRATER NEEDLE 1.5 MTR ,11
5924,EWPP,BUFFING PAD 9 INCH EATMAN ,49
5925,EWT30,EMTEX WATER TUBING 30 MTR ,70
5926,EWWC,ELECTRIC WINCH WITH CLUTCH ,1
5927,"ex/fan9""","ex/fan 9"" m /duty -almonard",1
5928,EX120P,PRESSURE WASHER-ACP120P,1
5929,EX5S,EXTENSION BOARD 5 SOCKET,2
5930,EXR10,EXTENSION ROAD 10'',-14.000
5931,EXR5,"EXTENSION ROD 5"" SMITH ",-1.000
5932,EXR6,"EXTENTION 6"" SMITH ",1
5933,EXROLLER ,EXTENTION ROLLER ,3
5934,EXROLLER/1,EXTENTION ROLLER  ,30
5935,F0810,FIELD TECHTREX 0810 -HM0810 ECO,-2.000
5936,F0810/1,STATOR 0810T ,17
5937,F0810/1,STATOR 0810T ,4
5938,F0810R,FIELD FOR0810 5KG   COVINA RAJ AGRO ,28
5939,F11E,STATOR FOR 11E,6
5940,F17X280,DIVS CHISEL -0810 TFLAT 17X280,3
5941,F18SE2,K-DCK-STATOR-G18SE2,2
5942,F1900B,STATOR FOR 1900B blower,3
5943,F20,PIN 20MM BULL,-2.000
5944,F2-20,POWERTEX STATOR GBH2-20,118
5945,F2-26,POWERTEX STATOR  GBH2-26,24
5946,F2373,POLYMER WHEEL 8*2*2 ASSEMBLY ,-1.000
5947,F2381,PU TUBE 8MMX5MM 10 MTR,3
5948,F2382,PU TUBE 6.5X10 10 MTR,4
5949,F2650,ALF CORDLESS FAN 21V,3
5950,F3000I,3000i -COOLING FAN ,13
5951,F3612BR,K DCK STATOR 3612BR,2
5952,F40,PIN 40 MM,10
5953,F5071,FORCE 5071 STAR KEY SET 7PC JMI,1
5954,F52,PROFESSIONAL KNIFE  F52,1
5955,F6.5DRXC,FIELD (JCB 6.5DRXC-12) 6.5DRXC-12,2
5956,F810T,STATOR 810T ,2
5957,F92*25,"FAN DC 3.5""24V  92*25MM",-6.000
5958,F9513B,6283832 FIELD FOR M9513B,1
5959,F9553E,STATOR FOR GRINDER 9553 ,6
5960,F9553NB,FIELD 9553NB 621713-6,1
5961,FAG1072,AG72 FIELD ,3
5962,FAG1072,AG72 FIELD ,1
5963,FAG1072,AG72 FIELD ,2
5964,FAG1092,AG92 FIELD ,1
5965,FAG2100,BULL GOLD AG2-100 FEILDCOIL,9
5966,FAG3100,BULL GOLD AG3-100 STATOR,2
5967,FAG6100/1,STATOR 04-100A,3
5968,FAG6100B,STATOR 04-100B,3
5969,FAG8100,FIELD COIL FOR GRINDER 8-100,1
5970,FAG950,FIELD AG950,4
5971,FAG950,FIELD AG950,1
5972,FAILONG ,FAILONG ,15
5973,FAN230,"FAN 230V FOR WELDING MACHINE 4""",1
5974,FANHOOK,ANCHOR 8MM HOOK TYPE,51.546
5975,FANHOOK,ANCHOR 8MM HOOK TYPE,0.003
5976,FANHOOK,ANCHOR 8MM HOOK TYPE,-41.440
5977,FAR,FIRE AXE RRI,2
5978,FARESET,FALL ARESET ,1
5979,FB,FAN BRUSH,1
5980,FB14,"FLAT BLACK BRUSH 14""",14
5981,FB16,FIBER KUTTA  SMALL  FB16,-16.000
5982,FB16,FIBER KUTTA  SMALL  FB16,13
5983,FB16/1,FLAT BLACK BRUSH 16'',24
5984,FB18,FLAT BLACK BRUSH 18'',14
5985,FB20,FLAT BLACK BRUSH 20'',3
5986,FB8GM,FEVIBOND TUBE 8GM,2
5987,FBCB,FIBER CHATTY FLEXY 19,-22.000
5988,FBCB,FIBER CHATTY FLEXY 19,-5.000
5989,FBCPK1222,INGCO LITHIUM ION BATTERY AND CHA,4
5990,FBF24,FIBER BASKET FULL (24 WITH ROPE )MRP673,7
5991,FBGAG125.,FIELD COIL FOR BULL GRINDER 5 INCH BGAG125,-1.000
5992,FBGAG125.,FIELD COIL FOR BULL GRINDER 5 INCH BGAG125,-1.000
5993,FBGAG125.,FIELD COIL FOR BULL GRINDER 5 INCH BGAG125,2
5994,FBKB,FIBER KOTTA   FBKB  mrp455,-3.000
5995,FBKB,FIBER KOTTA   FBKB  mrp455,-8.000
5996,FBKS,"FRUIT BASKET MRP 299, 18INCH",26
5997,FBKS,"FRUIT BASKET MRP 299, 18INCH",5
5998,FBLI12153,INGCO LITHIUM -ION BATTERY PACK ,1
5999,FBLI2002,INGCO 4 AH BATTERY FBLI2002,3
6000,FBLI2002,INGCO 4 AH BATTERY FBLI2002,12
6001,FBLI2151,INGCO  LITHIUM BATTERY PACK ,6
6002,FBM60,BM60 STATOR ,2
6003,FBP,FIRE BUKKET PRIN,1
6004,FBPR,FAN BEARING PULLER   RAJ,3
6005,FBST,FLEXIBLE BIT SET EVEREST ,4
6006,FC18,FAST CUT CHAIN 18INCH ,3
6007,FC636,STATOR,3
6008,FC8,FLOWER CUTTER 8 INCH  PRUNNING SHEAR,1
6009,FC8,FLOWER CUTTER 8 INCH  PRUNNING SHEAR,-1.000
6010,FCBRUSH,OLA FANCY  CLEANING BRUSH ,7
6011,FCBS21,"FIBER CHATTY BIG SIZE FLEXY 21 WHITE HAND ,MRP489",2
6012,FCCT,DRILL BIT SET SINK  3PC SET,1
6013,FCCT50,TAPE,1
6014,FCDP,FUSHION CLIMB DOUBLE PULLY ,1
6015,FCIDLI20768,FIELD FOR CIDLI20768-SP-6,3
6016,FCIWLI20351,FIELD AND ELECTRIC GEAR CASE FOR INGCO CORDLESS IMPACT WRENCH ,3
6017,FCLI2001,INGCO 20 VOLT CHARGER,-1.000
6018,FCLI2001,INGCO 20 VOLT CHARGER,1
6019,FCLI2001,INGCO 20 VOLT CHARGER,6
6020,FCLI2001,INGCO 20 VOLT CHARGER,2
6021,FCM4SA,STATOR CM4SA ECO,22
6022,FCM4SA,STATOR CM4SA ECO,-2.000
6023,FCM4SA/1,CM4SA STATOR  EVEREST,8
6024,FCM4SA/1,CM4SA STATOR  EVEREST,-2.000
6025,FCM4SA/2,CM4SA STATOR ,40
6026,FCM4SB,STATOR FOR CM4SB EVEREST ,32
6027,FCM4SBN,FIELD CM4SB NEETHA,22
6028,FCM4SBN,FIELD CM4SB NEETHA,22
6029,FCRHLI20208,FIELD FOR CRHLI20208-SP-3,2
6030,FCSP,FUSHION CLIMB SINGLE PULLY ,4
6031,FCUMI5,TILECUTTER 5 INCH CUMI FILED ,2
6032,FCV81,CV81 STATOR ,2
6033,FD10H,TAPARIA SOCKET(1/2)EXEL-HEX 10,24
6034,FD10H,TAPARIA SOCKET(1/2)EXEL-HEX 10,9
6035,FD10H,TAPARIA SOCKET(1/2)EXEL-HEX 10,-1.000
6036,FD11H,TAPARIA SOCKET(1/2 EXEL-HEX 11,65
6037,FD12H,TAPARIA SOCKET(1/2)EXEL-HEX12,35
6038,FD13H,TAPARIA SOCKET(1/2)EXEL-HEX13,40
6039,FD14H,TAPARIA SOCKET (1/2)EXEL-HEX14,44
6040,FD14H,TAPARIA SOCKET (1/2)EXEL-HEX14,9
6041,FD14H,TAPARIA SOCKET (1/2)EXEL-HEX14,-1.000
6042,FD15H,TAPARIA SOCKET (1/2)EXEL-HEX15,61
6043,FD15H,TAPARIA SOCKET (1/2)EXEL-HEX15,12
6044,FD16H,TAPARIA SOCKET (1/2)EXEL-HEX16,30
6045,FD16H,TAPARIA SOCKET (1/2)EXEL-HEX16,9
6046,FD16H,TAPARIA SOCKET (1/2)EXEL-HEX16,-6.000
6047,FD17/1,SOCKET 17MM STANLEY ,1
6048,FD17H,TAPARIA 12.7 EXCEL HEX SOCKET 17MM,37
6049,FD17H,TAPARIA 12.7 EXCEL HEX SOCKET 17MM,2
6050,FD18H,TAPARIA SOCKET (1/2)EXEL-HEX18,19
6051,FD18H,TAPARIA SOCKET (1/2)EXEL-HEX18,9
6052,FD18H,TAPARIA SOCKET (1/2)EXEL-HEX18,9
6053,FD19H,TAPARIA SOCKET(1/2)EXEL-HEX19,14
6054,FD19H,TAPARIA SOCKET(1/2)EXEL-HEX19,7
6055,FD20H,TAPARIA SOCKET(1/2) EXEL-HEX 20,9
6056,FD20H,TAPARIA SOCKET(1/2) EXEL-HEX 20,15
6057,FD21H,TAPARIA SOCKET -BIHEX*21,5
6058,FD22H,TAPARIA SOCKET-BIHEX22,7
6059,FD23H,BOX SPANNER ,38
6060,FD23H,BOX SPANNER ,10
6061,FD23H,BOX SPANNER ,-1.000
6062,FD24H,TAPARIA SOCKET(1/2)EXEL-HEX24,4
6063,FD24H,TAPARIA SOCKET(1/2)EXEL-HEX24,47
6064,FD25H,TAPARIA BOX SPANNER SOCKET 25MM,16
6065,FD26H,TAPARIA SOCKET -BIHEX*26,4
6066,FD26H,TAPARIA SOCKET -BIHEX*26,38
6067,FD26H,TAPARIA SOCKET -BIHEX*26,8
6068,FD27H,TAPARIA SOCKET(1/2)EXEL-HEX27,24
6069,FD27H,TAPARIA SOCKET(1/2)EXEL-HEX27,7
6070,FD28H,BOX SPANNER 28,6
6071,FD28H,BOX SPANNER 28,5
6072,FD29H,BOX SPANNER 29,19
6073,FD29H,BOX SPANNER 29,8
6074,FD30,SOCKET 30MM.,22
6075,FD30,SOCKET 30MM.,8
6076,FD32H,BOX SPANNER ,16
6077,FD32H,BOX SPANNER ,2
6078,FD34H,SOCKET 34X1/2 SQ,14
6079,FD34H,SOCKET 34X1/2 SQ,3
6080,FD36,HEX SOCKET 36X3/4 ,16
6081,FD38H,SOCKET 38X3/4,1
6082,FD8H,TAPARIA SOCKET(1/2)EXEL-HEX 8,58
6083,FD9H,TAPARIA SOCKET(1/2)EXEL-HEX 9,9
6084,FD9H,TAPARIA SOCKET(1/2)EXEL-HEX 9,8
6085,FDA5052,DAYURI SPARE DA5052 FIELD ,1
6086,FDA8,FIGURE 8 DECENDER ALUMINIUM ,2
6087,FDBT,"FIBER DISK 5""(60,80,100,120)",2342
6088,FDBT,"FIBER DISK 5""(60,80,100,120)",0.95
6089,FDBT,"FIBER DISK 5""(60,80,100,120)",-7.000
6090,FDBT/4,"FIBER DISK 4""",99
6091,FDBT120,FIBER DISK 5 INCH 120 GRIT ,2217
6092,FDBT60,BULLET FIBER DISK 5 INCH 60,351
6093,FDBT80,FIBER DISK 5 INCH 80 ,391
6094,FDH1078,DH78 STATOR,3
6095,FDH20,DH20 STATOR ,1
6096,FDH20,DH20 STATOR ,1
6097,FDISTICK,OLA  TALL FANCY DOT IRON STICK ,4
6098,FDQU160,SWITCH STATOR MIXER ,6
6099,FDS25,DS25 STATOR,1
6100,FDS70,DS70 STATOR,1
6101,FDS70,DS70 STATOR,2
6102,FDSF02,STATOR  DSF02,2
6103,FDSM125A,STATOR,1
6104,FDSM230A,STATOR DSM230A,2
6105,FDU10,STATOR FOR DRILL DU10,6
6106,FDW801,COIL DW 801 ORG,-2.000
6107,FDW801/1,CM4SA FIELD ,130
6108,FDW801N,FIELD DW801 PRO NEETHA,64
6109,FDWS180,FIELD FOR MAL DRYWALL SANDER DWS180,2
6110,FDWS18031,DWS 180 FIELD DWS18031,1
6111,FEB20,FIELD FOR BLOWER EB20,6
6112,FEB2937,STATOR FEB2937,3
6113,FED060,ED60 FIELD ASSY ,1
6114,FED10,FIELD ED10 BULL,1
6115,FED6H,DCA STATOR -ED6H,3
6116,FEHR321,"EASTMAN HANDRIVERTER STEEL BODY 321, E3012A",1
6117,FEMHDF,FIELD FOR PUTTYMIXER KHAITAN EMHDF ,1
6118,FEND8,PARA 8 ROUTER FIELD ,2
6119,FER2KG,FIRE EXTING  2KG  RAPID ,1
6120,FER4KG,FIRE EXTING  4KG RAPID ,1
6121,FER6KG,FIRE EXTING 6KG RAPID ,1
6122,FETDH35K,FIELD COIL FOR ETDH35K  7KG ,2
6123,FF10,FLAT FILE 10'',-1.000
6124,FF10AG,FF10A GEAR ,9
6125,FF160,DCA STATOR MIXER (Q1U-FF-160),6
6126,FF20,K YUVA STATOR F 20,1
6127,FFC,PETROL FILTER 58CC,-1.000
6128,FFF160,STATOR FOR PUTTYMIXER FF160,3
6129,FFK,FUEL FILTER  KOA  SATHYA AGRO ,2
6130,FFS87,FS87 STATOR,2
6131,FG10SS,HIKOKI FIELD -G10SS2 340908,3
6132,FG10SS2,POWER TEX STATOR G10SS2 ECO,8
6133,FG10SS2/1,STATOR -G10SS2,1
6134,FG15SA2,K YURI SPEED STATOR G15SA2,14
6135,FG15SA2/1,STATOR G15SA2,6
6136,FGL,SHIELD GORILLA  WALT .ENT,5
6137,FGP600,STATOR FOR VIBRATOR GP600,1
6138,FGR,FINGER RUBBER  144 PCS,10
6139,FGSH11E,TECHTREX -STATOR -11E,2
6140,FGUIDE,FILE GUIDE RAJ AGRO ,28
6141,FH100,"FIBER HOSE HANDLE 100CM (SPANNER ,MSEAL ,CAP -2)",50
6142,FH10MM,FAN HOOK 10MM,-23.490
6143,FH120,"FIBER HOSE HANDLE 120 CM (SPANNER ,MSEAL ,CAP -2",49
6144,FH140,"FIBER HOSE HANDLE 140 CM (SPANNER ,MSEAL ,CAP -2 )",21
6145,FH3,FIRE HOSE 3 INCH ,90
6146,FH3,FIRE HOSE 3 INCH ,1.5
6147,FH6MM,FAN HOOK 6MM,-21.840
6148,FHS999,GARDEN HEDGE SHEAR FHS -999,92
6149,FHSA1000,TAPARIA FIBER GLASS HANDLE STEEL AXE FHSA1000,6
6150,FHSA600,TAPARIA FIBER GLASS HANDLE STEEL AXE FHSA600,2
6151,FID80,ID80 STATOR ,1
6152,FILE ,CLEAR BAG  FILE ,48
6153,FIRE NAILS ,FIRE NAILS ,-60.000
6154,FIRE NAILS ,FIRE NAILS ,6198
6155,FK1GM,FEVIKWIK 1GM,6
6156,FK2GM,FEVIKWIK 2GM,8
6157,FKIAG4HD,FIELD FOR GRINDER 1200W KIAG4HD,2
6158,FKJZ02,DCK STATOR  -JJZ02,16
6159,FKS1,FRUIT KNIFE STEEL 1,20
6160,FKS1,FRUIT KNIFE STEEL 1,6
6161,FKXWP90,KENNEX FIELD FOR WALL PLANNER ,2
6162,FKYEBC40H,FIELD KYEBC40H,1
6163,FL1,BTALI SPARE COMPRESSOR COPPER PLATING ,3
6164,FL2,AIR FILTER ,3
6165,FL247,AIR VALVE FOR AIR COMPRESSOR ,12
6166,FLG355,STATOR FOR LG355,6
6167,FLIPH,BRACE PIN SINGLE HEAD ,960
6168,FLIPPIN,FLIP PIN 12*50MM,9106
6169,FLIPPIN,FLIP PIN 12*50MM,-38.000
6170,FLIPPIN,FLIP PIN 12*50MM,3596
6171,FLS1040,E BULLET STATOR LS1040,2
6172,FM0600B,633989-3 FIELD M0600B,1
6173,FM8,FM CUTTING PLIER 8INCH FREEMANS,26
6174,FM8,FM CUTTING PLIER 8INCH FREEMANS,-12.000
6175,FM8,FM CUTTING PLIER 8INCH FREEMANS,-2.000
6176,FM8,FM CUTTING PLIER 8INCH FREEMANS,-2.000
6177,FM8,FM CUTTING PLIER 8INCH FREEMANS,-2.000
6178,FM82115,POWERTEX-STATOR GWS6-100,2
6179,FM82117,POWERTEX STATOR-CM4SB,3
6180,FM9059B,FIELD 220-240V FOR M9509B ,2
6181,FM9506,628377-7 FIELD M9506B,1
6182,FM9506,628377-7 FIELD M9506B,1
6183,FM9509B,FIELD  628378-5,2
6184,FM9513B,FIELD FOR M9513B 628383-2,2
6185,FMAL10,FIELD FOR MAL10 DRILL .,2
6186,FMAL850,FIELD MAL 850,3
6187,FMAL950H,FIELD FOR JCB ANGLE GRINDER 950W,3
6188,FMARK180,FIELD COIL MARK180,3
6189,FMC30,MC30 STATOR,1
6190,FMFG5,FAST MAX FORM GUN FMFG5**,7
6191,FMG,SMALL THUMPA,1
6192,FMT40,FIELD 240V MT40 594624-7,1
6193,FMT410,STATOR FOR MT410 TILE CUTTER ,1
6194,FMT801,633984.3 FIELD 240V MT801 ,1
6195,FMT801,633984.3 FIELD 240V MT801 ,1
6196,FMT801,633984.3 FIELD 240V MT801 ,1
6197,FMT801,633984.3 FIELD 240V MT801 ,2
6198,FN3X3,KINAR VALA,1
6199,FNAIL,FIRE NAILS,980
6200,FNAIL,FIRE NAILS,9550
6201,FNAIL2,FIRE NAIL (NAIL ) ,1428
6202,FNET ,FENCING NET PVC ,-10.500
6203,FNET10*3,PVC NET SQUARE GREEN 1M *10M,-29.000
6204,FOAMBOTTLE,FOAM GUN,1
6205,FORM,FORM MINI ,3
6206,FORT,PEN FORT,192
6207,FORT,PEN FORT,307
6208,FOS187,FIELD FOR FINISHING SANER ,1
6209,FOS46,OS46 STATOR ,1
6210,FP12,FRUIT PLUCKER 12 (THOTTI),1
6211,FP14*50,FLIP PIN 14*50MM,567
6212,FP16*50,FLIPPIN 16*50 MM,668
6213,FPA,FANCY THUMPA ,2
6214,FPAXE,FANCY PICK AXE,11
6215,FPDA125M,FIELD PDA100/125,3
6216,FPDA125M,FIELD PDA100/125,2
6217,FPGAG100,FIELD FOR  GRINDER  PGAG100 POWERTEX,12
6218,FPH65A,STATOR  PH65A,16
6219,FPH65C,FIELD -PH65 (GOLD),6
6220,FPH65C,FIELD -PH65 (GOLD),4
6221,FPM1250,PM50 FIELD,1
6222,FPMAG180,FIELD FOR ANGLE GRINDER 180/230 PMAG180,1
6223,FPMCV3M,FIELD COIL FOR PMCV3M VIBRATOR ,1
6224,FPMCV3M,FIELD COIL FOR PMCV3M VIBRATOR ,-2.000
6225,FPPT355,"FIELD COIL 14"" CUT OFF SAW ",2
6226,FPPT6,FEILDCOIL TM 6 PPT,2
6227,FPSCAG125,POWER TEX SLIMCUT STATOR PSCAG125,1
6228,FPSCCM125A,POWERTEX SLIM CUTT FIELD PSCCM125,2
6229,FPT2LB,METRO FLEXIBLE PICKUP TOOLS 2LB,1
6230,FPULLER,FENCING PULLER ,4
6231,FR1.5M,ROPE FISHING 1.5 MM ,5.285
6232,FR1.5M,ROPE FISHING 1.5 MM ,-2.780
6233,FR2.5M,ROPE FISHING 2.5MM PP,0
6234,FR2M,ROPE FISHING 2MM PP,0.23
6235,FR3.5M,ROPE FISHING 3.5MM ,-0.200
6236,FR300,VOYLET SPRAY GUN FR300,-2.000
6237,FR301,AGROMATE SPRAY GUN FR301,1
6238,FR301,AGROMATE SPRAY GUN FR301,24
6239,FR3M,ROPE FISHING 3MM,10.31
6240,FR4*30,ROPE 4MM TO 14 MM PP,-0.636
6241,FR4*30,ROPE 4MM TO 14 MM PP,-1.588
6242,FRA6,RIGHT ANGLE (TRY SQUARE )6 INCH ,5
6243,FRGH6528,FIELD FOR RGH6528-SP-73,2
6244,FRGL,FOAM BOTTLE FRGL,10
6245,FRGL,FOAM BOTTLE FRGL,2
6246,FRGLB,FORM BOTTLE WITH BRASS NECK FRGLB 1LTR ,7
6247,FRH20,FIELD COIL RH-20,30
6248,FRH20,FIELD COIL RH-20,2
6249,FRH26i,RH26 STATOR,2
6250,FRH28 ,RH28 FIELD COIL ,4
6251,FROPE,"FISHING ROPE MARUTHI 10,8,6,4,3.5,3",3.891
6252,FROPE,"FISHING ROPE MARUTHI 10,8,6,4,3.5,3",-0.005
6253,FRP12MM,FISHING ROPE POLYSTER 12MM,29.58
6254,FRP12MM,FISHING ROPE POLYSTER 12MM,0.06
6255,FRP18MM,FISHING ROPE POLYSTER 18MM,-27.066
6256,FRP20MM,FISHING ROPE POLYSTER 20MM GREEN&WHITE,0
6257,FRP24MM,FISHING ROPE POLYSTER22* 24MM,-48.965
6258,FRP26MM,FISHING ROPE 26MM,75.5
6259,FRP2MM,FISHING ROPE MARUTHY 2MM,3.24
6260,FRS,RINGSAW FIELD ,1
6261,FS120,STIHL BRUSH CUTTER FS120 S.N:833209487 ,2
6262,FS120C,SC CARBURATOR  FS120,15
6263,FS120GH,GEAR HEAD FS120,1
6264,FS230,GRASS CUTTING BLADE FOR FS230,6
6265,FS230C,CAP FOR FS230 BRUSH CUTTER 42261212700,3
6266,FS230RS,REWIND STARTER FOR FS230 41511904000,2
6267,FS3001,BRUSH CUTTER WITH KIT FS3001,4
6268,FS3001,BRUSH CUTTER WITH KIT FS3001,-1.000
6269,FS3001CG,CYLINDER GASKET FOR FS3001,2
6270,FS3001CN,COLLAR NUT FS3001,2
6271,FS3001CTH,CLUTCH FS3001,2
6272,FS3001FC,FILTER CAP FS3001,2
6273,FS3001H,HOSE FS3001,1
6274,FS3001M,MUFFLER FOR FS3001,2
6275,FS3001MG,MUFFLER GASKET FS3001,2
6276,FS3001NB,NEEDLE BEARING FS3001,5
6277,FS3001RG,RUBBER GROMMET FOR FS3001,2
6278,FS3001RP,RIDER PLATE FOR FS3001,2
6279,FS3001SP,SHAKE PROOF WASHER FOR FS3001,1
6280,FS3001SP.,SPARK PLUG  STHIL FS3001,5
6281,FS3001SR,SNAP RING FS3001,3
6282,FS3001TW,THRUST WASHER FOR FS3001,2
6283,FS87,FS87 PAD,6
6284,FS87,FS87 PAD,2
6285,FS87,FS87 PAD,-2.000
6286,FS87CB,FS87 CARBON BRUSH,5
6287,FS87COD,FS87 COVER OF DUST BOX,2
6288,FS87CSW,FS87 COVER OF STEEL WIRE  ,36
6289,FS87CSW,FS87 COVER OF STEEL WIRE  ,-4.000
6290,FS87DB,FS87 DUST BOX ,2
6291,FS87FH,FS87 FILTER HOLDER SET,1
6292,FS87PCB,FS87 PCB DRYWALL SANDER ,1
6293,FS87PSW,FS87 PRESS STEEL  WIRE ,16
6294,FS87PSW,FS87 PRESS STEEL  WIRE ,-2.000
6295,FS87VH,FS87 VIBRATION HOLDER ,3
6296,FSC48*48,FORGED SWIVEL COUPLER 48*48MM,23
6297,FSC48*48,FORGED SWIVEL COUPLER 48*48MM,248
6298,FSC4848/F,FORGED RIGHT ANGLE COUPLER  FIXED,-5.000
6299,FSC4848/F,FORGED RIGHT ANGLE COUPLER  FIXED,280
6300,FSD,FACE SHIELD,-22.000
6301,FSGT,FACE SHIELD GLASS TYPE  6*12,-146.000
6302,FSGT,FACE SHIELD GLASS TYPE  6*12,88
6303,FSGT/9*12,FACE SHIELD GLASS TYPE 9*12 MOQ6,52
6304,FSH801,HOSE 801 FOR FS3001,1
6305,FSL,STHIL  ROUND FILE 5.2MM OLD  56057735206,-3.000
6306,FSL,STHIL  ROUND FILE 5.2MM OLD  56057735206,-2.000
6307,FSL,STHIL  ROUND FILE 5.2MM OLD  56057735206,40
6308,FSMT ,FACE SHIELD MESH TYPE  6*12,12
6309,FSMT/R,FACE SHIELD MESH TYPE RAJ AGRO ,94
6310,FSP,FLEXIBLE SHAFT PVC,7
6311,FSSWC300,WALL CUTTING CHAINSAW STATOR ,2
6312,FST103,THOTTY POLE WITH 2 ATTACHMENT 18 FEET FST103,5
6313,FST106,THOTTY PLOE WITH 2 ATTACHMENT 24 FEET FST106,-5.000
6314,FST106,THOTTY PLOE WITH 2 ATTACHMENT 24 FEET FST106,113
6315,FST109,THOTTY POLE WITH CP FESTAL 30 FEET ,50
6316,FSTF,FORCE SCREW TYPE FILTER WRENCH(65-110MM),-6.000
6317,FSTGT8100,STGT8100 FIELD ,1
6318,FSTPT600,"STPT600 FIELD SA 5170011-26 SPT500,BDB",1
6319,FSTTP,FESTAL 24 FT TELESCOPIC POLE SET,2
6320,FT001,FLARING TOOL,1
6321,FT20,VST WEEDER FT20,1
6322,FT80,SAKTI FORM TANK SS201 FT80,1
6323,FTC,FUEL TANK CHAINSAW ,1
6324,FTC150,FLASHING TAPE CARE 150MM,1
6325,FTCT100,FLASHING TAPE CARE TAKER 100MM,-2.000
6326,FTCT100,FLASHING TAPE CARE TAKER 100MM,-4.500
6327,FTCT50,FLASHING TAPE CARE TAKER 50MM,-5.500
6328,FTED10,BULL GOLD  ED10 ELECTRIC  DRILL,6
6329,FTG21006,TOTAL FIELD FOR GRINDER TG1121006,1
6330,FTGB,FT GOLDEN BOLT 1/4*2,29.093
6331,FTGB,FT GOLDEN BOLT 1/4*2,-0.126
6332,FTGB,FT GOLDEN BOLT 1/4*2,34.305
6333,FTOOL,FLARING TOOL ,1
6334,FV11/4B,FOOT VALVE BRASS 1 1/4,10
6335,FV2,FOOT VALVE 2 INCH,14
6336,FVAG4,VELMOC FIELD GRINDER ,1
6337,FW4*14,FELT WHEEL 4*14MM GREEN LINE ,42
6338,FW4*16,FELT WHEEL 4*16MM GREENLINE ,14
6339,FW4X8,FELT WHEEL 4X8MM,2
6340,FW6*1,"FLAP WHEEL POWER 6*1 60 ,80,120,220,320",50
6341,FWB14,FLAT WHITE BRUSH 14'',18
6342,FWB16,"FLAT WHITE BRUSH 16""",23
6343,FWB18,FLAT WHITE BRUSH 18',24
6344,FWB20,FLAT WHITE BRUSH 20'',24
6345,FWBELT,FILTER WRENCH BELT TYPE TIGER,9
6346,FX1,151271SQ.MM CABLE BLACK FINOLEX,447
6347,FX1,151271SQ.MM CABLE BLACK FINOLEX,41.5
6348,FX1,151271SQ.MM CABLE BLACK FINOLEX,57
6349,FX1.5,15113  WIRE 1.5/2 SQMM  FINOLEX ,34
6350,FX1.5,15113  WIRE 1.5/2 SQMM  FINOLEX ,168
6351,FX1.5,15113  WIRE 1.5/2 SQMM  FINOLEX ,68.5
6352,FX1.5,15113  WIRE 1.5/2 SQMM  FINOLEX ,73
6353,FX2.5,WIRE 1 SQMM FINOLEX,244
6354,FX2.5,WIRE 1 SQMM FINOLEX,47
6355,G00,SHORT GUN G00 NEW FRONTLINE ,2
6356,G1/2,1/2 INCH HOSE GALEXY ,2
6357,G1/2,1/2 INCH HOSE GALEXY ,-0.500
6358,G10MGA,HIKOKI ANGLE GRINDER 4 INCH G10MGAS9Z,2
6359,G10MGE,HIKOKI ANGLE GRINDER 1100W  G10MGES9Z,3
6360,G10SS2,ANGLE GRINDER FOC(GI0SS2S9Z),3
6361,G10SS2,ANGLE GRINDER FOC(GI0SS2S9Z),3
6362,G10SS2,ANGLE GRINDER FOC(GI0SS2S9Z),3
6363,G10SS2,ANGLE GRINDER FOC(GI0SS2S9Z),1
6364,G10SS2,ANGLE GRINDER FOC(GI0SS2S9Z),3
6365,G10SS2BC,BEARING HOLDER ,19
6366,G10SS2BH,BEARING HOUSING G10SS2 GRINDER ,20
6367,G10SS2BHR,BRUSH HOLDER -G10SS2,2
6368,G10SSGB,LASERTECH SPARE G10SS GEAR BOX ,8
6369,G120G,KARCHER GUN G120,1
6370,G13MGA,HIKOKI ANGLE GRINDER G13MGAS9Z,6
6371,G15SA2,"K-POWERTEX-ANGLE GRINDER 5"" AG125B (G15SA2)",4
6372,G15SA2G,G15SA2 GEAR,5
6373,G15SA2S,SWITCH 5  INCH GRINDER,8
6374,G15SA2S,SWITCH 5  INCH GRINDER,5
6375,G18SE2S,SWITCH G18SE2,10
6376,G18SW2,ANGLE GRINDER -G18SW2 (7'GRINDER HIKOKI),1
6377,G23SC4,ANGLE GRINDER 9 INCH G23SC4S9Z (HIKOKI),1
6378,G23SC4,ANGLE GRINDER 9 INCH G23SC4S9Z (HIKOKI),-1.000
6379,G23SC4S9Z,HIKOKI ANGLE GRINDER 9 INCH G23SC4S9Z,1
6380,G2R/B ,LEVER GREASE GUN  DOUBLE PISTON  G2R/B GROZ ,3
6381,G3/4,GREEN HOSE ,13
6382,G300,PU FORM MINI  450 ML ,7
6383,G300,PU FORM MINI  450 ML ,1
6384,G3100,GUN,1
6385,G750,PU FROM INSULATION SEALANT,2
6386,G801,801 GEAR ,8
6387,G835,INTOUGH DEMOLITION HAMMER 17MM 1280W G835,4
6388,G9,FAD GARDEN FLOWER CUTTER G9 8 INCH ,3
6389,G9,FAD GARDEN FLOWER CUTTER G9 8 INCH ,2
6390,G95037,CARBON BRUSH G95037,68
6391,GA SHEET 18 ,GA SHEET 18 (CONCRETE SHEET ),1
6392,GA1,ASBESTOS GLOVES 14'',2
6393,GA1501,DEGREE PROTRACTOR ,3
6394,GA4032,GA4032 GEAR HOUSING-318335-8,1
6395,GA4032IN,INNER FLANNEGE 30 FOR GA4032 (AB WASHER INNER),44
6396,GA4032IN,INNER FLANNEGE 30 FOR GA4032 (AB WASHER INNER),4
6397,GA4032ON,LOCK NUT 10-30 FOR GA40329AB WASHER OUT ),84
6398,GA4032ON,LOCK NUT 10-30 FOR GA40329AB WASHER OUT ),-1.000
6399,GA40RING ,RUBBER RING 19 FOR GA4032,5
6400,GA7020,GA9020 MAKITA ANGLE GRINDER 7INCH ,1
6401,GA9020,MAKITA 230MMANGLE GRINDER GA9020 2200W,1
6402,GAF11,GOGGLE ARE FLOW 11 DIN ,1
6403,GAMT,OSCILATING GRINDER ATTACHEMENT ,17
6404,GAR,GUN ADAPTOR,6
6405,GAS WELDING TORCH BIG,2156,2
6406,GB11E,YURI GEAR BOX 11E,1
6407,GB18,CHAIN SAW CHAIN 18'' BULLET,1
6408,GB55N43,DISCHARGE PIPE  GB55N-43,1
6409,GBAG01,GOLDEN BULL ANGLE GRINDER 4 INCH GBAG01,2
6410,GBCD01,GOLDEN BULL CORDLESS DRILL GBCD01,5
6411,GBCD03,GOLDEN BULL CORDLESS DRILL DL09A,9
6412,GBH226,BOSCH ROTARY HAMMER DRILL GBH2-26 06112537F0,1
6413,GBH350,GBM 350 ROTARY DRILL,-1.000
6414,GBIW03,GOLDEN BULL CORDLESS IMPACT WRENCH PL80W GBIW03,2
6415,GBLB03,GOLDEN BULL CORDLESS LEAF BLOWER GBLB03,2
6416,GBLB03,GOLDEN BULL CORDLESS LEAF BLOWER GBLB03,24
6417,GBRAK,GEAR BOX RAK 1600A012MN,-2.000
6418,GBRH26,GOLDEN BULL CORDLESS ROTARY HAMMER DRILL GBRH26,2
6419,GBS,GROW BAG STAND ,10
6420,GBSB08,GOLDEN BULL STORM BLOWERGB-SB08,6
6421,GBSLOK30,ENDICO SLOK30 GEAR BOX,2
6422,GBTD1,GLOBAL CORDLESS IMPACT DRILL 10MM 12V,4
6423,GBTD2,GLOBAL CORDLESS  IMPACT DRILL 13MM  21V,6
6424,GBTD3,GLOBAL POWER CORDLESS IMPACT DRILL 13MM 21V,1
6425,GBTM01,GOLDEN BULL CORDLESS TILE MACHINE  PP01A,3
6426,Gc10mm,Glass Core Bit 10mm,7
6427,GC11EH,DEMOLITION HAMMER 10KG,1
6428,GC120,K-YURI-GX WHEEL 4'' GRIT 120,144
6429,GC12MM ,GLASS CORE BIT B12MM ,6
6430,GC46,GC WHEEL 4X46 EXTRAPOWER,192
6431,GC46,GC WHEEL 4X46 EXTRAPOWER,-4.000
6432,GC60,TILE POLISHING WHEEL ,407
6433,GC653,CAPASITER 35,1
6434,GC6MM,GLASS CORE BIT 6MM,64
6435,GC6MM,GLASS CORE BIT 6MM,3
6436,GC8*11/2,GATE CHAIN 8*11/2,17
6437,GC8*3,GATE CHAIN 8*3,22
6438,GC8*3,GATE CHAIN 8*3,13.45
6439,GC8*4,GATE CHAIN 8*4,3
6440,GC8*4,GATE CHAIN 8*4,-4.190
6441,GC80,MARBLE POLISHING WHEEL 80,215
6442,GC80,MARBLE POLISHING WHEEL 80,169
6443,GC801N,"GAOCHENG -ANGLEGRINDER 4""  GC-801N ",1
6444,GC8mm,Glass Core Bit 8mm,33
6445,GCA11.5,GALEXY CHAINSAW ATTACHEMENT 11.5 INCH ,8
6446,GCA16,GALEXY CHAINSAW ATTACHEMENT  16 INCH ,20
6447,GCAG1029,"GAOCHENG ANGLE GRINDER 4"" -GCAG1029",2
6448,GCB10,CALTEX GRANITE CORE BIT 10MM,5
6449,GCB6,CALTEX GRANITE CORE BIT 6MM,1
6450,GCH28/1,GEAR HEAD 28MM ,42
6451,GCH8, GAS CUTTING HOSE 8MM IMPORTED,147
6452,GCKIT,CYLINDER KIT  58CC ,-2.000
6453,GCO2000,POWERTEX-ARMATURE GCO2000,1
6454,GCRH2001,GC POWER ROTARY HAMMER 20MM,4
6455,GCRS30,CARWASHER CUT OFF SWITCH ,3
6456,gcrs3cap,gcrs3cap,2
6457,GCRS3PH,PUMP HEAD ,8
6458,GCRS3PK,PISTON KIT,2
6459,GCRS3VHK,VALVE HEAD KIT ,5
6460,GCRS3VHN,VALVE NUT ,16
6461,GCS,CHINSAW GASKET ,1
6462,GCS18IC,IGNITION COIL GCS18/22,3
6463,GCS58CC,RAINBOW CHAINSAW 58CC (450MM),1
6464,GCS827,GAOCHENG SPRAY GUN GC-SG827,1
6465,GCT650,GAOCHENG -DEMOLITION HAMMER  GC-T650,2
6466,GCT680G,K-GAOCHENG DEMOLITION HAMMER GC-T680C,1
6467,GCWHS/1,GLOBAL PROTENTION SLEEVE COLOUR ,1495
6468,GCYLINDER ,"GASKET CYLINDER HUSQ,",2
6469,GD050N39,CHECK VALVE ,2
6470,GD050N40,GD050N-40 SOLENOID VALVE ,1
6471,GD30CUN,"GLOBAL AIR COMPRESSOR  GD30 2HP , 30L",1
6472,GD30CUN,"GLOBAL AIR COMPRESSOR  GD30 2HP , 30L",-1.000
6473,GD50CUN,GLOBAL AIR COMPRESSOR GD50  50L 3HP,1
6474,GD50CUN,GLOBAL AIR COMPRESSOR GD50  50L 3HP,2
6475,GD50CUN,GLOBAL AIR COMPRESSOR GD50  50L 3HP,-1.000
6476,GD50FV,GD50CUN FAN COVER -39,1
6477,GD50N17,GD50CUN BREATHER -17,8
6478,GD50N58,GD50CUN -58 RELEASE PIPE ,3
6479,GD50N60,GD50CUN-60 PRESSURE GUAGE -40,6
6480,GD50OWV,COMPRESSOR ONE WAY VALVE GD50N,1
6481,GD60N,GD60N -26 PROTECTOR,2
6482,GDC140,BOSCH MARBLE CUTTER GDC140 06013A40F1,1
6483,GDC140S,SWITCH FOR GDC140 160720039R,2
6484,GDC140SW,SEALING WASHER FOR GDC140 -1619P13830,2
6485,GDC140W,WASHER FOR GDC140 -1619P13831,2
6486,GDC141,BOSCH  MARBLE CUTTER GDC141 06013A41F0,-1.000
6487,GDC141CF,CLAMPING FALNGE GDC141 -1619pb5788,2
6488,GDC141IF,INNER FLANGE GDC141 -1619PB5787,2
6489,GDC141S,SWITCH FOR GDC141 1619PB5623,2
6490,GDO50N ,GDO50N -39 CHECK VALVE ,3
6491,GDW701812,HANDLE SET ,2
6492,GDW70812,DW708-12 DRILL HANDLE SET ,1
6493,GDW70813,DW708-13 OPENING SET  OF APRON ,1
6494,GDW70815,DW708 -15 OPENING SET OF GASKET ,1
6495,GDW70822,DW708-22 PISTON  DOUBLE LIP CIRCLE ,4
6496,GDW70880,DW708-80 WICK ,1
6497,GEARAPPU,GEAR ALL TYPE ,262
6498,GF03,FUEL FUNNEL GF03,1
6499,GGB18,GALAXY GUIDE BAR 18 INCH  KING ,44
6500,GGH12/B,GREASE GUN HOSES GHC-12/B GROZ,11
6501,GH001,"GARDEN HOSE 3/4""",3
6502,GH1.5LB,GASLEDGE HAMMER WOODEN HANDLE 1.5LB,1
6503,GH12,OCEAN  GREEN GARDEN HOSE 12MM 1/2 INCH ,15
6504,GH26MM,GEAR HEAD 26MM,3
6505,GH28,GEAR HEAD 28MM,2
6506,GH5SS,"GATE HOOK 5""SS CAMEL",4
6507,GHG20-63,HOT AIR GUN GHG20-63 FE,2
6508,GHP,GREASE GUN PIPE H ,11
6509,GHS2.5/T,GATE HOOK THREAD 2.5 INCH  DONEX ,100
6510,GHS2.5O,GATE HOOK 2.5 INCH OSP,100
6511,GHS2/T,GATE HOOK THREAD 2 INCH  DONEX ,100
6512,GHS2O,GATE HOOK 2 INCH OSP ,100
6513,GHSS2.5,GATE HOOK2.5SS CAMEL,100
6514,GHSS4,GATE HOOK SS 4 INCH ,53
6515,GHSS4,GATE HOOK SS 4 INCH ,-9.000
6516,GHSS6,"GATE HOOK SS 6""",57
6517,GI10MM,U CLAMP  GI 3/8 10MM ,1
6518,GI12MM,"U CLAMP 1/2""/12MM ",6
6519,GI5MMT,GI TWISTER SWIVEL 5MM,1.46
6520,GI6MM,U CLAMP  GI 6MM,15
6521,GI6MMT,GI TWISTED SWIVEL 6MM,1.795
6522,GI8MM,U CLAMP  GI5/16 8MM ,15
6523,GIB11/4,GI BEND 1 1/4,9
6524,GIC,CHATTY ALUMINIUM (SILVER) (KG ),198
6525,GIC,CHATTY ALUMINIUM (SILVER) (KG ),-26.000
6526,GIC,CHATTY ALUMINIUM (SILVER) (KG ),-14.000
6527,GIC,CHATTY ALUMINIUM (SILVER) (KG ),7.6
6528,GIC,CHATTY ALUMINIUM (SILVER) (KG ),7.6
6529,GIC,CHATTY ALUMINIUM (SILVER) (KG ),-23.000
6530,GIC,CHATTY ALUMINIUM (SILVER) (KG ),-23.000
6531,GITR6,GI THREAD ROD 6MM ,10
6532,GIW1/4,GI WASHER 1/4,1.77
6533,GIW14,GI WIRE 14G,0.01
6534,GIW3/8,GI WASHER 3/8,2
6535,GIW5/16,GI WASHER 5/16,1.533
6536,GKT24L/23,GASKET 24L/23,4
6537,GKT24L/25,GASKET 24L/25,5
6538,GKT50L/27,GASKET 50L/27,5
6539,GKUTTI,GATE KUTTY(MS SHEET,34.055
6540,GL1,GLOUSE ORANGE 14 INCH ,41
6541,GL1,GLOUSE ORANGE 14 INCH ,-1.000
6542,GL1/14,RUBBER GLOUSE ORANGE SUPER KING 14 INCH ,200
6543,GL1/18,RUBBER GLOUSE ORANGE 18 INCH ,43
6544,GL10,RUBBER GLOUSE  IMPORTED( GL10),98
6545,GL11,GLOUSE GREEN AND BLACK ,-1.000
6546,GL11,GLOUSE GREEN AND BLACK ,549
6547,GL12,WELDING GLOUSE ,19
6548,GL14/G,GLOUSE GREEN 14 INCH ,1
6549,GL14M,G LOCK PIN 14MM,65
6550,GL2,GLOUSE BLACK ,-1.000
6551,GL2,GLOUSE BLACK ,-10.000
6552,GL270,GLOUSE GREEN 270 GRM ,42
6553,GL3,GLOUSE  BLUE AND GREY ,67
6554,GL3,GLOUSE  BLUE AND GREY ,-5.000
6555,GL3,GLOUSE  BLUE AND GREY ,-1.000
6556,GL3/G,GLOUSE GREEN ,-13.000
6557,GL300,GLOUSE GREEN 300 GRM ,39
6558,GL300,GLOUSE GREEN 300 GRM ,18
6559,GL4/BR,GLOUSE RED AND BLACK ,332
6560,GL5,GLOUSE YELLOW AND ORANGE  WALT ,128
6561,GL6,GLOUSE GRIP BLUE ,16
6562,GL7,LATHER WHITE  AND GREY GLOUSE,76
6563,GL7,LATHER WHITE  AND GREY GLOUSE,-2.000
6564,GL8,RUBBER GLOUSE HEAVY ,-16.000
6565,GL9,RUBBER GLOUSE ,2
6566,GLASS CLEANER ,GLASS CLEANER ,24
6567,GLOBAL POWER AIR COMPRESSOR 160 LTR ,GLOBAL POWER AIR COMPRESSOR 160 LTR ,1
6568,GLOUSE,GLOUSE YELLOW ,7
6569,GLW1KG,GAS LESS FLUX WIRE 1 KG -SPOOL,2
6570,GLW5KG,GAS LESS WIRE 5 KG -SPOOL,3
6571,GLX0810,GALEXY PRO CHIPPING HAMMER GLX0810,7
6572,GLX2-20,GALAXY ROTARY HAMMER DRILL GLX2-20,6
6573,GLX226,GALAXY ROTARY HAMMER DRILL 2-26,7
6574,GLX6102,GALAXY DRILL STAND GLX6102,7
6575,GLX6103,ANGLE GRINDER STAND GALAXY GLX6103,4
6576,GLX6104,ANGLE GRINDER STAND GALAXY GLX6104,1
6577,GLX801,GALAXY ANGLE GRINDER GLX-801,3
6578,GM194A,WHEEL BARROW TYPE -2 DOUBLE -0933 GM194A,1
6579,GM3001,6 AMP SAFE 3 PIN PLUG TOP ,3
6580,GM3001,6 AMP SAFE 3 PIN PLUG TOP ,-4.000
6581,GM3002,16 AMP SAFE 3 PIN PLUG TOP ,-6.000
6582,GM3017,30440 UNIVERSAL MULTI PLUG  GM3017,14
6583,GM3017,30440 UNIVERSAL MULTI PLUG  GM3017,3
6584,GM3025,30422 HOLDER GM3025,9
6585,GM3052,2 Pin Top Gm3052,-21.000
6586,GM3060,POWER STRIP 4+1(GM3060),1
6587,GM3065,30464 POWER STRIP (EXTENTION CABLE )4+1 GM3065 WHITE ,1
6588,GM3403,ALUMINIUM LADDER 6 FEET SSDS 0884,1
6589,GM345,ALUMINIUM POLE 10 FEET 0966 GM345,1
6590,GM346,ALUMINIUM POLE 20 FEET 0965 GM346,1
6591,GM347,ALUMINIUM LADDER DSSS-2 6 FEET 0969 GM347,2
6592,GM350,ALUMINIUM LADDER DSSS2 10 FEET 0972 GM350,3
6593,GM359,MULTI FOLDING LADDER 3 FEET 0738,1
6594,GM401,ALUMINIUM FRUIT PLUKER 18 FEET-0948,1
6595,GM666,ANABOND AUTOMOTIVE RTV SILICONE GASKET,1
6596,GM8001,30401 1 WAY SWITCH 6A GM8001,60
6597,GM8001,30401 1 WAY SWITCH 6A GM8001,76
6598,GM8001,30401 1 WAY SWITCH 6A GM8001,100
6599,GM8022,30405 3PIN SOCKET 6A [GM 8022]-GM,320
6600,GM8022,30405 3PIN SOCKET 6A [GM 8022]-GM,49
6601,GM8022,30405 3PIN SOCKET 6A [GM 8022]-GM,184
6602,GM8022,30405 3PIN SOCKET 6A [GM 8022]-GM,389
6603,GM8044,30412 1 WAY SWITCH GM8044,206
6604,GM8044,30412 1 WAY SWITCH GM8044,1104
6605,GM8044,30412 1 WAY SWITCH GM8044,102
6606,GM8044,30412 1 WAY SWITCH GM8044,-6.000
6607,GM8048,UNIVERSAL SOCKET 16A 30426 (GM8048 ),137
6608,GM8048,UNIVERSAL SOCKET 16A 30426 (GM8048 ),552
6609,GM8048,UNIVERSAL SOCKET 16A 30426 (GM8048 ),9
6610,GM8048,UNIVERSAL SOCKET 16A 30426 (GM8048 ),494
6611,GM8152,30431 5 IN1 UNI SS COMB[GM 8152]-GM,1
6612,GM8201,3 PIN TOP  PLUG VEDA 30423,-30.000
6613,GMESH10X3FT,GI MESH 1/2*1/2-10KG -3FT,11
6614,GMESH10X4FT,GI MESH 1/2*1/2-10KG-4FT(15 MTR ),-0.003
6615,GMESH14X3FT,GI MESH 1/2*1/2-14-3FT,12
6616,GMKLI,GINGER MANVETTY (SMALL KUNDALI ),-2.000
6617,GMS12027,WALL SCANNER BOSCH GMS12027,1
6618,GN1/4,GREASE NIPPLE 1/4 INCH ,16
6619,GN3*50/120,GREEN NET 3*50 120 GSM ,6.5
6620,GN3*50/50,GREEN NET 3*50 MTR 50 GSM ,-10.000
6621,GN3*50/80,GREEN NET 3*50 80 GSM ,-47.500
6622,GNEEDLE ,gun needle ,10
6623,GNM,GREASE NIPPLE MEDIUM ,9
6624,GNS,GREASE NIPPLE SMALL,5
6625,GOIL1,GOLDEN MACHINE OIL 1 LTR ,38
6626,GOIL10,GOLDEN MACHINE OIL 10 LTR ,3
6627,GOIL2,GOLDEN MACHINE OIL 2 LTR ,26
6628,GOIL5,GOLDEN MACHINE OIL CS 5 LTR ,-1.000
6629,GOIL5,GOLDEN MACHINE OIL CS 5 LTR ,25
6630,GP102,GLOBAL POWER  CORDLESS DRILL 12V GP102,3
6631,GP102NS,SWITCH GP102N  CORDLESS DRILL ,1
6632,GP112,GLOBAL POWER CORDLESS  DRILL 20V GP112 ,-1.000
6633,GP112,GLOBAL POWER CORDLESS  DRILL 20V GP112 ,-2.000
6634,GP120,GLOBAL VELCRO DISK 9 INCH 120,430
6635,GP12807,GP128-07 BARREL ,6
6636,GP12817,GP128-17 DRILL SLEEVE ,1
6637,GP12820,GP128-26 OIL SEAL ,7
6638,GP12837,GP128-37 NEEDLE BEARING ,5
6639,GP12848,GP128-48 BUSH NEEDLE BEARING ,1
6640,GP12856,GP128-56 LEVER ,-4.000
6641,GP12864,GP128-64 BUSH ,3
6642,GP12869,GP128-69 CAP ,1
6643,GP1322,GLOBAL ROTARY HAMMER 20MM GP1322 500W,2
6644,GP132236,GP1322-36 PISTON ,4
6645,GP132237,GP1322-37 O RING 14*3,1
6646,GP132238,GP1322-38 CYLINDER,1
6647,GP132239,GP1322-39 WRIST PIN ,2
6648,GP132249 ,GP132249 INTERMEDIATE  SHAFT ,4
6649,GP132258,BEARING SWITCH 2-26,2
6650,GP1324,GLOBAL ROTARY HAMMER 26MM GP1324 800W,1
6651,GP132445,GP1324-45 PISTON O RING 15*3,6
6652,GP132458 ,GP132458 BEARING 699,3
6653,GP132459 ,GP132459 GEAR SHIFT FORK ,3
6654,GP132460 ,GP132460 GEAR SHIFT FORK THE CIRCLIP ,3
6655,GP132604,GP1326-04 CYLINDER COVER ,1
6656,GP132615,GP1326 -15 CRANK SHAFT ,1
6657,GP132616,GP1326-16 FLAT KEY ,2
6658,GP1803,GP1803 PISTON SPRING @18,4
6659,GP1820, GP1820 SCREW M6*6,11
6660,GP1822,GP1822-BACK STOP BRACKET ,9
6661,GP1824,GP1824 Y SEAL 24 12*20,6
6662,GP1830,GP1830 ORING  OF VALVU NUT 14*1.8,3
6663,GP18K3,GP18K3 CHIEF  VALVE KIT ,3
6664,GP200A,GLOBAL  WELDING MACHINE GP200A,3
6665,GP200T,GLOBAL  WELDING MACHINE GP200T TIG ,2
6666,GP205002,O RING FOR CARWASHER GP2050,10
6667,GP205007,GP2050-07 OUTLET VALVE ,3
6668,GP205025,GP2050-25 OIL SEAL ,3
6669,GP205040 ,GP205040 PLUNGER SPRING ,14
6670,GP205041,GP2050-41 PLUNGER,3
6671,GP205042,GP2050-42 PLUNGER WEDGE ,2
6672,GP205070,MOTOR ALUMINIUM BODY GP205070,1
6673,GP2050PWV,GP2050 30 TO 38 PISTON SET WIMBLE VALVE ,1
6674,GP210041,GP2100-41 WATER SEAL ,-3.000
6675,GP210044,GP210044 PLUNGER OIL SEAL ,3
6676,GP210047,GP2100-47 PLUNGER,2
6677,GP216,GLOBAL POWER DRILLING MACHINE  WITH PUTTY MIXER 16MM ,1
6678,GP21635,GP216-35 BRUSH HOLDING CAP ONLY,3
6679,GP217,GLOBAL  POWER PAINT MIXER GP217,1
6680,GP220,GLOBAL VELCRO DISK 9 INCH 220,200
6681,GP220H,GLOBAL POWER WELDING MACHINE GP220H,5
6682,GP220H,GLOBAL POWER WELDING MACHINE GP220H,12
6683,GP25PA1.3B ,GP25PA1.3B OUTLET VALVE ASSY ,1
6684,GP25PA1.6,GP25PA1.6 Y SEAL ,-1.000
6685,GP25PA1.7,GP25PA1.7 INLET VALVE KIT ,5
6686,GP25PA2.2,GP25PA2.2 PISTON OIL SEAL ,1
6687,GP25PA2.7,GP25PA2.7PISTON KIT ,7
6688,GP25PB4,GP25PB4 THURST BEARING ,1
6689,GP25PB5,GP25PB5-WOBBLE DISC ,1
6690,GP25PC1,INNER HEXAGON SCREW GP25PC1,42
6691,GP28P19,BYPASS VALVE ASSY GP28P19,6
6692,GP28P47,O RING 22*1 GP28P47   3200W,82
6693,GP32B69,SWITCH GP32B69,5
6694,GP32P19,BY PASS VALVE ASSMELY GP32P19 AM3200N,1
6695,GP32P19N,BY PASS VALVE  AM3200N GP32P19N,-4.000
6696,GP32P33V,GP32P33 CHECK VALVE ASSY (GP6790),23
6697,GP32P45,WATER SEAL -GP32P45    3200W,-14.000
6698,GP32P45,WATER SEAL -GP32P45    3200W,58
6699,GP32P49,WATER SEAL GP32P49,92
6700,GP32P52,PISTON  ASSY GP32P52  AM3200N,9
6701,GP32P52,PISTON  ASSY GP32P52  AM3200N,3
6702,GP32P58A,OIL SEAL GP32P58A 3200W,-36.000
6703,GP32P59,MOTOR FAN GP32P59,5
6704,GP471,CHAIN GRINDER 250W GP-471,2
6705,GP6371OC,GP6371 1/4'' NPSM OUTLET CONNECTOR 7*8 TIP AND TIPGUARD GUN SET,1
6706,GP637D,TIP GASKET FOR AIRLESS SPRAY GP637D,5
6707,GP637TTK,AIRLESS SPRAY PAINTER KEY GP-637TT-517,4
6708,GP6790,GLOBAL CARWASHER  3300W 190BAR,2
6709,GP710621,GP7106-21 GEAR ,1
6710,GP7600/85,GP7600-85 OIL POINTER ,8
6711,GP7600/86,GP7600-86  O RING ,8
6712,GP7600A,GLOBAL PRESSURE WASHER 3000W GP7600A,3
6713,GP990,GLOBAL ELECTRIC AIRLESS PAINT SPREYER 1100W,1
6714,GP990,GLOBAL ELECTRIC AIRLESS PAINT SPREYER 1100W,6
6715,GP990,GLOBAL ELECTRIC AIRLESS PAINT SPREYER 1100W,-2.000
6716,GPAXE,GARDEN PICK AXE ,12
6717,GPBRH26,GLOBAL  CORDLESS  ROTARY HAMMER GPBRH-26,4
6718,GPDA100,PDA100M GEAR SET,9
6719,GPG112,GLOBAL ELECTRIC DRILL GPG112,12
6720,GPG125A,GLOBAL MARBLE CUTTER 125MM GPG125A 2400W,1
6721,GPG125A,GLOBAL MARBLE CUTTER 125MM GPG125A 2400W,1
6722,GPG180D31,GPG180D -31 MAIN SWITCH ,5
6723,GPG222,GLOBAL ROTARY HAMMER DRILL 22MM ,3
6724,GPG26,GLOBAL ROTARY HAMMER DRILL 26 MM ,7
6725,GPG415,GLOBAL BRUSH CUTTER 43CC 2 STROCK  GOLD ,1
6726,GPG4SA,GLOBAL MARBLE CUTTER 110MM GPG4SA,7
6727,GPG520,GLOBAL BRUSH CUTTER 2 STROKE GPG520,6
6728,GPG6D,GLOBAL ELECTRIC DRILL 6.5MM 430W GPG6D,3
6729,GPG6D,GLOBAL ELECTRIC DRILL 6.5MM 430W GPG6D,-1.000
6730,GPG810,GLOBAL DEMOLITION HAMMER 2200W GPG810,5
6731,GPGBTRH7,GLOBAL ROTARY HAMMER GPG-BTRH7,2
6732,GPWAC120,PWAC210 PRESSURE WASHER ORING ,49
6733,GPWAC154,GUN NOZZLE ,3
6734,GPWAC210,CARWASH ORING ,34
6735,GPWAC217,PWAC217 PRESSURE WASHER ORING ,-5.000
6736,GPWAC35,PWAC35 4 COLOUR  NOZZLE  ORIFICE 35,6
6737,GPWB80,"GLOBAL POWER AGRICULTURE WATER PUMP 3 INCH CX040,041",1
6738,GPX3200,LONG SPRAY GUN YGL-06(VOYLET3200),2
6739,GPX3200,LONG SPRAY GUN YGL-06(VOYLET3200),-1.000
6740,GR2PCS,GATE ROLLER 2 PCS NYLON SET,1
6741,GR6,GREEN ROLLER 6'',6
6742,GRD1003,E-ENDICO-SPARES-AS8 SCALE (GUIDE ROD AS),1
6743,GRD185,CRIMPING TOOL GRD 185,1
6744,GREASE,DONG CHENG GREASE ,-36.000
6745,GREASE /,GREASE  QUALITY,0.3
6746,GREASE LOOSE ,GREASE LOOSE ,-242.000
6747,GRHOSE ,GAS REGULATOR HOSE ,4
6748,GROPE ,GRIPPER ROPE PREMIUM,2
6749,GS5,"GEAR SET 5"" GRINDER",2
6750,GS8*1G,GRINDING WHEEL 8*1GREEN GC,1
6751,GSB13RE,DRILL FIELD ,2
6752,GSH2.5,KOLUTHU,99
6753,GSH5HX,BOSCH DEMOLITION HAMMER GSH5 HX 06113388F1,1
6754,GSHSSP334,1619P08789,2
6755,GSR120/M,MOTOR SPARE PARTS SET GSR120,1
6756,GSR120LI,BOSCH CORDLESS DRILL10MM EVEREST,2
6757,GSRH,GARDEN SCISSOR RED HANDLE ,-8.000
6758,GSSYB,SSYB -2.5 HHS PUMP SPARE  KI T,6
6759,GST AMOUNT,GST AMOUNT,2
6760,GST AMOUNT,GST AMOUNT,1
6761,GSTICK,GLUE STICK,63
6762,GSTPT600,"STPT600 RH GUARD 5170011-16 ,SPT500",2
6763,GSYH,GARDEN SCISSOR YELLOW HANDLE ,-8.000
6764,GT01,PICK AXE 1.5 GT01,2
6765,GT03,PICK AXE 2.5/56 KG GT03  0722,3
6766,GT1,PICK AXE 1.5/56KG,-3.000
6767,GT1,PICK AXE 1.5/56KG,1
6768,GT1,PICK AXE 1.5/56KG,1
6769,GT10,MANGO BUCKET ROUND GT-10,-18.000
6770,GT102,HAND FORK 03 PRONGS ,35
6771,GT103,HAND FORK 05 PRONGS,9
6772,GT104,GARDEN RAKE 04 TEETH,-3.000
6773,GT104,GARDEN RAKE 04 TEETH,-7.000
6774,GT104/P,KUMAR PICK AXE 3.KG GT104,5
6775,GT105,GARDEN RAKE 05 TEETH,1
6776,GT106,GARDEN RAK  05 TEETHGT106,-13.000
6777,GT114,GRASS CUTTER  GT114,82
6778,GT114,GRASS CUTTER  GT114,-1.000
6779,GT119,KUMAR MUD SHOWEL GT119,10
6780,GT119,KUMAR MUD SHOWEL GT119,5
6781,GT150,IDEAL GREASE 150 ,63
6782,GT150,IDEAL GREASE 150 ,16
6783,GT150GM,GREASE TUBE ,4
6784,GT2,PICK AXE 2.KG WITH HANDLE GT2,1
6785,GT21*24,GARDEN THOOMPA,7
6786,GT25,AXE ( KODALI )  2 KG  GT25,2
6787,GT26,ALAVANGOES 2.5 GT26,-3.000
6788,GT27,KUMAR AXE WITH HANDLE 3 KG GT27,2
6789,GT35,ALAVANGOES 2 KG  GT35,3
6790,GT3512/36,INGCO TRIMMER HEAD FOR GRASS CUTTER GT3512-SP-31-36,4
6791,GT36,ALAVANGOES 3KG  GT36,1
6792,GT38,ALAVANGOES 5.0FEET,-2.000
6793,GT49,THOTTY ARIVAL BIG ,17
6794,GT49/BT,THOTTI ARIVAL BOLT TYPE ,-23.000
6795,GT54,KUMAR KAI KODALI GT54,-1.000
6796,GT54,KUMAR KAI KODALI GT54,2
6797,GT55,PICK AXE 1. /24KG  GT55,6
6798,GT55,PICK AXE 1. /24KG  GT55,1
6799,GT62,B H KOONDALI 1.8  GT62,1
6800,GT623,BULL STAPLIER ,1
6801,GT636,SCREW DRIVER 6MM,2
6802,GT638,SCREW DRIVER 8MM,1
6803,GT640,SCREW DRIVER 10MM ,1
6804,GT722,ALAVANGOES 2.5KG  722,2
6805,GT80,LEAF KOONDALI 1.4 KG  GT80,5
6806,GTB10,GLASS AND TILE BIT 10MM,1
6807,GTR,GARDEN TRANSPLANTER  BULL,18
6808,GTR10,GI THREAD ROD 10MM,9
6809,GTR12,GI THREAD ROD GI 8MM TO 12MM ,0.86
6810,GTR6,GI THREAD ROD 6MM ,7
6811,GTR8,GI THREAD ROD GI 8MM TO 12MM ,12
6812,GTRN12,GI THREAD ROD NUT 8 TO 12 MM,1.705
6813,GTRN6, GI THREAD  ROD NUT 6MM,3.225
6814,GTRN8,GI THREAD ROD NUT 8 TO 12 MM,0.65
6815,GTS007,GTS007  PULLU VETTY ,1
6816,GUM,FEVI GUM ,7
6817,GW2,WELDING GLOVES GREEN(CWG202),-10.000
6818,GW4720,STONE,-4.000
6819,GW4X10,GRINDING WHEEL 4*10MM,247
6820,GWR3/16,WASHER GOLDEN 3/16,758
6821,GWR3/16,WASHER GOLDEN 3/16,-59.000
6822,GWR3/16,WASHER GOLDEN 3/16,327
6823,GWR3/16/1,WASHER GOLDEN 3/16KG,-11.398
6824,GWR3/16/1,WASHER GOLDEN 3/16KG,-6.100
6825,GWR5/32,GOLDEN WASHER 5/32 KG ,-6.109
6826,GWRSS1/4,SS WASHER 6MM,203
6827,GWRSS1/4,SS WASHER 6MM,98
6828,GWRSS1/4,SS WASHER 6MM,737
6829,GWRSS1/4,SS WASHER 6MM,70
6830,GWRSS1/4,SS WASHER 6MM,12
6831,GWRSS1/4,SS WASHER 6MM,11
6832,GWRSS3/8,SS WASHER 3/8,9
6833,GWRSS3/8,SS WASHER 3/8,486
6834,GWRSS3/8,SS WASHER 3/8,176
6835,GWRSS5/16,SS WASHER 5/16(8MM ),67
6836,GWRSS5/16,SS WASHER 5/16(8MM ),665
6837,GWRSS5/16,SS WASHER 5/16(8MM ),-52.000
6838,GWRSS5/16,SS WASHER 5/16(8MM ),-6.000
6839,GWS2000,ANGLE GRINDER 9 INCH BOSCH ,2
6840,GWS6100S,GWS6-100 SWITCH ,-4.000
6841,GX35,WOOD PECKER  BRUSH CUTTER 4STROKE,3
6842,GX35ABW,BC A B WASHER 4 STROCK  GX35,50
6843,GX35AF,GX35 AIR FILTER SET,5
6844,GX35C,CLUTCH 4 STROCK B/C GX35 METAL ,5
6845,GX35C,CLUTCH 4 STROCK B/C GX35 METAL ,6
6846,GX35CR/1,CARBURATER 4 STROK GX35,4
6847,GX35CR/1,CARBURATER 4 STROK GX35,130
6848,GX35CR/1,CARBURATER 4 STROK GX35,-2.000
6849,GX35FT,FUEL TANK  4 STROK GX35,7
6850,GX35GH.,GEAR HEAD 4STROCK HONDA GX35,2
6851,GX35SA,STARTER ASSY GX35 STEEL ,36
6852,GX35SP,SPARK PLUG 4 STROCK GX35,10
6853,GX45GH,GEAR HEAD FOR GX45  4 STROCK ,50
6854,GX45GS,GASKET SET  GX45 4 STROCK ,97
6855,GXRD100101,XRD100101  HYDRAULIC SHOP PRESS 6 T ,1
6856,GY10454,"GY10454 CAULKING GUN 9""",1
6857,H 4*30T 402961,TCT BLADE 4''*30T 402961,-1.000
6858,H1.5,DFS HAMMER 1.5,3
6859,H1/1,1 INCH  PVC SUCTION HOSE  ALPHAFLEX,-2.000
6860,H1/1,1 INCH  PVC SUCTION HOSE  ALPHAFLEX,-1.000
6861,H1/2,"1"" PVC SUCTION HOSE  GOLD HEAVY ",-20.000
6862,H1/2INCH,HOSE BRIDED 1/2INCHX30MTR..,2
6863,H1/2INCH,HOSE BRIDED 1/2INCHX30MTR..,-1.000
6864,H1/2X1,"1/2"" PVC COLOUR TRANSPARENT TUBE ACCENT ",18
6865,"H10""ALU",TCT SAW BLADE 10'ALUM(394431Z),1
6866,H11/2,11/2 PVC SUCTION HOSE  ELITE,1
6867,H11/2*1,HOSE COLLER 11/2*1,3
6868,H11/4*1,HOSE COLLAR 11/4*1,19
6869,H14*250P,XTRAPOWER SDS HAMMER DRILL BIT 3.5 KG ,36
6870,H1700,SPARE PARTS OF CAR WASHER MACHINE 1700 HOSE,1
6871,H17X280P,SDS CHISEL 17X280 POINT 5KG RAJ AGRO,449
6872,H17X280P,SDS CHISEL 17X280 POINT 5KG RAJ AGRO,-2.000
6873,H17X350F, FLAT BIT LONG 5 KG  17X350F ,88
6874,H17X350F, FLAT BIT LONG 5 KG  17X350F ,37
6875,H17X350F, FLAT BIT LONG 5 KG  17X350F ,-6.000
6876,H17X450,SDS MAX CHISEL 400MM,-3.000
6877,H18*600P,11E POINT BIT 18*600 YURI ,85
6878,H1HPP,HAVELLS PUMP OPEN WELL GOLDIE 1-34 1 HP ,1
6879,H1INCH,HEAVY SUCTION HOSE 1'INCH SURIYAFLEX,1
6880,H1INCH,HEAVY SUCTION HOSE 1'INCH SURIYAFLEX,2
6881,H2HPP,HAVELLS PUMP OPEN WELL  WJ2- 2HP GOLDIE J2,3
6882,H3,HINGES SUPER GOLDE 3*16,-114.000
6883,H3/1,"3""PVC SUCTION HOSE",30
6884,H3/3,"3""PVC SUCTION HOSE RANIFLEX ",-6.000
6885,H3/4,HOSE BRIDED 3/4 INCH 30MTR,5
6886,H3/4,HOSE BRIDED 3/4 INCH 30MTR,-2.000
6887,H3/4X1,GARDEN HOSE 3/4 INCH 30 MTR MUMBAI,-1.000
6888,H300*410P,FLAT BIT 300*410 POINT   RAJAGRO ,15
6889,H394431Z,HIKOKI ALUMINIUM CUTTING BLADE TCT 255 MM 394431,-4.000
6890,H394431Z,HIKOKI ALUMINIUM CUTTING BLADE TCT 255 MM 394431,6
6891,H4,STEEL HINGES SUPER PREMIUM 4*14,3
6892,H4*12T,TCT BLADE 110*20*12T,89
6893,H4*12T,TCT BLADE 110*20*12T,-3.000
6894,H4*12T,TCT BLADE 110*20*12T,14
6895,H4*40T ,TCT BLADE 4''20*40(401987Z),283
6896,H4*40T ,TCT BLADE 4''20*40(401987Z),38
6897,H4*40T ,TCT BLADE 4''20*40(401987Z),7
6898,H402770,SCREW DRIVER BIT PH2 65MM,110
6899,H402771,SCREW DRIVER BIT PH2 110M,1
6900,H41SAOR,O RING H41SA 5KG,-2.000
6901,H41SSTS,SWITCH H41SST,1
6902,H4B,CUT OFF WHEEL 9107X1X16MM)BLUE 796245Z,345
6903,H4H,PVC SUCTION HOSE 4 INCH ALPHAFLEX HEAVY ,30
6904,H4HP,PVC SUCTION HOSE 4 INCH  POLYFLEX  ,30
6905,H5,STEEL HINGES YAMA 5,4
6906,H5*12T,TCT BLADE125*20*12T,75
6907,H5*12T,TCT BLADE125*20*12T,-1.000
6908,H5*12T,TCT BLADE125*20*12T,35
6909,H5*30T,TCT BLADE 5''*30T (402962) 402962Z,93
6910,H5*30T,TCT BLADE 5''*30T (402962) 402962Z,-2.000
6911,H5*40T,TCT BLADE 5''20*40(401988Z),100
6912,H5*40T,TCT BLADE 5''20*40(401988Z),237
6913,H827P,SPRAY GUN  SUPER AUTO ,1
6914,H827P,SPRAY GUN  SUPER AUTO ,1
6915,HA1/2*3/8,1/2*3/8 BRASS CONNECTER ,1
6916,HA1/4*1/4,1/4*1/4 BRASS MALE  STRAIGHT ADAPTER,1
6917,HAD3/4X1/4,HOSE ADAPTER,3
6918,HADR,ADAPTOR,16
6919,HAMMER DRILL 2-26,HAMMER DRILL 2-26,5
6920,Handling  Charges,Handling Charges,2
6921,Handling  Charges,Handling Charges,2
6922,Handling  Charges,Handling Charges,11
6923,Handling  Charges,Handling Charges,21
6924,Handling  Charges,Handling Charges,1
6925,Handling  Charges,Handling Charges,1
6926,Handling  Charges,Handling Charges,20
6927,Handling  Charges,Handling Charges,6
6928,Handling  Charges,Handling Charges,30
6929,Handling Chargescollection,Handling Chargescollection,2
6930,HAX081600,INGCO AXE ,3
6931,HB10X10,HAMMER BIT 10X110 HITACHI,10
6932,HB10X110,HAMMER DRILL 10X110,16
6933,HB10X160,HAMMERING BIT 10X160,12
6934,HB10X160/1,HAMMER BIT 10X160,3
6935,HB10X260,HAMMERING BIT 10X260,8
6936,HB12X110,HAMMERING BIT 12X110,17
6937,HB12X160,HAMMERING BIT 12X160,8
6938,HB12X160/1,HAMMER BIT 12X160,4
6939,HB12X210,HAMMERING BIT 12X210,17
6940,HB12X260,SDS PLUS HAMMERDRILLBIT12*260-30137,11
6941,HB13X160,Hammer Drill Bullet 13*160,2
6942,HB13X160/1,HAMMER BIT 13X160,-1.000
6943,HB13X210,HAMMERING BIT 13X210,26
6944,HB14X160,HAMMERING BIT 14X160,30
6945,HB16X160,HAMMERING BIT 16X160,-3.000
6946,HB16X160/1,HAMMER BIT 16X160,14
6947,HB18*210,HAMMERING BIT 18*210,16
6948,HB20X160,20*160 SDS HILTY BIT,2
6949,HB25*450,HAMMERING DRILL BIT 25*450,20
6950,HB6*160,HAMMER DRILL BIT 6*160,345
6951,HB6*160,HAMMER DRILL BIT 6*160,8
6952,hb6.5*110,Concrete Hammer Drill 6.5,-1.000
6953,HB6X110, HAMMERING BIT 6X110  BULLET ,264
6954,HB6X110, HAMMERING BIT 6X110  BULLET ,-5.000
6955,HB6X110, HAMMERING BIT 6X110  BULLET ,-8.000
6956,HB6X110/1,HAMMER BIT 6X110,10
6957,HB7X110,7 MM HAMMER DRILL BIT(DEWESSER,58
6958,HB8X110,HAMMERING BIT 8X110,14
6959,HB8X110,HAMMERING BIT 8X110,-3.000
6960,HB8X110/1,HAMMER BIT 8X110,10
6961,HBL40SA,BLOWER RB40SA,1
6962,HC1,HOSE CLIP 1,2
6963,HC1,HOSE CLIP 1,-2.000
6964,HC1,HOSE CLIP 1,-35.000
6965,HC1/2,1/2INCH PVC HOSE CONNECTOR ammus,-4.000
6966,HC1/2,1/2INCH PVC HOSE CONNECTOR ammus,-18.000
6967,HC1/2,1/2INCH PVC HOSE CONNECTOR ammus,98
6968,HC1/2,1/2INCH PVC HOSE CONNECTOR ammus,2
6969,HC1/2,1/2INCH PVC HOSE CONNECTOR ammus,-13.000
6970,HC1/2,1/2INCH PVC HOSE CONNECTOR ammus,-7.000
6971,HC1/2,1/2INCH PVC HOSE CONNECTOR ammus,-77.000
6972,HC1/2X8,1/2X8MM HOSES COLLAR FEMALE,15
6973,HC11/2,HOSE CLIP 1 1/2,34
6974,HC11/2,HOSE CLIP 1 1/2,-8.000
6975,HC11/4,HOSE CLIP 11/4 32MM ,47
6976,HC2,HOSE CLIP 2 INCH ,30
6977,HC2,HOSE CLIP 2 INCH ,-5.000
6978,HC2,HOSE CLIP 2 INCH ,-1.000
6979,HC2*50,HOSE COLLER 2 INCH 50MM,6
6980,HC2*50,HOSE COLLER 2 INCH 50MM,-5.000
6981,HC21/2,HOSE CLIP 21/2,11
6982,HC3,HOSE CLIP 3 INCH,4
6983,HC3,HOSE CLIP 3 INCH,-4.000
6984,HC3/4,HOSE CLIP 3/4 INCH,49
6985,HC3/4,HOSE CLIP 3/4 INCH,-2.000
6986,HC3/4,HOSE CLIP 3/4 INCH,46
6987,HC3/4,HOSE CLIP 3/4 INCH,127
6988,HC7SS,HOUSING-C7SS,2
6989,HC9,HOLDER CAP ,19
6990,HCA,HEDGE SCISSOR A KNPLY,1
6991,HCATR58,CARBORATOR COPPER 58CC ,1
6992,HCB,HEDGE SCISSOR  B,3
6993,HCC2022,HCC ROTARY HAMMER DRILL 22 MM HCC-2022 1YEAR WARRENTY ,5
6994,HCC8631,CLOTH BAG HCC8631-49,1
6995,HCC863149,HCC8631-49 DUST HOSE 2M ,7
6996,HCC903603,HCC9036-03 SWITCH ,3
6997,HCC9126,GLOBAL HCC ANGLE GRINDER 125MM 1600W HCC9126,3
6998,HCC9533,GLOBAL HCC ANGLE GRINDER 850W HCC9533M,3
6999,HCC9536,GLOBAL HCC ANGLE GRINDER 100MM850W HCC9536,4
7000,HCC9547,GLOBAL ANGLE GRINDER 100MM 1020W  HCC9547 HCC,1
7001,HCH1,HOSE CLIP HEAVY ,-6.000
7002,HCH1,HOSE CLIP HEAVY ,-59.000
7003,HCH1*1,HOSE COLLER 1*1,7
7004,HCH1/2,HOSE CLIP 1/2INCH  OO JOLLY ,9
7005,HCH1/2/1,HOSE CONNECTOR ,6
7006,HCH11/2,HOSE CLIP 11/2 INCH HEAVY ,5
7007,HCH11/2X11/2,11/2X1 1/2 HOSE COLLER ,5
7008,HCH11/2X11/2,11/2X1 1/2 HOSE COLLER ,-2.000
7009,HCH11/4*1,HEAVY HOSE CLIP ,118
7010,HCH2,HEAVY HOSE CLIP  JOLLY,-7.000
7011,HCH20,COMBINATION SPANNER 20MM H,20
7012,HCH25,COMBINATION SPANNER 25MM H ,15
7013,HCH26,COMBINATION SPANNER 32MM H ,5
7014,HCH3,HOSE CLIP 3INCH JOLLY ,13
7015,HCH3/4,"HOSE CLIP 34/"" 100S/OX&O JOLLY ",30
7016,HCH32,COMBINATION SPANNER 32MM H,3
7017,HCH6,COMBINATION SPANNER 6MM H,27
7018,HCH6001,6001 BEARING,10
7019,HCH6002,6002 BEARING,6
7020,HCH6003,6003 BEARING,28
7021,HCH605,Bearing 605zzchina,1
7022,HCH606,Bearing Hch 606,8
7023,HCH607,Ball Bearing,6
7024,HCH608,beBEARING HCH608,24
7025,HCH609,hch 609 bearing ,-8.000
7026,HCH6200,6200 BEARING,3
7027,HCH62001,Bearing Hch 62001,2
7028,HCH6201 ,HCH6201 BEARING ,-3.000
7029,HCH6202,bearing ,2
7030,HCH6204,6204 BEARING,16
7031,HCH6205,BALL BEARING 6205,3
7032,hch625,625 BEARING,70
7033,HCH626,626 BEARING,34
7034,HCH627,627 BEARING,26
7035,HCH628,Bearing Hch628,34
7036,HCH629,629 BEARING,10
7037,HCH6302,BEARING 6302,56
7038,HCH6304 ,HCH6304 BEARING ,22
7039,HCH6306,6306 BEARING,12
7040,HCH698,HCH698 BEARING ,130
7041,HCH7,COMBINATION  SPANNER 7MM H ,9
7042,HCH9,COMBINATION SPANNER 9MM H ,16
7043,HCLSL,FACE SHIELD VISOR SL ,420
7044,HCLSL,FACE SHIELD VISOR SL ,-1.000
7045,HCLSL,FACE SHIELD VISOR SL ,6
7046,HCN1/2,"HOSE CONNECTOR 1/2""",-832.000
7047,HCN1/2,"HOSE CONNECTOR 1/2""",4
7048,HCN1/2,"HOSE CONNECTOR 1/2""",-3.000
7049,HCN1/2,"HOSE CONNECTOR 1/2""",-531.000
7050,HCN1/2,"HOSE CONNECTOR 1/2""",-17.000
7051,HCN3/4,"PVC NOZZLE 3/4""",14
7052,HCO,CAN OPENER,2
7053,HCR1,HOSE COLLER 1 INCH ,10
7054,HCS11/4,HYDRAULIC COUPLER STANDARD HC 11/4,23
7055,HD110*8(796159),DIAMOND BLADE 110*9*8MM(796159),9
7056,HD1R,RENTAL HAMMER DRILL,35
7057,HD4HS,SPARK PLUG ,2
7058,HD555,VARIABLE SPEED HAMMER DRILL 550W 13MM HD555 black and decker ,3
7059,HDE007 POWRAN,HDE007 POWRAN,18
7060,HDE014 ,HDE014 POWER ,6
7061,HE226,HECTIC HAMMERDRILL 2-26 900W HE2-26,1
7062,HE250,HEATING ELEMENT 250 HB,10
7063,HE250HB,HEATING ELEMENT 250HB F,5
7064,HE300,HEATING ELEMENT 300 HB,10
7065,HE400,HEATING ELEMENT 400 HB,5
7066,HEPPA,HEPPA,1
7067,HF2P,HAND FORT 02 PRONGS M/H,30
7068,HF4P,HAND FORT 04 PRONGS ,18
7069,HF4P,HAND FORT 04 PRONGS ,-2.000
7070,HF5P,HAND FORK 05 PRONGS ,5
7071,HF5P,HAND FORK 05 PRONGS ,-4.000
7072,HF6P,HAND FORT 06 PRONGS ,25
7073,HFS001,HEALTH FAUSET ,8
7074,HG,DW801 BEARING HOLDE R,4
7075,HG12,TRIGGER GUN HG12,-4.000
7076,HG12,TRIGGER GUN HG12,-4.000
7077,HG12,TRIGGER GUN HG12,154
7078,HH11/4*3/4,hose clip heavy ,5
7079,hh11/4x1,hose clip heavy ,15
7080,hh11/4x1,hose clip heavy ,1
7081,HH28MM,HANDLE HOLDER  FORM 28MM  BRUSHCUTTER ,20
7082,HHC1/2,JOLLY HOSE CLIP SS 1/2 INCH OO,79
7083,HHRG,HOUSE HOLD RUBBER GLOUSE ,95
7084,HI LIGHTER ,HI LIGHTER ,1
7085,HI TECH SERVICE ,HI TECH SERVICE ,1
7086,HI374070,ORING 23 4*3.5 374070,12
7087,HI374070,ORING 23 4*3.5 374070,2
7088,HI374098,CARBON BRUSH H41SST374098,3
7089,HI796940,COMBINATION PLIER 796940,2
7090,HIAG200,ADJUSTABLE WRENCH 200MM 796944,1
7091,HIC58,IGNITION COIL 58CC ,2
7092,HID10A,10MM DRILL 400W HID10A,10
7093,HIL01C,NYLON TRIMMER SQUARE LINE2.4X15MM HIL01C,6
7094,HILO2C,NYLON TRIMMER SQUARE LINE2.4X15MM HIL01C,1
7095,HK0810,BEARING HK 0810,2
7096,HK220A,WELDING GENERATER  4. KH  220A GLOBAL ,1
7097,HK220AFT,WELDING GENERATER FUEL TANK HK220A,1
7098,HK220AP,WELDING GENERATER  PANEL FOR HK220A,1
7099,HK3BRG,HEAVY KAPPI 5*3/4 3MM DP BRG ,2
7100,HK6*1/2T,HEAVY KAPPI 6*1 2TON ,2
7101,HKISSD12101,INGCO 10 PCS 1/2 INCH IMPACT SOCKET SET ,6
7102,HKIT,HKIT,2
7103,HKM,K DIGNITY CORD WIRE 3MTRS (BLACK ),168
7104,HKM,K DIGNITY CORD WIRE 3MTRS (BLACK ),108
7105,HKM.,CORD WIRE 3MTRS (BLACK ),164
7106,HKM.,CORD WIRE 3MTRS (BLACK ),-21.000
7107,HKM/5,CODE WIRE 5 MTR EVEREST ,184
7108,HKMK34,HALF MANVETTY 34 INCH ,9
7109,HKMK36,HALF  MANVETTY  36 INCH ,25
7110,HKMK40,HALF MANVETTY 40 INCH ,17
7111,HKMK48,HALF MANVETTY 48 INCH ,3
7112,HKMK9,HALF MANVETTY BEND .9,5
7113,HKSD0248,INGCO 2 PCS SCREW DRIVER SET ,1
7114,HKSH,KALAVEESHI HEAVY ,2
7115,HKSPA1088,INGCO COMBINATION SPANNER SET ,1
7116,HKSPA3088,INGCO OFFSET RING SPANNER SET ,4
7117,HKTS0243,INGCO 24 PCS 1/2 INCH SOCKET SET ,4
7118,HKTS12101,INGCO  10 PCS 1/2 INCH SOCKET SET ,3
7119,HL4,FESTAL A TYPE LADDER 4 STEP HEAVY ,1
7120,HLF150," LAMINATED FABRIC ROLL YELLOW,RED ,BLUE ",53.261
7121,HLM10X8,HYLAM SHEET 10X8,33
7122,HLM8X4,HYLAM 8X4,97
7123,HLM8X4,HYLAM 8X4,13
7124,HLM8X6,HYLAM 8*6,200
7125,HLM8X6,HYLAM 8*6,14
7126,HLPEN ,HIGH LIGHTER PEN ,21
7127,HM0810T/1,K-LASERTECH -SPARES 0810T TOOL HOLDER  SMALL ,3
7128,HM18',HIMAX CHAIN 18 INCH ,69
7129,HM4SA.,HIWALT MARBLE CUTTER 4 INCH CM4SA,19
7130,HMC11,HOLE MOTILE CHISEL 11MM,2
7131,HMC12.7,HOLE MOTILE CHISEL 12.7MM ,6
7132,HMC14,HOLE MOTILE CHISEL 14MM,6
7133,HMC16,HOLE MOTILE CHISEL 16MM ,4
7134,HMC19,HOLE MOTILE CHISEL 19MM ,5
7135,HMCM5A,HITMIN MARBLE CUTTER HMCM5A,5
7136,HMD6A,HITMIN SCREW DRILL 6.5 HMD6A 320W,6
7137,HMDH20A,HIKOKI HAMMER DRILL HMDH20A,2
7138,HMDV13A,HITMIN IMPACT DRILL -HMDV13AS9,4
7139,HMG10A,ANGLE GRINDER -HMG10AS9,1
7140,HMHKS,ALLENKEY SET MEGA (7 PCS ),-2.000
7141,HMRB30,BLOWER HITMIN HMRB30AS9,3
7142,HN1,HOSE CONNECTER 1 INCH ,-6.000
7143,HN1,HOSE CONNECTER 1 INCH ,37
7144,HN1,HOSE CONNECTER 1 INCH ,-19.000
7145,HN1*3/4,PVC HOSE CONNECTER 1*3/4,4
7146,HN1*3/4,PVC HOSE CONNECTER 1*3/4,9
7147,HN1*3/4,PVC HOSE CONNECTER 1*3/4,-1.000
7148,HN1/2,HOSE CONECTOR,89
7149,HN1/2,HOSE CONECTOR,-46.000
7150,HN11/2,HOSE CONNECTER 1 1/2 INCH ,39
7151,HN11/4,HOSE CONNECTER 11/4,19
7152,HN11/4,HOSE CONNECTER 11/4,-5.000
7153,HN11/4X1,"11/1"" HOSE CONNECTER",5
7154,HN2,HOSE CONNECTER 2 INCH ,40
7155,HN3,HOSE CONNECTER 3 INCH PVC ,5
7156,HN3/4,3/4' HOSE CONNECTER,28
7157,HN3/4,3/4' HOSE CONNECTER,40
7158,HN3/4,3/4' HOSE CONNECTER,15
7159,HN3/4,3/4' HOSE CONNECTER,-39.000
7160,HN3/4X1/2,HOSE CONNECTER 3/4*1/2,5
7161,HN3/4X1/2,HOSE CONNECTER 3/4*1/2,67
7162,HN3/4X1/2,HOSE CONNECTER 3/4*1/2,90
7163,HNH1,HEAVY HOSE CONNECTER ,20
7164,HOSE COLLAR,HOSE COLLAR,2
7165,HOSECOLLAR,HOSE COLLAR 3 INCH ,-1.000
7166,HOSECOUPLING,"CI COUPLING 3""",3
7167,HP12MM,HOLE PUNCH 12MM  RAJ ,3
7168,HP18MM,HOLE PUNCH 18MM  RAJ ,1
7169,HP20MM,HOLE PUNCH 20MM   RAJ ,2
7170,HP22MM,HOLE PUNCH 22MM  RAJ ,3
7171,HP24MM,HOLE PUNCH 24MM  RAJ ,3
7172,HP6MM,HOLE PUNCH 6MM,3
7173,HP8MM,HOLE PUNCH 8MM RAJ ,-3.000
7174,HPS200,P B SEALER HPS 200 ECO,1
7175,HPS250,SEALER HPS 250 ECO,1
7176,HPS300,SEALER HPS 300,1
7177,HPS400,SEALER HPS 400,2
7178,HPS500,P B SEALER BOSS 500HB ,2
7179,HPS600,P B SEALER BOSS 600 HB,2
7180,HPX3200,RUBBER HOSE  15MM BOTH SIDE 1860 10MTR,2
7181,HQ180,DWS 180 SPEED CONTROLLER DW 180 SC,1
7182,HQTHP11651,INGCO 165 PCS DRILL KIT HKTHP11651,2
7183,HR03,BULLET HAND RIVERTER ORANGE 255MM  10 INCH ,-1.000
7184,HR03,BULLET HAND RIVERTER ORANGE 255MM  10 INCH ,9
7185,HR03,BULLET HAND RIVERTER ORANGE 255MM  10 INCH ,-2.000
7186,HR05,HAND RIVERTER BLUE ,21
7187,HR05/D,BULLER HAND RIVERT GUN HR05,3
7188,HR105,TAPARIA RIVERTER GUN HR105,18
7189,HR2020,MAKITA ROTARY HAMMER DRILL HR2020,1
7190,HR2020C,CAP HR2020 2862634,1
7191,HR2020CAP,HR2020 CAP 35 MAKITA 2862634,1
7192,HR2020CC,CHUCK COVER  HR2020,1
7193,HR2020CC,CHUCK COVER  HR2020,1
7194,HR2020CS,CONICAL COMP SPRING HR2020,1
7195,HR2020GW,GUIED WASHER HR2020,1
7196,HR2020PR,PISTON CYLINDER FOR HR2020 317517-9,1
7197,HR2020R,RING 21 FOR HR2020,1
7198,HR2470P,PISTON CYLINDER FOR HR2470,1
7199,HR2470S,SWITCH HR2470 650589-4,1
7200,HR2810,RING SPRING HR2810 ,1
7201,HRGS,POP RIVET GUN RED ADN SILVER,1
7202,HRT,HAND REBAR TIE ,2
7203,HS.5*2,HINGES .5*2,25
7204,HS1*3,HINGES 1*3,-50.000
7205,HS1*4,HINGES,24
7206,HS1.25*3,HINGES1.25*3,24
7207,HS1.5*3,HINGES 1.5*3,17
7208,HS1.5*4,HINGES 1.5*4,40
7209,HS1.5*4,HINGES 1.5*4,26
7210,HS1.5INCH,HINGES SQUARE 1.5 INCH ,22
7211,HS1/2*2,HINGES 1/2*2,-5.000
7212,HS1/2*5,HINGES,13
7213,HS1/4*5,HINGES,2
7214,HS100KG,HAND SCALE 100KG,3
7215,HS11/4*3,HINGES,-7.000
7216,HS18,BULLET HAND SAW 18INCH WOOD HANDLE ,44
7217,HS1INCH,HINGES SQUARE 1INCH ,13
7218,HS2*3,HINGES 2*3,50
7219,HS2*4,HINGES 2*4,3
7220,HS2INCH ,HINGES SQUARE 2 INCH ,1
7221,HS3*16,HINGES STAIN BRUSH 3*16,34
7222,HS3*16/1,SKT HINGES 3*16 ,96
7223,HS3/4*3,HINGES,-12.000
7224,HS4*14,HINGES STAIN BRUSH 4*14,19
7225,HS5*12,HINGES STAIN BRUSH 5*12,20
7226,HS5*2,HINGES.5*2,22
7227,HS5/8*21/2,HINGES 5/8*21/2,-4.000
7228,HS75*3,HINGES 75*3,12
7229,HSAB,HOLDER A 4 STROKE [228],1
7230,HSAFL,AIR FILTER URET/HUSQVARNA,4
7231,HSBN,BLADE NUT HUSQVARNA,1
7232,HSC18,HUSQUVARAN CHAIN FOR CHAINSAW ,10
7233,HSCW12,HOSE SAMSON CAR WASHING 12MM,75
7234,HSDB,HAMMERING SCREW DRIVER BIG ,10
7235,HSDM,HAMMERING SCREW DRIVER MEDIUM ,10
7236,HSDPH0075,INGCO PHILIPPS SCREW DRIVER ,36
7237,HSFFL,FUEL FILTER HUSQVARNA,1
7238,HSFL,FILTER HUSQVARNA,8
7239,HSICO12,EBTALI AGRICULTURL SPRAYER 2IN1,1
7240,HSL4.8,FILE 4.8 HUSQUARNA,-97.000
7241,HSL4.8,FILE 4.8 HUSQUARNA,-6.000
7242,HSL5.2,FILE 5.2 HUSQUARNA ,2
7243,HSLL,HOT SHOT LAVA LIGHTER ,-6.000
7244,HSP1.5/32*25,HAVELLS SUBMERSIBLE PUMP 1.5 HP OPEN WELL N1.5-48  32*25,1
7245,HSPB,BUBBLE (PETROL BULB)[280],4
7246,HSQ531(33.5CC),"HUSQV .BRUSH CUTTER 531 ENG :20235011441,PIPE :-20241001329",1
7247,HSS10MM,DRILL BIT 10MM IMP (HSS),13
7248,HSS4241,METRO JAS  MICRO DRILL  BIT SET,2
7249,HSSK,HEXAGON SOCKET SCREW KEY,43
7250,HSSR,PLANNER BLADE RED,3
7251,HST250G,ATCO CLAW HAMMER STANLY TYPE 250G,1
7252,HST500G,ATCO CLAW HAMMER STANTLY TYPE 500G,1
7253,HSTG,TANK GROMMET HUSQVARNA,2
7254,HT1,SCREW DRIVER SET ,2
7255,HT220,HECTIC HAMMERDRILL 2-20 800W HT2-20,10
7256,HTAR,HEDGE TRIMMER ATTACHEMENT RAJ ARO ,8
7257,HTBG281328,INGCO TOOL BOX 13 INCH HTBG281328,10
7258,HTBG281628,INGCO CORDLESS COMBO KIT ,-2.000
7259,HTBG281628,INGCO CORDLESS COMBO KIT ,1
7260,HTBG281628B,INGCO TOOL BAG  HTBG281628,7
7261,HTBP02031,INGCO TOOL BAG ,-6.000
7262,HTBP02031,INGCO TOOL BAG ,4
7263,HTBP020328,INGCO TOOL BAG 3 PCS SET ,1
7264,HTBS ,ZEYANG HADGE TRIMMER BATTERY OPERATED SINGLE SIDE ,-1.000
7265,HTD1/4,HSS DRILL BIT 1/4,4
7266,HTQC03,TUQO WASH BRUSH 1/4 INCH QUICK PLUG ,2
7267,HUSCA,COVER ASSY/HUSQVARNA,1
7268,HUSG/2,GASKET HUSQVARNA ,1
7269,HUSQBC,BC CLUTCH ,11
7270,HUSQBCS,BC SILENCER PACKING FOR HUSQ,10
7271,HUSQC,CARBURATOR HUSQ,2
7272,HUSQC4,CARBURATOR 4 STROCK SATHYA AGRO ,24
7273,HUSQCL,HUSQ .CLUTCH ASSY 501,22
7274,HUSQCR,CARBURATER HUSQ ,4
7275,HUSQDS,DRIVE SHAFT SATHYA AGRO ,2
7276,HUSQG,GASKET HUSQ,2
7277,HUSQG2,GASKET CARB HUSQ ,2
7278,HUSQGH28,GEAR HEAD 28MM HUSQ,2
7279,HUSQGT,INSULATOR GASKET ,2
7280,HUSQH,HOLDER HUSQ ,1
7281,HUSQHB,HOLDER  B HSQ ,1
7282,HUSQHC, BC HANDLE WITH CABLE ASSY ,12
7283,HUSQNB,NEEDLE BEARING FOR BC HUSQ ,25
7284,HUSQNRVV,NRV CHECK VALVE AC ,6
7285,HUSQPVA,PLATE VALVE ASSY HUSQ  COMPRESSOR ,3
7286,HUSQRV,REED VALVE FOR HUSQ,30
7287,HUSQS,SWITCH HUSQ ,3
7288,HUSQSA,STARTER ASSY 502 588541502 HUSQ ,1
7289,HUSQSP,SPARK PLUG HUSQU .,10
7290,HUSQWW,BC WAVE WASHER HUSQ ,24
7291,HUSTG,TANK GROMMET 2 STROKE 444,2
7292,HV365/18,"BAR 18""",-3.000
7293,"HV4""","TIGER 4"" HAND VICE HEAVY DUTY ",1
7294,HVLP,SPRAY GUN  GERMANY IRON ,1
7295,HW110A,ELECTRIC DRILL MACHINE 10MM HIWALT HW110A ,-1.000
7296,HW16,"HIWALT CHAIN16"" ",4
7297,HW1800,TUQO CARWASHER HW1800,1
7298,HW2000,TUGO HIGH PRESSURE WASHER HW2000 1700W/140BAR,8
7299,HW2020,TUQO HIGH PRESSURE WASHER HW2020,10
7300,HW2020,TUQO HIGH PRESSURE WASHER HW2020,1
7301,HW2050,"TUQO HIGH PRESSURE WASHER HW2050 , 2200W, 150BAR",4
7302,HW801,HIWALT-ANGLE GRINDER 4INCH -HW-801,36
7303,HWG01,WASHING GUN HWG01,6
7304,HXGW4P,"K-HIMAX-CHAINSAWGRINDING  WHEEL 4""-PINK",6
7305,HYL,HYlighter,-1.000
7306,IBELL1550, IBELL CAR WASHER MACHINE WIND 66 (84798950),2
7307,IBELL1800/G, IBELL CAR WASHER MACHINE WIND 79 (1800W),1
7308,IBELL1800/G, IBELL CAR WASHER MACHINE WIND 79 (1800W),-1.000
7309,IBELL1800N,SPRAY NOZZLE 1800W ,2
7310,IBELL1900G,79 PRO SPRAY GUN  1900W,2
7311,IBELL1900G,79 PRO SPRAY GUN  1900W,1
7312,IBELL2800, IBELL CAR WASHER MACHINE  WIND 280,1
7313,IBL1030,T MARBLE CUTTER MC 10-30,1
7314,IBL10M,HAMMER BIT ,4
7315,IBL12M,HAMMER BIT ,5
7316,IBL13*13,IBELL CHUCK ,-1.000
7317,IBL1400,CAR WASHER MACHINE WIND,-1.000
7318,IBL1618,ELECTRIC CHAIN SAW IBLEC1618,2
7319,IBL1618,ELECTRIC CHAIN SAW IBLEC1618,2
7320,IBL2058CS,GASOLINE CHAINSAW 58CC WITH 20',1
7321,IBL2058CS,GASOLINE CHAINSAW 58CC WITH 20',1
7322,IBL260IP,IBELL CARWASHER 260 INLET PIPE ,5
7323,IBL2642BC, GASOLINE BRUSH CUTTER 2642 PRO,5
7324,IBL3.5P,ibell bit 3.5kg,9
7325,IBL300HO,300 HOSE  ORING ,2
7326,IBL4326 SERVICE,GASOLINE BRUSH CUTTER 4326 BC,1
7327,IBL4326BC,T GASOLINE BRUSH CUTTER 2  STROKE IBL4326BC PH SECTION OCHIRA,1
7328,IBL4326BC,T GASOLINE BRUSH CUTTER 2  STROKE IBL4326BC PH SECTION OCHIRA,2
7329,IBL4328BC,IBELL BRUSH CUTTER  2STROKE IBL4328BC,4
7330,IBL62CC,T GAOSOLIN  CHAINSAW 62CC IBL 6218CS,1
7331,IBL750BR,I GREEN 750 BASEROD ,5
7332,IBL750BR,I GREEN 750 BASEROD ,5
7333,IBL750K,I GREEN 750 KEY ,2
7334,IBL750OS,I GREEN 750 OIL SEAL ,-2.000
7335,IBL750S,I GREEN 750 SWITCH ,1
7336,IBL750WS,I GREEN 750 WATER SEAL ,46
7337,IBL750WSV,I GREEN 75 WATER SEAL VICE ,4
7338,IBL790IV,I GREEN 790 INLET VALVE ,30
7339,IBL790OV,I GREEN 790 OUTLET VALVE ,30
7340,IBL79H,RUBBER HOSE 5 MTR,1
7341,IBL8M,HAMMER BIT ,5
7342,IBL99G,SPARE PARTS OF SPREY GUN 9909,1
7343,IBLAD2010,IBELL  COMPRESSED AIR DUSTER IBLAD2010,2
7344,IBLAG1006,IBELL ANGLE GRINDER 1100W  ,6
7345,IBLAG1068,T ANGLE GRINDER IBLAG1068 650W,6
7346,IBLAG1070,IBELL  ANGLE GRINDER IBL AG1070 850W,18
7347,IBLAG1072,IBELL ANGLE GRINDER IBL10-72  1050W,3
7348,IBLAG1072,IBELL ANGLE GRINDER IBL10-72  1050W,2
7349,IBLAG1092,T ANGLE GRINDER 850W IBL AG10-92,17
7350,IBLAG1568,IBELL ANGLE GRINDER 680W 4' IBLAG1568,6
7351,IBLAG1570,IBELL ANGLE GRINDER  850W 4' IBLAG1570,5
7352,IBLAG2025,IBELL CORDLESS GRINDER WITH BATTERY &CHARGER ,6
7353,IBLAG2550,IBELL ANGLE GRINDER 1400W 4' IBLAG2550,5
7354,IBLBA2025,CORDLESS ANGLE GRINDER  NO  BATTERY CHARGER  IBLBA20-25,1
7355,IBLBALL5KG,DH78 STEEL BALL 7-93,8
7356,IBLBB2030,IBELL CORDLESS BRUSHCUTTER IBLBB2030,7
7357,IBLBB2060,IBELL CORDLESS BRUSH CUTTER with battery &charger double IBLBB2060,3
7358,IBLBC6942,CORDLESS CIRCULAR SAW IBL BC 6942,1
7359,IBLBC6942,CORDLESS CIRCULAR SAW IBL BC 6942,1
7360,IBLBD2080,IBELL CORDLESS IMPACT DRILL WITH BATTERY & CHARGER ,1
7361,IBLBH2247,IBELL CORDLESS ROTARY HAMMER WITH BATTERY AND CHARGER 20V,1
7362,IBLBJ2965,CORDLESS JIGSAW IBL BJ 2965,2
7363,IBLBM1860,CORDLESS IMPACT DRILL BRUSH LESS IBL 1860 20V,3
7364,IBLBP3230,IBELL CORDLESS PRUNING SHEAR IBL BP 3230,2
7365,IBLBP3230,IBELL CORDLESS PRUNING SHEAR IBL BP 3230,1
7366,IBLBR2048,IBELL CORDLESS RECIPROCATING SAW IBLBR2048,1
7367,IBLBR4/B,IBELL BRUSH CUTTER BATTERY 4.A,6
7368,IBLBR4/B,IBELL BRUSH CUTTER BATTERY 4.A,-1.000
7369,IBLBRY2.0,T OPS BATTERY 2.0AH,1
7370,IBLBRY2.0,T OPS BATTERY 2.0AH,12
7371,IBLBRY2.0,T OPS BATTERY 2.0AH,3
7372,IBLBRY2.0,T OPS BATTERY 2.0AH,3
7373,IBLBRY2/1,IBELL 2 AH BATTERY,2
7374,IBLBRY4.0,T OPS BATTERY 4.0 AH,4
7375,IBLBRY4.0,T OPS BATTERY 4.0 AH,-2.000
7376,IBLBRY4.0,T OPS BATTERY 4.0 AH,11
7377,IBLBRY4.0,T OPS BATTERY 4.0 AH,7
7378,IBLBS0306,IBELL SMART CORDLESS SCREW DRIVER IBL BS03-06,3
7379,IBLBS2008,IBELL CORDLESS CHAINSAW 8INCH WITH 4.AB&C IBLBS2008,4
7380,IBLBS2012,IBELL CORDLESS CHAINSAW WITH BATT.&CHER. 4 AH,-1.000
7381,IBLBS2012,IBELL CORDLESS CHAINSAW WITH BATT.&CHER. 4 AH,4
7382,IBLBW1000,IBELL CORDLESS IMPACT WRENCH WITH BATTERY &CHARGER,1
7383,IBLBW2032,IBELL  CORDLESS WRENCH IBLBW20-32 WITH BATTERY &CHARGER,1
7384,IBLBW2050, IBELL CORDLESS WRENCH IBLBW20-50 WITH BATTERY &CHARGER,4
7385,IBLC65W, T OPS CHARGER 3.0A,4
7386,IBLC65W, T OPS CHARGER 3.0A,3
7387,IBLC65W, T OPS CHARGER 3.0A,8
7388,IBLC65W/1,IBELL CHARGER ,2
7389,IBLCA1295,CAR TYRE INFLATOR IBLCA12-95,-1.000
7390,IBLCA1297,T CAR TYRE INFLATOR IBLCA1297,1
7391,IBLCA1298,T CAR TYRE INFLATOR IBL CA 1298,1
7392,IBLCB1518,CORDLESS BLOWER CB15-18,4
7393,IBLCB2068,IBELL CORDLESS BLOWER IBLCB2068,5
7394,IBLCB3078.,IBELL CORDLESS BRUSH CUTTER IBLC83078,2
7395,IBLCC4038, T CONCRETE CUTTER IBLCC4038,1
7396,IBLCD1274,"IBELL CORDLESS DRIVER DRILL IBL CD12-74,  12V",4
7397,IBLCD1274/L,CORDLESS DRIVER DRILL IBL CD12-74,2
7398,IBLCD1274B,IBELL CORDLESS DRILL BACTORY,1
7399,IBLCD2030,IBELL CORDLESS WITH BATERY & CHARGER 2.A IBLCD2030,5
7400,IBLCD2030,IBELL CORDLESS WITH BATERY & CHARGER 2.A IBLCD2030,1
7401,IBLCF2405,IBELL CORDLESS PORTABLE FAN IBLCF2405,2
7402,IBLCH2010,T OPS CORDLESS ROTARY HAMMER DRILL IBLCH2010,3
7403,IBLCM3524,IBELL CUT OFF MACHINE IBLCM35-24,-1.000
7404,IBLCM3524,IBELL CUT OFF MACHINE IBLCM35-24,1
7405,IBLCM3543,"IBELL CUTOFF MACHINE IBLCM35-43,  2400W",2
7406,IBLCP8018,IBELL CAR POLISHER IBL CP8018,1
7407,IBLCS1856,T GASOLINE CHAIN SAW IBL1856,1
7408,IBLCS8571,"IBELL CIRCULAR SAW IBLCS85-71,   1400W",2
7409,IBLCV1299,IBELL CAR VACCUM CLEANER IBLCV12-99,1
7410,IBLCV3548," IBELLCONCRETE VIBRATOR IBLCV35-48 , 18000W",1
7411,IBLCV3548," IBELLCONCRETE VIBRATOR IBLCV35-48 , 18000W",4
7412,IBLCV5081,CONCRETE VIBRATOR WITH 35MM X 1.5MTR  1050W,1
7413,IBLDDC25L,AIR COMPRESSOR 2HP 25L IBL DDC25L,2
7414,IBLDDC50L,IBELL AIR COMPRESSOR 2HP50L-COPPER WIRE IBLDDC50L,4
7415,IBLDH1078,IBELL  DEMOLITION HAMMER IBL DH 1078  1150W 5KG,8
7416,IBLDH1078/H,T DEMOLITION HAMMER IBL DH 1078  1150W,1
7417,IBLDH2030,DEMOLITION HAMMER IBLDH20-30 1300W 6.5KG,2
7418,IBLDH4520,IBELL DEMOLISHING HAMMER IBL DH45-20  1500W,3
7419,IBLDH4566,IBELLDEMOLITION HAMMER 4566  11E 1500W ,6
7420,IBLDM12002,IBELL LASER DISTANCE METER IBLDM120-02,2
7421,IBLDM6002,LASER DISTANCE METER IBL DM 6002,1
7422,IBLDM7003,IBELL LASER DISTANCE METER IBLDM7003,2
7423,IBLDS2580,"T DRY WALL SANDER IBLDS25-80 9"" IBELL",2
7424,IBLDS8070,IBELL DRY WALL SANDER DS8070,2
7425,IBLEB6069,IBELL ELECTRIC BLOWER IBL EB60-69,14
7426,IBLED0691,IBELL ELECTRIC DRILL 10MM IBL ED06-91 400W,2
7427,IBLED1030, T ELECTRIC DRILL 10MM IBLED1030  500W,16
7428,IBLEP8258,"ELECTRIC PLANER  IBLEP82-58,  580W",1
7429,IBLFS8720,T FINISHING SANDER IBL F87-20 IBELL,1
7430,IBLFS8720,T FINISHING SANDER IBL F87-20 IBELL,4
7431,IBLGG3001,T ELECTRIC GLUE GUN IBL GG3001,2
7432,IBLGG3001,T ELECTRIC GLUE GUN IBL GG3001,2
7433,IBLHG2082, T HEAT GUN IBL HG20-82,3
7434,IBLHG2098,T HEAT GUN IBL HG2098,4
7435,IBLHHVC90,IBELL HAND HELD VACUUM CLEANER AIR FORCE 90W,2
7436,IBLHT1730,IBELL TOOL BOX IBL HT 1730,7
7437,IBLID1323,IBELL IMPACT DRILL IBLID1323,1
7438,IBLID1330,IBELL IMPACT DRILL IBLID1330 1100W,1
7439,IBLID1330,IBELL IMPACT DRILL IBLID1330 1100W,2
7440,IBLID1330,IBELL IMPACT DRILL IBLID1330 1100W,-3.000
7441,IBLID1375,IBELL IMPACT DRILL IBL ID 1375,3
7442,IBLID1380,"T IMPACT DRILL  650W IBL ID13-80, ",6
7443,IBLJS1065,IBELL JIGSAW 650W IBLJS1065,2
7444,IBLJY007,HOUSE HOLD LADDER 7 STEPS IBLJY007,-1.000
7445,IBLJY104,D TYPE LADDER 4 STEP IBLJY104,1
7446,IBLLB2028,IBELL  CORDLESS LEAF BLOWER IBLLB2028,1
7447,IBLLL240,IBELL LASER LEVEL 2 LINE IBLLL240,1
7448,IBLLL541,IBELL  LASER LEVEL 5 LINE GREEN IBL LL 541,-1.000
7449,IBLLL541,IBELL  LASER LEVEL 5 LINE GREEN IBL LL 541,3
7450,IBLLL541,IBELL  LASER LEVEL 5 LINE GREEN IBL LL 541,1
7451,IBLLL545,IBELL LASER LEVEL 5 LINE IBLLL545,1
7452,IBLM16017,IBELL WELDING MACHINE IBLM160-17,2
7453,IBLM18018,WELDING MACHINE IBLM180-18,6
7454,IBLM200105,IBELL WELDING MACHINE IGBT IBLM200-105,3
7455,IBLM20089,IBELL  WELDING MACHINE IGBT200A IBLM200-89,4
7456,IBLM20089/S,IBELL  WELDING MACHINE IGBT200A IBLM200-89  S,1
7457,IBLM22076,IBELL WELDING MACHINE IGBT 220A IBLM22076,7
7458,IBLM22076/FL,IBELL WELDING MACHINE  IBLM22076,1
7459,IBLM22076ECO,TMMA WELDING MACHINE IGBT 220A IBL 220-76 ECO,1
7460,IBLM22078,IBELL WELDING MACHINE IGBT IBLM220-78,1
7461,IBLM22078,IBELL WELDING MACHINE IGBT IBLM220-78,1
7462,IBLM22078,IBELL WELDING MACHINE IGBT IBLM220-78,1
7463,IBLM22081,IBELL MIG WELDING MACHINE IBLM220-81,2
7464,IBLM250103,IBELL WELDING MACHINE IGBT IBLM250-103,5
7465,IBLM250104,IBELL WELDING MACHINE IGBT IBLM250-104,2
7466,IBLM250104,IBELL WELDING MACHINE IGBT IBLM250-104,1
7467,IBLM300106,T MMA WELDING MACHINE IGBT IBLM300-106,1
7468,IBLM315,IBELL INVERTER WELDING MACHINE IBLM315PRO,1
7469,IBLM400,IBELL WELDING MACHINE IBLM400,1
7470,IBLM400,IBELL WELDING MACHINE IBLM400,1
7471,IBLMABF,IBELL MMA BIG FAN WELDING MACHINE,2
7472,IBLMB103,IBELL MULTI BIT SET IBL MB-103,1
7473,IBLMB103,IBELL MULTI BIT SET IBL MB-103,-2.000
7474,IBLMC1030,MARBLE CUTTER MC 10-30  1050W IBELL,1
7475,IBLMC2584,"IBELL MARBLE CUTTER 125MM IBL MC25-84, 1300W",5
7476,IBLMC2584,"IBELL MARBLE CUTTER 125MM IBL MC25-84, 1300W",3
7477,IBLMIG250,IBELL WELDING MACHINE IBL MIG250 PRO,1
7478,IBLMJ, IBELL CAR WASHER MACHINE MICROJET 1700W,4
7479,IBLMJH,MICROJET HOSE 1700W,3
7480,IBLMS0616,CORDLESS SCREW DRIVER MS06-16,2
7481,IBLMT3228,IBELL TOOL BOXMT3228,2
7482,IBLOS2346,IBELL ORBITAL SANDER OS23-46,2
7483,IBLOS2346,IBELL ORBITAL SANDER OS23-46,5
7484,IBLP60,PLASMA  CUTTER IBL P 60 PRO,1
7485,IBLPM1250," IBELL ELECTRIC MIXER  IBLPM1250 , 1200W",1
7486,IBLPM1600,ELECTRIC MIXER IBL PM1600,1
7487,IBLPM950,ELECTRIC PUTTY MIXER IBLPM950,27
7488,IBLPR6068,"T PALM  ROUTER IBLPR6068,  650 W",2
7489,IBLPS2414,IBELL ELECTRIC PALM SANDER IBLPS2414,1
7490,IBLPSC450,IBELL VACUUM CLEANER PORTABLESPOT CLEAN  450W,5
7491,IBLRH20,IBELL HAMMER DRILL 20MM  500W  IBLRH20,1
7492,IBLRH20,IBELL HAMMER DRILL 20MM  500W  IBLRH20,7
7493,IBLRH20-25,T HAMMER DRILL 20MM IBL RH 20-25 500W,6
7494,IBLRH26-24,HAMMER DRILL RH26-24 800W,3
7495,IBLRH26-24,HAMMER DRILL RH26-24 800W,5
7496,IBLRH26-26,"HAMMER DRILL 26MM IBLRH26-26, 780W",1
7497,IBLRH26-26,"HAMMER DRILL 26MM IBLRH26-26, 780W",4
7498,IBLRH2682,IBELL HAMEER DRILL 26 MM 850W IBLRH2682,7
7499,IBLRH28,"IBELL  HAMMER DRILL IBL RH28-101, 1000W",1
7500,IBLRH28,"IBELL  HAMMER DRILL IBL RH28-101, 1000W",1
7501,IBLRS5040,IBELL RING SAW IBLRS5040,1
7502,IBLRV1926,VACCUM CLEANER MS RED IBLRV1926,1
7503,IBLSD1086,IBELL ELECTRIC ECREW DRIVER IBL SD10-86,15
7504,IBLSD1275,ELECTRICAL SCREW DRIVER IBLSD1275,4
7505,IBLSG6026,T HVLP HAND HELD SPRAY GUN IBLSG60-26,1
7506,IBLSG6026,T HVLP HAND HELD SPRAY GUN IBLSG60-26,1
7507,IBLSG8027,IBELL  FLOOR BASED SPRAY GUN IBLSG80-27,3
7508,IBLT250106,TMMA WELDING MACHINE TIG  IGBT IBLM250-106,1
7509,IBLTB105,IBELL TOOL BOX  IBLTB105,2
7510,IBLTB5323,IBELL HOUSE HOLD TOOL SET IBL TB53-23,2
7511,IBLTD13100,"IBELL IMPACT DRILL SET I BELL TD13-100,  650W",1
7512,IBLTD13100/2,IBELL IMPACT DRILL SET I BELL TD13-100 2ND ,6
7513,IBLTD1385,IMPACT DRILL TOOL BOX IBLTD1385,1
7514,IBLTH,IBELL BRUSH CUTTER TRIMMER HEAD ,13
7515,IBLTR542,IBELL LASER STAND  IBLTR542,2
7516,IBLTR542,IBELL LASER STAND  IBLTR542,2
7517,IBLTR542,IBELL LASER STAND  IBLTR542,-1.000
7518,IBLVC1100,VACUUM CLEANER PREMIA  1100 W 15 LTR ,-1.000
7519,IBLVC1200,VACCUM CLEANER ACTIVE 1200 20LTR ,-1.000
7520,IBLVC1400,VACCUM CLEANER 1400W 20LTR IBLVC1400,1
7521,IBLVC1400F,VACCUM CLEANER CYCLONE 1400 FILTER ,1
7522,IBLVC1550,VACCUM CLEANER IBELL 1550 IBLVC1550 30L,-4.000
7523,IBLVC1700,VACCUM CLEANER 1700 35LTR IBLVC1700,-1.000
7524,IBLVC20L,VACCUM CLEANER ACTIVE 1200S 20LTR ,1
7525,IBLVC30L,VACUUM CLEANER 1500W  30L,4
7526,IBLVC3100,VACCUM CLEANER 3100 70 LTR IBLVC3100,1
7527,IBLWH42,DARKENING WELDING HELMET  IBLWH420S,1
7528,IBLWH55,DARKENING WELDING HELMET IBLWH550S,3
7529,IBLYM040,IBELL BRUSH CUTTER TRIMMER HEAD YM040,4
7530,IC002,HIMAX ANGLE GRINDER 4 INCH  IC002,-1.000
7531,IC002,HIMAX ANGLE GRINDER 4 INCH  IC002,2
7532,IC009,HIMAX CUTTER IC009,1
7533,IC058A,HIMAX CHAIN SAW 58CC HIMAX ,6
7534,IC072,HIMAX ROTARY HAMMER DRILL ,1
7535,ICBG,IDELA CARWASHER BEARING ,8
7536,ICCW,IDEAL CARWASHER CUTT OFF SWITCH ,6
7537,ICO45/18,"BAR18""",1
7538,ID12,IDEAL 12'' SEGMENT BLADE,13
7539,ID2,BLADE ID2,2
7540,ID650VR,IDEAL DRILL MACHINE  6MM ,4
7541,ID650VR,IDEAL DRILL MACHINE  6MM ,9
7542,ID80B,ID80 BRACKET,1
7543,ID80GW,ID80 BIG GEAR WHEEL,1
7544,ID80S,ID80 SWITCH FOR DRILL,16
7545,ID827,IDEAL SPRAY GUN ID837,1
7546,ID827,IDEAL SPRAY GUN ID837,-1.000
7547,ID827,IDEAL SPRAY GUN ID837,1
7548,IDBKG100,GREASE 100G,72
7549,IDBKG500,GREASE TUBE 500G,46
7550,IDBKG500,GREASE TUBE 500G,-15.000
7551,IDCP12,"BRUSH CUTTER BLADE 12""",2
7552,IDCP3,IDEAL CUP BLADE 3 INCH ,40
7553,IDCT12,IDEAL WELDING TORCH IDCT12,3
7554,IDCWG24,IDEAL CARWASHER GUN IDCWG24,6
7555,IDDG200,IDEAL DIE GRINDER IDDG200,1
7556,IDH1367,LOCTITE 243,3
7557,IDHD2-20,HAMMER DRILL IDEAL2-20,5
7558,IDHD2-20,HAMMER DRILL IDEAL2-20,1
7559,IDHR250,IDEAL HAND RIVERTER GUN 10 INCH IDHR250,19
7560,IDITHADI,IDITHADI,25
7561,IDITHADI,IDITHADI,1
7562,IDIYAPPAM MAKER ,IDIYAPPAM MAKER ,-12.000
7563,IDIYAPPAM MAKER ,IDIYAPPAM MAKER ,-1.000
7564,IDIYAPPAM MAKER ,IDIYAPPAM MAKER ,3
7565,IDIYAPPAM MAKER ,IDIYAPPAM MAKER ,29
7566,IDPE25,GALAXY EXTENTION PIPE 25CM  IDPE25,8
7567,IDPE50,EXTENTION PIPE 50MM IDPE50,-3.000
7568,IDSR210,IDEAL HIGH PRESSURE WASHER ,1
7569,IDSR210TB,THREAST BEARING IDEAL CARWASHER IDSR210,5
7570,IDSR210VK,IDEAL VALVE KIT IDSR210 CARWASHER B,25
7571,IDSRN6,TIP NOZZLE SET FOR CARWASHER  IDEAL 6PCS ,10
7572,IDUSP180,IDEAL CORDLESS POLISHING SANDER ,1
7573,IDVR2000,IDEAL VIBREATOR ,2
7574,IGASKET ,INSULATER GASKET ,4
7575,IGASKET ,INSULATER GASKET ,3
7576,IKBC52,IRON KING BRUSHCUTTER  IKBC52,6
7577,IKDH6810,IRON KING DEMOLITION HAMMER 5KG  IKDH6810 1600W,21
7578,IKDH6810,IRON KING DEMOLITION HAMMER 5KG  IKDH6810 1600W,1
7579,IKGCS18E,IRONKING CHAINSAW 18 INCH ECO,15
7580,INC200028,HEAT GUN HG200028,-2.000
7581,INCDPRSET,IGNITION SET,4
7582,INCF62CC,AIR FILTER,3
7583,INCFC,FUEL CAP ,9
7584,INCIN,IGNITION COIL ,3
7585,INCOILCAP,IGNITION CAP ,2
7586,INCUKB,CARBURATOR ,5
7587,IPW/301,IMPACT WRENCH GROZ IPW/301,1
7588,IRBS12,ROUTER BIT SET  IDEAL 12 PCS ,6
7589,IS301,HUSQ INSULATOR 301,2
7590,IUCC02,INGCO USB TYPE C CABLE  CTO TYPE ,120
7591,IV9WP,9W LUMENEX AC DC BULB PRIME ,4
7592,J120,WATER PAPER JAWAN 120,-24.000
7593,J120/180,VELCRO PAPPER 7',14
7594,J180,WATER PAPER  BULLET 180,139
7595,J240,WATER PAPER JAWAN 240,-2.000
7596,J401,LED PORTABLE RECHARGABLE LED TORCH LIGHT  LED -720,2
7597,J80,WATER PAPER JAWAN 80,28
7598,J80/180,"VLECRO PAPPER 7""80",100
7599,JAR/1,MEASURING JAR CUP RAJ ,63
7600,JB1,PIPE BOLT 1/4*1.5*3.5,0.555
7601,JB1/1,PIPE BOLT 1/4X1X2.5,3.9
7602,JB2,PIPE BOLT5/16*1.5*5,3.63
7603,JB2*3,J BOLT 1/4*2-1/4*3,2.755
7604,JCAH,JUMBO CRATE ARRIS HEVI ,1
7605,JCB BRUSH CUTTER 415-B,JCB BRUSH CUTTER 415-B,5
7606,JCB11SA,JCB 11E SWITCH ASSEMBLY JCB11ESA,3
7607,JCB415B,WOOD PECKER BRUSH CUTTER JCB 415-B,5
7608,JCB950,BAFFLE WIND  JCB950BW,2
7609,JCBAG850CB,JCB AG850 CARBON BRUSH AGBS850CB,13
7610,JCBAG950C,CARBON BRUSH JCB AG 950,4
7611,JCBDWS18004,JCB DWS 180 SANDING PAD (04),1
7612,JDAR,LAMP HOLDER ,8
7613,JH1R,RENTAL JACK HAMMER,86
7614,JK100,ARAM MUKON JK 4  100M,112
7615,JK150,ARAM MUKON  150MM BITWORLD ,28
7616,JK200,WELDING MACHINE SWITCH ,2
7617,JK200F,ARAM FLAT 200MM  BITWORLD ,45
7618,JK250F,ARAM FLAT 250MM BITWORLD ,44
7619,JNC38,JACK NUT CASTED 38MM,98
7620,JNF320,PUMPKIN ELECTRIC NAILER 2000W 32MM,-1.000
7621,JOIN15,JOINTER 15MM ,2004
7622,JP102,JACK PLAIN BLOCK NO 102,17
7623,JP102,JACK PLAIN BLOCK NO 102,1
7624,JP110,JACK PLANE -110 EVERON NO -110,5
7625,JP121,"JP121 HEDGE CUTTER PLASTIC HANDLE 20""",1
7626,JP182,JP182 SILICON GUN,1
7627,JP4/E,EVERON JACK PLANE NO 4,4
7628,JP5,JACK PLANE NO .5,6
7629,JP5,JACK PLANE NO .5,2
7630,JP66,"JP66 LONG NOSE PLIER 6""",2
7631,JP7,"JACK PLAIN  BLOCK TYPE 7""",2
7632,JP9,JACK PLAIN OKAY,1
7633,JPAD,"J PAD POLISHING GOLD PD PAD 1,2,3,4,5,6",131
7634,JPB6309, 6309 JPB BEARING ,2
7635,JROD48,JACK ROD 48 INCH ,1
7636,JROD54,JACK ROD -54 INCH ,4
7637,JS70CB,JS70 CARBON BRUSH,5
7638,JS70SRF,JS70 SLIDING RAIL FRAME ,3
7639,JS70SW,JS70 SLIDING WHEEL,3
7640,JSP12,JINXIN SPIRIT LEVEL 12 INCH BULL,2
7641,JTRX58,REGULATOR WITH FLOE MEETER ,1
7642,JWM10,MAGNETIC WELDING HOLDER SET MH120 4PCS,3
7643,JWM10,MAGNETIC WELDING HOLDER SET MH120 4PCS,37
7644,JWM10,MAGNETIC WELDING HOLDER SET MH120 4PCS,-1.000
7645,JWS100,AKEN MAGNETIC WELDING HOLDER MH6 6INCH,1
7646,JWS75,MAGNETIC WELDING HOLDER 5 INCH  MH5,20
7647,JY006,HOUSE HOLD LADDER 6 STEP JY006,2
7648,JY007,HOUSE HOLD LADDER 7 STEPS JY007,2
7649,JY104,D TYPE LADDER 4 STEP JY104,2
7650,JY105,D TYPE LADDER 5 STEPS JY105,2
7651,JY106,D TYPE LADDER  6 STEPS JY106,2
7652,JYL6004,BEARING 6004 JYL V3,43
7653,JYL605,BEARING 605 2RS JYL,26
7654,JYL628,BEARING 628 2RS ,168
7655,JYL6900,BEARING 6900 2RS JYL,4
7656,JYL696,BEARING 696 2RS JYL ,14
7657,JYL698,BEARING 698 2RS JYL,20
7658,K0,KARANDI,-20.000
7659,K1,KARANDI,-2.000
7660,K124FC,KAYMO AIR  COMPRESSOR 24 LTR OIL FREE ,1
7661,K2,KARANDI,-1.000
7662,K2,KARANDI,2
7663,K2 CCW125*40T,K2 CORE CUTT WOOD CUTTING 125*40T,1
7664,K250FC,KAYMO COMPRESSOR 50 LTR OIL FREE 250FC,3
7665,K3,KARANDI,-5.000
7666,K4,KARANDI,-2.000
7667,K5,KARANDI,-1.000
7668,K5MTRH,KARCHER 5 MTR HOSE TWO SIDE SAME-K5MTRH,2
7669,K6,KARANDI,-1.000
7670,K6,KARANDI,-3.000
7671,K600TB,KAPSON TOOL BOX 5 COPARTMENT K-600,6
7672,K601TB,CANTILEVER TOOL BOX 3 COMPARTMENT K-601,6
7673,KA02,ADAPTER ANGLE GRINDER TO DRILL CONVERT KA02,10
7674,KA05,BROCH CUTTER ADAPTER KA05,3
7675,KA103705,ACE EXHAUST ELBOW FOR COMPRESSOR AC-LKDB,6
7676,KA103706,ACE AIR FILTER HEAVY METAL FOR COMPRESSOR AC LKDB,6
7677,KA103708,ACE CRANK CASE FOR COMPRESSOR ACLKDB KA103708,4
7678,KA103709,ACE CRANK CASE SIDE COVER FOR COMPRESSOR ,2
7679,KA103711,ACE CRANK CASE GASKET FOR COMPRESSOR ACLKDB,5
7680,KA103715,ACE VALVE PLATE FOR COMPRESSOR ACLKDB,6
7681,KA103716,ACE VALVE SHEET FOR COMPRESSOR ACLKDB,92
7682,KA103717,ACE CONNECTING ROD FOR COMPRESSOR ACLKDB ,6
7683,KA103718,ACE  PISTON PIN LOCK SET FOR COMPRESSOR ,6
7684,KA103719,ACE GASKET3 PCS  FOR COMPRESSOR ACLKDB,88
7685,KA103720,ACE CYLINDER FOR COMPRASSOR ACLKDB,1
7686,KA103732,ACE CAPACITOR FOR COMPRESSOR ACLKDB,2
7687,KA103733,ACE SAFETY VALVE FOR COMPRESSOR ACLKCOM ,18
7688,KA103734,ACE REGULATER ASSEMBLY FOR COMPRESSOR AC-LKCOM-DB,2
7689,KA103736,ACE OIL PLUG FOR COMPRESSOR AC LKDH ,20
7690,KA103738,ACE PRESSURE GAUGE FOR COMPRESSOR ACLKCOM,24
7691,KA103739,ACE SWITCH FOR COMPRESSOR AC LKDB ,2
7692,KA103740,ACE AIR OUTLET FOR COMPRESSOR ,2
7693,KA103741,ACE NRV FOR COMPRESSOR AC LKDB ,21
7694,KA103746,ACE SWITCH COVER  FOR COMPRESSOR  ACLKOF,2
7695,KA103746,ACE SWITCH COVER  FOR COMPRESSOR  ACLKOF,2
7696,KA103752,ACE CAPACITOR FOR COMPRESSOR ACLKOF ,3
7697,KA103756,ACE VALVE PLATE ORING FOR COMPRESSOR ACLKOF ,2
7698,KA103760,ACE CYLINDER 550 FOR COMPRESSOR ACLKOF,2
7699,KA103762,ACE CONNECTING DRUM PLATE 2 PCS ACLKOF,2
7700,KA103764,ACE SWITCH FOR COMPRESSOR ACLKOF ,2
7701,KA103781,ACE PRESSURE GAUGE BIG FOR COMPRESSOR ,6
7702,KA120,STHIL BRUSH CUTTER MULTI TOOL SL.NO -833274949 &833274930,2
7703,KA120,STHIL BRUSH CUTTER MULTI TOOL SL.NO -833274949 &833274930,-2.000
7704,KA120C,CLUTCH FS250/KA120,2
7705,KA120CR,CARBURATER FS120/KA120,2
7706,KA120SP,SPARK PLUG NGK BPMR7A KA120,6
7707,KAFK,AIR FILTER KNOB CS,9
7708,KAI COAT,COAT KAI,-18.000
7709,KAI KUNDALI,KUNDALI KAI,-9.000
7710,KALAVARANDI,KALAVARANDI ATHULYA ,2
7711,KALAVEESHI ,STICKLE  ARIVAL ,-2.000
7712,KALAVEESHI ,STICKLE  ARIVAL ,4
7713,KALAVEESHIR,KALAVEESHI R,2
7714,KALAVEESHIR,KALAVEESHI R,-1.000
7715,KALAVEESHIR,KALAVEESHI R,-1.000
7716,KALAVEESIW,KALAVEESI LONG,13
7717,KAMBI KOOD,KAMBI KOOD,1
7718,KAMBIPARA ,KAMBI PARA ,-3.000
7719,KAPPI/B,KAPPI IRON 14,1
7720,KAPPI/S,KAPPI IRON SMALL 12,2
7721,KAPPI3.5,KAPPI  P V C 3.5,1
7722,KAPPI4.5,KAPPI P VC 4.5,1
7723,KAPPI5.4,KAPPI 5.4,1
7724,KAPPI5.4,KAPPI 5.4,3
7725,KAPPI5.4,KAPPI 5.4,1
7726,KAPPIB5.5,KAPPI5.5,-1.000
7727,KAPPIB5.5,KAPPI5.5,2
7728,KAPPIB5.5,KAPPI5.5,3
7729,KAXE2,KUMAR AXE 2 KG ,1
7730,KAXE2.5,KUMAR AXE 2.5 KG ,1
7731,KB01,ACE TUQO BRUSH FOR FLOOR SWEEPER  KB01,2
7732,KB02,ACE TUQO BELT FOR FLOOR SWEEPER BH50L ,3
7733,KB03,ACE GEAR FOR FLOOR SWEEPER KB03,3
7734,KBHA,KATHAL (BILL HOOK ),-2.000
7735,KBHA,KATHAL (BILL HOOK ),11
7736,KBN,BILL HOOK NADAN ,-1.000
7737,KC0,KARANDI (TROWELS ) C0,1
7738,KC110*10,K2 CORE CUT TURBO GRANITE /HEAD BLOCK110*10,10
7739,KC13201,INGCO KEYLESS CHUCK ,3
7740,KC32,COAT( K. KUMAR .L),-7.000
7741,KC38X26,CLAMP MS BLACK 6&8,65.12
7742,KC38X26,CLAMP MS BLACK 6&8,-12.560
7743,KC38X26,CLAMP MS BLACK 6&8,118.288
7744,KC38X26,CLAMP MS BLACK 6&8,116.845
7745,KC38X26,CLAMP MS BLACK 6&8,0
7746,KC38X26,CLAMP MS BLACK 6&8,0
7747,KC38X26,CLAMP MS BLACK 6&8,-0.005
7748,KC4,KARANDI (TROWELS ) C4,2
7749,KC5,KARANDI (TROWELS ) C5,-1.000
7750,KCC113*12,K2 GRANITE CUTTING CONTINIOUS 113*12,9
7751,KCCU440*10P,K2 CORE CUT TILEREGULAR PLAIN ,10
7752,KCDS*110*1,K2 TILE SPECIAL SHARP CUT 110*8*1.4*20,10
7753,KCFAN,CARWASHER MOTOR FAN,-6.000
7754,KCGU,CAULKING GUN UNBREAKABLE,59
7755,KCH5MTR/1,CWH5M KARCHER HOSE 5 MTR TWO SIDE THREAD ,1
7756,KCP2115,BORWELL PUMP  DIGI.PANNEL KCP2115 KOEL,2
7757,KCS,KARANDI (TROWELS ) CS,-1.000
7758,KCWHS6,HYDRAULIC HOSE KARCHER 6 MTR K2,2
7759,KD1000,TAGO -WELDING HOLDER,9
7760,KD1000,TAGO -WELDING HOLDER,6
7761,KD1000,TAGO -WELDING HOLDER,35
7762,KD1000/1,E-SUPERSPARK-WELDING HOLDER ,9
7763,KD600,WELDING HOLDER PRENAV AMRON ,34
7764,KD600,WELDING HOLDER PRENAV AMRON ,21
7765,KD600,WELDING HOLDER PRENAV AMRON ,-1.000
7766,KD600/1,WELDOWIN PLUS WELDING HOLDER ,-11.000
7767,KD600/2,WELDING HOLDER  TAGO KD600/2,82
7768,KD600/2,WELDING HOLDER  TAGO KD600/2,-3.000
7769,KD600M,WELDING HOLDER STEEL CREAFT MINI  KD600,6
7770,KDBH,KATHAL,-20.000
7771,KDBH/G,KATHAL HEAVY GOLD BORDER ,1
7772,KDBH/G,KATHAL HEAVY GOLD BORDER ,-2.000
7773,KDC13,DRILL CHUCK 13MM KEYLESS,4
7774,KDKR,KATHAL  KOLUTHU,6
7775,KDKR,KATHAL  KOLUTHU,4
7776,KDL,KODALI (AXE),3
7777,KDL,KODALI (AXE),-1.000
7778,KDL,KODALI (AXE),10
7779,KDL/2,KODALI,2
7780,KDL/2,KODALI,-1.000
7781,KDLITU,WELDING HOLDER LITLU,1
7782,KE1,CHINA BEND INNER OUTER THREAD,12
7783,KE10,SOCKET 1/2*1/4 ,15
7784,KE11,BALL VALVE 1/4-1/4,7
7785,KE12,HEX NIPPLE 1/2*1/4,10
7786,KE13,HEX NIPPLE 1/2*3*8,1
7787,KE14,FOAM GUN ,6
7788,KE14/A,GUN,4
7789,KE14/B,CARWASHER GUN ,-2.000
7790,KE16,5 LITTER MAUAL SPRAYER,2
7791,KE17,1.5 LITRE MANUAL SPRAYER HEAVY,1
7792,KE18,2 LITTER MANUAL SPRAYER ,-2.000
7793,KE18,2 LITTER MANUAL SPRAYER ,-1.000
7794,KE2,FLOWER NOZZLE BEND 4 HOLE,9
7795,KE21,RUDRA 12-8 SINGLE  20 LITTER ,-1.000
7796,KE3,FLOWER TURBO NOZZLE 8HOLE,10
7797,KE4,BRASS BEND LANCE,6
7798,KE5,SPRAYER HOSE,7
7799,KE6,SWITCH WELDING MACHINE ,13
7800,KE7,TRIGGER REGULAR ,4
7801,KE8,FUEL FILTER WITH PIPE,2
7802,KEY 4MM,4MM T.ELLEN KEY,3
7803,KEY 5MM,5MM T.ELLEN KEY,1
7804,KEY 6MM,6MM T.ELLEN KEY,2
7805,KF1,KNIFE -01,-9.000
7806,KF1,KNIFE -01,5
7807,KF1,KNIFE -01,-49.000
7808,KF10,KNIFE -10,2
7809,KF10,KNIFE -10,10
7810,KF10,KNIFE -10,-1.000
7811,KF10,KNIFE -10,-16.000
7812,KF101,KNIFE -101,1
7813,KF101N,KNIFE -101 NEW,13
7814,KF12,KNIFE -12,17
7815,KF12,KNIFE -12,-10.000
7816,KF14,KNIFE -14,15
7817,KF14,KNIFE -14,-6.000
7818,KF16,KNIFE -16,2
7819,KF16,KNIFE -16,19
7820,KF16,KNIFE -16,-1.000
7821,KF2,KNIFE -02,1
7822,KF2,KNIFE -02,-28.000
7823,KF22,KNIFE -22,-2.000
7824,KF22,KNIFE -22,11
7825,KF22,KNIFE -22,3
7826,KF22,KNIFE -22,-22.000
7827,KF23,KNIFE -23,5
7828,KF23,KNIFE -23,-21.000
7829,KF24,KNIFE -24,10
7830,KF27,KNIFE -27,-1.000
7831,KF3,KNIFE -03,-26.000
7832,KF31,KNIFE -31,-7.000
7833,KF4,KNIFE -04,-24.000
7834,KF7,KNIFE -07,8
7835,KF7,KNIFE -07,1
7836,KGK,KNIFE KING GREY ,1
7837,KGT06,S K GARDEN RAK TEETH  06,4
7838,KH5*40T,HIKOKI TCT BLADE 5*40T KING ,200
7839,KH5MTROST,KARCHER 5 MTR HOSE ONE SIDE THREAD KH5MTROST,1
7840,KHM9V,ALLENKEYSET KHM9V,11
7841,KIAG4, KHAITHAN ANGLE GRINDER 950W KIAG4950,10
7842,KIAG4HD,KHAITHAN ANGLE GRINDER 1200W KIAGHD,8
7843,KIC5SBWGB,KHAITHAN 5SB CUTTER RAIL -KIC5SBWGB,2
7844,KIR135/1HP/1*1/32M,KIRLOSKER SUBMERSIBLE PUMP 135 1 HP 25*25 ,1
7845,KIR216/2HP/21/2*2/16M,KIRLOSKER SUBMERSIBLE PUMP 2 HP 21/2*2 16 MTR ,2
7846,KIR225/2HP/2*1/2/26M,KIRLOSKER SUBMERSIBLE 2HP PUMP 2*11/2/26MTR ,1
7847,KIR245/2HP/11/4*1/35M,KIRLOSKER SUBMERSILBLE PUMP 2 HP 32*25,2
7848,KIR750CW,KIR ETERNA 750CW SEWAGE ,1
7849,KIRCW1500,KIR ETERNA  CW 1500 +SEWAGE ,1
7850,KK1,KARANDI (TROWELS ) K1,3
7851,KK1.8/5F,KUMAR KOONDALI 5 FEET1.8 KG ,2
7852,KK16LTR ,KISAN KRAFT MANUAL SPRAYER KK16LTR ,49
7853,KK3,KARANDI (TROWELS )K3,4
7854,KK4,K KOKKER 4,-1.000
7855,KK5,KARANDI (TROWELS ) K5,2
7856,KKAPPI12,WELL PULLY PVC 4.5(KAPPI)12,1
7857,KKAPPI14,WELL PULLY PVC 14 5 (KAPPI),1
7858,KKAPSA1215,KISANKRAFT SECATEURS KKAPSA1215,2
7859,KKAPSG07,KISANKRAFT GRAPE SHEAR ,4
7860,KKARB1,KISANKRAFT GARDEN RAK ,-1.000
7861,KKBBS199,KISANKRAFT ELECTRIC SPAYER  WITH BATTERY ,3
7862,KKBBS199BC,BATTERY CHARGER FOR KKBBS199 SPRAYER ,10
7863,KKBBS318,KISANKRAFT ELECTRIC SPAYER 18 LTR ,1
7864,KKBBS318,KISANKRAFT ELECTRIC SPAYER 18 LTR ,-3.000
7865,KKBBS318,KISANKRAFT ELECTRIC SPAYER 18 LTR ,5
7866,KKBC2143,KISANKRAFT BRUSHCUTTER BAFFLE REAPER WEEDER 2 STROCK ,1
7867,KKBC2143C,KKBC2143 CARBURATOR ,6
7868,kkbc2143CCO,kkbc2143 COVER CLEANER OUTSIDE ,6
7869,KKBC2143CPP,KKBC2143 CIRCLIP PISTON PIN  ,6
7870,KKBC2143CS,KKBC2143 CLUTCH SHOE ASSY ,17
7871,KKBC2143GC,KKBC2143 GASKET CYLINDER ,12
7872,KKBC2143GCR,KKBC2143 GASKET CARBURATOR ,12
7873,KKBC2143I,KKBC2143 INSULATOR ,6
7874,KKBC2143IC,KKBC2143 IGNITION COIL ,5
7875,KKBC2143NBPP,KKBC2143 NEEDLE BEARING PISTON PIN ,5
7876,KKBC2143P,KKBC2143 PISTON ,5
7877,KKBC2143PP,KKBC2143 PISTON PIN ,5
7878,KKBC2143PR,KKBC2143 PISTON RING ,12
7879,KKBC2143SA,KKBC2143 STARTER ASSY ,5
7880,KKBC2143SAC,KKBC2143 SPONGE AIR CLEANER ,24
7881,KKBC2143TH,KISANKRAFT TRIMMER HEAD KKBC2143,42
7882,KKBC252T,KISANKRAFT BRUSH CUTTER 2 STROCK TROLLY TYPE ,5
7883,KKBC4302FW,KISANKRAFT FLY WHEEL KKBC4302,88
7884,KKBC4302SC,KISANKRAFT SPRING CLUTCH KKBC4302,20
7885,KKBC555,KISANKRAFT BRUSHCUTTER  WEEDER 2 STROCK ,3
7886,KKBC555C,CYLINDER FOR KKBC555,1
7887,KKBC555GC,"GASKET ,CYLINDER KKBC555",3
7888,KKBC555P,PISTON  FOR KKBC555,3
7889,KKBC555PR,PISTON RING KKBC555,6
7890,KKBC7640C,"KISANKRAFT CARBURATER 7640 ,8642 ,8652",28
7891,KKBC7640C,"KISANKRAFT CARBURATER 7640 ,8642 ,8652",20
7892,KKBC8640,KISANKRAFT BRUSHCUTTER BAFFLE REAPER WEEDER 2 STROCK,-1.000
7893,KKBC8640,KISANKRAFT BRUSHCUTTER BAFFLE REAPER WEEDER 2 STROCK,1
7894,KKBC8640AB,KISANKRAFT A BLADE KKBC8640,6
7895,KKBC8640BB,KISANKRAFT B CLAMP  KKBC8640,6
7896,KKBC8640BW,KISANKRAFT BOLT N WASHER SET STAR,24
7897,KKBC8640CAC,KKBC8640 COVER AIR CLEANER OUTSIDE ,50
7898,KKBC8640CB,KISANKRAFT P COVER BLADE 8640,24
7899,KKBC8640CD,KISANKRAFT CLUTCH DRUM KKBC8640,12
7900,KKBC8640CFT,KISANKRAFT CAP FUEL TANK KKBC8640,34
7901,KKBC8640CSH,KKBC8640 CLUTCH SHOSE ,42
7902,KKBC8640CW,KKBC8640 CORD COMP WIRE ,1
7903,KKBC8640FG,KISANKRAFT BRUSHCUTTER GASKET FUEL TANK CAP KKBC86+40,24
7904,KKBC8640FP,KISANKRAFT BRUSHCUTTER FUEL PIPE KKBC8640,49
7905,KKBC8640FT,KISANKRAFT FUEL TANK  KKBC8640,6
7906,KKBC8640FT,KISANKRAFT FUEL TANK  KKBC8640,8
7907,KKBC8640FW,KISANKRAFT BRUSHCUTTER FLY WHEEL KKBC8640,5
7908,KKBC8640GI,KISANKRAFT BRUSHCUTTER GASKET INSULATED KKBC8640,98
7909,KKBC8640GS,KISANKRAFT BRUSHCUTTER GASKET  STARTER KKBC8640,12
7910,KKBC8640GT,KISANKRAFT BRUSHCUTTER CARBURATOR KKBC8640,192
7911,KKBC8640IC,KKBC8640 IGNITION COIL ,6
7912,KKBC8640LA,KKBC8640 LEVER ASSY ,6
7913,KKBC8640NB,KISANKRAFT BRUSHCUTTER NEEDLE BEARING KKBC8640,24
7914,KKBC8640OS,KKBC8640 OIL SEAL ,24
7915,KKBC8640SA,KISANKRAFT P STARTER ASSY ,18
7916,KKBC8640SAC,KISANKRAFT SCREW AIR CLEANER ,24
7917,KKBC8640SC,KISANKRAFT BRUSHCUTTER CAP SPARK PLUG KKBC8640,38
7918,KKBC8640SD,KKBC8640 SHAFT DRIVE ,16
7919,KKBC8640SG,KKBC8640 SAFETY GUARD ,6
7920,KKBC8640SPA,KKBC8640 SPONGE  AIR CLEANER ,36
7921,KKBC8640SPG,KKBC8640 SPARK PLUG SPRING,50
7922,KKBC8640SR,KISANKRAFT STARTER REEL KKBC8640,23
7923,KKBC8640SRI,KISANKRAFT P STOP RING INNER ,24
7924,KKBC8640W,KISANKRAFT BRUSHCUTTER WASHER B CLUTCH KKBC8640,44
7925,KKBC8640WC,KISANKRAFT BRUSHCUTTER WASHER A CLUTCH KKBC8640,24
7926,KKBCOS,KISAN KRAFT OIL SEAL ,24
7927,KKBCR,KISANKRAFT STOP RING OUTER 8640,24
7928,KKBCSP,KISANKRAFT SPARK PLUG,132
7929,KKBCT8608,KISANKRAFT BLACK SLIM KKBCTG8608,33
7930,KKBCT8608,KISANKRAFT BLACK SLIM KKBCTG8608,-1.000
7931,KKCSP5920,KISANKRAFT GASOLINE CHAINSAW KKCSP5920,8
7932,KKDL1,S K KODALI 1 KG ,4
7933,KKDL1.5,S K KODALI 1.5 KG ,2
7934,KKDL1.6,KK KOONDALI 48 1.6,2
7935,KKDL1.6/59,KK KOONTHALI  59 1.6,1
7936,KKDL1.8,KK KOONTHALI 48 1.8,1
7937,KKDL1.8/59,KK KOONTHALI  59 1.8,1
7938,KKDLS,S K KAIKODALI ,-1.000
7939,KKF,KITCHEN KNIFE  NADAN ,8
7940,KKF2,KITCHEN KNIFE NADAN 2,1
7941,KKGE100CB,CARBURATER BLOCK  KKGE100,1
7942,KKGE100CK,HANDLE CHOKE FOR WATERPUMP KKGE100,1
7943,KKGE100GC,GASKET CARBURATER KKGE100,1
7944,KKGE100IC,IGNITION COIL KKBC100,1
7945,KKGR3135,KISANKRAFT GARDEN RAK ,-1.000
7946,KKGRS3136,KISANKRAFT GARDEN RAK SPADE ,10
7947,KKM,KUTTY MANVETTY ,-7.000
7948,KKN4,MUTTOCK WITH HANDLE 4 (KUNDALI ),2
7949,KKOS,KISANKRAFT OIL SEAL 12*22*7,20
7950,KKPS1000,KISANKRAFT MANUAL SPAYER ,37
7951,KKPS1000,KISANKRAFT MANUAL SPAYER ,-2.000
7952,KKPS2000,KISANKRAFT MANUAL SPAYER 2LTR,4
7953,KKPS3000,KISANKRAFT MANUAL SPAYER KKPS3000,-1.000
7954,KKPS5000,KISAN KRAFT MANUAL SPAYER ,16
7955,KKPS8000,KISANKRAFT MANUAL SPRAYER ,8
7956,KKPSP22,KISANKRAFT AGRI .SPRAYER SET PETROL ,1
7957,KKS,KAYAKATHI STEEL ,22
7958,KKTH4/B,LEAF COLLECTION BAG  KKTH4C30A,3
7959,KKTH4C,KISANKRAFT TEA LEAF HARVESTER KKTH4C30B ,2
7960,KKTH4CB,BLADE FOR LEAF BLOWER KKTH4C30A,4
7961,KKTH4CCB,HEDGE TRIMMER COLLECTION BAG,1
7962,KKTS1000,KISANKRAFT MANUAL SPRAYER ,7
7963,KKV,BILL HOOK (KALAVEESHI ),1
7964,KKWPE1500C,KISANKRAFT WATERPUMP ELECTRIC ,1
7965,KKWPK20,INLET OUTLET PIPE RUBBERKKWPK20,24
7966,KKWPK30,GASKET INLET OUTLET PIPE RUBBER KKWPK30,24
7967,KKWPP10C,CARBURATOR FOR PUMP KKWPP10,1
7968,KKWPP1100F,KISANKRAFT WATERPUMP ELECTRIC KKWPP1100F,1
7969,KKWPP15,KISANKRAFT WATERPUMP PETROL  1 .5HP,1
7970,KKWPP15,KISANKRAFT WATERPUMP PETROL  1 .5HP,11
7971,KKWPP15,KISANKRAFT WATERPUMP PETROL  1 .5HP,-1.000
7972,KKWPP15IOP,INLET OUTLET PIPE RUBBER KKWPP15,24
7973,KKWPP2535,KISANKRAFT WATERPUMP PETROL  1INCH 25*25,2
7974,KKWPP2535,KISANKRAFT WATERPUMP PETROL  1INCH 25*25,4
7975,KKWPP33,KISANKRAFT WATER PUMP PETROL KKWPP33,1
7976,KLU2,GATE HOOK  DONEX  2 INCH ,500
7977,KLU2,GATE HOOK  DONEX  2 INCH ,-20.000
7978,KM3,3 MULLU MANTHI ,3
7979,KM3,3 MULLU MANTHI ,2
7980,KM4,4 MULLU,-8.000
7981,KM4FEET,KUMAR MAMMETTY 4 FEET,1
7982,KM60,KUMAR S K MANVETTY 60,4
7983,KMK36,WCP MANVETTY 36 INCH ,15
7984,KMK40,WCP MANVETTY 40 INCH ,14
7985,KMN3,WCP HALF MANVETTY  LOCKAL ,10
7986,KMQ85S,SCREW JIGSAW,32
7987,KMT6/1,CARWASHER HOSE ,4
7988,KN1,KUNDALI  5',2
7989,KN1,KUNDALI  5',-3.000
7990,KN1,KUNDALI  5',-1.000
7991,KN1/K,KUNDALI WITH KAI ,-2.000
7992,KN1/SK,kundali sk ,2
7993,KN1K,PIDI KUNDALI KUTTY ,2
7994,KN4,KUNDALI 4',-6.000
7995,KN4,KUNDALI 4',-1.000
7996,KN95,K YURI MASK KN 95,87
7997,KODALI,KODALI,3
7998,KOKKERA,KOKKERA,1
7999,KOKKERA,KOKKERA,-24.000
8000,KONKI,KONKI (NO 2 THOTTI ),-12.000
8001,KORI/1,KORI SMALL ,2
8002,KORI/SS,S S UTENSILES RAJ  KORI,10
8003,KORIP,KORI PLASTIC ,-1.000
8004,KORIY,KORI TIN YELLOW ,-3.000
8005,KPAF,KP AIRFILTER RAJAGRO ,25
8006,KPCS12,CHAINSAW ATTACHMENT  12 INCH  KOWA BULL ,1
8007,KPDH11AVT,KHAITHAN DEMOLITION HAMMER 11E KPDH11AVT,1
8008,KPDH5AVT,KHAITHAN DEMOLITION HAMMER 5KG KPDH5AVT 900W,2
8009,KPDH5AVT,KHAITHAN DEMOLITION HAMMER 5KG KPDH5AVT 900W,1
8010,KPEMHD,PAINT MIXER KHAITHAN 1500W KPEMHD,1
8011,KPEMHDCB,KPEMHDCB CARBON BRUSH ,5
8012,KPEP822,KHAITHAN PLANNER 750W -KPEP82,3
8013,KPS,K P SWITCH  RAJAGRO,56
8014,KPWT,KHAITHAN WOOD TRIMMER 600W -KPWT ,3
8015,KPX2/H,KUMAR PICK AXE 2. WITH HANDLE ,9
8016,KPXS,S K PICK AXE SMALL ,2
8017,KQB2000,E-DCK-HEAT GUN-KQB2000,1
8018,KRA,FAST CUT SPARE 58CC PULL START ASSY ,8
8019,KRA,FAST CUT SPARE 58CC PULL START ASSY ,24
8020,KRA/E, SPARE 58CC PULL START ASSY EVEREST,24
8021,KRA10,ENGG SQUARE 10 INCH ,4
8022,KRA12,ENGG SQUARE KHY-12 INCH ,4
8023,KRA6,ENGG SQUARE 6 INCH ,1
8024,KRA8,ENGG SQUARE 8 INCH ,4
8025,KROPE12/85,KERNMANTLE ROPE 12MM /85CM ,4
8026,KROPE6/85,KERNMANTLE ROPE (ANCHER LINE ) 6MM /85CM ,5
8027,KSEB SICKLE ,KSEB SICKLE ,-2.000
8028,KSH,STARTER HANDLE CS,11
8029,KSK1.6,S K MANVETTY 1.6 KG ,4
8030,KSKM,S K MANVETTY MEDIUM ,4
8031,KSKS,SK MANVETTY SMALL ,-1.000
8032,KSM,MANVETTY SMALL ,2
8033,KSM03100,K-DCK-ANGLE GRINDER 4''6-100(KSM03,1
8034,KSOOJI,KOTTA SOOJI ,6
8035,KT1.6KG ,KOTTAYAM THOOMPA 5 FEET 1.6 KG ,1
8036,KT1.8/4,KOTTAYAM THOOMPA 4 FEET 1.8 KG ,2
8037,KT1.8KG ,KOTTAYAM KOONADALI 5 FEET 1.8 KG ,1
8038,KT12,BUTAIN GAS TORCH ,7
8039,KTCT10*160T,KENYU TCT BLADE 10*160 T ,1
8040,KTCT10*60T,TCT BLADE 10*60T KENYU ,18
8041,KTLOCK ,KARABINAR TWISTED LOCK ,2
8042,KTR,KATHAL BILL HOOK ,3
8043,KTSAC,STARTER ASSY CAIN SAW  FAST CUT   ,-4.000
8044,KUNDALI,KUNDALI PIDI ILLATHATHU ,2
8045,KUNDALI,KUNDALI PIDI ILLATHATHU ,6
8046,KV3X3,KINAR VALA FABRIC NET  3X3,-5.000
8047,KV4*20,KAYAR (VADAM ) 4INCH 20KOL,2
8048,KV4*25,KAYAR (VADAM ) 4 INCH 25 KOL ,1
8049,KV4X4,KINAR VALA 4X4,-2.000
8050,KV4X4,KINAR VALA 4X4,47
8051,KV4X4,KINAR VALA 4X4,18
8052,KV7*10,TOURNAMENT VADAM ) 7INCH 10 KOL,2
8053,KVRN1.5,VIBRATOR NEEDLE KENUE 1.5 MTR ,-1.000
8054,KWB02,KNIFE BLADE BIG ,304
8055,KWB02,KNIFE BLADE BIG ,-3.000
8056,KXFG230,KENNEX FLOOR GRINDER KXFG230,1
8057,KXWP90BS,KENNEX BLADE SET FOR WALL PLANER ,2
8058,KXWP90K,KENNEX KNIFE FOR WALL PLANNER ,5
8059,KYB8,TERMAL SWITCH ,-5.000
8060,KYCD12V,KENYU CORDLESS DRILL 12V KY-CD12V,1
8061,KYCV35EH,KENYU CONCRETE VIBRATOR 1300W WITHOUT NEEDLE ,1
8062,KYDH0810B,KENYU DEMOLITION HAMMER 5KG DH0810B,4
8063,KYED6B,KENYU DRILL 6MM KYED6B  230W,1
8064,KYG41050,KENYU ANGLE GRINDER 4 INCH ,1
8065,KYG801,KENYU ANGLE GRINDER KYG801,6
8066,KYMC110B,KENYU MARBLE CUTTER 100M KYMC110B,2
8067,KYMC110B,KENYU MARBLE CUTTER 100M KYMC110B,1
8068,KYMC110D,KENYU MARBLE CUTTER 110MM KYMC110D,-1.000
8069,KYP41200,KENYU PRIME ANGLE GRINDER KYP4-1200W,11
8070,KYP4BG,KYP4-850 BIG GEAR ,1
8071,KYP4CB,KYP4-850 CARBON BRUSH ,9
8072,KYP4SG,KYP4-850 SMALL GEAR ,7
8073,KYPCS25,KENYU CHAINSAW GASOLINE ,4
8074,KYPCS25B,KENYU BAR 12 INCH CHAINSAW KYPCS25,7
8075,KYPCS25C,KENYU CHAIN 12 INCH  KYPCS25,1
8076,KYPMS250,KENYU  METERSAW KYPMS250BS,1
8077,KYTPM12V,KENYU CORDLESS TILE PAVING MACHINE KY-TPM12V,4
8078,KZMTH,KASEI TEA HARVESTER CUM PRUNER KZMTH-10LB,2
8079,L10,LIVER,11
8080,L10,LIVER,9
8081,L10,LIVER,1
8082,L11H,TAPARIA DEEP SOCKETS 1/2-L11H,5
8083,L11H,TAPARIA DEEP SOCKETS 1/2-L11H,1
8084,L12,LIVER,6
8085,L12,LIVER,4
8086,L12,LIVER,2
8087,L12H,TAPARIA DEEP SOCKETS 1/2 L12H,22
8088,L13H,TAPARIA DEEP SOCKETS 1/2 L13H,18
8089,L13H,TAPARIA DEEP SOCKETS 1/2 L13H,2
8090,L14H,TAPARIA DEEP SOCKET L14H,15
8091,L15H,TAPARIA DEEP SOCKETS(1/2)-L15H,4
8092,L15H,TAPARIA DEEP SOCKETS(1/2)-L15H,7
8093,L16,LIVER,6
8094,L16,LIVER,3
8095,L16H,TAPARIA DEEP SOCKET L16H ,5
8096,L17H,TAPARIA DEEP SOCKETS 1/2-L17H,4
8097,L18H,TAPARIA DEEP SOCKET(1/2)L18H,4
8098,L19H,TAPARIA DEEP SOCKET(1/2)L19H,21
8099,L19H,TAPARIA DEEP SOCKET(1/2)L19H,1
8100,L20H,TAPARIA DEEP SOCKET L20H,11
8101,L21H,LONG SOCKET 21MM,8
8102,L22H,TAPARIA DEEP SOCKET LONG 22,5
8103,L24H,TAPARIA DEEP SOCKET LONG 24,9
8104,L760/30,HEAD LIGHT 9 30W,2
8105,L7TC, SPARK PLUG MAYUMI  RAJ AGRO ,276
8106,L7TC, SPARK PLUG MAYUMI  RAJ AGRO ,-156.000
8107,L7TC, SPARK PLUG MAYUMI  RAJ AGRO ,-9.000
8108,L7TC/R, SPARK PLUG MAYUMI  RAJ AGRO ,258
8109,L8,LIVER MS  8,8
8110,L8,LIVER MS  8,13
8111,L8H,SOCKET 8MM,1
8112,LA016S,ACE TUQO HOLESAW16MM PROFESSINAL QUALITY LA016S,1
8113,LA022S,TUQO TCT HOLESAW PROFESSINAL QUALITY LA022S,1
8114,LA028S,ACE TUQO HOLESAW 28MM PROFESSINAL QUALITY ,1
8115,LA035S,ACE TUQO HOLESAW LA035S 35MM PROFESSIONAL QUALITY ,1
8116,LA040S,ACE TUQO HOLESAW PROFESSINAL QUALITY 40MM ,1
8117,LA050S,ACE TUQO HOLESAW PROFESSINAL QUALITY 50MM ,18
8118,LA055S,ACE TUQO HOLESAW PROFESSINAL QUALITY 55MM,1
8119,LA070S,ACE TUQO HOLESAW PROFESSINAL QUALITY 70MM,2
8120,LA100S,ACE TUQO HOLESAW PROFESSINAL QUALITY100M,1
8121,LA125S,ACE TUQO HOLESAW PROFESSINAL QUALITY 125MM,1
8122,LA150S,ACE TUQO HOLESAW PROFESSINAL QUALITY 150MM,1
8123,LADIES,ATHULYA SMALL MANVETTY ,-5.000
8124,LATP350,LONG ARM PRUNNING SAW 350MM ,14
8125,LAUNDRY MARKER ,LAUNDRY MARKER ,25
8126,LAUNDRY MARKER ,LAUNDRY MARKER ,-17.000
8127,LB1/4*1/2,"L BOLT 1/4 AND 1/2 4,5",19
8128,LB10*40,BOLT,2
8129,LB11/2T,LIVER BLOCK ,1
8130,LB28C,CONTROLER LB28,1
8131,LB28S,SWITCH LB28,4
8132,LB4*1,BOLT,4
8133,LB4X16,SCREW,33
8134,LB5/16,"L BOLT 5/16*6,85",15
8135,LB5/16X6,L BOLT 5/16X6,3.08
8136,LB5/16X7,L BOLT 5/16X7,2.035
8137,LB8*1,BOLT,6
8138,LB8*50,ALLENKEY BOLT 8*50,44
8139,LB8*60,ALLENKEY BOLT 8*60,94
8140,LB8*75,ALLENKEY BOLT 8*75,50
8141,LB8X40,ALLEN BOLT 8X40,2
8142,LBOLTB,CM4SA LBOLT BLACK,4568
8143,LBOLTW,CM4SA L BOLT WHITE ,4872
8144,LC2,l clamp ,12
8145,lc3,l clamp ,6
8146,LC4,L CLAMP ,1
8147,LC6*8,L CLAMP 6/8,17
8148,LC8*10,L CLAMP 8*10 INCH ,14
8149,LCLAMPG,L CLAMP ,92
8150,LDK,LAKSHA DWEEP KNIFE,8
8151,LDSGREEN,PVC LINE DHOORI SET GREEN ,3
8152,LEAKOUT,TAPE FOR WATER TANK ,38
8153,leg1.5,leg1.5,6
8154,LEG10MM,CABLE LEG 10MM,10
8155,leg2.5,leg2.5,154
8156,leg2.5,leg2.5,170
8157,leg2mm,leg2mm,7
8158,LEG50,LEG50M,46
8159,LEG50,LEG50M,100
8160,LEG6MM,CABLE LEG 6MM,25
8161,LEG6MM,CABLE LEG 6MM,80
8162,LEG70,CABLE LEG 70X12MM  COPPER ,1
8163,LG1KG,LYTHERO GREASE 1 KG ,2
8164,LG355,HONGYU-ARMATURE LG355,1
8165,LG355C ,CARBON LG355  METERSAW ,156
8166,LG355C ,CARBON LG355  METERSAW ,19
8167,LG355CH,CARBON HOLDER LG355 EVEREST,8
8168,LG355G,GEAR LG355  EVEREST ,5
8169,LG355GS/F,GEAR FOR CUT OFF SAW SULFLOWER ,1
8170,LG355H,LASERTECH SPARES LG355 SWITCH,6
8171,LG355S,SPRING,6
8172,LG355SL,EMTEX SPARE  LG 355 SPINDLE ,2
8173,LG500,LYTHERO GREASE 500 G ,3
8174,LGBC350,LOGGER BRUSH CUTTER 4 STROCK LG ,4
8175,LHD22RH,LASERTECH HAMMER DRILL 20MM 1050W ,39
8176,LIFT35FT,LADDER LIFT WITH 10HP 35FT LIFT,1
8177,LIK12,LOCK INSTALLATION KIT ,1
8178,LIK22,LOCK INSTALLATION KIT 22,5
8179,LM06,SWITCH FOR 5 INCH ,1
8180,LOIL5,LUBE OIL 5 LTR ,5
8181,LORRY 1.5,LORRY HINGES OTM 1.5 INCH ,340
8182,LORRY 1.5,LORRY HINGES OTM 1.5 INCH ,73
8183,LORRY 1.5,LORRY HINGES OTM 1.5 INCH ,73
8184,LORRY 2.5,LORRY HINGES GOYAL 2.5',196
8185,LORRY 2.5,LORRY HINGES GOYAL 2.5',9
8186,LORRY2,LORRY HINGES GOYAL 2',112
8187,LORRY2,LORRY HINGES GOYAL 2',140
8188,LPB200,LINE DHOORI POWDER 200 GM ,4
8189,LPB50,LINE DHOORI POWDER BLUE COLOUR 50GM ,3
8190,LPBAG,POWER TEX LAPTOP BAG ,2
8191,LPF,20WLumenexLEDT5LPF Tube Light/color=whit,1
8192,LPGH,LPG GAS HOSE 1.5M ,14
8193,LPGH,LPG GAS HOSE 1.5M ,-1.000
8194,LPP3/32,PIN PUNCH 84B 3/32,3
8195,LPSC,LOCK PIECE -SEMI CIRCLE M S,1.985
8196,LR10M,LYKA ROPE 10MM 110 MTR,-0.005
8197,LR12,"L ROD 12""",-3.000
8198,LR12M,LYKA ROPE 12MM ,19.485
8199,LR14MM,LYKA ROPE 14MM ,4.105
8200,LR16,LEVER 16,5
8201,LR3.5M,LYKA ROPE 3.5MM ,24.75
8202,LR3M,LYKA ROPE 3MM,21.88
8203,LR4MM,LYKA  ROPE 4MM ,-0.180
8204,LR5M,LYKA ROPE 5MM 3 STRAND ,21.315
8205,LR6M,LYKA ROPE 6MM 3 STRAND ,24.125
8206,LR7M,LYKA ROPE 7MM ,16.75
8207,LR8,"L ROD 8""",-10.000
8208,LR8M,LYKA ROPE 8MM 110 MTR ,14.28
8209,LREMI40M,PADLOCK ACTIE 40MM LONG ,6
8210,LREMI40M,PADLOCK ACTIE 40MM LONG ,-2.000
8211,LREMI50M,PAD LOCK,5
8212,LREMI65M,PADLOCK 65MMZABADAST,3
8213,LROIL10,LIGHT RED MACHINE OIL 10 LTR ,1
8214,LROIL5,LIGHT RED MACHINE OIL 5 LTR ,5
8215,LRW14,LYKA WHITE ROPE  14MM  500 MTR,4.85
8216,LS1040,MAKITHA LS1040 MITRE SAW,3
8217,LS1040,MAKITHA LS1040 MITRE SAW,-1.000
8218,LS1040CS,COMPRESSION SPRING 28 FOR LS1040,3
8219,LS18M,L SPANNER 18MM WITH HOLE ,1
8220,LS19M,L SPANNER 19MM WITH HOLE ,1
8221,LSS,SCREW DRIVER,1
8222,LSW100G,SOLDER WIRE 100G,-6.000
8223,LSW50G,SOLDER WIRE 50G,-13.000
8224,LT HN 250A HRC FUSE LINK SIZE 1,LT HN 250A HRC FUSE LINK SIZE 1,3
8225,LT10,BUCKET LT10 (THOTTI),-2.000
8226,LT10,BUCKET LT10 (THOTTI),2
8227,LT240,STAPLER GUN DAYTON,1
8228,LW1,dr.fixite ,2
8229,LW12FT ,FESTAL A TYPE LADDER LIGHT WEIGHT 12FEET ,2
8230,LW200,DR.FIXITE LW+200ML,-1.000
8231,LW6FT,FESTAL A TYPE LADDER LIGHT WEIGHT 6 FEET ,1
8232,LXHPW100,LAXMO HIGH PRESSURE WASHER 150 BAR ,24
8233,M0401B,MAKITA MO401B 110MM MARBLE CUTTER,1
8234,M0401B,MAKITA MO401B 110MM MARBLE CUTTER,1
8235,M0600B,MAKITA M0600B DRILL MACHINE 10MM  350W,9
8236,M0600BH,HOUSING SET FOR M0600B,10
8237,M0801B,HAMMER DRILL 16MM/500W,1
8238,M0801B,HAMMER DRILL 16MM/500W,-1.000
8239,M0801B,HAMMER DRILL 16MM/500W,2
8240,M0801K,MAKITA DRILL KEY 13 MM 7634531,17
8241,M1,OHP MARKER CELLO,23
8242,M10, VELCRO ADAPTER 5 INCH M10 STANLEY  3MM,1
8243,M10, VELCRO ADAPTER 5 INCH M10 STANLEY  3MM,16
8244,M10/9M,VELCRO PAD 5 INCH 9MM  STANLEY ,23
8245,M10/B, VELCRO ADAPTER 5 INCH M10 STANLEY  3MM,90
8246,M10/E,YURI VELCRO ADAPTOR 5 INCH M10,90
8247,M10/ET,VELCRO PAD 5 INCH EMTEX ,94
8248,M10E3,M10 AG4 EXTENTION 3 INCH ,86
8249,M10GR,MAL 10 GEAR (BOX -17,4
8250,M12,CENTRE BOLT FOR CORE CUTTING MACHINE  M12,48
8251,M14*M10A,ADAPTER M14*M10 ANGLE GRINDER 5 AND 4,10
8252,M147,MITSUKI CORDLESS SCREW DRIVER M147 12V,25
8253,M147B,BATTERY  M147  MITSUKI,1
8254,M147C,CHARGER M147  MITSUKI,11
8255,M147GB,GEAR BOX M147,5
8256,M147S,SWITCH M147  MITSUKI,14
8257,M147TC,M147  TORQUE CUP ,5
8258,M14X10,GUN HOLDER ,12
8259,M157,MITSUKI CORDLESS DRILL M157  21V,38
8260,M157,MITSUKI CORDLESS DRILL M157  21V,12
8261,M157B,BATTERY M157 MITSUKI,4
8262,M157B,BATTERY M157 MITSUKI,2
8263,M157C,CHARGER M157 MITSUKI,4
8264,M157GB,GEAR BOX M157,10
8265,M157GB,GEAR BOX M157,6
8266,M157M,MOTOR M157 MITSUKI ,10
8267,M157S,ACE SWITCH M157 MITSUKI,92
8268,M157S,ACE SWITCH M157 MITSUKI,22
8269,M157TC,TORQUE CAP M157,6
8270,M162C ,CHARGER TYPE M162,2
8271,M162MS,MOTOR WITH SWITCH M162,3
8272,M162SS,SPINDLE SET M162,3
8273,M1P,"PERMANENT MARKER STYLISH ,LUXOR  M20",62
8274,M1P,"PERMANENT MARKER STYLISH ,LUXOR  M20",-60.000
8275,M1P/*,PERMANENT MARKER ,-34.000
8276,M2260R,213258-4- ORING  HR2300,1
8277,M22F,CORE CUTTER ADAPTOR SMALL 11/4 M22F,15
8278,M22M,CORE CUTTER ADAPTOR BIG M22M,15
8279,M3,MULTY MARKER ARTLINE ,218
8280,M3,MULTY MARKER ARTLINE ,300
8281,M3,MULTY MARKER ARTLINE ,-4.000
8282,M3.,MULTY MARKER LUXOR,-120.000
8283,M3.,MULTY MARKER LUXOR,1
8284,M3.,MULTY MARKER LUXOR,-1.000
8285,M3.,MULTY MARKER LUXOR,12
8286,M303A,CARBON BRUSH  MTCB303,-1.000
8287,M4,GLASS MARK PENCIL,-528.000
8288,M4*40,SS  SCREW M4*40,384
8289,M4/1,GLASS MARKER PENCIL ,1325
8290,M4/1,GLASS MARKER PENCIL ,-1357.000
8291,M4/1,GLASS MARKER PENCIL ,-183.000
8292,M4/1,GLASS MARKER PENCIL ,-63.000
8293,M4101B,MARBLE CUTTER M4101B  1250W 5INCH,-1.000
8294,M4101B,MARBLE CUTTER M4101B  1250W 5INCH,1
8295,M5/16,TAP THREAD ,2
8296,M5002,SCISSORS M5002,-1.000
8297,M5003,SCISSORS M5003,1
8298,M5003,SCISSORS M5003,-1.000
8299,M5009,SCISSORE M 5009,-1.000
8300,M5801B,MAKITA M5801B CIRCULAR SAW 7.1/4',2
8301,M5801B,MAKITA M5801B CIRCULAR SAW 7.1/4',-1.000
8302,M5801B,MAKITA M5801B CIRCULAR SAW 7.1/4',1
8303,M6*22,CD74 M6*22 SCREW,3
8304,M64CRB,CARBON ,28
8305,M668,SPIRIT LEVEL 12INCH BULLET,20
8306,M668,SPIRIT LEVEL 12INCH BULLET,-1.000
8307,M6ST,TRIMMER -M6STS9Z,1
8308,M8600B,MAKITA 5KG DEMOLITION HAMMER 900W,1
8309,M9202B,M9202B MAKITA 5 INCH ORBITAL SANDER ,1
8310,M9506BGB,GEAR BOX ASSY FOR GRINDER M9506B,1
8311,M9506G,GEAR HOUSING FOR M9506B,1
8312,M950BP,BAFFLE PLATE FOR M950B 4571378,5
8313,M9511B,M9511B MAKITA  ANGLE  GRINDER 5INCH,1
8314,M9513B,MAKITA ANGLE GRINDER 4' M9513B  850W,5
8315,M9513IF,INNER FLANGE (AB WASHER ) M9513B 224491-3,6
8316,M9553LN,LOCK NUT 9553NB  (AB WASHER ),14
8317,M9553NB,MAKITA 9553NB 100MM ANGLE GRINDER,5
8318,MAC18030,DWS 180 ARMATURE DWS18030,1
8319,MAD10,MIRANDA HSS DRILL BIT 10M BITWORLD ,97
8320,MAD5,MIRANDA HSS DRILL BIT 5MM BITWOLD ,80
8321,MAD6,MIRANDA HSS DRILL BIT 6MM BITWOLD ,63
8322,MAD8,MIRANDA HSS DRILL BIT 8MM BITWORLD ,91
8323,MAF11,HOLE SAW SET 11 PCS,-8.000
8324,MAF12,HOLESAW SET 12 PCS ,22
8325,MAF16,Hole Saw Set 16 Pc Golden Bullet,1
8326,MAF3,HOLE SAW SET 3 PCS  EVEREST,37
8327,MAF6,HOLESAW SET 6PCS BULLET,10
8328,MAG125S,SWITCH MAL AH125M,2
8329,MAG125SL,AG125 PUSH ROD SWITCH LEVER ,4
8330,MAG200M,GLOBAL WELDING MACHINE MAG 200M,1
8331,MAG200M,GLOBAL WELDING MACHINE MAG 200M,2
8332,MAL10, MAL DRILLING MACHINE 10MM 550W DRHC ,6
8333,MAL10, MAL DRILLING MACHINE 10MM 550W DRHC ,-2.000
8334,MAL10, MAL DRILLING MACHINE 10MM 550W DRHC ,5
8335,MAL10, MAL DRILLING MACHINE 10MM 550W DRHC ,-2.000
8336,MAL10G,GEAR FOR MAL10 DRILL ,3
8337,MAL10S,SWITCH 10MM DRILL ,1
8338,MAL10SH,SWITCH FOR MAL10,16
8339,MAL11EC,MAL 11E DEMOLISHING HAMMER 1500W MAL11EC,3
8340,MAL13,MAL 13MM DRILL 810 W,-1.000
8341,MAL13,MAL 13MM DRILL 810 W,4
8342,MAL13G,GEAR FOR MAL13MM DRILL ,1
8343,MAL13S,SWITCH FOR MAL DRILL 13MM ,6
8344,MAL16CB,MAL 16 KG CARBON BRUSH ,4
8345,MAL16LRA,MAL16 LINK ROD ASSY ,1
8346,MAL16OR,MAL16 OPEN RING ,1
8347,MAL16ORS,MAL16 OPEN RING SLEEVE ,1
8348,MAL16SPCH,CYLINDER HOUSING MAL16SP ,2
8349,MAL16SPOP,OPEN RING MAL16SP ,1
8350,MAL16SPOPS,OPEN RING SLEEVE MAL16SP,1
8351,MAL16SPS,SWITCH MAL16SP ,2
8352,MAL180C,MAL DWS 180 CARBON BRUSH DWSCB,5
8353,MAL5KPOC,OIL COVER FOR 5KP  MALH5KP 1100W ,3
8354,MAL6,MAL DRILLING MACHINE 6MM 550W,1
8355,MAL7BR,BUFFER RING  MAL 7KG ,4
8356,MAL7DPS,DRILL PIPE SLEEV E,1
8357,MAL7OR,O RING 7KG MAL ,10
8358,MAL7OR,O RING 7KG MAL ,2
8359,MAL7OR48*2,O RING MAL7KG 48*2 19,3
8360,MAL850C,GRINDER CARBON BRUSH 850,16
8361,MAL850G,AGBS850GP-MAL 850 GEAR AND PINION(BOX 28),2
8362,MAL950,MAL 950 WATTS GRINDER MALBWC950 HANA,1
8363,MAL950BG ,BIG GEAR JCB FOR ANGLE GRINDER 950W,5
8364,MAL950BGH,BIG GEAR JCB FOR ANGLE GRINDER 950W,7
8365,MAL950BH,BRUSH HOLDER MAL9+50,10
8366,MAL950BHR,BEARING HOLDER FOR MAL950,2
8367,MAL950C,ANGLE GRINDER CARBON BRUSH 950,2
8368,MAL950CM,MAL CARBON BRUSH JCB /MAL 950W HANA,30
8369,MAL950G,MAL 950 GEAR &PINION ,2
8370,MAL950G,MAL 950 GEAR &PINION ,1
8371,MAL950GB,GEAR BOX MAL-950,2
8372,MAL950H,MAL AG950 HOUSING ,3
8373,MAL950P,PINION FOR JCB ANGLE GRINDER 950,5
8374,MAL950PH,PINION FOR JCB ANGLE GRINDER 950,7
8375,MAL950SL,MAL950 SPINDLE ,2
8376,MAL950SLS,MAL950 SPINDLE LOCK SET ,5
8377,MAL950SLS,MAL950 SPINDLE LOCK SET ,4
8378,MAL950SP,SPINDLE FOR JCB ANGLE GRINDER 950W,2
8379,MALBC850,MAL ANGLE GRINDER 850W 100MM MALBC850  QUALITY,8
8380,MALCM4SA,MALCM4SA TILE CUTTER 1280W,3
8381,MALCM4SA,MALCM4SA TILE CUTTER 1280W,1
8382,MALDH11NB,NEEDLE BEARING FOR PMDH11P ,1
8383,MALDH16H,MAL DEMOLISHION HAMMER 16 KG 1300W,1
8384,MALDH16KP,MAL DEMOLITION HAMMER 16 KG MALDH16KP 1240W,-3.000
8385,MALDH16SP,MAL DEMOLITION HAMMER 16 KG SP,1
8386,MALDH16SP,MAL DEMOLITION HAMMER 16 KG SP,1
8387,MALDH16TH,MAL 16 KG TOOL HOLDER ,1
8388,MALDH7B,MAL7DHB &S MAL 7 KG 1300W YELLOW ,1
8389,MALGCS58,MAL CHAINSAW 18 NORMAL MCSN MALGCS58,4
8390,MALH5KP,MAL DEMOLITION HAMMER  5KP  1100W MAL5KP,2
8391,MALH5KP,MAL DEMOLITION HAMMER  5KP  1100W MAL5KP,4
8392,MALH5KPBW,BIG WASHER FOR 5 KP MALDH5KP,6
8393,MALH5KPGB,REDUCTION GEARBOX FOR 5KG MALH5KP ,1
8394,MALH5KPO,O RING FOR 5KG  MALH5KP,30
8395,MALH5KPO22,O RING FOR 5KG MALH5KP 22,30
8396,MALH5KPOH,O RING FOR 5 KG MALH5KP 1100W,20
8397,MALH5KPOR,O RING FOR 5 KG MALH5KP 1100W ,12
8398,MALH5KPS,DRILL PIPE SLEEVE FOR 5KG MAL 1100W ,6
8399,MALH5KPS,DRILL PIPE SLEEVE FOR 5KG MAL 1100W ,2
8400,MALH5KPSBR,SHOCK OSCI BUMPER RING FOR MALH5KP,12
8401,MALH5KPSH,SWITCH FOR 5 KG MALDH5KP ,5
8402,MALH5KPSO,SHOCK OSCILLATOR FOR MALH5KP ,3
8403,MALH5KPWS,WASHER ON SHOCK FOR 5 KG  MALH5KP ,12
8404,MALH5SO,SHOCK OSCILLATOR MALH5K 5KG,2
8405,MALMC4SB,"MAL MCF5SB 1230W MARBLE CUTTER 5"" MALMCF4SB",7
8406,MALMC4SB,"MAL MCF5SB 1230W MARBLE CUTTER 5"" MALMCF4SB",1
8407,MALMC4SB,"MAL MCF5SB 1230W MARBLE CUTTER 5"" MALMCF4SB",-1.000
8408,MALRH28AS,ADJUSTMENT SHAFT FOR HAMMER DRILL MALRH28,3
8409,MALRH28BH,BUTTOM HOLDER FOR HAMMER DRILL MALRH28,3
8410,MALRH28O,ORING FOR HAMMER DRILL MALRH28,3
8411,MALRH28OC,OIL CAP FOR HAMMERDRILL MALRH28,3
8412,MALRH28S,MAL RH 28 SWITCH ,3
8413,MALRH28SC,SCREW FOR HAMMER DRILL MALRH28,3
8414,MALRH28SR,SCREW FOR HAMMER DRILL MALRH28,5
8415,MALRHV28,MAL HAMMER DRILL 28MM 1000W HANA,2
8416,MALSDS20,HAMMER DRILL MAL 20MM 500W,-2.000
8417,MALSDS20,HAMMER DRILL MAL 20MM 500W,5
8418,MALSDS20,HAMMER DRILL MAL 20MM 500W,-1.000
8419,MALSDS26,HAMMER DRILL MAL 26MM 800W,-1.000
8420,MAR3P,MAR3P,2
8421,MARK180C,CARBON MARK180  D/S,17
8422,MARK180CH,CARBON HOLDER MARK180 D/S,3
8423,MARK180DB,DUST BAG MARK180,-1.000
8424,MARK180HC,HOLDER CAP MARK180 D/S,10
8425,MARK180LB,LED WITH BOARD MARK180,2
8426,MARK180LB,LED WITH BOARD MARK180,3
8427,MARK180S,MARK180 SWITCH FOR DRYWALL SANDER ,2
8428,MARK180SCS,SPEED CONTROL MARK180,1
8429,MARK180SCS,SPEED CONTROL MARK180,3
8430,MARK230,DRY WALL SANDER MARK 230,1
8431,MAS830L,MULTI METER MAS830L,2
8432,MAS830L,MULTI METER MAS830L,1
8433,MATTAS KAI,MATTAS KAI,-10.000
8434,MAX,WATER FILTER MAX,6
8435,MAX,WATER FILTER MAX,-1.000
8436,MB1/2, MORTISING CHISEL BIT1/2 INCH SQUARE BIT ,1
8437,MB1/2, MORTISING CHISEL BIT1/2 INCH SQUARE BIT ,2
8438,MB1/4,MORTISING CHIOSEL 1/4 INCH SQUARE BIT ,2
8439,MB12525/61,MONO BLOCK .5HP MB1 2525 1.61 KIRLOSKAR,1
8440,MB12525/66,MONO BLOCK .5HP MB1 2525 1.66  KIRLOSKAR,2
8441,MB12525/67,MONO BLOCK .5HP MB1 2525 1.67 KIRLOSKAR,1
8442,MB15040,MONO BLOCK 1.5HP MB15040,1
8443,MB1900,BELT MAKITA,2
8444,MB3/4,3/4 MORTICE BIT SET ,-2.000
8445,MB5/16,MORTISING  CHISEL BIT 5/16 SQUARE ,3
8446,MB5B14,HONDA DIAPHRAGM PUMP MB5B14,1
8447,MB5D09,HONDA GASKET PUMP MB5D09,1
8448,MBAT,MOSQUITO BAT ,-1.000
8449,MBAT,MOSQUITO BAT ,6
8450,MBD100,MAGNTZER BOOSTER DEMAGNEIZER MBD100,1
8451,MC03,MC03 SCREWM8*16,-35.000
8452,MC03BS,MC03 BEARING SLEEVE 608 RZ,3
8453,MC2005,OMR CM4SA SWITCH ,154
8454,MC2014,OMR SPANNER KEY SMALL CM4SA OMR ,92
8455,MC2018,OMR SPINDLE CM4SA OMR ,52
8456,MC2020,FASTENING CLAMP OMR ,19
8457,MC2029,DISTANCE RING CM4SA  OMR ,58
8458,MC2038,SPINDLE CM4SB OMR ,94
8459,MC2040,BASE PLATE CM4SB OMR ,22
8460,MC2042,GEAR CM4SB OMR ,186
8461,MC2044,BEARING HOLDER CM4SB OMR,76
8462,MC2052,OMR SWITCH MT410/1900B,68
8463,MC25B,BOLT,1
8464,MC30,MC30 TOP BOARD,12
8465,MC30B,MC30 LH BOLT,18
8466,MC30DB,MC30 DOWN BOARD,6
8467,MC30S,MC30 SWITCH ,2
8468,MC30S,MC30 SWITCH ,1
8469,MC4,TCT MULTI CUTTER BLADE 4 INCH 40T,26
8470,MC4/12,TCT MULTI CUTTER 4INCH 12T,1
8471,MC5,TCT MULTI CUTTER 5INCH 40T,6
8472,MC5440,BULLET MARBLE CUTTER 125MM 1450W,-1.000
8473,MC5440,BULLET MARBLE CUTTER 125MM 1450W,1
8474,MC8312,DAMIER MARBLE CUTTER 4 1350W MC8312,1
8475,MC8314,DAMIER MARBLE CUTTER 5 1850W/MC8314,1
8476,MC84AR,MC84  ARMATURE,1
8477,MC84HS,HOLDER SET ,5
8478,MC84IF,MC84 INNER FLANGE,8
8479,MC84N,MC84 NUT,118
8480,MC84N,MC84 NUT,-2.000
8481,MC84OF,MC84 OUTER FLANGE,3
8482,MC84S,MC84 PIN SCREW ,10
8483,MC84W,MC84 WASHER,1
8484,MC9LTR,WOODPECKER MUTE COMPRESSOR 9 LTR ,1
8485,MC9LTR,WOODPECKER MUTE COMPRESSOR 9 LTR ,2
8486,MCA15,METAL CUTTER ATTACHMENT MCA15,33
8487,MCB10,"MC BLADE 10"" GP BULLET",1
8488,MCB153,MAKITA CARBON BRUSH 153 194985-1,50
8489,MCB16,MARBLE CUTTING BLADE 16 INCH SEG,3
8490,MCBTA,MASTER CONNECTOR BATTERYTERMINALALLOY,1
8491,MCFP, MCFP- JCB MCF 1250W PINION ,1
8492,MCHL6303,BEARING CHL 6303,30
8493,MCM4SAS,SWITCH FOR CM4SA DRILL,6
8494,MDH16SPC,MALDH16SP CARBON BRUSH ,50
8495,MDT81,TESTER  MDT 81,2
8496,ME151,GLUE GUN MARIO ME151,32
8497,ME151/S,GLUE STICK MARICO 1515,1076
8498,MEC1100, MECANO VACUUM CLEANER PREMIA  1100 W 15 LTR ,1
8499,METAL CHOOL,METAL CHOOL,3
8500,MF02,FORM LANCE 5 PCS SET MF02,10
8501,MF16A,MALE & FEMAIL 16A,6
8502,MF1KG,FEVICOL MARINE SH 1KG ,6
8503,MF2KG,FEVICOL MARINE SH 2KG,3
8504,MF500GM,FEVICOL MARINE SH 500GM,4
8505,MG12V,MASTER GOLD CORDLESS DRILL 12V,2
8506,MGASKET ,MUFFLER GASKET 58CC,3
8507,MGB18,GUIDE BAR 18 (WIDE MAYUMI ),-1.000
8508,MGDH35K,MASTER GOLD DEMOLITION HAMMER 35K 1300W,1
8509,MGETG,SPARE PARTS   GUN (MICROJET),15
8510,MGETH,IBELL HOSE (MICROJET ),1
8511,MGETL,SPARE PARTS OF SPRAY LANCE (MICROJET),-1.000
8512,MH01,LOCK SET MORTICE 175MM,2
8513,MH04,LOCK SET MORTICE MH04SS,3
8514,MH1/2,"HOSE GARDEN SAMSON 1/2""",26
8515,MH1/2/1,"HOSE GARDEN COSMO  1/2""",28
8516,MH1/2/2,HOSE GARDEN   BRIDE 1/2 INCH MUMBAI,2
8517,MH108,LOCK SET MORTICE MH108,3
8518,MH125,AKEN MAGNETIC WELDING HOLDER SETMH125 6PCS,1
8519,MH15,GARDEN HOSE 1/2INCH 15 MTR ,1
8520,MH3,MAGNETIC WELDING HOLDER 3 INCH MH3,1
8521,MH3/4,GARDEN BRIDE HOSE 3/4 INCH 15 MTR,1
8522,MH4,MAGNETIC WELDING HOLDER 4 INCH MH4,6
8523,MH725,MH-725 LEGEND LOCK ,1
8524,MHC,TAP THREAD,17
8525,MHOOK,MACHINE HOOK ,12
8526,MHR04128,MR MHR04128 TRIM PAD REMOVER,1
8527,MHS19,MINI HAND SAW SET MHS19,-1.000
8528,MHS19,MINI HAND SAW SET MHS19,4
8529,MHT18,BULL CARWASHER MHT-18/2500W/180BAR,2
8530,MHT18,BULL CARWASHER MHT-18/2500W/180BAR,5
8531,MHT25/18BOS,MHT25/18 BIG OIL SEAL ,15
8532,MHT25/18BOS,MHT25/18 BIG OIL SEAL ,1
8533,MHT25/18CCB,CRANKCASE BRASS FOR MHT25/18,2
8534,MHT25/18MWS,MHT25/18 MAIN WATER SEAL ,39
8535,MHT25/18OS,MHT25/18 OIL SEAL ,-3.000
8536,MHT25/18OVC,MHT/18 ONE WAY VALVE CAP 3,1
8537,MHT25/18OVS,MHT25/18 OUTLET VALVE SET ,6
8538,MHT25/18PRC,PRESSURE REGULATER CAP ,1
8539,MHT25/18S ,MHT25/18 ON OF SWITCH ,8
8540,MHT25/18SS,MHT25/18 SWITCH SEATING SET ,2
8541,MHT25/18ST,MHT25/18 SWITCH FOR CARWASHER SEATING SET,2
8542,MHT25/18UWS,MHT25/18 UPPER WATER SEAL ,12
8543,MHT25/18V,MHT25/MHT18 ONEWAY VALVE ,14
8544,MHT25/18VWS,MHT25/18 VICE WATER SEAL ,69
8545,MHT255,"BULL CARASHER MH-T-255 , 2800W, 180 BAR, 3HP MOTOR",1
8546,MHT25FOS,MHT25/18 FRAME OIL SEAL ,1
8547,MHT25OS,OIL SEAL MHT25/18,9
8548,MHT25OSB,MHT25/18 MAIN OIL SEAL BIG ,9
8549,MHT25OV,ONE WAY VALVE MHT25/18,12
8550,MHT25PG,MHT25/MT18 PRESSURE GAUGE,9
8551,MHT25VC,MHT25/MT18 ONE WAY VALVE CAP ,11
8552,MI4,MITSUKI CORDLESS PRESSURE WASHER MI4,1
8553,MI8,MITSUKI HIGH PRESSURE WASHER MI8,2
8554,MIG1,MIG GLASS,1
8555,MIGT,MIG TORCH,1
8556,MINGLI12,MINGLY SPIRIT LEVEL HEAVY DUTY 12INCH BULL,1
8557,MINI CRANE ,MINI CRANE ,1
8558,MINI LIFT 1 TON ,MINI LIFT 1 TON ,1
8559,MINI200,GLOBAL WELDING MACHINE MINI200E,-1.000
8560,MINI200,GLOBAL WELDING MACHINE MINI200E,2
8561,MJ4032,MJ4032,1
8562,MJBR,MICROJET BASEROD,4
8563,MJETG,I BELL MICROJET GUN,1
8564,MJFV,FULL VALVE MICROJET ,6
8565,MJHV,HALF VALVE MICROJET ,6
8566,MJSN,MJET SPRAY NOZILE ,1
8567,MJTB,MICROJET TRUST BEARING ,2
8568,MJX2020,GOLDEN BULLET  BATTERY 2AH 20V,1
8569,MK30CUN,GLOBAL AIR COMPRESSOR 30LTR MK30CUN,-1.000
8570,MKC1,MEAT KNIFE 1.0KG ,6
8571,MKC500,MEAT KNIFE CHOPPER 500GRM,3
8572,MKC700,MEAT KNIFE CHOPPER 700 GRM,3
8573,MKC900,MEAT KNIFE 900GM,6
8574,ML1150G,MILLER ANGLE GRINDER 4 INCH 1150W ,3
8575,ML334,SPIRIT LEVEL 4'' BULLET,6
8576,ML334,SPIRIT LEVEL 4'' BULLET,-1.000
8577,ML4,MAGNETIC LEVEL 4 INCH PROCUT BLUE ,146
8578,ML4,MAGNETIC LEVEL 4 INCH PROCUT BLUE ,-1.000
8579,ML90704,TORPIDO SPIRIT LEVEL 9 INCH ,1
8580,ML96051,MINI PLIER SET 5 PCS BULL,2
8581,MM12525,BOOSTER PUMP .5HP MM12525,2
8582,MM12525/1HP,BOOSTER PUMP 1 HP MM12525 ,1
8583,MM2525/B1,BOOSTER PUMP 1 HP MM12525/1B1,1
8584,MM30L,MASTERMATE VACCUM CLEANER 30L,2
8585,MMA105,DIAGER HAND WELDING GUN 100 MMA ,2
8586,MMA200,K EMTEX SPARES MMA200 SWITCH,-2.000
8587,MMAFSC,MMA FULL SET WITH CABLE MAG ,1
8588,MN2,KUNDALI MANVETTY 1.8 WITH KAI ,1
8589,MN4,TATA MANVETTY 4INCH ,3
8590,MN4,TATA MANVETTY 4INCH ,12
8591,MN4,TATA MANVETTY 4INCH ,-6.000
8592,MN4,TATA MANVETTY 4INCH ,1
8593,MN4,TATA MANVETTY 4INCH ,-2.000
8594,MN4/1,MANVETTY (PIDI ILLATHATHU )1.6,21
8595,MN4/1,MANVETTY (PIDI ILLATHATHU )1.6,-3.000
8596,MN5,MANVETTY,1
8597,MN5,MANVETTY,1
8598,MN5,MANVETTY,8
8599,MN5,MANVETTY,2
8600,MN5,MANVETTY,2
8601,MN5,MANVETTY,-1.000
8602,MNP4,MANVETTI PIDI ILLATHATHU,-1.000
8603,MOIDEEN SERVICE CHARGE ,MOIDEEN SERVICE CHARGE ,2000
8604,MOP,MOP,28
8605,MOP,MOP,4
8606,MOPC,MOP COLOUR ,3
8607,MOPD,MOP STEEL  DEV,3
8608,MOPP,PLASTIC MOP 230G,1
8609,MOQ6,PRANAV FACE SHEILD 9*12 MOQ6,48
8610,MOQ8,PRANAV FACE SHIELD 6*12 MOQ8,48
8611,MOSQ3*15B,MOSQ.NET PVC 3'*15M BLACK ,0.5
8612,MOSQ4*15I,MOSQ.NET PVC 4'*15 IVORY ,0.25
8613,MP110,MULTI PURPOSR SAW BLADE 110MM ULTRA TOUCH ,9
8614,MP110,MULTI PURPOSR SAW BLADE 110MM ULTRA TOUCH ,9
8615,MP1604,GREASE GUN,2
8616,MP4BLADE,MP 4'' BLADE,100
8617,MP5*3/4*3M,MAN PULLEY 5*3/4 3MM SNACH,3
8618,MP5*3/4*3M,MAN PULLEY 5*3/4 3MM SNACH,1
8619,MP6*1/12/22,MAN PUL /JPT 6X1 3MM SP-BRG 12/22,1
8620,MP6*1/7/25,MAN PUL /JPT 6X1 3MM SP ORD 7/25,1
8621,MPCARBON801,MP CARBON BRUSH FOR DW801 ,100
8622,MPCARBONB,MP CARBON BRUSH ,100
8623,MPD4,PAD  NUT 5 M-10 MAL ,-2.000
8624,MPI604,GREASE GUN MPI604,1
8625,MPLUG,MAIL PLUG,3
8626,MPSB5,WIRE BRUSH SET 6PCS,1
8627,MPTL2,MULITIMETER PROBE TL-2 MODEL,1
8628,MR0,MIREX POLISHING PAD 0 ,187
8629,MR07,METSO COMBINATION RATCHET WRENCH SET MR07,2
8630,MR1,MIREX POLISHING PAD 1,205
8631,MR2,MIREX POLISHING PAD 2 ,87
8632,mr2pint,2 pin top mr ,196
8633,MR3,MIREX POLISHING PAD 3,110
8634,MR3*16T,MR 16AMP TOP,128
8635,MR3PINT6,6AMP 3PIN TOP MR ,166
8636,MR4,MIREX POLISHING PAD 4,110
8637,MR5,MIREX POLISHING PAD 5,120
8638,MRH28C,RH 28 CARBON BRUSH MAL ,18
8639,MRST15,SOCKET 15 AMP MR ELECTRICALS ,200
8640,MRSW15,SWITCH  15 AMP MR ELECTRICALS ,100
8641,MRSW6,SWITCH FOR 6AMP MR ,200
8642,MS,MONKEY SPANER,2
8643,MS10050,BULL NAIL GUN MS100-50,1
8644,MS18C,MS18 CARBON BRUSH ,5
8645,MS18S,MS18 SWITCH ,3
8646,MS18S,MS18 SWITCH ,1
8647,MS212,MS212 CHAINSAW 45CM /18 INCH ,2
8648,MS230AF,AIR FILTER MS230/250,3
8649,MS230TL,TWIST LOCK MS 230/250,1
8650,MS250B,GUIDE BAR 250 STHIL  MS250,2
8651,MS30,TUQO FOAM CANNON MANUAL MS30,2
8652,MS361,MS361 WITH 45CM GUIDE BAR SL NO .196363015,1
8653,MS40,TUQO FOAM CANNON MANUAL MS40,25
8654,MS462,MS462 CHAINSAW WITH 63CM /25 GUIDE BAR SL NO :-192947062,1
8655,MS50,TUQO FOAM CANNON MANUAL MS50,31
8656,MS801N,K-MEGASTAR-ANGLE GRINDER 801-MS801N,1
8657,MS832SP,SPARK PLUG FOR MS832 11104007005,2
8658,MSBELT ,BELT ,1
8659,MSBT,MS BOLT NUT WASHER ,-1.197
8660,MSBT,MS BOLT NUT WASHER ,157.127
8661,MSBT,MS BOLT NUT WASHER ,157.127
8662,MSC27,SCREW DRIVER 2 IN 1 MSC27,5
8663,MSH12MM,BI-METAL HOLESAW 1/2 MC,4
8664,MSH19MM,"BI-METAL HOLESAW 3/4""MC",2
8665,MSH25,BI-METAL HOLESAW 25MM MAGIC CU,1
8666,MSH30,BI-METAL HOLESAW 30 MM,2
8667,MSH32,BI-METAL HOLESAW 32MM MAGIC CU,6
8668,MSH32,BI-METAL HOLESAW 32MM MAGIC CU,1
8669,MSH35,BI-METAL HOLE SAW 35MM,2
8670,MSH38,BI-METAL HOLESAW 38 MM,1
8671,MSHVIC381,"GUIDE BAR 18""",36
8672,MSNB,MULTY  SPRAY NOZZLE BLACK ,5
8673,MSPC,MUD SHOWEL POWER COATED,-10.000
8674,MST1700,MECANO CARWASHER MACHINE SMART1700 PLUS ,4
8675,MSW,M S WIRE,0.21
8676,MSW,M S WIRE,154.79
8677,MSW,M S WIRE,-12.570
8678,MSW,M S WIRE,0.365
8679,MSW,M S WIRE,-1.270
8680,MT1217/1,"MAROKA GEAR PULLER 21/4"" PZE",1
8681,MT2441,BRUSH HOLDER CAP,10
8682,MT3710F,BO3710 STATOR 593703-8,2
8683,MT400B,M400B MAKITA  BLOWER  530W,1
8684,MT4032,2414NB BRUSH HOLDER CAP 643700-5,1
8685,MT410,MAKTEC MT410 MARBLE CUTTER  QUALITY,-1.000
8686,MT410,MAKTEC MT410 MARBLE CUTTER  QUALITY,1
8687,MT410AR,ARM MT410 ARMATURE 513509.8,1
8688,MT410AW,AB WASHER MT410,8
8689,MT410B,HEX SOCKET BOLT MT410 266286-8,45
8690,MT410BC,BLADE CASE COMPLETE FOR MT410 21834686,1
8691,MT410CH,CARBON HOLDER MT410 643754-2,4
8692,MT410F,MT410 STATOR  594469-3,2
8693,MT410HC,CARBON HOLDER CAP FOR TILE CUTTER MT410,70
8694,MT410LB,WING BOLT M6X25 FOR MT410 (265752),16
8695,MT410S,SWITCH FOR MAKITA TILE CUTTER 6502090,3
8696,MT410WB,BOLT,6
8697,MT412BB,BEARING BOX MT412 318682-7,1
8698,MT412BB,BEARING BOX MT412 318682-7,2
8699,MT412CAP,BEARING RETAINER 19-33 FOR MT412 285852-2,1
8700,MT4223M,SLIDER,2
8701,MT4322,SLIDE FOR 4322 (344613),1
8702,MT4323,SLIDER GUIDE FOR 4323M(313082),2
8703,MT43270,ORING FOR 4327(213038),4
8704,MT60,MT60 SWITCH 6502406,3
8705,MT60,MT60 SWITCH 6502406,4
8706,MT60,MT60 SWITCH 6502406,-2.000
8707,MT60S,SWITCH FOR MT60,18
8708,MT801B,MO801BX2 HAMMER DRILL+13PCS BIT SET,2
8709,MT9513B,ANGLE GRINDER 4INCH 850W,3
8710,MTA06,METSO MANUAL STAPLIER  3 WAY OI-MTA06,2
8711,MTA06,METSO MANUAL STAPLIER  3 WAY OI-MTA06,-1.000
8712,MTAR1306,HM1306 ARMATURE 517773-3,1
8713,MTAR1630,HP1630 ARMATURE 513439-3(OLD 515309-2,2
8714,MTAR3710,BO3710 ARMATURE 515784-2,1
8715,MTAR4032,GA4032 ARMATURE-5176664-8,1
8716,MTAR4327,4327 ARMATURE 515718-5(NEW 515719-3),2
8717,MTAR921,MT921 ARMATURE 510255-4,1
8718,MTARB06,ARMATURE ,1
8719,MTB10,TILE BIT MULTI USE  MTB10,10
8720,MTB12,TILE BIT MULTI USE  MTB12,4
8721,MTB5,ULTRA TOUCH TILE BIT MULTY USE  MTB5,1
8722,MTB6,ULTRA TOUCH TILE BIT MULTI USE  MTB6,1
8723,MTB6,ULTRA TOUCH TILE BIT MULTI USE  MTB6,2
8724,MTB6,ULTRA TOUCH TILE BIT MULTI USE  MTB6,-2.000
8725,MTB8,TILE BIT MULTI USE   MTB8,2
8726,MTB8,TILE BIT MULTI USE   MTB8,-3.000
8727,MTB8,TILE BIT MULTI USE   MTB8,4
8728,MTBG150,BENCH GRINDER ,1
8729,MTC,E-ULEX-LAMINATION CUTTER,19
8730,MTCB153A,CARBON BRUSH 153A B80329 MAKITA,19
8731,MTCB153A,CARBON BRUSH 153A B80329 MAKITA,20
8732,MTCB153A.,MAKITA CARBON BRUSH CB153 181044-0,-2.000
8733,MTCB175,MAKITA VARBON BRUSH 175A 195844-2,23
8734,MTCB204A,CARBON BRUSH 204A B-80357 MAKITA,1
8735,MTCB204A.,MAKITA CARBON BRUSH CB204A,24
8736,MTCB303A,CARBON BRUSH 303A B-80379 MAKITA,3
8737,MTCB303A,CARBON BRUSH 303A B-80379 MAKITA,9
8738,MTCB303A,CARBON BRUSH 303A B-80379 MAKITA,9
8739,MTCB303A,CARBON BRUSH 303A B-80379 MAKITA,9
8740,MTCB325A.,MAKITA CARBON BRUSH CB325 194074-2,70
8741,MTCB325A.,MAKITA CARBON BRUSH CB325 194074-2,30
8742,MTCB459,CARBON BRUSH 459 194722-3 MAKITA,49
8743,MTCB459,CARBON BRUSH 459 194722-3 MAKITA,12
8744,MTCB64A,CARBON BRUSH 64A B-80254 MAKITA,24
8745,MTCB85A,CARBON BRUSH 85A 191998-3 MAKITA,16
8746,MTCB85A,CARBON BRUSH 85A 191998-3 MAKITA,1
8747,MTFD4032,GA4032 STATOR 623538-4,2
8748,MTGT,TIG WELDING HOLDER ,2
8749,MTRS,POWER SWITCH ,1
8750,MTSWITCH,MITSAW SWITCH ,4
8751,MTX12,PIWRAP  BLUE WHITE  CHECK SHEET 50MT*12,20.37
8752,MTX12,PIWRAP  BLUE WHITE  CHECK SHEET 50MT*12,-11.875
8753,MU1,MUNAYAN,20
8754,MU1,MUNAYAN,36
8755,MU1,MUNAYAN,-13.000
8756,MU1,MUNAYAN,-1.000
8757,mun balance ,mun balance ,-1.000
8758,MURUKKUTHI,MURUKKUTHI,1
8759,MUTHUKUDA ,MUTHUKUDA ,2
8760,MVC1000,MACANO VACCUM CLEANER 1000W 10LTR,-2.000
8761,MVC1000,MACANO VACCUM CLEANER 1000W 10LTR,-5.000
8762,MVC1100,MECANO VACCUM CLEANER 1100 W 15 LTR,1
8763,MW25X25,MOP WHEEL 25X25,-1.000
8764,MW3/8,WASHER MS 3/8,7.39
8765,MW40M,MEASURING WHEEL 318 1-77,1
8766,MW50X50,MOP WHEEL 50X50,-1.000
8767,MW75X25,MOP WHEEL 75X25,50
8768,MWA3,MAGNETIC WELDING ADJUSTER 3 INCH ,21
8769,MWEC,MANUAL WOOD EDGE CUTTER ,16
8770,MWR10,3.15 RAD MAXWELD ,1620
8771,MWR10..,3.15 RAD MAXWELD ,-270.000
8772,MWR12,WELDING RAD 12 ,610
8773,MWR12..,WELDING RAD 12 ,-115.000
8774,MX5013,CHAINSAW ATTACHMENT 11.5 INCH ,-5.000
8775,MXD350,MAX ROTARY DRILL 10MM 350W,3
8776,MXP801,MASTER PRO 801 ANGLE GRINDER ,2
8777,N1,"NAIL1""X4",4.8
8778,N1LBH, NAIL HAMMER 1LB TATA,-2.000
8779,N4,"NAIL4""X8",8.72
8780,N472497,CHUCK WEIDA SF13DA DCD771S2-IN N472497,1
8781,N478509,BLADE BOLT N478509,1
8782,N478510,WASHER OUTER CLAMP N478510,1
8783,N478512,WASHER INNER CLAMP N478512,1
8784,N478637,SWITCH N478637,4
8785,N489912,DW801 CARBON BRUSH N489912,-14.000
8786,N499484,GEAR CASE COVER N499484,1
8787,N499495,SPINDLE LOCK DW801-IN N499495,7
8788,N499496,BUTTON DW801-IN N499496,16
8789,N505252,GRINDER BODY,1
8790,N505292,FIELD CASE KIT DW801-IN N505292,1
8791,N505712,BRUSH PAIR 230V 28730,2
8792,N539401,N539401 GEAR FOR STGS9100,1
8793,N566924,BRUSH HOLDER SA DW 801 N566924,1
8794,N588618,GEAR CASE SA DW801 N588618,1
8795,N602553,STNLY ARMATURE STHM5KH,1
8796,N616539,BRUSH HOLDER SA DW 801 N616539,3
8797,N689426,GREASE ULTRAFILE SBDN689426,2
8798,"NAIL 3""","NAIL 3""",0.27
8799,NAIL GUN ,NAIL GUN ,10
8800,NAIL.,"NAILS 2*10,2*12,1,11/2,21/2,3,4",-60.080
8801,NAIL.,"NAILS 2*10,2*12,1,11/2,21/2,3,4",-5.000
8802,NAIL.,"NAILS 2*10,2*12,1,11/2,21/2,3,4",-88.400
8803,NAIL.,"NAILS 2*10,2*12,1,11/2,21/2,3,4",-340.608
8804,NAIL.,"NAILS 2*10,2*12,1,11/2,21/2,3,4",364.48
8805,NAIL.,"NAILS 2*10,2*12,1,11/2,21/2,3,4",364.48
8806,NAIL.,"NAILS 2*10,2*12,1,11/2,21/2,3,4",2896.7
8807,NAIL.,"NAILS 2*10,2*12,1,11/2,21/2,3,4",0.005
8808,NAIL.,"NAILS 2*10,2*12,1,11/2,21/2,3,4",-3.500
8809,NAIL.,"NAILS 2*10,2*12,1,11/2,21/2,3,4",0.005
8810,NAIL.,"NAILS 2*10,2*12,1,11/2,21/2,3,4",-0.180
8811,NAIL.,"NAILS 2*10,2*12,1,11/2,21/2,3,4",-2.120
8812,NAIL2*10,NAIL2*10 2 INCH ,44.1
8813,NAILGUN2,NAIL GUN  GUJARAT,15
8814,NANO,MC BLADE 4INCH NANO B ,12
8815,NANOSAW,NANO BLADE DIAMOND SAW BLADE 110MM ,29
8816,NANOUS,MC BLADE 4INCH USTAD,1
8817,NB1,FT BOLT 1/4X1,2.53
8818,NB1/2X2,FT BOLT 1/2X2,5
8819,NB1/2X8,FT GOLDEN BOLT 5/16X3/4,4.69
8820,NB10,MS BOLT8*4,7.56
8821,NB12/1,BOLT,6.15
8822,NB14,MS BOLT10*6,5.8
8823,NB18,BOLT,4.86
8824,NB2,MS BOLT 6*1,0.01
8825,NB2/1,BOLT,7.63
8826,NB3,MS BOLT6*2,0.78
8827,NB3X8,BOLT ,3.37
8828,NB4,MS BOLT 1/4x2.5,1.52
8829,NB4A,CERCUIT TESTER,2
8830,NB5,FT BOLT 5/16*1,2.95
8831,NB6,FT BOLT 5/16X2.5,1
8832,NB6X20,GL BOLT &NUT 1/4X0.75,11522
8833,NB6X20,GL BOLT &NUT 1/4X0.75,4673
8834,NB6X25,GL BOLT &NUT 1/4X1,-11.000
8835,NB6X25,GL BOLT &NUT 1/4X1,4579
8836,NB6X35,GI BOLT &NUT 1/4X1.5,274
8837,NB8,MS BOLT 8*2 1/2,2.18
8838,NB8X1/2,FT BOLT 1/2X8,11.53
8839,NB8X3,FT BOLT 5/16X3,4.91
8840,NB9,MS BOLT 8*3,9.93
8841,NBC6201 ,BEARING 6201 NBC 2 NOS SET ,-4.000
8842,NBC6301,BEARING NBC 6301LU  2NOS SET ,-2.000
8843,NBG1/4X1,FT GOLDEN 1/4X1,2.89
8844,NCHCD1,ARABANA  DOUBLE WHEEL D/W1GREEN 20HEAVY ,1
8845,NEEDLE ,NEEDLE  CHAKKU ,27
8846,NEERA1HP,NEERA PUMP 90 FT 1HP,2
8847,NET,NET,12
8848,NET50%,KNITTED FABRIC NET 50%,51.8
8849,NEW SPARE PARTS,NEW SPARE PARTS,1
8850,NEWbody,bull new items ,1
8851,NGL1,NYLON GLOUSE,-9.000
8852,NH1.5,CLAW HAMMER ,-1.000
8853,NH11/4,"NYLON HAMMER 11/4""",2
8854,NIRMALA,NIRMALA NYLON WIRE ,-8.030
8855,NKC38*26,CLAMB 6& 8 INCH NEW,33.8
8856,NL3.2B,NIRMALA TRIMMER WIRE 3.2MM BLUE ,-0.490
8857,NL3.2G,NIRMALA TRIMMER WIRE 3.2M GREEN ,-0.417
8858,NL3.2R,NIRMALA TRIMMER WIRE 3.2M RED ,-1.040
8859,NL3.2W,NIRMALA TRIMMER WIRE MILKY 3.2MM,4.72
8860,NL3.2Y,NIRMALA TRIMMER WIRE 3.2 M YELLOW .,-0.425
8861,NL3.5B,NIRMALA TRIMMER WIRE 3.5 BLUE ,-4.630
8862,NL3.5BOSWT,NIRMALA TRIMMER WIRE 3.5 BLUE OSWT ,0.08
8863,NL3.5W,NIRMALA TRIMMER WIRE 3.5M WHITE ,-10.314
8864,NL4B,NIRMALA TRIMMER WIRE 4 M BLUE ,0.54
8865,NL4G,NIRMALA TRIMMER WIRE 4MM GREEDN ,-0.530
8866,NL4R,NIRMALA TRIMMER WIRE 4MM RED ,0.855
8867,NL4W,NIRMALA TRIMMER WIRE 4MM WHITE ,-0.096
8868,NLG2,NYLON LANYARD NORMAL ADJUST 2 MTR ,6
8869,NLG2,NYLON LANYARD NORMAL ADJUST 2 MTR ,4
8870,NLG3,NYLON LANYARD GRIPPER 3 MTR ,6
8871,NLR3/4M,TRIMMER LINE SQUARE 4/3 MM ,-2.955
8872,NLR3/4M,TRIMMER LINE SQUARE 4/3 MM ,143.68
8873,NLW,NYLON WIRE,-3.420
8874,NLW/1,NYLON WIRE,3.12
8875,NM3.15*350,CASTERN RAD 3.15 *350,2
8876,NM4A,TESTER CIRCUIT ,2
8877,NMSW,On-off- Switch,2
8878,NOVAT2,SPRAY GUN ,1
8879,NOW6X1,NON OVEN WHEEL 6X1 TOPSHINE,1
8880,NOW6X1/2,NON OVEN WHEEL 6X1/2 TOPSHINE,6
8881,NP6MM,NUMBER PUNCH ,-1.000
8882,NPF,NYLON PIPE FITTINGS ,9
8883,NPX1800, SPRAY LANCE FLAT 16 INCH    NPX1800,3
8884,NPX2800,SPRAY LANCE FLAT 19INCH  NPX2800,1
8885,NPX3000,SPRAY LANCE FLAT 21INCH NPX3000,2
8886,NR10.5M,KERAMANTLE NYLON ROPE 10.5MM,100
8887,NR12MM,KERNMANTLE ROPE (ANCHORRAGE LINE )12MM,117.5
8888,NR12MM,KERNMANTLE ROPE (ANCHORRAGE LINE )12MM,100
8889,NR14MM,NYLON ROPE 14MM WOOD PICKER ,-23.000
8890,NR14MM,NYLON ROPE 14MM WOOD PICKER ,38
8891,NS002,TORCH MANUAL WELCRAFT 002,1
8892,NS12,METSO NUT SPLITTER OI-NS12 4PCS,1
8893,NT0,NOZZLE TIP 0 OUTSIDE ECO WALT ,20
8894,NT0I,NOZZLE TIP 0 INSIDE ECO,10
8895,NT0O,NOZZLE TIP 0 OUTSIDE ECO,7
8896,NT1,NOZZLE TIP 1 OUTSIDE ECO ,20
8897,NT1I,NOZZLE TIP 1 INSIDE ECO,5
8898,NT1O,NOZZLE TIP 1 OUTSIDE ECO,7
8899,NT2I,NOZZLE TIP 2 INSIDE ECO,8
8900,NT2O,NOZLE TIP 2  OUTSIDE ECO,7
8901,NTT10,TWIN TYRE CONNECTOR EXTRA LONG ,8
8902,NTTS10,AIR CHECK STICK TYRE GUAGE ,10
8903,NUT,NUT  5INCH GRINDER 9\,4
8904,NUTG,NUT GOLDEN 1/4,-0.115
8905,NUTG,NUT GOLDEN 1/4,-16.811
8906,NUTG3/16,NUT 3/16 GOLDEN,-71.000
8907,NUTG3/16,NUT 3/16 GOLDEN,1851.887
8908,NUTG5/32,NUT GOLDEN 5/32,-0.004
8909,NUTG5/32,NUT GOLDEN 5/32,-14.598
8910,NUTSS1/4,NUT SS 1/4 JOM,2
8911,NUTSS1/4,NUT SS 1/4 JOM,-73.000
8912,NUTSS1/4,NUT SS 1/4 JOM,-2.000
8913,NUTSS1/4,NUT SS 1/4 JOM,73
8914,NUTSS1/4,NUT SS 1/4 JOM,1924
8915,NUTSS3/8,NUT SS 3/8,159
8916,NUTSS3/8,NUT SS 3/8,364
8917,NUTSS3/8,NUT SS 3/8,81
8918,NUTSS5/16,NUT SS 5/16 JOM,324
8919,NUTSS5/16,NUT SS 5/16 JOM,-1.000
8920,NUTSS5/16,NUT SS 5/16 JOM,231
8921,NW3M,NYLON WIRW 3MM KG,-0.625
8922,NW3M,NYLON WIRW 3MM KG,-5.175
8923,NW4MM,NYLON WIRE 4MM ROUND ,-1.185
8924,NWSQ,NYLON WIRE SQUARE,0
8925,O148RA,RIVERTER ADAPTER METSO OI-48RA,23
8926,OC1,OCEAN FLEX HOSE 25MM 1 INCH ,-9.360
8927,OC1,OCEAN FLEX HOSE 25MM 1 INCH ,3
8928,OC1/2/15,OCEAN  GREEN GARDEN HOSE 12MM 1/2 INCH 15 MTR ,6
8929,OC11/2,OCEAN CLASSIC FLEX HOSE 38MM 11/2 INCH ,3
8930,OC2,OCEAN FLEX HOSE 50MM 2 INCH ,3
8931,OCLIP,OMEGA CLIP DRAFTMAN STEEL ,10
8932,OCV,OXY CONTROL VALVE,3
8933,OD1/2X9,ODAMPAL 1/2X9 FULLSET,54
8934,OD1/2X9,ODAMPAL 1/2X9 FULLSET,10
8935,OD1/2X9,ODAMPAL 1/2X9 FULLSET,10
8936,OD3/8X6,ODAMPAL 3/8X6,33
8937,OD3/8X6,ODAMPAL 3/8X6,-1.000
8938,OD3/8X6,ODAMPAL 3/8X6,-8.000
8939,OD5/8X11,ODAMPAL 5/8X11,6
8940,OEB6000,BEARING 6000 2RS OEB,20
8941,OEB607,BEARING 607 LLU OEB,20
8942,OEB608,BEARING 608LLU OEB,280
8943,OEB609,BEARING 609 2RS OEB,16
8944,OEB6201,BEARING 6201 LLU OEB,120
8945,OEB6201,BEARING 6201 LLU OEB,2
8946,OEB6202,BEARING 6202 2RS OEB,38
8947,OEB6202,BEARING 6202 2RS OEB,6
8948,OEB6202,BEARING 6202 2RS OEB,-2.000
8949,OEB626,BEARING OEB 626,20
8950,OEB626,BEARING OEB 626,146
8951,OEB629,BEARING OEB 629,126
8952,OEB6303,BEARING 6303 2RS OEB,86
8953,OH1011,TROWEL SET OH 1011,3
8954,OH1070,MINI CRANE SCALE OH-1070,5
8955,OH1189,GARDEN RAK 2 HOLE  OH1189,1
8956,OH9032,HEDGE SHEAR WOODEN HANDLE OH9032,-3.000
8957,OH9032,HEDGE SHEAR WOODEN HANDLE OH9032,21
8958,OI1008J,ACE MANUAL STAPLER PIN OI-1008J 1000 PCS ,44
8959,OI25HS,ACE HSS DRILL BIT SET OI-25HS 25 PCS ,3
8960,OI315,METSO NETWORK PLIER ACE,4
8961,OI403,STEP DRILL BIT 3 PCS OI403 STRAIGHT TYPE,-1.000
8962,OI403,STEP DRILL BIT 3 PCS OI403 STRAIGHT TYPE,-1.000
8963,OI420S,ACE STEP DRILL BIT OI-420 STRIGHT TYPE ,2
8964,OI432S,STEP DRILL BIT OI-432 STRIGHT TYPE ,12
8965,OI48RA,METSO RIVETER ADAPTOR OI48RA 2.4-4.8MM,4
8966,OI51,SANDING SLEEVES WITH DRUM SER OI51 51PCS,8
8967,OI6CSCX,DRILL BIT SET OI-6CSCX 6PCS COUNTER SINK ,6
8968,OIAKT10,ACE ALLEN KEY SET TORX 9 PCS OI-AKT10,3
8969,OIBA100,ACE BEARING PULLER 4 INCH BA100,9
8970,OIBA100,ACE BEARING PULLER 4 INCH BA100,-1.000
8971,OIBA100,ACE BEARING PULLER 4 INCH BA100,-4.000
8972,OIBA150,ACE BEARING PULLER OIBA150 HEAVY 55 X 90MM 6 INCH,9
8973,OIBA200,ACE BEARING PULLER 8INCH BA200,11
8974,OIBA75,ACE BEARING PULLER 3INCH BA75,3
8975,OIBF09,ACE BELT TYPE FILTER WRENCH 9 INCH OIBF09,3
8976,OIBF12,ACE BELT TYPE FILTER WRENCH OIBF12,3
8977,OIBHA60,ACE SCREW DRIVER BIT 9 PCS SET OI-BHA60,4
8978,OIBHT80,ACE DRILL CHUCK 13MM OI-BHT80,1
8979,OIBT168,ACE METSO BATTERY TESTER OI-BT168,3
8980,OIBVC30,ACE BLOWER ATTACHMENT OI-BVC30,2
8981,OICWR8,ACE CHAIN WRENCH OI-CWR8,5
8982,OIDA03,ANGLE CUTTER OIDA03,-2.000
8983,OIDA03,ANGLE CUTTER OIDA03,21
8984,OIDAF50,ACE ANGLE CUTTING FRAME DAF50,4
8985,OIDAF50,ACE ANGLE CUTTING FRAME DAF50,7
8986,OIDAR06,ACE METSO ANTI THRFT WHEEL LOCK CLAMP OI-DAR06,3
8987,OIDB20,ACE METSO DUST BLOWER OI DB20,2
8988,OIDMM830,ACE METSO MULTIMEETER OI-DMM830,6
8989,OIDPZ10,ACE DIAMOND BUR SET 30 PCS OI DPZ10,2
8990,OIDW25S,METSO DIAMOND WHEEL SET -DW25S,9
8991,OIERK02,ACE TOOL KIT 9 PCS -OIERK02,5
8992,OIERK04,ACE TOOL KIT 3 PCS OIERK04,1
8993,OIERK05,ACE TOOL KIT 16 PCS OI-ERK05,10
8994,OIGC10,GREASE GUN COUPLER OIGC10,74
8995,OIGF01,ACE FUEL FUNNEL OIGF01,11
8996,OIGF02,ACE FUEL FUNNEL OI-GF02,23
8997,OIGF03,ACE FLEXIBLE FUEL FUNNEL OIGF03,2
8998,OIGTK02,ACE GAS TORCH OI-GTK02,1
8999,OIGTK04,ACE GAS TORCH WITH ACCESSORIES OI-GTK04,3
9000,OIGTS04,METSO GASOLINE GAUGE TEST SET OIGTS04,3
9001,OIGTS04,METSO GASOLINE GAUGE TEST SET OIGTS04,3
9002,OIGTS08,METSO GASOLINE TEST SET OIGTS08,3
9003,OIGTS15,METSO GASOLINE TEST SET OIGTS15,1
9004,OIGTS15,METSO GASOLINE TEST SET OIGTS15,1
9005,OIH97801,ACE NUT RIVERTER 14 INCH OI-H97801,1
9006,OIHA600,ACE AXE OI-HA600,2
9007,OIHCP68,ACE METSO HOSE CLAMP PLIER OI-HCP68,4
9008,OIHR802,ACE RIVERTER OI-HR802,1
9009,OIHWB12,ACE METSO WIRE BRUSH OI-HWB12,74
9010,OIHWB14,ACE METSO HAND BRUSH WITH SCRAPER OI-HWB14,65
9011,OIHWB16,ACE METSO HAND BRUSH SHOE HANDLE  OI-HWB16,28
9012,OIHWB585,ACE METSO WIRE BRUSH 3 PCS SET OI-HWB585,-1.000
9013,OIHWB585,ACE METSO WIRE BRUSH 3 PCS SET OI-HWB585,4
9014,OIKMP06,ACE METSO VERNIER CALIPER OI-KMP06,4
9015,OIL,OIL,-12.000
9016,OIL -10W30,OIL -10W30,1
9017,OIL AQT OIL,OIL AQT OIL,1
9018,OILSOG,OIL  SEAL BIG OG,4
9019,OILSW70,ACE LABOUR SAVING WRENCH OI-LSW70,2
9020,OIMFW34,ACE MULTI FUNCTION DOUBLE HEADED WRENCH OI-MFW34,19
9021,OIMNG30,ACE NAIL GUN OI-MNG30,26
9022,OIMWN18,METSO POCKET CARD SIZE METAL 18 IN 1,50
9023,OIPPG05,ACE PROFILE COPY GAUGE OI-PPG05,10
9024,OIPPG10,ACE PRIFILE COPY GAUGE OI-PPG10,3
9025,OIPT06,PLATFORM TROLLEY 50*80CM 150KG OIPT06,2
9026,OIPT08,PLATFORM TROLLY 60*80 OIPT08,2
9027,OIPT10,PLATFORM TROLLY 60*90 OIPT10,2
9028,OIPW25,ACE METSO GARDEN SHEAR OI-PW25,20
9029,OIQN82,ACE METSO IMPACT DRIVER 7 PCS OI-QN82,2
9030,OISA51,METSO DRILL CHUCK SOCKET ADAPTER 1/2 INCH ,34
9031,OISA55,ACE IMPACTSWIVEL SOCKET1/2 INCH OI-SA55,10
9032,OISA60,ACE SOCKET ADAPTER 3 PCS SET OI-SA60,7
9033,OISA62,"METSO SOCKET ADAPTER 3PCS OISA62 HEX SHANK TO 1/4""3/8""1/2""",4
9034,OISA65,ACE  SOCKET ADAPTER 6 PCS SET OI-SA65,9
9035,OISA68,ACE SOCKET ADAPTER 8 PCS OI-SA68,1
9036,OISCT484,ACE METSO SILICON CAULKING TOOL 3 PCS KIT OI-SCT484,4
9037,OISE08,ACE METSO SCREW EXTRACTOR SET OI-SE08,1
9038,OISWS18,ACE WELDING SHIELD OI-SWS18,20
9039,OITR05,ACE TIRE REPAIR GUN KIT OI -TR05,4
9040,OITRM20,ACE MUSHROOM PLUG SET OITRM20,10
9041,OITWH50,ACE HINGE BIT 5 PCS SET HEAVY OI-TWH50,1
9042,OIWGB15,ACE TOOL BAG 15 INCH OI-WGB15,4
9043,OIWK125,WOOL PAD 5 INCH HEAVY ACE ,8
9044,OIWK180,WOOL PAD 7 INCH HEAVY OIWK180,8
9045,OIWT06,METSO WATER TESTING PUMP OI-WT06 HEAVY ,1
9046,OLD BALANCE ,OLD BALANCE ,1
9047,OLD BIT,OLD SPANNER,-4.000
9048,OLED,BULB,-1.000
9049,OLGI1.25*6,OUTER LOCK GI 1.25*6,3
9050,OLGI1.25*8,OUTER LOCK GI -1.25*8,4
9051,OLSW,OVER LOAD SWITCH ,1
9052,OM3,OMYPIA-MARBLE BLADE 3''-SEG(ECONOMY,1
9053,OMNI1.25X14,SS NAIL 1.25X14 OMNI,-947.822
9054,OMNI1.5*12,SS NAIL 1.5X12 OMNI,-955.000
9055,OMNI1.5X14,SS NAIL 1.5X14 OMNI,5
9056,OMNI13*4p,SS STAR SCREW   OMNI4*13,1940
9057,OMNI19*6/1,SCREW19*6,2396
9058,OMNI19X6P,SS STAR SCREW OMNI 19X6,5128
9059,OMNI1X17,SS NAIL  1X17,-39.510
9060,OMNI1X17,SS NAIL  1X17,-2.490
9061,OMNI1X17,SS NAIL  1X17,0.47
9062,OMNI20*6,SS SCREW OMNI 20*6,343
9063,OMNI20*7,SS SCREW OMNI 20*7 HT,1101
9064,OMNI25*6P,SS STAR SCREW OMNI 25*6P,-46.000
9065,OMNI25*6P,SS STAR SCREW OMNI 25*6P,4432
9066,OMNI25*8P,SS STAR SCREW OMNI25*8P,-186.000
9067,OMNI25*8P,SS STAR SCREW OMNI25*8P,4912
9068,OMNI25X8,SS STAR SCREW OMNI25X8,-50.000
9069,OMNI25X8,SS STAR SCREW OMNI25X8,1488
9070,OMNI2X12,SS NAIL 2X12 OMNI ,6.625
9071,OMNI3/4X20,SS NAIL 3/4X20,-0.025
9072,OMNI3/4X20,SS NAIL 3/4X20,24.96
9073,OMNI30X9,GOWRI SCREW PL30*9,4
9074,OMNi32*6,OMNI SCREW 32*6,1020
9075,OMNI32*6P,Screw Ss STAR SCREW OMNI32*6P,8670
9076,OMNI32*6P,Screw Ss STAR SCREW OMNI32*6P,-456.000
9077,OMNI32*8P,SS STAR SCREW OMNI 32*8,254
9078,OMNI35*8,SS SCREW OMNI 35*8,48
9079,OMNI38*6,SS STAR SCREW OMNI 38*6,262
9080,OMNI38*6P,SS STAR SCREW OMNI 38*6P,-82.000
9081,OMNI38*6P,SS STAR SCREW OMNI 38*6P,2122
9082,OMNI38*6P,SS STAR SCREW OMNI 38*6P,2122
9083,OMNI38*8/1,SCREW 38*8,1214
9084,OMNI38*8P,SS STAR SCREW OMNI 38*8,3652
9085,OMNI38X8,SS SCREW SHARP GRIP 38X8 FULL THREADE FLAT,-444.000
9086,omni4*13,STAR SCREW OMNI13x4,414
9087,OMNI50*10P,SS SCREW 50*10 OMNI STAR ,328
9088,OMNI50*6P,SS STAR SCREW OMNI 50*6,19
9089,OMNI50*8,SS SCREW OMNI 50*8 FT,-121.000
9090,OMNI50*8P,SS STAR SCREW OMNI 50X8P,-3.000
9091,OMNI50*8P,SS STAR SCREW OMNI 50X8P,3381.6
9092,OMNI50X8HT,SS SCREW OMNI 50X8 HALF THREAD,4587
9093,OMNI50X8HT,SS SCREW OMNI 50X8 HALF THREAD,670
9094,OMNI6*13,SS SCREW OMNI6*13,2584
9095,OMNI6*19,SS SCREW OMNI19*6,2204
9096,OMNI60*8P,SS STAR SCREW OMNI 60*8P,1
9097,OMNI60*8P,SS STAR SCREW OMNI 60*8P,8166
9098,OMNI60X8..,SS SCREW OMNI60X8 FULL THREAD  ,-154.000
9099,OMNI75*10,SS SCREW 75*10,312
9100,omni8*32,SCRE OMINI 32X8,584
9101,OMNI8*50,SS SCREW 50*8,-137.000
9102,OMR367,CODE WIRE 3 MTR BROWN OMR ,86
9103,OMR369,CODE WIRE 2 MTR BLACK OMR ,4
9104,OMR734,3T BLADE  OMR ,19
9105,OMRCSC,OMR CS CARBURATOR 2 PIN COPPER PIPE ,86
9106,OR1078,DH78 O RING 23-2*3-5,30
9107,OR1078,DH78 O RING 23-2*3-5,50
9108,OR11,OZAR AST8756 T SPANNER CRVWITH GRIP 11MM,1
9109,OR11E,SEAL KIT ,2
9110,OR13*3,2-20 ORING ,290
9111,OR1700,SPARE PARTS OF CAR WASHER MACHINE,10
9112,OR228,ORING,32
9113,OR30*2,O RING 30*2 MAL DH 22,5
9114,OR30*3,O  RING 30*3 MALDH 21,5
9115,ORA810,ORING 810T AKARI ORA810,1
9116,ORCM4SA,ORING ,12
9117,ORDH1078,DH1078  ORING 23*4-2,-4.000
9118,ORDH1078,DH1078  ORING 23*4-2,-22.000
9119,ORDH41*2,DH78 ORING 41X2,11
9120,ORDH44X2,DH78 ORING 44X2,28
9121,ORDH46*2,DH78 ORING 46*2,10
9122,ORDH7823*4-2,DH78 ORING 23*4-2,46
9123,ORDH7823*4-2,DH78 ORING 23*4-2,-8.000
9124,ORDH7823-5*3-5,DH78 ORING 23-2*3-5,-8.000
9125,ORDH7835*1.8,DH78 O RING 35*1-8,-4.000
9126,ORDH7835*1.8,DH78 O RING 35*1-8,38
9127,ORDH7835X2.8,DH78 WASHER 24X35X2-8,10
9128,ORGSH388,ORING (GSH388)1610210091,1
9129,ORH20,RH20 PISTON O RING,13
9130,ORH26i,RH26 PISTON O RING  15*3,12
9131,ORING 13X3,K YURI SPARES 2-26 ORING 13X3,276
9132,ORING BULL,ORING BULL,1
9133,ORING220,ORING 2-20(SPARES -2-20- ORING ),-1.000
9134,ORINGIBL,SMALL ORING  MATRIX ,20
9135,ORINGIBL,SMALL ORING  MATRIX ,6
9136,ORINGSET ,ORING SET   EVEREST,10
9137,ORINGSET ,ORING SET   EVEREST,4
9138,ORINGSET ,ORING SET   EVEREST,354
9139,OS110C,BULL GOLD OS110*100 CLIP ,4
9140,OS110S,BULL GOLD SWITCH OS110,10
9141,OS46BB,OS46 BEARING BASE ,1
9142,OS46BB,OS46 BEARING BASE ,1
9143,OS46BC,OS46 BEARING COVER ,1
9144,OS46CB,OS46 CARBON BRUSH ,6
9145,OS46CBC,OS46 CARBON BRUSH  COVER ,2
9146,OS46CBH,OS46 CARBON  BRUSH  HOLDER,2
9147,OS46LR,OS46 LIMITED RING ,10
9148,OS46R,OS46 ROTOR,3
9149,OS46S,OS46 SCREW ,10
9150,OS46SP,OS46 SANDER PLATE ,7
9151,OS46SP,OS46 SANDER PLATE ,-2.000
9152,OS46SW,OS46 SWITCH ,2
9153,OS46VS,OS46 VARIABLE SWITCH ,10
9154,OS6401,SANDER PAD 4510 OS110 OMR ,10
9155,OS6402,SANDER [PAD 9035 OS185 OMR ,12
9156,OS6403,SANDERPAD 9045 OS114 OMR ,10
9157,OS6406,ORBITAL SANDER OS110 CARBON HOLDER ,10
9158,OS6413,DRYWALL SANDER PAD 9 INCH  OMR ,3
9159,OS810,SPARES 0810T OIL SEAL ,4
9160,OSG07,PAINTER OIL SPRAGUN OSG07,5
9161,OSGUN,OIL SPRAY GUN,1
9162,OTD,OMEGA TAPE DISPENSER ,1
9163,OTHER CHARGE ,OTHER CHARGE ,2
9164,OTHER CHARGE ,OTHER CHARGE ,10
9165,OTHER CHARGE ,OTHER CHARGE ,26
9166,OTHER CHARGE ,OTHER CHARGE ,25.01
9167,OTHER CHARGE ,OTHER CHARGE ,43
9168,OW12125,SUBMERSIBLE 1 HP OW12125  110 '01325 KOEL,-1.000
9169,OW12125,SUBMERSIBLE 1 HP OW12125  110 '01325 KOEL,1
9170,OW12125,SUBMERSIBLE 1 HP OW12125  110 '01325 KOEL,1
9171,OW12125,SUBMERSIBLE 1 HP OW12125  110 '01325 KOEL,1
9172,OW12125,SUBMERSIBLE 1 HP OW12125  110 '01325 KOEL,2
9173,OW12125,SUBMERSIBLE 1 HP OW12125  110 '01325 KOEL,1
9174,OW12525/.5,SUBMERSIBLE 1/2 HP PUMP ,3
9175,OW12525/100,SUBMERSIBLE 1 HP PUMP /100  10EC,2
9176,OW12525/90,SUBMERSIBLE 1 HP PUMP  1EC,-2.000
9177,OW12525/90,SUBMERSIBLE 1 HP PUMP  1EC,3
9178,OW12525/90,SUBMERSIBLE 1 HP PUMP  1EC,-1.000
9179,OW13225,SUBMERSABLE 1.5HP  OW13225 1511,1
9180,OW13225,SUBMERSABLE 1.5HP  OW13225 1511,2
9181,OW14040,KIRLOSKER WATERPUMP 1.5 HP  OW14040.15,2
9182,OW15050/90,KIRLOSKER SUBMERSIBLE 2 HP OW15050.02.1.01,1
9183,P V C WIRE 3/20 ALUMINIUM ,P V C WIRE 3/20 ALUMINIUM ,28
9184,P&F,P&F,3
9185,P1.5LBH,PYTHON SLEDGE HAMMER 1.5 LB WITH HANDLE ,-3.000
9186,P1.5LBH,PYTHON SLEDGE HAMMER 1.5 LB WITH HANDLE ,8
9187,P100,"5"" SANDING DISK PAPPER 100",9
9188,P1014,SCREW DIVER (PHILLING P1014),-1.000
9189,P1078,DH78 PISTON,2
9190,p121,ARROW GUN NEEDLE PCE  p121,9
9191,P1245,DOOR STOPPER ,4
9192,P143,ANCHER BOLT 8MM PAMAX ,120
9193,P16145,PUMPKIN DRILL BIT SET 16145 16 PCS ,2
9194,P1LBH,PYTHON SLEDGE HAMMER 1 LB WITH FIBER  HANDLE ,-6.000
9195,P1LBH,PYTHON SLEDGE HAMMER 1 LB WITH FIBER  HANDLE ,11
9196,P1LBH,PYTHON SLEDGE HAMMER 1 LB WITH FIBER  HANDLE ,-10.000
9197,P2012,RUBBER BUCKET ,3
9198,P20SGS9Z,HIKOKI PLANNER -P20SGS9Z,2
9199,P2-20,SPARE 2-20 PISTON ,32
9200,P3395,WHEEL CASTER BREAK TYPE 65MM,7
9201,P3621,WATER TANK   BLACK ,1
9202,P3CM14LG ,ETERNITY CUTT OFF MACHINE 14 INCH P3CM14LG ,1
9203,P3DH35A,ETERNITY DEMOLITION HAMMDR 5 KG P3DH35A ,4
9204,P6*100,PHILIPPS SCREW DRIVER 6*100,8
9205,P6*200,GY10534 6*200 SCREW DRIVER,5
9206,"P6X200,250,300",SCREW DRIVER ,6
9207,P750,I-STIX PU FOAM 750ML,2
9208,P791,ANCHER BOLT 10MM  PAMAX ,200
9209,P80,"5"" SANDING DISK PAPPER 80YURI",10
9210,PA2.5,PICK AXE 2.5 KG ,1
9211,PABLY ,PISTON ASSEMBLY ,1
9212,PAF19*7,"SELF SCREW 3/4"" PATTA ",-54.000
9213,PAF19*8,PATTA SELF DRILLING SCREW FLAT19*8,1000
9214,PAHB3, HANDLE 3 INCH  ,48
9215,PAHB3, HANDLE 3 INCH  ,4
9216,PARA,"PARA(ANIPARA ,KAMBI PARA ) KG RATE AANU",10.66
9217,PARA,"PARA(ANIPARA ,KAMBI PARA ) KG RATE AANU",-3.000
9218,PARA/1,CHATTUKA PARA ,1
9219,PARA/1,CHATTUKA PARA ,-6.340
9220,PARA/1,CHATTUKA PARA ,-4.000
9221,PARA12CA,COLLET ASSEMBLY ARM12,5
9222,PARA12CH ,ENDICO SPARES  PARA8 CARRY HANDLE ,5
9223,PARA12F,ENDICO ROUTER FIELD COIL PARA12,1
9224,PARA12SL,PARA12 SLEEVE ,50
9225,PARA12SL,PARA12 SLEEVE ,4
9226,PARA8BC,PARA 8 BRUSH CAP,6
9227,PARA8BP,PARA8 BACKLITE PLATE  1,6
9228,PARA8BP12,PARA8 BASE PLATE PARA12,6
9229,PARA8CA,COLLET ASSEMBLY PARA8,50
9230,PARA8CO,PARA8 COLLET 8MM,28
9231,PARA8CO,PARA8 COLLET 8MM,28
9232,PARA8GRS,PARA 8 GUIDE ROD SCREW ,42
9233,PARA8KK,PARA 8 KNURLING KNOB  PARA12/AS12,10
9234,PARA8TS,PARA 8 TAPERING SCREW ,49
9235,PARA8YG,PARA 8 Y GUARD ,2
9236,PARA8YG,PARA 8 Y GUARD ,24
9237,PARA8YG,PARA 8 Y GUARD ,11
9238,PARAC,COCOUNT DEHUSKER ,-2.000
9239,PARAC,COCOUNT DEHUSKER ,-1.000
9240,PARAC/1,COCOUNT DESHUSKER  ,-3.000
9241,PAS16,INDUSTRIAL PLUG AND SOCKET SET 16 AMP ,2
9242,PAV10,PUMPKIN AVINATION SNIPSTRIGHT CUT 29524 10 INCH ,7
9243,PAWL CS ,PAWL CS ,2
9244,PAWRAP,PORT A WRAP ,2
9245,PAXE600,PUMPKIN HT AXE 29144 600G ,1
9246,PB1.5,PLANNE BLADE 11/2,20
9247,PB10X8,PVC BOX 10*8 15767,32
9248,PB11/2,PVC BEND 1 1/2,13
9249,PB12X320,PIONEER BUILDERS  BOND 12X320GM ,3
9250,PB15,PLANNER BLADE 15 INCH ,1
9251,PB18,1/8-11/4 BROWN PLANNER BLADE ,-1.000
9252,PB1900,PLANNER BLADE ,-1.000
9253,PB3,PLANNER BLADE ,1
9254,PB600,METSO ANGLE ATTACHMENT PB600,10
9255,PB8X4,15771 CONCEILD BOX 8X4 PVC,-3.000
9256,PB8X6,15766 CONCEILD BOX 8X6 PVC,30
9257,PB9,"PLANNER BLADE 9""",3
9258,PBC,PORTABLE BAG CLOSER  RAJ,-1.000
9259,PBC,PORTABLE BAG CLOSER  RAJ,2
9260,PBC63*450,POWERBILT CORE BIT 63*450 2 1/2,2
9261,PBF10,PLANNER BLADE HSS RED BULLET PBF10,12
9262,PBF13,BULET PLANNER BLADE PBF13,2
9263,PBH,PMNA BILL HOOK ,5
9264,PBL50,PORTABLE WEIGHT SCALE PLASTIC BODY2 HOOK TYPE BACK LIGHT 50KG ,5
9265,PBLN58,POWERBILT T LOCK NUT FOR GUIDE BAR 58CC ,80
9266,PBPS58,POWERBILT BORE PISTON CYLINDER  SET 58CC,38
9267,PBTAUG98,POWERBILT EARTH AUGER 98CC PBTAUG98,2
9268,PBTAUG98,POWERBILT EARTH AUGER 98CC PBTAUG98,1
9269,PBTBA58,POWERBILT T BRAKE ASSY 58CC 3298,24
9270,PBTBP52BC ,POWERBILT BRUSH CUTTER PBTBP52BC ,1
9271,PBTDR58,POWERBILT T DAMPER BUSH  58CC ,42
9272,PBTSS58,POWERBILT T SPRING STARTER SPRING 58CC ,25
9273,PBUBBLE ,PETROL BUBBLE  ,2
9274,PBXS101,INGCO TOOL BOX 16 INCH STACKABLE,20
9275,PC10X13,DRLL CHUCK,112
9276,PC13X10,DRILL CHUCK 13X10,-16.000
9277,PC2.5/10R,CODE WIRE 2.5 10 MTR  RED,100
9278,PC2/1M,2MTR CODE WIRE 1MM,18
9279,PC2/1M,2MTR CODE WIRE 1MM,80
9280,pc2m,CORD WIRE 2MTR 1MM,52
9281,PC2M.,CORD WIRE 1.5 2MTR ,20
9282,PC2M.,CORD WIRE 1.5 2MTR ,159
9283,PC2M.,CORD WIRE 1.5 2MTR ,-26.000
9284,PC2M/1,CORD WIRE 2 MTR 249/10,-6.000
9285,PC2M/1,CORD WIRE 2 MTR 249/10,-12.000
9286,PC3M,CORD WIRE 1.5  3 MTR,272
9287,PC3M,CORD WIRE 1.5  3 MTR,146
9288,PC3M,CORD WIRE 1.5  3 MTR,-1.000
9289,PC5/1.5M,5 MTR CODE WIRE 1.5M ,-27.000
9290,PC5/1.5M,5 MTR CODE WIRE 1.5M ,-1.000
9291,PC5M,5M WIRE 1mm,90
9292,PCB152*450,POWERBILT CORE BIT 152*450MM 6 INCH,1
9293,PCB179*450,POWERBILT CORE BIT 179*450 MM 7 INCH ,1
9294,PCB255*450,POWERBILT CORE BIT 255*450 MM 10 INCH ,1
9295,PCB26*450M,POWERBILT CORE BIT 26MM*450MM  1 INCH ,9
9296,PCB32*450M,POWERBILT CORE BIT 32*450MM 11/4 INCH ,3
9297,PCB40*450M,POWERBILT CORE BIT  40*450MM  11/2 INCH ,3
9298,PCB76*450M,POWERBILT CORE BIT 76*450MM 3INCH ,8
9299,PCB89*450M,POWERBILT CORE BIT 89*450MM 3 1/2 INCH ,5
9300,PCBRUSH,DIAGER PRESSURE WASHER PANEL CLEANING BRUSH,1
9301,PCG06A,PAINTER PRESSURE CLEANING GUN PCG06A,5
9302,PCG06B,PAINT PRESSURE CLEANING GUN PCG06B,5
9303,PCH8B,POLYMAK CUTTING HOSE 8MM BULE,-13.000
9304,PCH8R,POLYMAK CUTTING HOSE 8MM RED,-32.000
9305,PCH8RB,GAS WELDING HOSE 8MM RED &BLUE ,-6.000
9306,PCHG,MUNCIPALITY CHOOL,2
9307,PCHG,MUNCIPALITY CHOOL,-1.000
9308,PCHL42,TAPARIA PLASTIC PIPE CUTTER PCHL42,7
9309,PCHOOL,PHOOL CHOOL ,3
9310,PCHOOL3L,OLA PULL CHOOL 3 LAYAR ,8
9311,PCHOOL3LY,OLA PULL CHOOL 3 LAYAR ,7
9312,PCM40-6,PLASMA CUTTING MACHINE ,1
9313,PCS,PLUG CAP SPRING ONLY RAJAGRO ,60
9314,PCW,GI WIRE COATED 14G GREEN,38.03
9315,PD,TROWEL (PATHRA),-3.000
9316,PD10*6,TROWELS (PATHRA )  10*6,-4.000
9317,PD100C,BULL CARBON 21 PD-100,-74.000
9318,PD100DHC,HOLDER CAP FOR GRINDER PD100D,100
9319,PD12*5,CALTEX GURMALA 12*5 INCH ( PATHRA),66
9320,PD12*5,CALTEX GURMALA 12*5 INCH ( PATHRA),7
9321,PD12*5,CALTEX GURMALA 12*5 INCH ( PATHRA),-2.000
9322,PD25MM,PAD LOCK 25MM,-11.000
9323,PD25MM/G,PAD LOCK 25MM,45
9324,PD25MM/G,PAD LOCK 25MM,64
9325,PD32M,PAD LOCK 32MM ,2
9326,PD38M,PAD LOCK 38MM,2
9327,PD5,PAD NUT 5 inch,-7.000
9328,PD7,PAD NUT 7 INCH ,100
9329,PD9*6,TROWELS  (PATHRA)9*6,1
9330,PDA100/R,ANGLE GRINDER PDA100MS9Z,4
9331,PDA100M,ANGLE GRINDER PDA100MS9Z,12
9332,PDA100M,ANGLE GRINDER PDA100MS9Z,5
9333,PDA100M,ANGLE GRINDER PDA100MS9Z,-1.000
9334,PDA125M,ANGLE GRINDER PDA125M,8
9335,PDSTAND ,PUMPKIN DISPLAY SET  21406,1
9336,PEC25,END CAP PPRC 25MM SUPREME 13181,48
9337,PEC32,END CAP PPRC 32MM SUPREME 13178,8
9338,PEN,BALL PEN ,54
9339,PF, P&F,1
9340,PF20, PLANNER BLADE BULLET F20,4
9341,Pg2,Spare 59001 Air Cap Pilot,2
9342,Pg3,Spare 59009 Nozzle Sis,2
9343,Pg4,Spare 59 59009 Teflon Pkg.pliot,9
9344,PG4SA,MARBLE CUTTER  CM4SA PG4SA,2
9345,Pg5,Spare 59 023 Trigger&link Screw Pilot,2
9346,Pg6,Spare 59011 Ss Needle Pilot,1
9347,PG6100,DEBURING TOOL PG6100,1
9348,PG6200,DEBURING TOOL PG 6200,2
9349,Pg7,Spare 59015 Air Valve Pin Pilot,3
9350,PG710B,DEBURING TOOL PG 710B,10
9351,PGAB33,AIR BLOW GUN,-1.000
9352,PGL03,LPG GAS LIGHTER,2
9353,PGRF13,MANIFOLD GAUGE PGRF 134A ,3
9354,PGRH20,POWERTEX-ROTARY HAMMER RH-20 GOLDEN ,4
9355,PGW2.5,3/4 PIPE GATE WHEEL 2.5 HEIGHT NO CLAMB TYPE ,10
9356,PGW3/4,3/4 INCH PIPE GATE WHEEL 2INCH HEIGHT NO CLAMB,9
9357,PGW3/4/3,3/4 INCH PIPE GATE WHEEL 3INCH HEIGHT ,3
9358,PGWS,WIRE STRIPPER TAPARIA,4
9359,PH16*400,PYTHON AXE 16 INCH 400GM ,6
9360,PH253,HYDRAULIC HOSE WITH ADAPTOR,3
9361,PH3,IMPACT BIT -SHORT PH3-4,-12.000
9362,PH34,PH3-2NOS S2 MATERIAL,3
9363,PH400M,PYTHON AXE WOOD HANDLE 400MM,10
9364,PH400M,PYTHON AXE WOOD HANDLE 400MM,-1.000
9365,PH65A,K-DCK STATOR-PH65A,16
9366,PH65AB,  PH65A FRONT BODY ,1
9367,PH65AOF,OIL FELT  PH65A,2
9368,PH65AP,PH65A PISTON EVEREST ,-5.000
9369,PH65ARS,DONGCHENG PH65SC DAMPER,11
9370,PH65BH,PH65A BIT HOLDER BLACK ,16
9371,PH65C,CARBON BRUSH PH65A,-48.000
9372,PH65CB,PH65 CARBON BRUSH ,-4.000
9373,PH65CC,CYLINDER CASE PH65 BULL,3
9374,PH65CR,CONNECTING RAD PH65A EVEREST ,2
9375,PH65FMS,PH65A FRONT MOUTH SET WITH STOP LEVER,12
9376,PH65L,PH65 BIT LOCK ,34
9377,PH65LR,PH65 L RING FOR PISTON ,-10.000
9378,PH65LR,PH65 L RING FOR PISTON ,-6.000
9379,PH65LR.,YURI  SPARE -PH65L RING FOR PISTON ,6
9380,PH65NB,NEEDLE BEARING PH65A PH65NB,10
9381,PH65R39E,998534-OIL FELT PH65A  RAK 39E,3
9382,PH65S,LASERTECH SPARE PH65A SWITH ,18
9383,PH65SH,SPARE PH65 SWITCH HANDLE KING ,84
9384,PH65SHA,YURI SIDE HANDLE PH65A,24
9385,PH65SHA,YURI SIDE HANDLE PH65A,23
9386,PH65SLA,LOCK SET 16 KG ,20
9387,PHC,PUMP HEAD FOR CARWASHER  M K ,104
9388,PHSET,METRO 4 PCS PICK AND HOOK SET ,1
9389,PIC,CABLE 1.5X2 C,4
9390,PIC1,1SQ MM WIRE ,-104.000
9391,PIC1.5,1.5 COPPER CABLE,-121.000
9392,PIC1.5*3,FLEXIBLE CABLE 1.5 *3 CORE ROUND,304
9393,PIC1.5*3,FLEXIBLE CABLE 1.5 *3 CORE ROUND,-2.000
9394,PIC1.5*3,FLEXIBLE CABLE 1.5 *3 CORE ROUND,486
9395,PIC1.5*3F,CABLE 1.5*3F,127
9396,PIC1.5*3F,CABLE 1.5*3F,108
9397,PIC1.5*3F,CABLE 1.5*3F,178
9398,PIC1.5*3F,CABLE 1.5*3F,-48.000
9399,PIC1.5/2G,FLEXIBLE CABLE 1.5*2 CORE ,696
9400,PIC1.5/2G,FLEXIBLE CABLE 1.5*2 CORE ,1054
9401,PIC1.5/G,PVC INSULATED 1.5 SQ.MM 1100V,369.5
9402,PIC1.5/G,PVC INSULATED 1.5 SQ.MM 1100V,50
9403,PIC1.5/N,1.5MM * 2 CORE CABLE WITH REEL 30 MTR,-114.500
9404,PIC1.5/S,FINOLEX CABLE 1.5 2 CORE SASS,-3.000
9405,PIC1/N,1MM CABLE ,948
9406,PIC2.5,CABLE 2.5*2,-99.500
9407,PIC2.5*3,CABLE 2.5*3 CORE  ROUND ,18
9408,PIC2.5*3,CABLE 2.5*3 CORE  ROUND ,-41.500
9409,PIC2.5*3/G,CABLE 2.5*3 CORE  ROUND ,-54.000
9410,PIC2.5*3/G,CABLE 2.5*3 CORE  ROUND ,32
9411,PIC2.5/1G,FLEXIBLE CABLE 2.5 *2 CORE ,11.47
9412,PIC2.5/S,FINOLEX CABLE 2.5 2 CORE ROUND  SASS,-230.000
9413,PIC2.5/SAS,FINOLEX CABLE 2.5 2 CORE ,-217.000
9414,PIC2.5/SAS,FINOLEX CABLE 2.5 2 CORE ,-10.000
9415,PIC2.5/SAS,FINOLEX CABLE 2.5 2 CORE ,265
9416,PIC2.5X3F,FLAT CABLE  2.3X 3CORE ,305
9417,PIC2.5X3F,FLAT CABLE  2.3X 3CORE ,-174.000
9418,PIC2.5X3F,FLAT CABLE  2.3X 3CORE ,-79.000
9419,PIC2.5X3F,FLAT CABLE  2.3X 3CORE ,198
9420,PIN10,PIN10,10
9421,PIN10,PIN10,8
9422,PIN10,PIN10,8
9423,PIN12,PIN12,11
9424,PIN12,PIN12,-4.000
9425,PIN12,PIN12,10
9426,PIN16,PIN16,6
9427,PIN25,PIN 25,1
9428,PIN8,GARDEN PIN 8MM,-14.000
9429,PIPE ASSLY 28MM ,PIPE ASSLY 28MM ,1
9430,PIRI,THOTTI PIRI ,-1.000
9431,PISTON BIG -AC,PISTON BIG -AC,2
9432,PK16F,PLASTIC KOTTA ( MARK PLAST FLEXI -16 BLACK,32
9433,PK16F,PLASTIC KOTTA ( MARK PLAST FLEXI -16 BLACK,-4.000
9434,PK19F,PLASTIC KOTTA red  (MARK PLAST SUNNY FLEXY -19,13
9435,PK19F,PLASTIC KOTTA red  (MARK PLAST SUNNY FLEXY -19,25
9436,PKATHI,PAZHA KATHI ,-1.000
9437,PKB,PLASTIC KOTTA BIG SIZE  45LTR,25
9438,PKF18,PUMPKIN UTILITY KNIFE  13211 18MM,22
9439,PKF18,PUMPKIN UTILITY KNIFE  13211 18MM,-7.000
9440,PL300,TUQO CONNECTING ROD PL300,34
9441,PL425,ACE FLOOR POLISHER AND SCRUBBER PL425 1400W,1
9442,PL6703,F20 BELT OMR ,3
9443,PL6705,F20 BLADE COVER OMR ,5
9444,PL6710,1900B BELT OMR ,5
9445,PL6713,BLADE COVER 1900B OMR ,4
9446,PL74,PLUM BOB STEEL NO-5 HEAVY ,1
9447,PLASTIC VALLY ,PLASTIC VALLY ,24.5
9448,PLASTIC VALLY .,PLASTIC VALLY ..,20
9449,PLG4072,PAD LOCK GODREJ 4072,2
9450,PLG4073,PAD LOCK GODREJ 90MM (2SET) 4073,1
9451,PLG70MM2,PAD LOCK  GODERAGE 70MM,-1.000
9452,PM125EM,POLYMAK PAINT MIXER PM12EM-DY,2
9453,PM355,POLYMAK CONCRETE CUTTER 4000W  PM355RS 355MM,1
9454,PM355,POLYMAK CONCRETE CUTTER 4000W  PM355RS 355MM,1
9455,PM4SA, MARBLE CUTTER PCM4SA POWERMAX 1250W,-1.000
9456,PM4SA, MARBLE CUTTER PCM4SA POWERMAX 1250W,-28.000
9457,PM50MR,PM50 MIXED ROD ,1
9458,PM50S,PM50 SWITCH FOR PUTTY MIXER  1250,6
9459,PM6105,SWITCH FF160 OMR ,34
9460,PM6106,SWITCH NEW FF160 OMR ,5
9461,PM6110,SWITCH HANDLE OLD FF160 OMR ,6
9462,PM700BR,POLYMAK AIR BLOWER MACHINE 700W,1
9463,PM801/1,ANGLE GRINDER POWERMAX PM801,19
9464,PMAAC250,POLYMAK BLOCK CUTTER 250MM 1250W PMAAC250 ,2
9465,PMAG230,PMAG230 GRINDER AG9 -2400W,2
9466,PMAG4/850,PMAG4-850 POLYMAK AG4850W,3
9467,PMAG41050B,POLYMAK ANGLE GRINDER 1050W 801 MODEL ,4
9468,PMAG5,POLYMAK ANGLE GRINDER 5-AG5-1000W,3
9469,PMAPS1.5L,POLYMAK AIRLESS SPRAY PAINTER 1.5 L ,1
9470,PMCAG18V,POLYMAK CORDLESS ANGLE GRINDER 18 V,1
9471,PMCM4,POLYMAK 125MM MARBLE CUTTER PMCM4,-2.000
9472,PMCM4PRO,POLYMAK MARBLE CUTTER 5 INCH PMCM4PRO ,2
9473,PMCM4PRO,POLYMAK MARBLE CUTTER 5 INCH PMCM4PRO ,2
9474,PMCTM,PMCTM POLYMAK CORDLESS TILE MACHINE ,6
9475,PMCV3M,PMCV3M POLYMAKCONCRETE 3 MTR VIBRATOR WITH NEEDLE  1100W,2
9476,PMCV3M,PMCV3M POLYMAKCONCRETE 3 MTR VIBRATOR WITH NEEDLE  1100W,1
9477,PMCV3M,PMCV3M POLYMAKCONCRETE 3 MTR VIBRATOR WITH NEEDLE  1100W,2
9478,PMCV3MS,SWITCH FOR PMCV3M VIBRATOR ,5
9479,PMCV3MS,SWITCH FOR PMCV3M VIBRATOR ,-1.000
9480,PMDH05,POLYMAK 5KG DEMOLITION HAMMER PMDH05,1
9481,PMDH05,POLYMAK 5KG DEMOLITION HAMMER PMDH05,2
9482,PMDH11P,POLYMAK DEMOLITION HAMMER 11 KG ,1
9483,PML,PALAM IRON MORTISE LOCK,1
9484,PMMMA220,PMMMA220 POLYMAK WELDING MACHNIE ,1
9485,PMR,PUTTY MIXER ROD DCA MODEL,4
9486,PMRCTS,PUTTY MIXER ROD CHUCK TYPE SMALL,15
9487,PMRSDS,PUTTY MIXER ROD SDS MODEL ,1
9488,PMST01Z,INGCO PILLAR OF INGCO STAND ,4
9489,PN1*20,PANEL PIN 20,2.105
9490,PN1/2*20,PANNEL PIN ,1.05
9491,PN1X17,PANEL PIN 1X17 777,17.045
9492,PN1X17,PANEL PIN 1X17 777,0.005
9493,PN3/4*20,PANEL PIN 3/4*20,2.815
9494,PNAIL,WEED MAT PLASTIC NAIL ,7727
9495,PNM2115,PUMKIN NAILER MACHINE JC NO 2115,1
9496,PNR,PAINT CLEANER ,1
9497,PNRH26i,RH26 PISTON,3
9498,PNWH60,PROP NUT WITH HANDLE 60MM,23
9499,PNWS,PROP NUT WITH SLEEV ,46
9500,PNWSV,PROP NUT WITH SLEEV ,86
9501,PODIC,PODI THATTI CAP,10
9502,PODIM,PODI THATTI MINI ,6
9503,PODITHATTI,PODITHATTI,7
9504,POLE MOTOR 3HP ,POLE MOTOR 3HP ,1
9505,POLLO,DOOR HANDLE SET POLLO DAMU ,3
9506,POPY/MM,TWINE COLOUR MEDIUM ,100
9507,POPYB,FISHIU TWINE,-2.000
9508,POPYB,FISHIU TWINE,230
9509,POPYB,FISHIU TWINE,-1.000
9510,POPYM,FISHING TWINE MEDIUM,-24.000
9511,POPYM,FISHING TWINE MEDIUM,-47.000
9512,POPYM,FISHING TWINE MEDIUM,-2.000
9513,POPYS,COLOUR TWINE SMALL ,188
9514,POPYS,COLOUR TWINE SMALL ,254
9515,POPYS,COLOUR TWINE SMALL ,25
9516,POPYS,COLOUR TWINE SMALL ,-1.000
9517,POPYY,TWINE COLOUR R J  YELLOW ,3
9518,POWERTUFF BATTERY,CORDLESS BATTERY 12V POWERTUFF,12
9519,POWERTUFF CHARGER,CORDLESS BATTERY CHARGER POWERTUFF,12
9520,PP,PIDIPALLY  WEEDER 12 FORT,1
9521,PP,PIDIPALLY  WEEDER 12 FORT,1
9522,PP.ROPE TWINE SUTALI,PP.ROPE TWINE SUTALI,20
9523,PP/12,WEEDER 12 FORK,30
9524,PP/12,WEEDER 12 FORK,6
9525,PP/12,WEEDER 12 FORK,-2.000
9526,PP10,WEEDING FORK (PIDIPPALLI SMALL)10,-1.000
9527,PP12,WEEDING FORK (PIDIPPALLI)12 PRONGS,-6.000
9528,PP14,WEEDER (PIDIPALLY )14,2
9529,PP5PIN,PIDIPALLY 15 PIN  LONG ,11
9530,PPC,PUMPKIN POINT CHISEL 10 INCH 28302,43
9531,PPC35MM,JON BHANDARI PVC PIPE CUTTER 35MM,1
9532,PPK58,CHECKMATE BORE PISTON 58 CC 7PCS SET ,19
9533,PPR46,ULTRACUT PVC PIPE CUTTER HEAVY PPR46 CAPASITY 64MM,7
9534,PPRP20,13130 PPRC [PIPE 20MM PN16 SUPREME ,34
9535,PPRP20,13130 PPRC [PIPE 20MM PN16 SUPREME ,12
9536,PPRP20,13130 PPRC [PIPE 20MM PN16 SUPREME ,9
9537,PPRP25,13145 PPRC PIPE 25MM PN 16 SUPREME ,-21.000
9538,PPRP25,13145 PPRC PIPE 25MM PN 16 SUPREME ,-30.250
9539,PPRP25,13145 PPRC PIPE 25MM PN 16 SUPREME ,18
9540,PPRP25/20,99336 PPRC PIPE 25MM PIN20 SUPREME,40
9541,PPRP25/20,99336 PPRC PIPE 25MM PIN20 SUPREME,22
9542,PPRP32,13133 PPRC PIPE 32MM -SUPREME ,8
9543,PPRP32,13133 PPRC PIPE 32MM -SUPREME ,28
9544,PPRP32,13133 PPRC PIPE 32MM -SUPREME ,2
9545,PPRP32,13133 PPRC PIPE 32MM -SUPREME ,2
9546,PPRS,PVC PIPE CUTTER ,2
9547,PPT6H,6 PCS HOLE SAW  POWER TEX ,59
9548,PPTAG08,K POWERTEX ANGLEGRINDER4INCH PPTAG-08-100,3
9549,PPTAG100,POWERTEX ANGLEGRINDER 4'6-100  SIDE SWITCH ,7
9550,PPTAG100,POWERTEX ANGLEGRINDER 4'6-100  SIDE SWITCH ,29
9551,PPTAG100C,POWERTEX ANGLEGRINDER4'PPTAG100C 801,1
9552,PPTAG100G,ANGLE GRINDER POWERTEX4 PPTAG100G 1100W,5
9553,PPTAG100GB,ANGLE GRINDER POWERTEX 1200W PPT-AG100-GB,-1.000
9554,PPTAG105,K POWERTEX ANGLEGRINDER4''PPTAG100C 801,1
9555,PPTAG125B/F,POWERTEX ANGLE GRINDER 5' AG125B (G15 FORTUNE ,1
9556,PPTAG180,"POWERTEX ANGLE GRINDER 7INCH PPTAG180 ,  2200W",4
9557,PPTARC200,POWERTEX WELDING MACHINE 200 AMPS PPTARC200 MINI,2
9558,PPTARC250,POWERTEX WELDING MACHINE 250 AMPS PPTARC250,1
9559,PPTBAGX100P,POWERTEX CORDLESS ANGLE GRINDER PPTBAGX100,1
9560,PPTBCS620,PPTBCS 620(,1
9561,PPTBISX2023P,POWERTEX CORDLESS IMPACT DRILL PPTBISX13,2
9562,PPTBIWX400P,POWERTEX CORDLESS IPMACT WRENCH PPTBIWX400,1
9563,PPTCLAG100,CORDLESS ANGLE GRINDER 20V P/X PPTCLAG100BL,1
9564,PPTCLCD10HQ,CORDLESS 10MM DRILL 12V PPTCLCD10 HQ,2
9565,PPTCLID140,CORDLESS IMPACT WRENCH  16V PPT CL ID140 ,1
9566,PPTCM110,POWERTEX TILE CUTTER 4 INCH CM4SB,5
9567,PPTCM110H,POWERTEXMARBLE CUTTER4' 1050WCM110H(CM4SA),-1.000
9568,PPTCM110H,POWERTEXMARBLE CUTTER4' 1050WCM110H(CM4SA),-1.000
9569,PPTCM110H,POWERTEXMARBLE CUTTER4' 1050WCM110H(CM4SA),-1.000
9570,PPTCM125C,POWERTEX MARBLE CUTTER 5INCHCM125C,7
9571,PPTCM125C,POWERTEX MARBLE CUTTER 5INCHCM125C,2
9572,PPTCM125C,POWERTEX MARBLE CUTTER 5INCHCM125C,-2.000
9573,PPTCM125C,POWERTEX MARBLE CUTTER 5INCHCM125C,4
9574,PPTCM180,POWERTEX  CIRCULAR SAW 7' CM180,2
9575,PPTCM180,POWERTEX  CIRCULAR SAW 7' CM180,1
9576,PPTCO355.,POWERTEX CUT OFF MACHINE 14-CO02-355,1
9577,PPTCOM50L,POWERTEX AIRCOMPRESSOR 50L  PPTCOM50L,1
9578,PPTDH11E,POWERTEX DEMOLITION HAMMER -DH11E,1
9579,PPTDH11H,K-POWERTEX-DEMOLITION HAMMER-DH11H,1
9580,PPTDH38G,POWERTEX DEMOLITION HAMMER PPTDH38G 1150W,5
9581,PPTDH5,POWERTEX DEMOLITION HAMMER 5KG PPTDH5 ECO,1
9582,PPTDH5,POWERTEX DEMOLITION HAMMER 5KG PPTDH5 ECO,1
9583,PPTDH5,POWERTEX DEMOLITION HAMMER 5KG PPTDH5 ECO,-1.000
9584,PPTDH5,POWERTEX DEMOLITION HAMMER 5KG PPTDH5 ECO,1
9585,PPTDH65C,POWERTEX  DEMOLITION HAMMER 16 KG -DH65C,2
9586,PPTDM65H,POWERTEX-DEMOLITION HAMMER 16KG-DM65H,1
9587,PPTEB003,K-POWERTEX-BLPWER-EB003,1
9588,PPTEB700GP,POWERTEX ELECRIC BLOWER PPTEB700G,1
9589,PPTED11H,K-POWERTEX-DEMOLITION HAMMER -DH11E,1
9590,PPTED11H/1,K-POWER TEX -DEMOLITION HAMMER -DH11H,1
9591,PPTED6H,POWERTEX DRILL MACHINE 6MM ED6H 230W,1
9592,PPTED6H,POWERTEX DRILL MACHINE 6MM ED6H 230W,-1.000
9593,PPTGCS18,POWERTEX CHAINSAW 18GS18(58-18),12
9594,PPTGCS18C,POWERTEX CHAINSAW 18 PPTGCS18C  74CC,15
9595,PPTGCS18C,POWERTEX CHAINSAW 18 PPTGCS18C  74CC,6
9596,PPTGG6500,POWERTEX GENERATOR 5500W PPTGG6500,1
9597,PPTID13HG,POWERTEX IMPACT DRILL 13MM PPTID13HG,1
9598,PPTMC180H,MARBLE CUTTER 7INCH PPTMC180H,1
9599,PPTMM160,POWERTEX ELECTRIC MIXER PPTMM160,5
9600,PPTOS110,POWER TEX ORBITAL SANDER OS110,1
9601,PPTOS185,K-POWER TEX ORBITAL SANDER -OS185 180W,2
9602,PPTRH20E,K POWERTEX ROTTARY HAMMER 20mm  620W,2
9603,PPTRH20E,K POWERTEX ROTTARY HAMMER 20mm  620W,2
9604,PPTRH20G,K POWERTEX ROTTARY HAMMER RH20 GOLD,5
9605,PPTRM8,POWER TEX ROUTER PPTRM-81600W,1
9606,PPTRM8X,POWERTEX ROUTER RM8X 1600W,1
9607,PPTSP180A,SANDER POLISHER OWERTEX 1020W PPTSP180A,4
9608,PPTVC15H,POWERTEX VACCUM CLEANER 1000w15 LTR PPTVC15H,2
9609,PPTVC30H,POWERTEX VACCUM CLEANER 1000w  30LTR PPTVC30H,1
9610,PPTVC60H,POWERTEX VACCUM CLEANER 60LTR  2000w PPTVC60H,1
9611,PPX2.5KG,PYTHON PICK AXE 2.5KG,1
9612,PR12W,ROPE POLISTER WHITE -12MM,-26.900
9613,PR14W,ROPE POLYSTER  WHITE -14MM,0.18
9614,PR16W,ROPE POLYSTER WHITE -16MM ,-27.390
9615,PRAVEEN SERVICE CHARGE ,PRAVEEN SERVICE CHARGE ,-62.000
9616,PRFRH20,ETERNITY ROTARY HAMMER DRILL 20 MM  RH2-20 PRF ,5
9617,PRH2,PYTHON RUBBER HAMMER  2 LB WITH HANDLE ,2
9618,PRH2/F,PYTHON RUBBER HAMMER  2 LBH FIBER HANDLE ,4
9619,PRH26i,RH26 CYLINDER,2
9620,PRRB4,SUPER THIN TURBO BLADE 4 INCH ,49
9621,PRUNING SAW ,PRUNING SAW ,12
9622,PS1,PRUNNING SAW SMAM ,28
9623,PS16 HOSE,PS16 HOSE,1
9624,PS16 WASHER,PS16 WASHER,1
9625,PS16SROD,PS16 SPRAYING ROD,1
9626,PS2,PAPPAYA PLUCKER  SMAM ,71
9627,PS2,PAPPAYA PLUCKER  SMAM ,-2.000
9628,PS270M,PRUNE SAW 270MM PS270,4
9629,PS3,FRUIT PLUCKER (MANGO BUCKET ),10
9630,PS5LTR,SPRAY GUN FOR PRESSURE WASHER,2
9631,PS88  FAN,PS88 NOZZLE FAN,1
9632,PS88FIVETHREAD,PS88 NOZZLE FIVE EYES BRASS THREAD ,1
9633,PS88FOURTHREAD,PS88 NOZZLE FOUR EYES THRAED,1
9634,PS88SWITCH,PS88 SWITCH,3
9635,PSC48*48, PRASSED SWIVEL COUPLER 4*48MM ,-105.000
9636,PSCAG100CB,CARBON BRUSH SLIM CUT GRINDER AG100C,50
9637,PSCCM125,POWER TEX SLIMCUT MARBLE CUTTER 5INCHPSCCM125A,1
9638,PSCCM125GP,PSCCM125A GEAR PINION ,4
9639,PSCDH38,POWER TEX  SLIMCUT DEMOLITION HAMMER 5KG PSCDH38 ,1
9640,PSDS10*20,E PATTA SELF DRILLING SCREW 10*20,-1932.000
9641,PSDS10*20,E PATTA SELF DRILLING SCREW 10*20,-0.400
9642,PSDS10*20,E PATTA SELF DRILLING SCREW 10*20,-2308.000
9643,PSDS10*20,E PATTA SELF DRILLING SCREW 10*20,18328
9644,PSDS10*20/1,E PATTA SELF DRILLING SCREW 10*20/1,-596.000
9645,PSDS10*20/1,E PATTA SELF DRILLING SCREW 10*20/1,-596.000
9646,PSDS10*20/2,E PATTA SELF DRILLING SCREW 10*20/1 DAMU,930
9647,PSDS10*20/P,E PATTA SELF DRILLING SCREW 10*20,7223
9648,PSDS10*25,E PATTA SELF DRILLING SCREW 10*25,2421
9649,PSDS10*25,E PATTA SELF DRILLING SCREW 10*25,436
9650,PSDS12*25,E PATTA SELF DRILLING SCREW 12*25,2613
9651,PSDS12*25,E PATTA SELF DRILLING SCREW 12*25,980
9652,PSDS12*25/1,E PATTA SELF DRILLING SCREW 12*25,775
9653,PSDS12*35,SELF BOLT  11/4,1303
9654,PSDS12*35,SELF BOLT  11/4,-73.000
9655,PSDS12*35,SELF BOLT  11/4,1448
9656,PSDS12*45,E PATTA SELF DRILLNG SCREW 12X45,1233
9657,PSDS12*45,E PATTA SELF DRILLNG SCREW 12X45,707
9658,PSDS12X55,PATTA2'(12*55),-12.000
9659,PSDS12X55,PATTA2'(12*55),1538
9660,PSDS12X55,PATTA2'(12*55),1195
9661,PSG,PISTON  SPRING ,5
9662,PSH,PISTON HEAD,3
9663,PSHC,PLUG SPANNER HEAVY FOR CHAIN SAW,90
9664,PSP,PULLY SET PLANNER ,10
9665,PSPS,PROCUT SPARK PLUGE SPANNER ALIA2-96MTRO,1
9666,PSW14,PRUNNING SAW 14 INCH ,-2.000
9667,PT1,PISTON 2-20XP,22
9668,PT1/2/R,TAP NOZZLE COCK 1/2,23
9669,PT1234,POWERTUF  ELECTRIC VBRATOR PT-1234,2
9670,PT3/4,COCK 3/4 BRASS TAP,3
9671,PT4,CUTTING WHEEL 4X1MM PPT,157
9672,PT5*30T,TCTPRO 5&30 POWERTEX,-1.000
9673,PT5LBA,POWER GRIPPICK UP TOOL 5LBS AIT,2
9674,PT6,"POWERTUFF MARBLE BLADE 6""",30
9675,PT8,"E-W/O-CIRCULARSAW BLADE 8""",1
9676,PT8801,POWERTUF ANGLE GRINDER 4 INCH PT88011000W,14
9677,PTAP3/4,PVC TAP 3/4 INCH ,27
9678,PTAPS,POVC TAP 1/2 INCH ,6
9679,PTAPS,POVC TAP 1/2 INCH ,31
9680,PTBT12,POWERTUUF CORDLESS BATTERY 12VOLT,1
9681,PTC47,SHOWEL STEEL ,3
9682,PTC58BPS,POWERMATIC BORN PISTON SET 58CC,-2.000
9683,PTC58LN,POWERMATIC LOCK NUT 58CC,5
9684,PTC58OC,POWERMATIC OIL CAP 58CC,5
9685,PTC58OP,POWERMATIC OIL PUMP 58CC,5
9686,PTC58PC,POWERMATIC PETROL CAP 58CC,6
9687,PTC84,TAPE PRIME 5*19MM  SCOTTS,4
9688,PTC87,TAPE CUBIT 7.5M*25MM  SCOTTS,1
9689,PTC89,TAPE PRIME 3M*16MM   SCOTTS,16
9690,PTCAG4,POWERMATIC ANGLE GRINDER 1250W PTCAG4,1
9691,PTCDH11,POWERMATIC DEMOLITION HAMMER DRILL 11E ,3
9692,PTCDH6,POWERMATIC BREKER  PTCDH6  6KG 1400W,4
9693,PTCDH7,POWERMATIC DEMOLITION HAMMER 7 KG 1900W PTCDH7,6
9694,PTCDH7,POWERMATIC DEMOLITION HAMMER 7 KG 1900W PTCDH7,2
9695,PTCEBC40,POWERMATIC BLOWER PTCEBC40,2
9696,PTCED6RE,POWERMATIC SCREW DRILL 6MM  PTCED6RE,-4.000
9697,PTCEP800,POWERMATIC PLANNER PTC-EP-800  W,5
9698,PTCEV35,POWERMATIC VIBRATOR WITHOUT NEEDLE  35MM 1.5M PTCEV35,4
9699,PTCH12,POWERTUFF CORDLESS CHARGER 12 VOLT,2
9700,PTCM5,"E-POWERTUF-MARBLE CUTTER 5""CM5",1
9701,PTCRH20,POWERMATIC HAMMER DRILL 20MM 1050W PTCRH20,4
9702,PTCRH20,POWERMATIC HAMMER DRILL 20MM 1050W PTCRH20,-1.000
9703,PTCRH26,POWERMATIC ROTARY HAMMER 26 MM PTCRH226,12
9704,PTCWG02,SPRAY GUN POWERTUFF PTCWG02,4
9705,PTD50,PACKING TAPE DISPENSER 2 INCH ,1
9706,PTDRILL,PILLAR TYPE DRILL,1
9707,PTGR,PETROL TANK GROMMET  2 HOLE ,12
9708,PTLK2.5,PATLOCK CP TAYAL 2.5,48
9709,PTLK3,"PATLOCK CP SANJAY 3""",-18.000
9710,PTLK4,"PATLOCK CP SANJAY 4""",2
9711,PTP ,PRESSURE TESTING PUMB GLOBAL,1
9712,PTPG,PAYAL TTC TYRE PRESSURE GAUGE PMT ,1
9713,PTR4/1,THIN SEGMENTED BLADE PANTHER,27
9714,PTR5,"PANTHER BLADE  5""",15
9715,PTSC3M,PLASTIC TILE SPACER CROSS,63
9716,PTSC4M,PLASTIC TILE SPACER CROSS 4MM,84
9717,PTT10*6.5,PU TUBE 10MM*6.5MM ,101.5
9718,PTT6*4,PU TUBE 6*4,306.5
9719,PTT6*8,PU TUBE 6MM,189
9720,PTT6*8,PU TUBE 6MM,6.5
9721,PTT8*10,PU TUBE 8MM,-59.500
9722,PTT8*5.5,PT TUBE 8MM *5.5MM ,85
9723,PU110*10,K2 PLAIN K2 TILE SPECIAL U 110*10,2
9724,PU12*8,PU TUBE 12*8,12
9725,PU6MM,CONNECTER PU 6MM ,8
9726,PUF500ML,ABRO PU FOAM 500 ML,4
9727,PUFORM,PU FORM INSULATION SEALANT ,4
9728,PUFORM,PU FORM INSULATION SEALANT ,-3.000
9729,PULCHOOL,OLA PUL CHOOL CUTE NO DUST ,7
9730,PVALVE ,PLATE VALVE -AC,12
9731,PVC1,PVC PIPE CUTTER,1
9732,PVC1/2,PVC COCK 1/2 ZINOVA ,12
9733,PVC3/4,PVC COCK 3/4 ZINOVA ,-6.000
9734,PVCCHOOL,CHOOL P V C,17
9735,PVCG,PVC GRIP 6MM,86
9736,PVCH,PVC  HANDL HEAVY KATHRIKA,5
9737,PVR,KOLUTHU,4
9738,PW10S,PIPE WRENCH 10 INCH SUDHIR,39
9739,PW110IV,PW110B INLET VALVE ,6
9740,PW110OS,PW110B OIL SEAL ,3
9741,PW110OV,PW110B OUTLET VALVE ,6
9742,PW110PS ,PW110B PLUNGER SET ,3
9743,PW110PSR,PW110B PLUNGER SPRING ,3
9744,PW110WS,PW110B WATER SEAL ,6
9745,PW12,WASHER ,82
9746,PW6,WASHER ,66
9747,PW7405,BULLET PRESSURE WASHER MACHINE PW7405,1
9748,PW8,WASHER,39
9749,PWAC154,PWAC154 GUN HEAD ,-2.000
9750,PWAC218,PWAC218 3/4 FILTER ,1
9751,PWAC25,PWAC25 GREEN COLOUR NOZZLE -25,11
9752,PWAC35,PWAC35 YEWLLOW COLR NOZZLE ORIFICE 25,13
9753,PWAC51B,PWAC51B EXTENSION PIPE 40CM ,2
9754,PWG9,TUBE CUTTER,1
9755,PWH8M,CARWASHER HOSE 8MTR ,1
9756,PWK,PRESSURE WASHER KIT,1
9757,PWK20,POLISHING WHEEL KIT 7 PCS  PWK20,1
9758,PWK25,POLISHING WHEEL KIT 8 PCS -PWK25,2
9759,PX12CP,PICK AXE  12CP  PIDI ILLAATHATHU ,3
9760,PX143,PX1800 THRUST BEARING ,3
9761,PX14CP,PICK AXE 14CP  PIDI ILLATHATHU ,3
9762,PX156A,PLUNGER SPRING ,18
9763,PX1600/10,PLUNGER 1600-10,16
9764,PX1600/14,WATER SEAL 1600-14,14
9765,PX1600/16,INLET CHECKING VALVE ASSY 1600,6
9766,PX1600/20,OUTLET CHECKING ASSY 1600G-20,6
9767,PX1600G,PLUNGER WEDGE 1600G,9
9768,PX1800/26,WATER INLET VALVE FOR CARWASHER PX1800,9
9769,PX1800/27,PX1800 2-7WATER OUTLET VALVE,6
9770,PX1800/38,ADJUST VALVE ASSY FOR CARWASHER PX1800 33-38,2
9771,PX1800/7,WATER OUTLETING CHECKING VALVE FOR CARWASHER PX1800,9
9772,PX1800/8,PX1800-8 PUMP COVER,2
9773,PX180023WS,WATER SEAL ,3
9774,PX180027,WATER OUTLET VALVE ,3
9775,PX18003338,ADJUST VALVE ASSY ,2
9776,PX180041P,PLUNGER,9
9777,PX1800520C,OIL CROCK ,1
9778,PX1800O,PX1800-27 ORING ,-5.000
9779,PX1800PP,PX1800 PISTON PIN,9
9780,PX1800VS,VALVE SOCKET ,2
9781,PX1800WIV ,WATER INLET VALVE ,-5.000
9782,PX1900/21,VALVE CAP PX1900/21,9
9783,PX1900/22,VALVE ASSY PX1900-22,1
9784,PX1900/22,VALVE ASSY PX1900-22,2
9785,PX1900BH,PUMP BRASS HEAD PX1900,1
9786,PX1900PB,PUMP BODY PX1900I,3
9787,PX1900PH,PUMP HEAD PX1900I,2
9788,PX19VA,PX2000-19 VALVE ASSY,18
9789,PX2,PICK AXE 2./56 KG ,-4.000
9790,PX2.5/1,PICK AXE 2.5 W/H,-6.000
9791,PX2.5/1,PICK AXE 2.5 W/H,3
9792,PX2.5/1,PICK AXE 2.5 W/H,-1.000
9793,PX2.5/1,PICK AXE 2.5 W/H,-2.000
9794,PX2.5KG,PICK AXE 2.5 TATA,-1.000
9795,PX2.5KG,PICK AXE 2.5 TATA,-3.000
9796,PX2000/26,PISTON SPRING 2000/26,12
9797,PX200019VA,VALVE ,2
9798,PX200030SW,SPRING WASHER ,2
9799,PX200042WS,WATER SEAL ,5
9800,PX200044OS,OIL SEAL PX2000,3
9801,PX200044OS,OIL SEAL PX2000,6
9802,PX200048PS,SPRING ,3
9803,PX200049PR,PISTON RING ,4
9804,PX20004ADVS,SPRING ,1
9805,PX2020,PX2000-20 ORING  9.6*2,8
9806,PX24TP,PX1800-24 TRIPOD PLUNGER FRAME,6
9807,PX3.5/WH,PICK AXE WITH OUT HANDLE ,2
9808,PX3.5KG,PICK AXE3.5KG,4
9809,PX3.5KG,PICK AXE3.5KG,-2.000
9810,PX3000G,LONG SPRAY GUN G03 TRIGGER ,2
9811,PX3000G/1,LONG SPRAY GUN YLG 06 TRIGGER VOYLET 3000i,1
9812,PX3200G/1,LONG SPRAY GUN TRIGGER GREEN YLG05 VOYLET 3200,16
9813,PX3200I,"VOYLET CARWASHER PX-3200I , 3200W, 190BAR",2
9814,PX3200N,LONG SPRAY GUN NOZZLE GREEN YLG05,3
9815,PX3200N,LONG SPRAY GUN NOZZLE GREEN YLG05,2
9816,PX3200S,PX3200 SWITCH ,1
9817,PX3200TLV,TURBO LANCE  VOYLET  STEEL SPAREPARTS WIND300,13
9818,PX3200TLV,TURBO LANCE  VOYLET  STEEL SPAREPARTS WIND300,2
9819,PX3300,POWERX CARWASHER  PX3300,1
9820,PX397,WATER SEAL ,1
9821,PX398,OIL SEAL ,6
9822,PX3KG ,PICK AXE 3 KG ,2
9823,PX3KG ,PICK AXE 3 KG ,6
9824,PX400,PX400 VALVE ,9
9825,PX41W,PX2000-41 WATER SEAL ,3
9826,PX42WS,PX2000-42 WATER SEAL SEAT,7
9827,PX43WSB,WASHER ,9
9828,PX47P,PX2000 -47 PLUNGER,4
9829,PX49PP,PX2000 PISTON PIN,3
9830,PX49PR,PX2000-49 PISTON RING ,5
9831,PXFY,PICK AXE FANCY ,-3.000
9832,Q0104,SCREW  MS*10,6
9833,Q0105,INNER GUIDE 0105,24
9834,Q0108,SCREW BOLT ,134
9835,Q0108,SCREW BOLT ,-4.000
9836,Q0108,SCREW BOLT ,30
9837,Q0111,GASKET CYLINDER CHAINSAW ,50
9838,Q0112,SCREW M5*20,38
9839,Q0113,BOLT  MUFLER ,56
9840,Q0113,BOLT  MUFLER ,5
9841,Q0114,CHAIN SAW PLUG (OZZIE),2
9842,Q0120,STUD ,3
9843,Q0125,SCREW M5*35,-90.000
9844,Q0128,PETROL PIPE,24
9845,Q0134,NEEDLE BEARING ,24
9846,Q0139,FLYWHEEL  CS  0139,1
9847,Q0142,WASHER,-15.000
9848,Q0142,WASHER,24
9849,Q0143,IGNATION SYSTEM ,1
9850,Q0144,SPARK PLUG CAP ,1
9851,Q0145,CARBON HOLDER CUTTER,20
9852,Q0146,SPARK SPRING ,226
9853,Q0148, SWITCH SET CHAINSAW,24
9854,Q0148, SWITCH SET CHAINSAW,4
9855,Q0149,SWITCH,-2.000
9856,Q0151,SWITCH PLATE ,23
9857,Q0154,REWIND SPRING,-1.000
9858,Q0157/1,PLUG SPANNER,1
9859,Q0158,ROPE ROTOR,-3.000
9860,Q0162,CARBURETOR BOLT CS 0162,15
9861,Q0163,TRIGER FOR CHAINSAW  0163,12
9862,Q0164,ACCELERATOR SPRING CS,16
9863,Q0164,ACCELERATOR SPRING CS,16
9864,Q0164,ACCELERATOR SPRING CS,57
9865,Q0165,ARM,12
9866,Q0166,FRONT HANDLE SUPER,7
9867,Q0166,FRONT HANDLE SUPER,-2.000
9868,Q0166,FRONT HANDLE SUPER,1
9869,Q0168,SCREW,19
9870,Q0169,CHAIN CATCHER ,19
9871,Q0171,GRIP COVER ,12
9872,Q0176,SPRING VX3000,50
9873,Q0176,SPRING VX3000,2
9874,Q0178,CYLINDER COVER (4500),1
9875,Q0179,CHAIN SAW COVER NEW,-1.000
9876,Q0180,AIR FILTER ,-1.000
9877,Q0184,CARBERATOR SUPPORT ,4
9878,Q0193,PETROL BREATHER ASSY chainsaw ,16
9879,Q0195,OIL PUMP COVER CS,4
9880,Q0200,CLUCH  SPIDER ,10
9881,Q0203,SPROKET ,2
9882,Q0205,BUMPER STICK ,23
9883,Q0206,BOLT,27
9884,Q0207,NEEDLE BEARING ,30
9885,Q0208,SCREW 4*10,33
9886,Q0210, BAR NUT ,8
9887,Q0210, BAR NUT ,28
9888,Q0213,FRONT HANDLE CS,10
9889,Q0213,FRONT HANDLE CS,-1.000
9890,Q0213,FRONT HANDLE CS,1
9891,Q0214,ADJUSTING SYSTEM,-2.000
9892,Q0214,ADJUSTING SYSTEM,22
9893,Q0215,PLATE BREAKE ASSY,1
9894,Q0218,FRONT GUARD,12
9895,Q0219,BREAKER PIN A,5
9896,Q0263,FUEL  FILTER,6
9897,Q0270,CABLE,25
9898,Q0275,PETROL BREATHER BRUSH ,40
9899,Q0285,STUD (AIR FILTER ) 0285,9
9900,Q0285,STUD (AIR FILTER ) 0285,10
9901,Q0287,SCREW,22
9902,Q0295,BAR COVER Q0295,13
9903,Q0298,TRIGER LOCK SET  0298,12
9904,Q0302,HONDA SPARK PLUG ,4
9905,Q0305,METER GUAGE GLASS COMPRESSOR ,8
9906,Q0308,FUEL PIPE ,-2.000
9907,Q0313,PETROL FILTER G35 B/C,14
9908,Q0313,PETROL FILTER G35 B/C,4
9909,Q0316,CLUTCH ,1
9910,Q0319,AIR FILTER SPONGE G35,22
9911,Q0320,BRASS HEAD 3200I,1
9912,Q0320,BRASS HEAD 3200I,1
9913,Q0325,WASHER PLATE ,4
9914,Q0326,AB WASHER ,18
9915,Q0327,AB WASHER ,2
9916,Q0327,AB WASHER ,1
9917,Q0329,STARTER ASSY GX35 4 STROKE ,2
9918,Q0334,CIR CLIP 6202,50
9919,Q0344,HOLDER PROTECTOR G35 0344,4
9920,Q0349,OIL CLIP SMALL G35,5
9921,Q0355,OIL CLIP BIG G35,5
9922,Q0361,PUMB PRIMER G35,86
9923,Q0361,PUMB PRIMER G35,-52.000
9924,Q0361,PUMB PRIMER G35,-1.000
9925,Q0366,REWIND SPRING(G35),13
9926,Q0371,OIL TUBE G35,2
9927,Q0374,CLUTCH SPRING G35,4
9928,Q0376,ROPE ROTOR GX35 4 STROKE ,2
9929,Q0381,SCREW M6*20,20
9930,Q0381,SCREW M6*20,-2.000
9931,Q0385,CUTTING BLADE ,2
9932,Q0386,M6*30  SCREW  GEARCASE,408
9933,Q0395,BELT CUP,2
9934,Q0398,HANDLE BRACKET SET  4 STROCK  0398,4
9935,Q0405,RETAINER G35,5
9936,Q0406,TOP COVER TAP & GO,9
9937,Q0407,trimmer cover,6
9938,Q0409,CARBURATER SAFTY PACKING  G35,26
9939,Q0410,TOPANGO SPRING G35,5
9940,Q0417,AIR FILTER SPONGE G35 ,30
9941,Q0423,PETROL TOP WASHER G35,-4.000
9942,Q0423,PETROL TOP WASHER G35,24
9943,Q0423,PETROL TOP WASHER G35,14
9944,Q0423,PETROL TOP WASHER G35,14
9945,Q0425,AXILATER  SET,2
9946,Q0425,AXILATER  SET,1
9947,Q0427,CLUTCH BOLT BEND WASHER G35,24
9948,Q0429,TAPE  & GGO ROLLER,12
9949,Q0431,HEAD AXLE ,1
9950,Q0433,CLUTCH BOLT  2 STROCK 0433,14
9951,Q0470,CLUTCH BOLT Q0470,100
9952,Q0471,TANK GROMET  BRUSH CUTTER,72
9953,Q0472,PETROL PIPE WHITE,2
9954,Q0477,STAND 4 STROCK ,2
9955,Q0493,HOOK HOLDER 28MM ,3
9956,Q0502,CYLINDER COVER 2 STROKE,1
9957,Q0503,GASKET CYLENDER  2STROCK  B/C,150
9958,Q0510,FLYWHEEL COVER 2 STROK ,2
9959,Q0510,FLYWHEEL COVER 2 STROK ,1
9960,Q0511,CLUCH ,1
9961,Q0512,INDECTION COIL,1
9962,Q0514,AIR FILTER KNOB  2 STROK ,7
9963,Q0514,AIR FILTER KNOB  2 STROK ,7
9964,Q0515,GASKET 2 STROKE CRANK CASE ,24
9965,Q0516,CRANK CASE STARTER SIDE ,6
9966,Q0517,CRANK CASE FLY 2 STROK,2
9967,Q0517,CRANK CASE FLY 2 STROK,-2.000
9968,Q0518,ROPE LOCK SET ,30
9969,Q0518,ROPE LOCK SET ,6
9970,Q0520,MUFLER 2 STRO ,16
9971,Q0521,CARBARETOR ,10
9972,Q0522,GASKET 2 STOCK ,10
9973,Q0523,GASKET 2 STROCK CARBURETOR B/C,18
9974,Q0523,GASKET 2 STROCK CARBURETOR B/C,16
9975,Q0523,GASKET 2 STROCK CARBURETOR B/C,-4.000
9976,Q0525,AIR FILTER CASE 2 STROCK,22
9977,Q0526,AIR FILTER ,36
9978,Q0526,AIR FILTER ,28
9979,Q0526,AIR FILTER ,18
9980,Q0527,REVIND SPRING ,20
9981,Q0528,AIR FILTER CAP  COVER 2 STROK ,14
9982,Q0528,AIR FILTER CAP  COVER 2 STROK ,-2.000
9983,Q0534,OIL SEAL BIG 2 STROKE,5
9984,Q0534,OIL SEAL BIG 2 STROKE,16
9985,Q0535,OIL SEAL SMALL 2 STROKE,8
9986,Q0535,OIL SEAL SMALL 2 STROKE,5
9987,Q0541,CABLE ,15
9988,Q0543,CARBURATOR ,1
9989,Q0549,HOUSING AXLE 2 STRO-053,-1.000
9990,Q0552,BOLT 2 STROCK  B/C,-6.000
9991,Q0552,BOLT 2 STROCK  B/C,108
9992,Q0552,BOLT 2 STROCK  B/C,12
9993,Q0553,OUTER CLUTCH 2STROKE GOLD,2
9994,Q0554,INSULATOR ,1
9995,Q0559,FLYWHEEL NUT(2 STROCK ),4
9996,Q0566,TRIMMER SHAFT ,24
9997,Q0566,TRIMMER SHAFT ,9
9998,Q0568, MUFFLER BOLT 2 STROCK  B/C,48
9999,Q0568, MUFFLER BOLT 2 STROCK  B/C,14
10000,Q0569,NEEDLE BEARING (2 STROKE )  B/C,-1.000
10001,Q0579,HOUSING BRACKET BUSH 2 STROCK,42
10002,Q0579,HOUSING BRACKET BUSH 2 STROCK,-1.000
10003,Q0581,TRIMMER  NUT ,54
10004,Q0581,TRIMMER  NUT ,20
10005,Q0581,TRIMMER  NUT ,-6.000
10006,Q0585,HOOK HOLDER ,2
10007,Q0585,HOOK HOLDER ,1
10008,Q0586,HOUSING PIPE BUSH 26MM,15
10009,Q0587,SNAP RING  (2 STRO ) B/C,10
10010,Q0591,TANK GROMET (2STRO),4
10011,Q0593,STARTER ASSY  2 STROK,5
10012,Q0593,STARTER ASSY  2 STROK,-2.000
10013,Q0594,ROPE PULLY,6
10014,Q0595,ROPE LOCK SET ,18
10015,Q0628,ALLENKEY BOLT ,88
10016,Q0628,ALLENKEY BOLT ,8
10017,Q0628,ALLENKEY BOLT ,-4.000
10018,Q0630,CIR CLIP (HOUSING BRACKET),36
10019,Q0637,PETROL CAP B/C,-8.000
10020,Q0651,GEAR HOUSING ,3
10021,Q0696,HOOK HOLDER 2 STOCK ,2
10022,Q0698,CARBURATOR PACKING G35,3
10023,Q0698/2,CARBURATER REPAIRING KIT 2 STROCK ,5
10024,Q0703,FUEL PIPE ,2
10025,Q0718,FRONT HANDLE SUPER  GREY 0718,1
10026,Q0719,ROPE ROTOR ,10
10027,Q0723,ROPE PULLY,7
10028,Q0724,REWIND SPRING EASY BIG ,48
10029,Q0731,BAR,1
10030,Q0745,AXILATER SET ,11
10031,Q0746,BODY PUMP ASSY 2 STROK ,2
10032,Q0747,CARBURATOR BODY PURG ASSY 0747,2
10033,Q0782,HANDLE BRACKET  SET 2 STROCK 0782,1
10034,Q0796,PETROL PIPE  YELLOW 0796,1
10035,Q0799,SPARK PLUG CAP (2 STROKE),-10.000
10036,Q0826,BRUSH CUTTER SWITCH ,14
10037,Q0831,AIR FILTER 0831,6
10038,Q0852,SAFTY BELT,1
10039,Q0854,ACCELERATOR ASSY H/D TYPE ,2
10040,Q0885,STAND 2 STROCK  0885,2
10041,Q0898,STARTER PULLY BRUSH CUTTER,2
10042,Q0905,BRAKE ASSY(5900),1
10043,Q0906,AIR FILTER,10
10044,Q0913,PUMB PRIMER SET 5900,24
10045,Q0914,CARBURATOR SUPPORT,2
10046,Q0916,STARTER ASSY 5900,1
10047,Q0920,STARTER ASSY ,1
10048,Q0921,FRONT HANDLE ,1
10049,Q0965,STARTER ASSY  S FLOWER ,4
10050,Q1009,RUBBER SLEEVE ,43
10051,Q1019,GARDEN HOSE,27
10052,Q1019/1,GARDEN HOSE ,1
10053,Q1024,BASE PLATE CM4SB,5
10054,Q1024,BASE PLATE CM4SB,3
10055,Q1025,LIVER BOLT ,238
10056,Q1025,LIVER BOLT ,29
10057,Q1025,LIVER BOLT ,7
10058,Q1035,PLUGGER (CAR WASHER),7
10059,Q1045/1,CUTT OFF SWITCH ONLY C/W,5
10060,Q1046,FAN,4
10061,Q1047,VALVE PUMB KIT(MEDIUM)C/W0366,2
10062,Q1066,SPRAY GUN LONG(HIT),1
10063,Q1097,CAR WASHER RING (GUN SIDE),66
10064,Q1101,TILE CUTTER AB WASHER,78
10065,Q1105,PAD NUT (GRINDER),-11.000
10066,Q1105,PAD NUT (GRINDER),-2.000
10067,Q1106,LEFT BOLT (PAD NUT TILE CUTTER )CM4,13
10068,Q1107,"SWITCH CUTTER  CM4SA 13 ,ED10",4
10069,Q1110,CM4SA HOLDER SET ,-2.000
10070,Q1112,LEFT BOLT OZZIE,17
10071,Q1112,LEFT BOLT OZZIE,1
10072,Q1116,GEAR CM4SB,38
10073,Q1116,GEAR CM4SB,4
10074,Q1117,HOLDER CAP,16
10075,Q1123,GEAR SET CM4SA,7
10076,Q1124,AB WASHER AG801,1
10077,Q1125,LIVER BOLT ,16
10078,Q1133,SAFTY  COVER   CM4SA,90
10079,Q1137,2-20 CARBON BRUSH,386
10080,Q1146,CIR CLIP,86
10081,Q1151,BAR ELECTRIC C/S 16 INCH ,4
10082,Q1166,TRIGGER SET ,2
10083,Q1167,CB ELECTRIC,10
10084,Q1168,CB HOLDER SET,5
10085,Q1170,VALVE ,5
10086,Q1179,WOODRUFF KEY ,24
10087,Q1182,SIDE COVER CUTTER OZZIE,3
10088,Q1188,SPRAY GUN HEAD ONLY,5
10089,Q1189,SPRAY GUN LONG (HEAVY),1
10090,Q1191,PH65 SWITCH,6
10091,Q1192,SWITCH DRILL MT-60 1192,12
10092,Q1196,SWITCH,-1.000
10093,Q1197,SWITCH  6MM DRILL ,2
10094,Q1202,E DC SPARES 801 BAFFLE,56
10095,Q1204,BEARING HOLDER (CM4SA),42
10096,Q1206,GEAR SET  6100,12
10097,Q1208,GEAR SET GRINDER 801,14
10098,Q1210,GRINDER BODY ,4
10099,Q1220,AB WASHER ,59
10100,Q1229,DW801 HOLDER SET ,44
10101,Q1230,CARBON HOLDER,5
10102,Q1232,SPINDLE DW801,6
10103,Q1234,CM4SA SPINDLE ,4
10104,Q1237,BOLT,36
10105,Q1241,GEAR LOCK SET 9553,28
10106,Q1242,GEAR LOCK 801,36
10107,Q1242,GEAR LOCK 801,68
10108,Q1244,SPINDLE CUTTER  CM4SA 1244,52
10109,Q1245,SPINDLE CUTTER CM4SB,19
10110,Q1245,SPINDLE CUTTER CM4SB,8
10111,Q1247,SPINDLE AG6100,4
10112,Q1248,GEAR WHEEL ,1
10113,Q1249,GEAR SET ,2
10114,Q1253,TIMING BELT (CHAIN SHARPPNER ),2
10115,Q1260,BEARING HOLDER (CM4SB),20
10116,Q1260,BEARING HOLDER (CM4SB),8
10117,Q1260,BEARING HOLDER (CM4SB),2
10118,Q1266,SPRAY GUN SHORT(HEAD ONLY),3
10119,Q1270,BEARING HOUSING ,2
10120,Q1271,SPRING AG6100,-2.000
10121,Q1274,CB CAP,3
10122,Q1277,SPRAY GUN &NOZZLE  Q1277,14
10123,Q1278,SCREW BODY CM4SA,-4.000
10124,Q1278,SCREW BODY CM4SA,-16.000
10125,Q1284,GEAR SET GRINTER G-10 SS,8
10126,Q1286,GEAR LOCK  AG 6-100,12
10127,Q1289,SPINDLE RING ,50
10128,Q1289,SPINDLE RING ,1
10129,Q1293,MT410 BEARING HOLDER ,9
10130,Q1294,GRINDER ARMATURE NUT ,16
10131,Q1296,GEAR SET PDA100M,19
10132,Q1300,WOOD RUF KEY ,172
10133,Q1302,DRILL CHUCK 2-20,7
10134,Q1303,2-26 DRILL CHUCK,9
10135,Q1308,G10SS GEAR BOX,1
10136,Q1313,2-20 MOUTH BALL ,70
10137,Q1314,SPINDLE  SCREW DRILL ,12
10138,Q1315,SPINDLE RING  SCREW DRILL ,12
10139,Q1316,SPINDLE RING CA4SB,50
10140,Q1316,SPINDLE RING CA4SB,2
10141,Q1318,CM4SA SPRING ,59
10142,Q1329,2-20 DEST CAP,3
10143,Q1331,OIL PUMP ELECTRIC ,3
10144,Q1332,ADJUSTING SYSTEM ELECTRIC ,1
10145,Q1333,RIM SPROCKET ELECTRIC ,4
10146,Q1336,PISTON ,2
10147,Q1336,PISTON ,-2.000
10148,Q1339,PISTON PIN,10
10149,Q1340,SWITCH FOR DRILL 6MM,5
10150,Q1343,SCREW CM4SA FIELD ,60
10151,Q1345,2-20 HAMMER UNIT SET,-1.000
10152,Q1345,2-20 HAMMER UNIT SET,4
10153,Q1346,2-20 ORING  1346,22
10154,Q1357,4INCH GRINDER  RUBBER RING ,15
10155,Q1358,MAKITA GRINDER  NUT,52
10156,Q1360,RUBBER RING ,84
10157,Q1362,DUST CAP-801(OLD),6
10158,Q1365, COVER ,4
10159,Q1366,AIR DEFLECTER,11
10160,Q1367,CM4SA BODY CAP ,4
10161,Q1368,SCREW DRILL  BACK BODY ,1
10162,Q1369,MOUTH BUSH ,3
10163,Q1371,ROLLER BEARING 2-20,58
10164,Q1371,ROLLER BEARING 2-20,4
10165,Q1372,2-20 OIL SEAL ,12
10166,Q1372,2-20 OIL SEAL ,2
10167,Q1378,KEY LESS CHUCK ,3
10168,Q1380,GEAR WHEEL  10MM DRILL,2
10169,Q1381,2-20 BEARING SLEEV,34
10170,Q1382,2-20 NEEDLE  BEARING ,2
10171,Q1384,2-20 PRESSURE SPRING ,13
10172,Q1385,2-20 GEAR BALLS,136
10173,Q1388,2-20 GEAR CASE ,4
10174,Q1388,2-20 GEAR CASE ,-1.000
10175,Q1389,2-20 PISTON PIN,20
10176,Q1389,2-20 PISTON PIN,7
10177,Q1390,STRIKER,-4.000
10178,Q1391,2-20 ORING SET  Q1391,99
10179,Q1392,GEAR KNOB(2-20),5
10180,Q1396,2-20 TUB HOLDER SET,1
10181,Q1398,2-20 GEAR CASE BLACK BODY 1398,6
10182,Q1402,ROUTER COLET&NUT,8
10183,Q1403,ROUTER SLEVE,2
10184,Q1409..,CB HOLDER SET PH65,36
10185,Q1413,CUT OFF SAW CARBON BRUSH ,3
10186,Q1415,K XTRAPOWER CARBON BRUSH MT410,10
10187,Q1418,CARBON BRUSH ,150
10188,Q1420,SLEVE ROUTER (IN),4
10189,Q1421,SLEVE 8MM ROUTER,17
10190,Q1422,ROUTER SELVE (END),1
10191,Q1425,CB HOLDER SET GRINDER 6-100,50
10192,Q1426,AB WASHER MAKITA MODEL ,2
10193,Q1430,COLLET NUT ,7
10194,Q1431,BEARING HOLDER ,25
10195,Q1432,TILE SCORING TOOL -PEN TYPE ,-1.000
10196,Q1437,HOUSING PIPE BUSH ,6
10197,Q1449,PH65 PRESSURE RING 16KG ,76
10198,Q1453,PH 65-SCREW SHORT,34
10199,Q1453,PH 65-SCREW SHORT,3
10200,Q1454,BOLT,81
10201,Q1454,BOLT,14
10202,Q1454,BOLT,3
10203,Q1456,16KG LOCK SET ,5
10204,Q1457,HANDLE ,3
10205,Q1473,PISTON PIN,6
10206,Q1474,CB CAP PH65,2
10207,Q1474.,CB CAP PH65,8
10208,Q1477,BUSHING RING ,1
10209,Q1478,INNER COVER ,2
10210,q1479,handle ,1
10211,Q1480,mouth oring ,25
10212,Q1481,PH65 WOOD RUFF KEY ,10
10213,Q1482,PH65 GEAR BOX  1482,1
10214,Q1483,COVER SET ,2
10215,Q1487,PH65 OIL COVER ,4
10216,Q1488,NEEDLE BEARING ,6
10217,Q1490,PH65 GEAR SET 1490,2
10218,Q1491,OIL CAP ,19
10219,Q1494,BLADE COVER BOLT ,15
10220,Q1495,1495 ROUTER HOUSING-3612,1
10221,Q1497,PH65 OIL GASKET ,23
10222,Q1504,BLADE DRUM,2
10223,Q1505,BELT COVER (PLANER),4
10224,Q1506,BASE PLATE,3
10225,Q1510,PLANNER BELT MKT 1900B,3
10226,Q1512,RUBBER RING ,74
10227,Q1516,GEAR BOX GRINDER ,3
10228,Q1518,SWITCH,3
10229,Q1522,HOSE CLIP ,11
10230,Q1523,DRILL CHUCK WITH KEY 10MM,2
10231,Q1524,AB WASHER ,1
10232,Q1524,AB WASHER ,2
10233,Q1528,PLANNER BELT F20,1
10234,Q1529,OIL WICKS,4
10235,Q1532,SWITCH DRILL 6MM /SCREW,4
10236,Q1534,RUBBER RING ,49
10237,Q1538,RUBBER PACKING ,4
10238,Q1539,SPRING ,1
10239,Q1542,LEFT BOLT 1040,5
10240,Q1546,"GEAR LOCK 7""GRINDER",12
10241,Q1548,"GEAR LOCK 9""grinder",24
10242,Q1590,KNOB,2
10243,Q1595,SCREW FOR M6/25,63
10244,Q1597,LKEY BOLT ,-1.000
10245,Q1597,LKEY BOLT ,108
10246,Q1598,PH65 O RING ,2
10247,Q1603,SANDER 4510 CARBON BRUSH,5
10248,Q1609,SWITCH BRACKET DW801,8
10249,Q1701,SPEED CONTROLL CAR POLISH,3
10250,Q1703,SWITCH JIGSAW,6
10251,Q1705,JIGSAW 4304(CB),1
10252,Q1706,SWITCH REGULATOR (JIGSAW),2
10253,Q1745,PLUG SPANNER 16MM,3
10254,Q1804,2-26 GEAR CASE BLACK BODY,4
10255,Q1805,2-26 GEAR KNDB,10
10256,Q1807,TUBE HOLDER SET ,3
10257,Q1809,GEAR WHEEL ,3
10258,Q1810,BEARING ,9
10259,Q1811,PISTON PIN,2
10260,Q1812,PISTON ,1
10261,Q1813,STRIKKER,3
10262,Q1815,2-26 PISTON WASHER ,14
10263,Q1816,2-26 ROLLER BEARING,4
10264,Q1817,NEEDLE BEARING ,3
10265,Q1818,2-26 NEEDLE BEARING FIELD SIDE,25
10266,Q1819,USHAFT FROCK ,26
10267,Q1820,2-26 BACK BODY ,3
10268,Q1823,BEARING G CAP,44
10269,Q1823,BEARING G CAP,94
10270,Q1824,CONNECTER PLATE ,14
10271,Q1826,STATER PIN SET 2-26,14
10272,Q1827,SPRING ,10
10273,Q1828,OIL SEAL  2-26,118
10274,Q1828,OIL SEAL  2-26,5
10275,Q1829,2-26 NEEDLE BEARING ,2
10276,Q1830,HAMMERING UNIT ,-4.000
10277,Q1830,HAMMERING UNIT ,-16.000
10278,Q1831,2-26 DUSTCAP,4
10279,Q1835,VALVE PUMB KIT(MEDIUM),3
10280,Q1836,11E MOUTH CAP 1836,4
10281,Q1858,NOO,50
10282,Q1898,11E CB SPRING ,18
10283,Q1899,11E MOTOR HOUSING ,1
10284,Q1915,ROUTER SLEEVE,2
10285,Q1916,ROUTER NUT TRIMMER,5
10286,Q1927,TRIGGER,-1.000
10287,Q1930,K-YURI SPARES -0810T TOOL HOLDER SMALL,1
10288,Q1957,SCREW ,34
10289,Q1964,SCREW ,46
10290,Q1965.,11E HAMMER PIN ,3
10291,Q1972,ORING SET  Q1972,34
10292,Q1972,ORING SET  Q1972,92
10293,Q1975,SLEEVE WASHER ,22.5
10294,Q1976,11E BEARING COVER,3
10295,Q1977,FELT WASHER,2
10296,Q1984,"7/9"" GRINDER SWITCH ",1
10297,Q1989,BRUSH GRID SET ,5
10298,Q1991,BEARING HOLDER ,2
10299,Q1995,NEEDLE BEARING ,17
10300,Q1996,11E SIDE HANDLE,4
10301,Q2021,SD FLAT CHISEL 14*250*20M,-4.000
10302,Q2056,11E GREASE CAP ,22
10303,Q2056,11E GREASE CAP ,-1.000
10304,Q2056,11E GREASE CAP ,-3.000
10305,Q2064,PISTON 11E,22
10306,Q2065,PISTON ORING  2PCS ,21
10307,Q2066,11E NEEDLE BEARING,12
10308,Q2066,11E NEEDLE BEARING,-1.000
10309,Q2067,11E TOOL HOLDER ,1
10310,Q2070,11-E  HOLDER PIPE,2
10311,Q2070,11-E  HOLDER PIPE,1
10312,Q2071,11E HOLDER ASSY,1
10313,Q2072,11E BACK NUT 2072,3
10314,Q2075,11E GEAR WHEEL,2
10315,Q2076,SHIFTING PLATE ,5
10316,Q2079,LIP SEAL ,16
10317,Q2079,LIP SEAL ,-126.000
10318,Q2095,JACKET ORANGE ,-8.000
10319,Q2096,COVERALL L,1
10320,Q2141,JIP SAW BLADE COLLET SET,12
10321,Q2144,JIG SAW BALANCE WHEEL SET,21
10322,Q2144,JIG SAW BALANCE WHEEL SET,5
10323,Q2145,BODY MARBLE CUTTER,2
10324,Q2151,TESTER ,3
10325,Q2174,SEALLER (250 WTS)10'',12
10326,Q2175,SEALLER (300MM 12'')ELEMENT SET,1
10327,Q2189,TOW ROP,1
10328,Q2192,SEALLER (200 WTS) 8'',2
10329,Q2198,SEALING MACHINE (200 MM,1
10330,Q2218,SCREW DRIVER 6INCH  Q2218,1
10331,Q2219,SCREW DRIVER  6INCH Q2219,1
10332,Q2223.,SCREW DRIVER 8'' STAR(USA) Q2223,2
10333,Q2251,HAMMER 250G,1
10334,Q2253,HAMMER 750 GM,1
10335,Q2254,LUGGAGE STRAP,2
10336,Q2254,LUGGAGE STRAP,-1.000
10337,Q2267,KNIFE BLADE,1
10338,Q2268,CARPET KNIFE BLAADE SET 9MM,-10.000
10339,Q2326,SEALLER (150MM 6'')ELEMENT ONLY,1
10340,Q2351,T-HANDEL BIT SET,1
10341,Q2358,PAD LOCK ,2
10342,Q2361,SCREW DRIVER,1
10343,Q2367,KNIFE (DXL-248),-1.000
10344,Q2372,HOLDER SPRING ,30
10345,Q2417,PUTTY MIXER,2
10346,Q2571,CRANK SHAFT 0810,4
10347,Q2571,CRANK SHAFT 0810,-2.000
10348,Q2571,CRANK SHAFT 0810,-7.000
10349,Q2573,810BEARING (CRANK),39
10350,Q2574,PISTON 5KG,12
10351,Q2579,810 OIL CAP,1
10352,Q2598,JIG SAW BLADE MA144,1
10353,Q2645,SCREW DRIVER,1
10354,Q2646,SCREW DRIVER RED&BLACK 8'' STAR,2
10355,Q2663,COVER ALL XL,1
10356,Q2668,SWITCH ,9
10357,Q2668,SWITCH ,-2.000
10358,Q2669,IMPACT BOLT  5kg,7
10359,Q2676,0810 GEAR HOUSING PLATE ,2
10360,Q2677,810 CRANK HOUSING,3
10361,Q2682..,SCREW DRIVER 8 INCH STAR Q2682,1
10362,Q2704,GASKET CYLINDER,5
10363,Q2775,OIL LEVEL GUAGE,15
10364,Q2777,OIL OUTLET PIPE ,23
10365,Q2778,PH65 OIL NUT,22
10366,Q2796,HOSE CONNECTER,15
10367,Q2850,JACKET  GREEN ,1
10368,Q2894,SWITCH JIG SAW BOSCH,5
10369,Q2901,810 CB HOLDER SET (5KG),2
10370,Q2902,HOLDER CAP ,4
10371,Q2913,GEAR BOX TORQUE CORDLESS,1
10372,Q2916,MOUTH ORING ,32
10373,Q2916,MOUTH ORING ,20
10374,Q2920,STAR BIT PH2 POINT ,7
10375,Q2921,STAR BIT PH2 FLAT ,39
10376,Q2930,810 OIL SEAL (TUB HOLDER),50
10377,Q2933,810 CONNECTING ROD +BEARING,3
10378,Q2934,5 KG BODY  Q2934,3
10379,Q2940,WIRE PULLER,1
10380,Q2947,SPRAY GUN SHORT,-1.000
10381,Q2957,METAL HOLE SAW 32MM (1-1/4''),4
10382,Q2957/28,METAL HOLE SAW 32MM (1-1/4''),6
10383,Q2964,NEEDLE BEARING ,11
10384,Q2970,BOLT,4
10385,Q2974,810 STRIKKER,14
10386,Q2975,DEMPAR BUSH ,1
10387,Q2976,WOOD RUFF KEY ,42
10388,Q2982,CB HOLDER 6MM DRILL,10
10389,Q2982,CB HOLDER 6MM DRILL,5
10390,Q2985,GEAR BOX DRILL 10MM,3
10391,Q2990,CIRCLIP,17
10392,Q2994,GEAR BOX CUTTER CM4SB,1
10393,Q2999,PISTON PIN,48
10394,Q3009,STAR BIT POINT,28
10395,Q3012,PAIN MIXER BIG (100/600),1
10396,Q3032,GLASS BIT IMPACT 6MM,1
10397,Q3034,GLASS BIT IMPACT 10MM,1
10398,Q3037,GLASS BIT SDS 8MM,3
10399,Q3038,GLASS BIT  SDS 10MM,9
10400,Q3053,HOSE CONNECTER  PILOT ,-2.000
10401,Q3054,ADAPTER,-2.000
10402,Q3069,DUSTER GUN SHORT(04123),-1.000
10403,Q3109,AIR INFLATOR CHUK,3
10404,Q3220,AUGER BIT(100MM),-2.000
10405,Q3221,EARTH AUGER BIT (150X800),1
10406,Q3238,COLLET,9
10407,Q3267,PULLER,1
10408,Q3308,SNOW FROM GUN ONLY,1
10409,Q3309,SNOW FROM TANK ASSY,2
10410,Q3313,CARWASHER HOSE,3
10411,Q3415,PUNCHER SCREW,3
10412,Q3436,DRILL RIVET (ATACHMENT ),1
10413,q3436..,DRILL RIVET (ATACHMENT ),-2.000
10414,Q3500,GLUE GUN 40W,1
10415,Q3503,GLUE SITCK (STICK ONLY)8 X1KG,-9.000
10416,Q3503,GLUE SITCK (STICK ONLY)8 X1KG,65
10417,Q3802,HOLDER SET ,10
10418,Q3804,STRIKER 3-26MM HAMMER DRILL ,5
10419,Q3809,3.5KG PISTON RING ,8
10420,Q3820,SWITCH  LS1040,6
10421,Q4503,GEAR SET GRINDER ,3
10422,Q6005,HOLDER SET ,5
10423,Q6006,SWITCH VIBRATOR,1
10424,Q6007,SHAFT GEAR VIBRATOR 6000/6050,13
10425,Q6051,HOUSING CASE(VIBRATOR)MD6050,5
10426,Q6052,GEAR WHEEL VIBRATOR MD6050,3
10427,Q6052,GEAR WHEEL VIBRATOR MD6050,20
10428,Q6053,BODY (VIBRATOR)6050,1
10429,Q6054,GEAR CASE 6050 IG PLATE ,2
10430,Q7020,MANY FOLD ,4
10431,Q7023,CARBERATOR PIPE ,25
10432,Q7991,NYLON WIRE,26.835
10433,Q7991,NYLON WIRE,8.05
10434,Q7991,NYLON WIRE,0
10435,Q7991,NYLON WIRE,0.724
10436,Q7OV,Q7 OUTLET VALVE,5
10437,Q7TB,Q7 TRUST BEARING ,3
10438,Q7WS,Q7 WATER SEAL,6
10439,Q9958,ROPE ROTOR GRASS CUTTER -898,2
10440,Q9960,A BLADE ,-1.000
10441,Q9961,B BLADE WASHER ,2
10442,Q9974,S CREW (AGRI 3 HOLE CUP),20
10443,Q9989,HOUSING PIPE 26MM,2
10444,Q9997,OIL SEAL ,-1.000
10445,QC,QUICK COPLER NOZZLE GREENSPA22 ACE,709
10446,QC,QUICK COPLER NOZZLE GREENSPA22 ACE,-4.000
10447,QC,QUICK COPLER NOZZLE GREENSPA22 ACE,8
10448,QC,QUICK COPLER NOZZLE GREENSPA22 ACE,8
10449,QC,QUICK COPLER NOZZLE GREENSPA22 ACE,-1.000
10450,QC1/2*3/4Y,HOSE CONNECTOR GS6214 1/2*3/4 YELLOW ,-1.000
10451,QC3/4G,HOSE CONNECTER GS6207 3/4*3/4,3
10452,QCB,HOSE CONNECTER 1/2 BLUE ,3
10453,QCG,HOSE CONNECTOR  QC GREEN ,-3.000
10454,QL430,QUICK LANCE 420-430MM ,1
10455,QRC6M,STRIGHT VALVE 8MM,22
10456,QRC8MM,QRC UNION 8MM ,12
10457,QWE400,QUICK  WASTE ELIMINATER 400GM ,-5.000
10458,R1,ALUMINIUM POP RIVET 3/16X1'',1
10459,R1/2,ALUMINIUM POP RIVET 3/16X1/2'',293
10460,R201,BARREL PUMP ,3
10461,R3/4,POP RIVET 5/32X3/4,5195
10462,R3/4,POP RIVET 5/32X3/4,-50.000
10463,R3/4,POP RIVET 5/32X3/4,8
10464,R450,AIRLESS PAINT SPRAYER -R450,1
10465,R5/32,POP RIVERT 5/32*1/2,11580
10466,R696,BEARING MEDIUM ,-10.000
10467,RA10,TRY SQUARE 10 inch HEAVY,1
10468,RA10,TRY SQUARE 10 inch HEAVY,4
10469,RA10/D,TRY SQUARE 10 INCH DAMU ,3
10470,RA10/JP,JP 51 CARPENDER TRY SQUARE CUT TYPE ,5
10471,RA12,TRY SQUARE 12' HEAVY,6
10472,RA12,TRY SQUARE 12' HEAVY,-3.000
10473,RA12S,SUDHIR RIGHT ANGLE 12 INCH ,12
10474,RA6,Try Square Heavy 6 INCH ,-4.000
10475,RA6,Try Square Heavy 6 INCH ,-10.000
10476,RA6S,SUDHIR RIGHT ANGLE 6 INCH,8
10477,RA8,TRY SQUARE 8 inch,4
10478,RA8/JP,"JP51 CARPENTER TRY SQUAR CUT TYPE 8""",-1.000
10479,RA8S,SUDHIR RIGHT ANGLE 8 INCH ,2
10480,RATKILLER,RAT KILLER,4
10481,RB11/2O,RATCHET BELT 11/2  INCH 35MM,100
10482,RB14,RAINBOW 14INCH BLADE ,4
10483,RB16,RINGSAW BLADE 16 INCH SUPERSTEEL ,3
10484,RB16,RINGSAW BLADE 16 INCH SUPERSTEEL ,1
10485,RB16,RINGSAW BLADE 16 INCH SUPERSTEEL ,-1.000
10486,RB16/E,RING SAW BLADE 16 INCH ,8
10487,RB18,"E-MAH-GUIDE BAR 18""(JUMBO)",-2.000
10488,RB1O,RATCHET BELT 1 INCH ORANGE ,146
10489,RB1O,RATCHET BELT 1 INCH ORANGE ,6.5
10490,RB25ML,RESBOND SL (HM) CLEAR 25ML ASTRAL,3
10491,RB2INCH ,RATCHET BUCKLE 2 INCH ,1
10492,RB2O,RATCHET BELT 2 INCH 50MM ORANGE 5 %,64
10493,RB3,ARMATURE BEARING PULLER 3,2
10494,RB30VST,HIKOKI BLOWER RB30SAS9Z,5
10495,RB4,"BEARING PULLER 4""3LEG",-1.000
10496,RB4/1,ARMATURE BEARING PULLER 4,1
10497,RB410,RING SAW BLADE K410,10
10498,RB5,RAINBOW MARBLE BLADE 5 INCH ,97
10499,RB6,6 INCH RAINBOW BLADE ,13
10500,RB6,6 INCH RAINBOW BLADE ,1
10501,RB606,BEARING 606 ZZ RB,1
10502,RB685,BEARING 685ZZ RB,6
10503,RB686,BEARING 686 ZZ RB,1
10504,RB695,BEARING 695 ZZ RB,-2.000
10505,RB696,BEARING 696 ZZ RB ,3
10506,RB7,RAINBOW MARBLE BLADE 7 INCH ,-1.000
10507,RB7,RAINBOW MARBLE BLADE 7 INCH ,2
10508,RB8,RAINBOW-MARBLE BLADE-8 INCH ,42
10509,RB8,RAINBOW-MARBLE BLADE-8 INCH ,-2.000
10510,RB8,RAINBOW-MARBLE BLADE-8 INCH ,1
10511,RBBB,SPARES-G10SS BEARING RUBBER,5
10512,RBL6*8,ROD BEND LIVER 6*8,3
10513,RBOOK,REJISTER BOOK ,-1.000
10514,RBP/V10,ROTARY BARREL PUMP V10 (V10 GROSS ) ,1
10515,RBW8,CONCRETE CUTTING BLADE 8 INCH  UNIVERSAL,4
10516,RC1,RAIN COAT ADULT 1688 C1,4
10517,RC18,RAINBOW CHAIN 18 INCH ,54
10518,RC3CRH,CLAMP,-10.260
10519,RCAD,RAIN COAT ACME DEFINDER ,2
10520,RCAY,RAIN COAT ACME YELLOW ,3
10521,RCB,ROOF CLEANER STEEL BIG ,-14.000
10522,RCB,ROOF CLEANER STEEL BIG ,1
10523,RCB,ROOF CLEANER STEEL BIG ,-6.000
10524,RCBS,ROOF CLEANING BRUSH SMALL,-2.000
10525,RCBS,ROOF CLEANING BRUSH SMALL,2
10526,RCBS,ROOF CLEANING BRUSH SMALL,1
10527,RCBT,RAIN COAT BUTTON TYPE LONG ,12
10528,RCBTR,CARBURETOR CHAIN SAW,2
10529,RCFB,RAIN COAT FULL COAT BRIGHT ,1
10530,RCGAG801,ANGLE GRINDER 900W RG  RCGAG801 AKSHAJ,1
10531,RCGDL10,ELECTRIC DRILL 10MM 600W RCGDL10FP,-1.000
10532,RCGI5M,CHAIN 5MM GI SSM,17.72
10533,RCGI5M,CHAIN 5MM GI SSM,-3.010
10534,RCGI8M,CHAIN GI 8MM ,-50.115
10535,RCK04,RAIN COAT KIDS 04,7
10536,RCK39,RAIN COAT KIDS 39,6
10537,RCM,CHEEKA MANTHY (RUBBER MANTHI ),5
10538,RCP,RAIN COAT POCKET CHETAK ,78
10539,RCSS2M,RAIN CHAIN SS 2MM 202 POLISH ,0.885
10540,RDR,RUBBER DESIGN ROLLER,5
10541,RDS,"RATCHET DIE SET 11/4 ,11/2 2",1
10542,RDS1,"RATCHET DIE SET 1/2 ,3/4 ,1",1
10543,RE4542,RE 90 HIGH PRESSURER WASHER -RE020114542 STHIL,1
10544,REC20,ROUND EDGE CONCAVE WHEEL 20MM GB,5
10545,REC20,ROUND EDGE CONCAVE WHEEL 20MM GB,1
10546,REC25,ROUND EDGE CONCAVE WHEEL 25MM,5
10547,REC25,ROUND EDGE CONCAVE WHEEL 25MM,1
10548,REDINK,PEN RED ,10
10549,REF738,JIG FOR HOLE MOTILE (drill adapter ),6
10550,REGISTER,REGISTER ASWANI 2 QR ,9
10551,REMI40M,PAD LOCK 40MM,12
10552,RENT ,LADDER RENT ,-21.000
10553,RENT SCAFOLDING ,SCAFOLDING ,-30.000
10554,RENT VADAM ,RENT VADAM ,1
10555,RENT500,RENTAL WATER TANK 500 LTR,10
10556,RENTAL 11E,RENTAL 11E,1
10557,RENTAL 16 KG ,RENTAL 16 KG ,1
10558,RENTAL 5 KG ,RENTAL 5 KG ,-1.000
10559,RENTAL ADUPPU,RENTAL ADUPPU,-29.000
10560,RENTAL ARABANA ,RENTAL ARABANA ,-3.000
10561,RENTAL BAREL ,RENTAL BAREL ,1
10562,RENTAL BRUSH CUTTER,RENTAL BRUSH CUTTER,-9.000
10563,RENTAL BULL 11E,RENTAL BULL 11E,-3.000
10564,RENTAL CARWASHER DEERX 3500W,RENTAL CARWASHER DEERX 3500W,1
10565,RENTAL CHATTY ,RENTAL CHATTY ,1
10566,RENTAL COAT ,RENTAL COAT ,1
10567,RENTAL COMPRESSER ,RENTAL COMPRESSER ,1
10568,RENTAL COOLER ,RENTAL COOLER ,1
10569,RENTAL CUTT OFF SAW ,RENTAL CUTT OFF SAW ,1
10570,RENTAL DRYWALL SANDER 7 INCH ,RENTAL DRYWALL SANDER 7 INCH ,-6.000
10571,RENTAL EXT BOARD,RENTAL EXT BOARD,138
10572,RENTAL FAN,RENTAL FAN,-9.000
10573,RENTAL GRINDER,RENTAL GRINDER,76
10574,RENTAL HOSE ,RENTAL HOSE ,1
10575,RENTAL KAMBICUTTER,RENTAL KAMBICUTTER,1
10576,RENTAL KATHAL ,RENTAL KATHAL  NEW,1
10577,RENTAL KODALI,RENTAL KODALI,-15.000
10578,RENTAL KOTTA,RENTAL KOTTA,1
10579,RENTAL KUTHUVILAKKU,RENTAL KUTHUVILAKKU,-225.000
10580,RENTAL KUTTA ,RENTAL KUTTA ,-3.000
10581,RENTAL LADDER ,RENTAL LADDER ,-11.000
10582,RENTAL LADDER ,RENTAL LADDER ,-10.000
10583,RENTAL MUTHUKUDA,MUTHUKUDA ,30
10584,RENTAL PALAKA ,RENTAL PALAKA ,1
10585,RENTAL PICKAS,RENTAL PICKAS,-3.000
10586,RENTAL PUMP 1 HP,RENTAL PUMP 1 HP,1
10587,RENTAL PUTTY MIXER ,RENTAL PUTTY MIXER ,1
10588,RENTAL ROPE ,RENTAL ROPE ,1
10589,RENTAL SCAFOLDING ,RENTAL SCAFOLDING ,-3.000
10590,RENTAL SCREW DRILL,RENTAL SCREW DRILL,-3.000
10591,RENTAL STRUCTURE GUN,RENTAL STRUCTURE GUN,1
10592,RENTAL TARPA,RENTAL TARPA,-1.000
10593,RENTAL TEXTER GUN ,RENTAL TEXTER GUN ,1
10594,RENTAL THUMPA ,RENTAL THUMPA ,-2.500
10595,RENTAL VIBRATOR ,RENTAL VIBRATOR ,25
10596,RENTARABANA,ARABANA ,-5.000
10597,REPAIR MAINTANANCE ,REPAIR MAINTANANCE ,1
10598,REPAIRS & MAINTENANCE SERVICE ,REPAIRS & MAINTENANCE SERVICE ,7
10599,RGH6528,INGCO ROTARY HAMMER DRILL,4
10600,RGH6528C,CARBON BRUSH FOR RGH6528-SP80,1
10601,RGH6528S,SWITCH FOR RGH6528-SP80,2
10602,RGH9528S,SWITCH FOR INGCO ROTARY HAMMER DRILL,3
10603,RGS,GAS REGULATOR SET ,3
10604,RGS/1,GAS REGULATOR ,3
10605,RH1/2, RATCHET HANDLE 1/2 AJAY,-1.000
10606,RH1/2E,RATCHET HANDLE  LONG EXTENTION ,7
10607,RH17*280F,VERTIGO GOLD 5KG FLAT BIT ,104
10608,RH18*280F,VERTIGO GOLD 11E FLAT BIT 18*280,171
10609,RH18*400P,FLAT BIT 18*400 11E  SUPERSTEEL  RAJ AGRO,18
10610,RH2,GRAND RUBBER HAMMER 2,2
10611,RH2.5,GRAND RUBBER HAMMER 2.5,9
10612,RH20130,RH20 130M field wire ,9
10613,RH20CR,RH20 CYLINDER,-8.000
10614,RH20DC,RH20 DUST CAP ,2
10615,RH20DG,RH20 47 DENTES GEAR ,2
10616,RH20HSK,HAMMERING SELECTER KNOBE RH20,46
10617,RH20O,RH20 PISTON ORING ,28
10618,RH20O18*3,RH20 O RING OF POSITION P18*3,-8.000
10619,RH20P,RH20 PISTON,3
10620,RH20PLS,RH20 POSITION  LIMITED SLEEVE,1
10621,RH20PO,RH20 PISTON ORING ,12
10622,RH20S,RH20 SLEEVE OF SPINDLE ,-1.000
10623,RH20SDL,RH20  SPINDLE ,1
10624,Rh2-20,Carbon Brush Rh2-20,786
10625,Rh2-20,Carbon Brush Rh2-20,-314.000
10626,RH220MK,MOUTH KIT RH2-20 BULL,22
10627,RH220S,SWITCH  RH2-20 BULL ,24
10628,Rh2-26,Carbon Brush 2-26,118
10629,Rh2-26,Carbon Brush 2-26,-4.000
10630,Rh2-26,Carbon Brush 2-26,22
10631,RH226S,BULL GOLD RH2-26 SWITCH ,1
10632,RH26 SHELL,RH26 SHELL,1
10633,RH26BC,RH26 BACK COVER ,1
10634,RH26DC,RH26 DUST CAP ,2
10635,RH26OS,RH26 OIL SEAL 130*41*7,4
10636,RH26ROTOR,RH26 ROTOR,1
10637,RH26RPN,RH26 HK 0908 ROLL PIN ,6
10638,RH2801,RH28 DUST PROOF COVER SET RH2801,6
10639,RH2801,RH28 DUST PROOF COVER SET RH2801,1
10640,RH2813,JCB RH28 ROTATING SLEEV (13)RH2813,1
10641,RH2813,JCB RH28 ROTATING SLEEV (13)RH2813,2
10642,RH283132,RH28 BEARING BOX &LINK ROD RH283132,2
10643,RH28BL,RH28 BALL,20
10644,RH28BL,RH28 BALL,1
10645,RH28CB,RH28 CARBON BRUSH,18
10646,RH28CLG,RH28 CYLINDER LINER GEAR +,3
10647,RH28CRO,RH28 CONNECTING ROD,1
10648,RH28CS,RH28 CRANK SHAFT  RH28CS,1
10649,RH28CSG,RH28 CRANK SHAFT GEAR  RH28CSG,1
10650,RH28CY,RH28 CYLINDER,1
10651,RH28D19,RH28 D19 SPINDLE STEEL CIRCLIP ,10
10652,RH28FG,RH28 FAN GUIDE ,2
10653,RH28HS,RH28 HANDLE SET ,8
10654,RH28K,RH28 SELECTER KNOB -,5
10655,RH28LC,RH28 LIMIT COVER,2
10656,RH28MC,RH28 MIDDLE COVER ,1
10657,RH28O,RH28 O-RING ,27
10658,RH28O11*1.9,RH28 ORING 11*1.9  RH28O11*1.9,5
10659,RH28O20.8,RH28 ORING 20.8    RH28O20.8,4
10660,RH28OC,RH28 OIL CAP ,-2.000
10661,RH28OR,RH28 ORING  19*3,4
10662,RH28P,RH28 PISTON ,2
10663,RH28PP,RH28 PISTON AND PIN  RH28PP,2
10664,RH28R,RH28 ROTOR ,1
10665,RH28S,RH28 SWITCH,1
10666,RH28SE,RH28 SLEEVE ,6
10667,RH28SH,RH28 STRIKE HAMMER ,2
10668,RH28SL,RH28  SLEEVE,1
10669,RH28SP,RH28 SMALL PINION ,1
10670,RH28SR,RH28 STRIKE ROD ,15
10671,RH28TH ,RH28 TOOL HOLDER ,4
10672,RH4202,2-20 PISTON PIN WASHER OMR,156
10673,RH4205,PISTON 2-20 OMR ,10
10674,RH4206,2-20 SELECTER OMR,20
10675,RH4208,OMR DUMPING BUSH RH4208,86
10676,RH4210,OMR 2-20 TOOL HOLDER  COMPLETE ,6
10677,RH4211,2-20 LONG GEAR OMR ,88
10678,RH4214,OMR 2-20 OIL SEAL RH4214,30
10679,RH4217,2-20 ALUMINIUM GEAR HOUSING OMR ,3
10680,RH4221,2-20 SELECTER ORING OMR ,16
10681,RH4223,2-20 SMALL GEASR OMR ,92
10682,RH4224,2-20 THRUST BEARING OMR ,36
10683,RH4230,2-20 SWITCH  REVERS FORWARD OMR,28
10684,RH4503,SWITCH 2-26 ,74
10685,RH4503.,OMR SWITCH 2-26,120
10686,RH4505,2-26 INTERMEDIATORY GEAR OMR ,17
10687,RH4506,2-26 LONG GEAR OMR,38
10688,RH4512,2-26 DUMPING BUSH OMR ,14
10689,RH4517,OMR MOUTH SET 2-26,44
10690,RH4519,2-26 TAB WASHER OMR ,10
10691,RH4520,2-26 PISTON OMR,12
10692,RH4534,OMR 2-26 OIL SEAL RH4534,152
10693,RH4535,2-26 WIRE SLEEVE OMR ,88
10694,RH4907,3-26 STRIKER OMR ,3
10695,RH4909,3-26 PISTON ORING OMR ,19
10696,RH4913,3-26 PISTON PIN OMR,10
10697,RH4914,CONNECTING ROD 3-26 OMR ,22
10698,RH8410,DAMIER  HAMMER DRILL 2600 RH8410,1
10699,RHC,ROPE HANDLE 58CCC,1
10700,RHDL,CHUGH TYRE LEVER ROUND  PVC HDLGES ,1
10701,RICEDR,RICE DRAINER ,14
10702,RJ2G,REFLECTIVE JACKET 2 INCH GREEN AREFLOW ,4
10703,RJ2O,REFLECTIVE JACKET 2 INCH ORANGE AREFLOW ,4
10704,RL2*10,"RATCHET  LASHING SET 2""*10MTR ",2
10705,RL2*10,"RATCHET  LASHING SET 2""*10MTR ",3
10706,RL2*8,RATCHET LASTING SET 2*8 MTR ,1
10707,RL2*8,RATCHET LASTING SET 2*8 MTR ,4
10708,RL2*8,RATCHET LASTING SET 2*8 MTR ,1
10709,RL2*8,RATCHET LASTING SET 2*8 MTR ,1
10710,RL4*10,RATCHET LASHING SET 4T*10MTR GLOBAL ,5
10711,RL4*15,RATCHET LASHING SET 4T*15 MTR GLOBAL ,2
10712,RL4*15,RATCHET LASHING SET 4T*15 MTR GLOBAL ,6
10713,RL4*8,RATCHET LASHING SET 50MM 4T*8 MTR GLOBAL ,8
10714,RM2,RUBBER MALLET 2'',-9.000
10715,RM2.5,RUBBER MALLET 2.5,1
10716,RM2.5,RUBBER MALLET 2.5,2
10717,RMANTHI,RUBBER MANTHI ,1
10718,RMT2,RUBBER MALLET 2 TIGER,1
10719,RN035,ROTTO NOZZLE 035,1
10720,RN055,ERATEK ROTATING NOZZLE 055,2
10721,RN060,ERATEK ROTATING NOZZLE 060,5
10722,RNA4902,BEARING INA RNA4902,2
10723,RO10,E RAINBOW MARBLE BLADE 10 inch ,71
10724,RO6612,3612 BASE ASSY OMR ,10
10725,RO6614,GEAR BOX 3612 OMR,5
10726,RO6617,CARBON HOLDER 3612 2 PCS OMR ,12
10727,RODP,ROATARY OIL DURM PUMP WITH RIGID PIPE ,1
10728,ROIL1,RED MACHINE OIL 1 LTR ,45
10729,ROIL2,RED MACHINE OIL  2 LTR ,-1.000
10730,ROIL2,RED MACHINE OIL  2 LTR ,2
10731,ROIL2,RED MACHINE OIL  2 LTR ,-2.000
10732,ROIL5,RED MACHINE OIL 5 LTR CS,-7.000
10733,ROIL5,RED MACHINE OIL 5 LTR CS,24
10734,ROIL5,RED MACHINE OIL 5 LTR CS,14
10735,ROPE ,PP ROPE 3.5MM,0
10736,ROPE ,PP ROPE 3.5MM,5.34
10737,ROPE ,PP ROPE 3.5MM,0
10738,ROPE...,PP ROPE 3.5MM  kg,-1.195
10739,ROPE6MM,KERNMANTLE ROPE 6MM/85CM,-5.200
10740,RP18L,ROPE 18MM LYKA ,67.51
10741,RP20L,ROPE 20MM LYKA ,58.33
10742,RP22L,ROPE 22 MM LYKA ,74.78
10743,RP50,HAND TESTING PUMP  RP50  6MONTHS W,3
10744,RP58,STARTING CONTROL ROPE ,940
10745,RP58,STARTING CONTROL ROPE ,98.5
10746,RPHC,RAIN COAT PLASTIC HALF COAT ,63
10747,RPIPEAC ,RELEASE PIPE -AC,12
10748,RR4E,ROYAL ROLLER POUCH EMERTION 4,9
10749,RR6841,961002-0 RETAINING RING S-6 FOR 6841R ,9
10750,RR7,REGGING ROLLER 7 INCH,11
10751,RR9553,LABYRINTH RUBBER RING 19 FOR GA401   421,3
10752,RRB,ROUTER BEARING SMALL,88
10753,RS3PG,CAR WASHER SPARES,3
10754,RS3PH,PUMP HEAD RS3,5
10755,RS3PK,PISTON KIT ,5
10756,RS3STCH,XTRAPOWER SPARE LG355 SWITCH ,5
10757,RS3TBK,YURI SPRAES YPW3000 THRUST BEARING KIT,5
10758,RS3VHK,YURI SPARES YPW-3000 VALVE KIT,18
10759,RS40M,COLONAL  PADLOCK 40MM,8
10760,RSABW,RINGSAW AB WASHER ,2
10761,RSAW,RINGSAW AB WASHER VEEVES,3
10762,RSB3*6,RUBB SHEET BLACK 3*6MM,34.7
10763,RSB6900,BULLET RINGSAW CORDLESS RSB6900,1
10764,RSB6900AK,DRIVE WHEEL ADJ.KNOB FOR RINGSAW ,1
10765,RSB6900AR,ARMATURE FOR RINGSAW ,3
10766,RSB6900BW,BLADE DRIVING WHEEL FOR RING SAW ,6
10767,RSB6900F,FIELD FOR RING SAW ,3
10768,RSB6900GS,GASKET SET FOR RING SAW ,10
10769,RSB6900HS,HANDLE SET FOR RING SAW ,1
10770,RSB6900S,SWITCH SET FOR RINGSAW ,6
10771,RSB6900TW,TROLLY WHEEL FOR RING SAW,6
10772,RSB6900WP,WATER PUMP FOR RINGSAW BULLET ,2
10773,RSGS,RINGSAW GEAR SET ,2
10774,RSHT4,HANDLE ,2
10775,RSP15,RATCHET SPANNER 15MM,2
10776,RSP16,RATCHET SPANNER 16MM,-1.000
10777,RSP16,RATCHET SPANNER 16MM,1
10778,RSP18,RATCHET SPANNER 18MM,1
10779,RSP19,RATCHET SPANNER19MM,3
10780,RSP22M,RATCHET SPANNER 22MM,1
10781,RSP24,RATCHET SPANNER 24MM,1
10782,RSP6,RATCHET SPANNER 6MM,1
10783,RSP7,RATCHET SPANNER7 MM,1
10784,RSP9,RATCHET SPANNER 9MM,1
10785,RSS20,ULTRA TOUCH RATCHET SET 20 PCS RSS20,4
10786,RSS36,ULTRA TOUCH RATCHET SET 36 PCS RSS36,3
10787,RST,RAPID SEAL TAPE CARETACKER 100M,1
10788,RSTH3,KOLUTHU,7
10789,RSW/C3*6,RUBB SHEET 3*6,8.31
10790,RSWP,RING SAW WATER PUMP ,2
10791,RT122,TRIMMER BIT,9
10792,RT8*6,REDUCING T 8MM*6MM,27
10793,RU002,RUBBER GLOUSE 12 ORANGE ,26
10794,RU035,TURBO NOZZLE RU035,6
10795,RU050,TURBO NOZZLE  RU050  ACE,1
10796,RUBA,RAINBOW UMBRELLA ,43
10797,RUBBER BAND ,RUBBER BAND ,2
10798,RVAC,BULL COMPRESSOR RTN VALVE ,10
10799,RVT8*34,RIVET 8*34MM,750
10800,RWAG100,RALLI WOLF ANGLE GRINDER 100MM RWAG100,2
10801,RWAG125,RALLY WOLF ANGLE GRINDER 125MM 1020WATTS,2
10802,RWHC,HOSE CONNECTER NIBBLE WHITE ,2
10803,S1.,SAKTI CARWASHER S11600W /100 BAR ,3
10804,S1080L/1HP,1H.P MOTOR,1
10805,S2128,WALL CHASER 125MM SAW S2128,2
10806,S2-20,2-20 SWITCH  LASERTECH ,78
10807,S2-20,2-20 SWITCH  LASERTECH ,76
10808,S2-26,SWITCH 2-26,-2.000
10809,S229,FISH CUTTER,2
10810,S5PRO,SAKTI CARWASHER S5 PRO 2000W/160BAR ,1
10811,S650621,SWITCH FOR 9553NB ,1
10812,S7.,SAKTI CARWASHER S7 2100W/130BAR,1
10813,S788,SUPERON SS 2 *300MM WELDING ROD ,463
10814,S788/2.5,SUPERON SS WELDING ROD 2.5*350M ,294
10815,SA12*200,ALDROP SATCO 8*1/2,-4.000
10816,SA12*250,ALDROP SATCO 10*1/2,-10.000
10817,SA50,METSO SOCKET ADAPTER SA50,36
10818,SA6*3/8,CP ALDROP SANJAY 6*3/8,13
10819,SA6*3/8,CP ALDROP SANJAY 6*3/8,-1.000
10820,SABI,SOFFIO IRON CLAMP [IV],16
10821,SADHA FILE ,SADHA FILE ,50
10822,SAFC,GOOGLES ARE FLOW CLEAR WALT ,10
10823,SAFG,GOOGLES ARE FLOW GREY ,52
10824,SAFTEY GUARD  STEEL ,SAFTEY GUARD  STEEL ,10
10825,SAMRAT16,CRIMPING TOOL SAMRAT 16,3
10826,SARAM ,SHARPNER ARAM ,1
10827,sattatchment,scafolding attatchment,9
10828,sattatchment,scafolding attatchment,4
10829,SB1/2*300,SLIDING BAR 1/2/300MM CRV,1
10830,SB220,STEEL BALL 2-20,10
10831,SB50MM,SPINDLE BRUSH END TYPE 50 MM ,47
10832,SBBRUSH,OLA SEALING BROOM SS TELESCOPIC ,97
10833,SBBRUSH/P,OLA SEALING BROOM SS TELESCOPICwith pipe  ,92
10834,SBBWP,SAFETY BELT BASIC WORK POSSISION ,11
10835,SBFB,SAFETY BELT FULL BODY MINI,1
10836,SBFB,SAFETY BELT FULL BODY MINI,1
10837,SBFB/2,SAFETY BVELT FULL BODY ,2
10838,SBFB/P,SAFETY BELT FULL BODY Double R POLOTAK ,6
10839,SBGLASS,SPEED BLACK ,-27.000
10840,SBHBP,SAFETY BELT HALF BODY SR POLOTAK ,7
10841,SBHF,SAFETY BELT HALF BODY ,8
10842,SBO,STAR BIT OMNI ,-9.000
10843,SBRUSH ,OLA SEALING BROOM ,1
10844,SBRUSH/B,OLA SEALING BROOM BLUELEE ,1
10845,SBT8,SPEED BLADE 8 INCH -TURBO ,50
10846,SBWP,SAFETY BELT BASIC WORK POSISION ,-4.000
10847,SBWP,SAFETY BELT BASIC WORK POSISION ,-1.000
10848,SC CYLINDER ASSY ,SC CYLINDER ASSY ,125
10849,SC1.5FT,SCALE 1.5 FT,1
10850,SC10,WALL PUTTY SCRAPER KNIFE 10'',11
10851,SC11/2Y,SUN-DRILL SHANK1 1/2'',1
10852,SC12,WALL PUTTY SCRAPER KNIFE 12'',7
10853,SC2FT,SCALE 2FT,1
10854,SC2Y,SUN-DRILL SHANKS 2'',1
10855,SC38X8,SCREW 38X8 STEEL,25
10856,SC4MM,BODY SCREW 4MM -,41
10857,SC6,WALL PUTTY SCRAPER KNIFE 6'',7
10858,SC8,WALL PUTTY SCRAPER KNIFE 8'',3
10859,SCAG349,SCAG349,8
10860,SCB1,CORE BIT 1INCH SUN ,1
10861,SCB21/2,CORE BIT 2 1/2 INCH SUN ,7
10862,SCB3/4Y,SUN-DRILL SHANKS 3/4',47
10863,SCB3/4Y,SUN-DRILL SHANKS 3/4',1
10864,SCBULB,SC PRIMER BULB RAJAGRO,79
10865,SCDH370,DEMOLITION HASMMER ,1
10866,SCDH371,DEMOLITION HAMMER SCDH371,1
10867,SCDL20,SCDL20,1
10868,SCF,STOOL CHIRAVA FIBRE,3
10869,SCG9,SILICON GUN,1
10870,SCO119,KNIFE BLADE BULLET ,18
10871,SCO119,KNIFE BLADE BULLET ,20
10872,SCP10,CABLE PULLER 10MTR3.2,86
10873,SCP15,CABLE PULLER 15MTR3.2,96
10874,SCP30,CABLE PULLER 30 MTR3.2,2
10875,SCRAPPER ,SCRAPPER ,1
10876,SCREW ,SCREW ,30
10877,SCS12,SMART CLEANING STICK  12FEET,2
10878,SCSET,SPRAYER CONNECTER SET PUMPKIN ,-1.000
10879,SCT001,BOZA TAPE ALCOR 5M*19MM  SCOTTS,6
10880,SCT002,BOZA SCOTTS TAPE SPARKLE TRANS 5 M,-6.000
10881,SCT0052,TAPE 15M FLEXO FIBER  SCOTTS,-1.000
10882,SCT006,TAPE 30M FLEXO FIBER    SCOTTS,-1.000
10883,SCT012,BOZA SCOTTS TAPE 30M FIBER GLASS ,2
10884,SCT022,BOZA SCOTTS TAPE CUBIT 5M*19MM,11
10885,SCT025,BOZA SCOTTS TAPE PRIME LOCK 5M*19MM,6
10886,SCT027,TESTER SCOTTS BIG ,1
10887,SCT07,TAPE CUBIT 5M*19MM  SCOTTS,-3.000
10888,SCT077,BOZA  SCOTTS TAPE DOUBLE LOCK FLEXO 5M,-8.000
10889,SCT078,BOZA SCOTTS TAPE AUTOLOCK  5M,5
10890,SCY1/2,CORE BIT 1/2 INCH SUN ,42
10891,SCY1/2,CORE BIT 1/2 INCH SUN ,4
10892,SCY11/2Y,SUN-DRILL SHANK 11/2'',14
10893,SD10,"SCREW DRIVER BULLET 10""",1
10894,SD100,SANDER DISK 100 CARE TAKER ,21
10895,SD1010,SCREW DRIVER 1010,1
10896,SD1014,SCREW DRIVER FLAT TIP(ENGINEERS)1014,3
10897,SD1014/1,SCREW DRIVER 1014,29
10898,SD120,SANDER DISK 120 CARE TAKER ,16
10899,SD12X6,"HAMMERING SCREW DRIVER 12X6""UF",6
10900,SD17*400,SDS17*400 FLAT CHISEL 5KG,1
10901,SD200,SCREW DRIVER ,2
10902,SD22,STEP DRILL4- 22,1
10903,SD304,SCREW DRIVER XTRA SMALL,-2.000
10904,SD32,STEP DRILL 32,-1.000
10905,SD346,SCREW DRIVER MEDIUM ,-2.000
10906,SD410,SCREW DRIVER  XTRA LARGE ,1
10907,SD5*150,SCREW DRIVER 2 IN 1,5
10908,SD5*200,SCREW DRIVER 2 IN 1,2
10909,SD5*75,SCREW DRIVER 5*75,1
10910,SD6*150,SCREW DRIVER INSULATED 6*150,4
10911,SD6*200,SCREW DRIVER 6*200,-2.000
10912,SD6*250,SCREW DRIVER 6*250,-7.000
10913,SD60,SANDER DISK 60 CARE TAKER,5
10914,SD6100,SCREW DRIVER P6100,-1.000
10915,SD6200,SCREW DRIVER 6*200,9
10916,SD6X100,SCREW DRIVER INSULATED 2 IN 6X100,1
10917,SD6X200,SCREW DRIVER INSULATED 6X200,1
10918,SD6X250,SCREW DRIVER INSULATED 6X250,14
10919,SD6X6,SCREW DRIVER 6X6',3
10920,SD75B,SD75 BUTTON ,1
10921,SD75C,SD75 CARBON BRUSH ,5
10922,SD75S,SD75 SWITCH ,1
10923,SD75S,SD75 SWITCH ,1
10924,SD787,SCREW DRIVER 787,1
10925,SD788,SCREW DRIVER 788,1
10926,SD789,SCREW DRIVER 789,5
10927,SD810,SCREW DRIVER 810 T,1
10928,SD8250,SCREW DRIVER,1
10929,SD86AR,SD86 ARMATURE ,1
10930,SD86CB,SD86 CARBON BRUSH ,1
10931,SD86S,SD86 SWITCH ,6
10932,SD86S,SD86 SWITCH ,2
10933,SD910,SCREW DRIVER 910,3
10934,SDB110*10,K2 SEG CONCRETE  BLADE 110*10,10
10935,SDB125*10,K2 SEG CONCRETE CUTTING BLADE 125*10,10
10936,SDBBT,SQUARE DRILL BIT ADAPTER BOLT TYPE ,6
10937,SDBS3,STEP DRILL BIT SET BOX  3PCS ,1
10938,SDBTT,SQUARE DRILL BIT ADAPTER THREAD TYPE ,3
10939,SDH550N,STANLEY HAMMER DRILL 13MM SDH550N,6
10940,SDH600B,BAR SDH600,1
10941,SDH600BHC,BRUSH HOLDER CAP SDH600,1
10942,SDH600C,CARBON BRUSH SDH600,6
10943,SDH600S,SWITCH SDH600,1
10944,SDQU160,PAINT MIXER SWITCH ,2
10945,SDS TRUSS 4.2*25,SDS TRUSS 4.2*25,16000
10946,SDS2*1,SCREW DRIVER  STUBBY 2 IN 1,-1.000
10947,SDS595,SCREW DRIVER SET SAYA ,344
10948,SDSPA350,EMTEX CONNECTING ROD 350MM ,4
10949,SDSPA350,EMTEX CONNECTING ROD 350MM ,-1.000
10950,SDSPA450,HOLESAW EXTENTION BAR 450,2
10951,SDT,HACK SAW BLADE 12*1/2 24T,236
10952,SDT/1,HACK SAW BLADE 12*1/2 24T,100
10953,SDT6,T TYPE  SCREW DRIVER 6 INCH ,1
10954,SDV,SCREW DRIVER U/F,11
10955,SE26,FEELER GUAGE 26 BLADE SE26,1
10956,SE32,SWANNECK COAT ,-4.000
10957,SE32,SWANNECK COAT ,26
10958,SE33,VACCUM CLEANER SE010124400,1
10959,SE624784,SE 62 VACUUM CLEANER -47840124400,1
10960,SEHA,SCREW EXTRACTOR SEHA05,-2.000
10961,SERVICE,SERVICE CHARGE ,2
10962,SERVICE,SERVICE CHARGE ,8
10963,SERVICE,SERVICE CHARGE ,2
10964,SERVICE,SERVICE CHARGE ,6
10965,SERVICE,SERVICE CHARGE ,4
10966,SERVICE,SERVICE CHARGE ,3
10967,SERVICE,SERVICE CHARGE ,4
10968,SERVICE,SERVICE CHARGE ,9
10969,service hdh22,HAMMER DRILL-DH22PBSS9Z,1
10970,SERVICEIBL58CC,T GASOLINE CHAINSAW 58CC IBL 5858CS,1
10971,SERVICEIBLDDC50L,AIR COMPRESSOR 2HP 50L IBL DDC50L,1
10972,SERVICEPDA100M,ANGLE GRINDER PDA100MS9Z,1
10973,SERVICETP3101,TOTAL WATER PUMP  TP3101..,1
10974,SFBS43,SUNFLOWER  BRUSH CUTTER 43CC 1200W,1
10975,SFC,SCAFOLDING CROSS,10
10976,SFC,SCAFOLDING CROSS,10
10977,SFC,SCAFOLDING CROSS,9
10978,SFCW1500,CARWASHER 1500W/SUNFLOWER ,1
10979,SFCW2000,CARWASHER 2000W/SUNFLOWER,1
10980,SFJ,SAFTY JACKET MAXX LIGHT ,1
10981,SFPH65,SUNFLOWER DEMOLITION HAMMER PH65  16KG ,1
10982,SFRH20E,SUNFLOWER RH20E,11
10983,SFSSS,SCAFOLDING SET ,-5.000
10984,SG01,SHORT GUN  G01 NEW,2
10985,SG05,TUQO HOSE INSERT FITTINGS SG05,3
10986,SG1.5G,SUPER  GLUE 1.5G,1
10987,SG2FT,STOOL 2STEP GL 2FT,1
10988,SG2FT,STOOL 2STEP GL 2FT,1
10989,SG5,SILICON GUN HEAVY PVC YORKER ,28
10990,SG5,SILICON GUN HEAVY PVC YORKER ,13
10991,SG5,SILICON GUN HEAVY PVC YORKER ,-243.000
10992,SG72,E-ADRAL-CAULKING GUN SG72(415 GMS),111
10993,SGB18,GUIDE BAR 18 INCH (N) SUPER STEEL,-14.000
10994,SGC,SPRAY GUN PART CONNECTORS,34
10995,SGC21V,SUPERSTEEL TEA HARVESTER SSGC21V 600W,1
10996,SGCG,SUN GOLD CLEAR GLASS  walt,18
10997,SGEPC,GOOGLES EDGE PRO CLEAR ,8
10998,SGGLASS,SUN GOLD GLASS GREY,-20.000
10999,SGIB,GOOGLES SAFTY GLASS INDOSPEC BLACK WALT ,-2.000
11000,SGIC,GOOGLES SAFTY GLASS INDOSPEC CLEAR ,-3.000
11001,SGMCG,GOOGLES MENSCH CLEAR GLASS ,22
11002,SGMGG,GOOGLES MENSCH GLASS GREY ,17
11003,Sgo,Omega 1pint Spray Gun,1
11004,SGOP,OLYMPUS 1PINT SPRAY GUN,-1.000
11005,SGR,SAFTY GLASS RED  RAJ AGRO ,64
11006,SGS,5*40T TCT BLADE ,8.7
11007,SGT30,STRIGHT GUIDE FOR NDICO T30 SGT30,1
11008,SGW,WELDING RAD 2.5,16903
11009,SGW,WELDING RAD 2.5,2294.8
11010,SGW/1,WELDING RAD 3.5,16218
11011,SGW/1,WELDING RAD 3.5,-18.000
11012,SGW/1,WELDING RAD 3.5,2394
11013,SGW/1,WELDING RAD 3.5,-270.000
11014,SGW/50,WELDING RAD 50 PCS ,-34.000
11015,SGW/50,WELDING RAD 50 PCS ,202
11016,SGW/50,WELDING RAD 50 PCS ,-460.000
11017,SH0810,SIDE HANDLE 0810,182
11018,SH0835,SIDE HANDLE 0835,126
11019,SH1.5WH,SLEDGE HAMMER 1.5 WITH WOODEN HANDLE ,1
11020,SH10GH,SLEDGE HAMMER 10 LB WITH FIBER GLASS HANDLE ,6
11021,SH10M,SNAP HOOK 10MM SS EYE TYPE PB ,14
11022,SH10M,SNAP HOOK 10MM SS EYE TYPE PB ,-5.000
11023,SH10M,SNAP HOOK 10MM SS EYE TYPE PB ,8
11024,SH11468E,DIGITAL CLAMP METER 11468,3
11025,SH11644E,SOLDERING IRON 40W  SH11644,26
11026,SH12MM,SS HOOK 12MM,18
11027,SH12MM,SS HOOK 12MM,10
11028,SH12MM,SS HOOK 12MM,-2.000
11029,SH2LB,SLEDGE HAMMER 2LB JEMSON,1
11030,SH36,SCISSORS BIG BRASS HANDLE 216 MM,3
11031,SH37,SCISSORS BIG BRASS HANDLE 242 MM SH37,2
11032,SH38,SCISSORS BIG BRASS HANDLE 265MM SH38,2
11033,SH400E,STANLEY SLEDGE HAMMER 1.36KG 400E,3
11034,SH6/7M,SNAP HOOK 6/7MM,-7.000
11035,SH6GH,SLEDGE HAMMER 6LB FIBER GLASS HANDLE ,8
11036,SH802,SCISSORS SMALL LIGHT FOLDING SH802,2
11037,SH8GI,SNAP HOOK 8MM GI,19
11038,SH8GI,SNAP HOOK 8MM GI,13
11039,SH8M,SNAP HOOK 8MM SS EYE TYPE  PB ,-11.000
11040,SH8M/1,SNAP HOOK NUT/TYPE 8MM GI,-5.000
11041,SH9340,SCISSORS MEDIUM 218MM SH9340,6
11042,SHAMPOO ,SHAMPOO ALLYIS,3
11043,SHB,STAR HANDING GI -BIG ,1
11044,SHDB,STAR HANDLE DESIGN -BIG ,6
11045,SHELLAC,SHELLAC,40
11046,SHOLDER,SICKLE HOLDER ,17
11047,SHOOK,S HOOK ,-17.000
11048,SHOOKS,SCAFOLD HOOK SINGLE ,4
11049,SHOVELM,PYTHON SHOVEL WEIGHT 2.20,2
11050,SHOVELS,SHOVEL MINI NECK ,12
11051,SHOVELS,SHOVEL MINI NECK ,-3.000
11052,SHPWS150GK,SHARP 1.5HP SUBMERSSIBLE 36MTR ,1
11053,SHPWS155G,SHARP 1.5HP SUBMERSSIBLE PUMP PWS155G,1
11054,SHPWS155GK,SHARP 1.5HP  SUBMERSSIBLE PUMP 1.5HP 29MTR ,1
11055,SHS,STAR HANDLE GI SMALL,3
11056,SHSCB100,SHARP 1HP MONO BLOCK PUMP SCB100 23 MTR,1
11057,SHY3,STEEL HINGES YAMA PREMIUM 3',56
11058,SHY3,STEEL HINGES YAMA PREMIUM 3',44
11059,SHY4,STEEL HINGES YAMA PREMIUM 4'',126
11060,SHY4,STEEL HINGES YAMA PREMIUM 4'',-14.000
11061,SHY5,STEEL HINGES YAMA PREMIUM 5'',-64.000
11062,SHYA,SAFETY HELMET YELLOW EXECUTIVE ARCFLOW ,25
11063,SHYRV,SAFETY HELMET YELLOW RATCHET VILAKSHYA ,9
11064,SJ3MULLU ,KAI MANTHI 3 MULLU ,2
11065,SJ3MULLU ,KAI MANTHI 3 MULLU ,-1.000
11066,SJE32,SJ TATA COAT BLACK ,1
11067,SJE32R,SJ TATA COAT RED ,1
11068,SJE41,MATTAS  SJ ,1
11069,SJF4M,SJ FANCY MULLU 4 PIN ,1
11070,SJFK,SJ FANCY KUNDALI ,1
11071,SJFM,FANCY MANVETTY SJ ,1
11072,SJFMY,SJ FANCY MANVETTY ,-1.000
11073,SJKALAYAL,SMALL KOONDALI (KALAYAL ),9
11074,SJKDL,KODALI THADI PIDI ,3
11075,SJKDL,KODALI THADI PIDI ,-2.000
11076,SJKDL,KODALI THADI PIDI ,-2.000
11077,SJKN,KUNDALI THADI PIDI ,-5.000
11078,SJKN,KUNDALI THADI PIDI ,3
11079,SJKN,KUNDALI THADI PIDI ,1
11080,SJKN,KUNDALI THADI PIDI ,-4.000
11081,SJKN/P,KUNDALI PIDI ILLATHATHU ,-2.000
11082,SJKN1,SJ KUNDALI PIPE PIDI ,1
11083,SJKN1,SJ KUNDALI PIPE PIDI ,1
11084,SJKN1,SJ KUNDALI PIPE PIDI ,1
11085,SJKN1,SJ KUNDALI PIPE PIDI ,1
11086,SJKN3,SJ KOONDALI PIPI PIDI ,5
11087,SJMN1.6,SJ MANVETTY PIDI ILLATHATHU 1.6,23
11088,SJMN1.8,SJ MANVETTY  VEETHI 1.8 PIDI ILLATHATHU ,13
11089,SJMN3,MANVETTY MN3 RED ,3
11090,SJMN3,MANVETTY MN3 RED ,6
11091,SJMN5,MANVETTY THADI PIDI ,5
11092,SJMN5,MANVETTY THADI PIDI ,-1.000
11093,SJMN5/P,SJ MANVETTY PIPE PIDI ,1
11094,SJNLY,NILAM THALLI ,3
11095,SJPARA,PARA SJ  THENGA ,3
11096,SJPARA,PARA SJ  THENGA ,1
11097,SJPARA/1,THENGA PARA HEAVY ,2
11098,SJPIDIPPALLY,PIDIPALLY SJ ,5
11099,SJPX,SJ FANCY PICK AXE ,-1.000
11100,SJTHOTTI15,SJ THOTTI  15 ',-2.000
11101,SJTHOTTI15,SJ THOTTI  15 ',17
11102,SJTS,THOTTY SMALL SJ ,8
11103,SJVKM,VALL KATHY SJ ,1
11104,SJVKM,VALL KATHY SJ ,-11.000
11105,SJVKM,VALL KATHY SJ ,1
11106,SJVKM2,VAL PICHATHI MEDIUM ,3
11107,SJVKM3,VAL PICHATHI BIG ,-2.000
11108,SK3,STUFF KNIFE -3,10
11109,SK4,FAD GARDEN SHEAR 8 INCH FLOWER CUTTER SK4,15
11110,SK5,ULTRA TOUCH GARDEN SHEAR 8 INCH ROLL CUT ,28
11111,SK5,ULTRA TOUCH GARDEN SHEAR 8 INCH ROLL CUT ,4
11112,SK8PCS,SCREW DRIVER KIT 8 PCS,-1.000
11113,SK9553,SWITCH KNOB FOR 9553NB ,2
11114,SKF 6303,6303 ZZ SKF,47
11115,SKF6000,6000 ZZSKF,20
11116,SKF6000/1,6000 2RS SKF BEARING ,15
11117,SKF6001,6001 ZZ SKF,1
11118,SKF6001/2RS,BEARING 6001 2 RS SKF ,10
11119,SKF6002,6002 ZZ SKF,22
11120,SKF6002/1,60022RS SKF BEARING ,20
11121,SKF6003,6003 ZZ SKF,10
11122,SKF6004,6004 ZZ SKF,3
11123,SKF6004/1,6004 2RS SKF BALL BEARING ,40
11124,SKF6005,6005 ZZ C3 SKF,10
11125,SKF607,607ZZ (SKF BEARING ),10
11126,SKF607/1,607 2RS SKF BEARING ,30
11127,SKF608,608 2RS SKF,-10.000
11128,SKF608/1,608 2RS SKF BALL BEARING ,58
11129,SKF609,609ZZ (SKF BEARING ),25
11130,SKF609/1,609 2RS SKF BEARING ,18
11131,SKF6200,6200 ZZ SKF,18
11132,SKF6201,6201 ZZ SKF,-78.000
11133,SKF6201/1,6201 2RS SKF BEARING ,142
11134,SKF6201/1,6201 2RS SKF BEARING ,-4.000
11135,SKF6202/1,6202 2RS  SKF BALL BEARING ,42
11136,SKF6202/1,6202 2RS  SKF BALL BEARING ,-4.000
11137,SKF6203,6203 ZZ SKF,78
11138,SKF6203/1,6203 2RS SKF BALL BEARING ,58
11139,SKF6204,6204 ZZ SKF,38
11140,SKF6205,6205 ZZ SKF BEARING ,24
11141,SKF625,625ZZ SKF  BEARING ,-4.000
11142,SKF626,626ZZ SKF BEARING ,30
11143,SKF627,627 2RS SKF IMPORTED EXPLORER BALL BRG,20
11144,SKF628,628ZZ SKF BEARING ,9
11145,SKF629,629ZZ (SKF BEARING),4
11146,SKF629/2RS,BEARING 629 2 RS SKF ,14
11147,SKF6301,6301 SKF BEARING ,3
11148,SKF6301/1,6301 2RS SKF BALL BEARNG ,21
11149,SKF6301/1,6301 2RS SKF BALL BEARNG ,14
11150,SKF6302,6302 2RS SKF IND BALL BEARING ,-6.000
11151,SKF6302/1,6302 2RS SKF BALL BEARING ,18
11152,SKF6302/2RS,BEARING 6302 2 RS SKF ,14
11153,SKF6303,6303 ZZ SKF  (BALL BEARING ),-10.000
11154,SKF6303/1,6303 2RS SKF BALL BEARING ,30
11155,SKF6303/1,6303 2RS SKF BALL BEARING ,14
11156,SKF6304,6304 ZZ SKF,17
11157,SKF6306,6306SKF,10
11158,SKL,SICKLE LONG (KALAVEESHI),12
11159,SKL,SICKLE LONG (KALAVEESHI),6
11160,SKM,SICKLE KOKI MEDIUM (KONKI ),5
11161,SKM,SICKLE KOKI MEDIUM (KONKI ),-8.000
11162,SKM,SICKLE KOKI MEDIUM (KONKI ),-1.000
11163,SKU1KG,GREASE JK FENNER SKU 1KG,-1.000
11164,SKU1KG,GREASE JK FENNER SKU 1KG,5
11165,SKU500,GREASE JK FENNER SKU500,1
11166,SL1,SPRIT LEVEL 12 INCH  SL1,70
11167,SL18,"SPIRIT LEVEL 18"" FREEMANS ",1
11168,SL48,SPIRA LOCK SET,3
11169,SL48B,SPIRA LOCK BODY ,3
11170,SL58,SPIRA MORTICE LOCK SL-58,2
11171,SL9,SPRIT LEVEL 9 INCH ,-24.000
11172,SL9-90,SPIRIT LEVEL 9 inch ,12
11173,SLIGHT ,SOLAR LIGHT ,2
11174,SLIP AMOUNT ,total amount  SLIP,12
11175,SLIP AMOUNT ,total amount  SLIP,1
11176,SLIP AMOUNT ,total amount  SLIP,1
11177,SLIP AMOUNT ,total amount  SLIP,4
11178,SLIP AMOUNT ,total amount  SLIP,2
11179,SLIP AMOUNT ,total amount  SLIP,1
11180,SLIP AMOUNT ,total amount  SLIP,13
11181,SLIP AMOUNT ,total amount  SLIP,1
11182,SLIP AMOUNT ,total amount  SLIP,17
11183,SLIP AMOUNT ,total amount  SLIP,13
11184,SLIP AMOUNT ,total amount  SLIP,2
11185,SLIP AMOUNT ,total amount  SLIP,26
11186,SLM6512,GB SPIRIT LEVEL 12 INCH BULL,-4.000
11187,SLMB,GAS LIGHTER METAL BODY,1
11188,SLMB,GAS LIGHTER METAL BODY,-23.000
11189,SLMB,GAS LIGHTER METAL BODY,45
11190,SLMB,GAS LIGHTER METAL BODY,22
11191,SLOK30,ENDICO TILECUTTER SLOK30,1
11192,SLOK30BP,BASE PLATE  FOR SLOK30 ENDICO ,1
11193,SLOK30F,FIELD COIL SLOK T 30,1
11194,SLOK30H,SLOK 30 HEAD ,1
11195,SLOK30SGA,STRIGHT GUIDE ASSEMBLY SLOK30,10
11196,SLOK30SGA,STRIGHT GUIDE ASSEMBLY SLOK30,1
11197,SLOKT30GH,GEAR HEAD T30 TILECUTTER,1
11198,SLT12,SPIRIT LEVEL TIGER 12 INCH ,60
11199,SLW,SPARK LIGHTER ,9
11200,SM525,TUQO GASOLINE EARTH AUGER 52CC 2STROCK ,3
11201,SMEP,EAR PLUG ,151
11202,SMFAN,SPARE MOTOR FAN,1
11203,SMS180,GUID BAR 18 MS180,10
11204,SMS250B,GUID BAR 18 MS250,9
11205,SN50,SHADE NET  50% 3*50,-3.000
11206,SN50,SHADE NET  50% 3*50,-95.000
11207,SN75,SHALIMAR 75% 3X50,100
11208,SNET,SHADENET 3*50 GREEN BORDER CREAM ,-65.500
11209,SNET,SHADENET 3*50 GREEN BORDER CREAM ,-28.500
11210,SNET,SHADENET 3*50 GREEN BORDER CREAM ,-28.500
11211,SNET,SHADENET 3*50 GREEN BORDER CREAM ,0.85
11212,SNET/C,CROWN GREEN NET 50*3 50% ,-29.000
11213,SNET/C,CROWN GREEN NET 50*3 50% ,309
11214,SNG,GREEN NET 75%3*50,112
11215,SNG,GREEN NET 75%3*50,-1.500
11216,SNG,GREEN NET 75%3*50,-12.000
11217,SNG/P,SHALIMAR SHADE NET 75% GREEN COLOUR ,57.5
11218,SNGP...,SERVICE GUN SINGLE NOZZLE ,1
11219,SNH,SHADENET 3*50 90% COLOR,9.5
11220,SNH,SHADENET 3*50 90% COLOR,-2.000
11221,SNH,SHADENET 3*50 90% COLOR,17.05
11222,SO16A,SOCKET 16A -26214 LIVON ,12
11223,SOAP,SUPERON BUFFING SOAP ,28
11224,SOB,SUIT ORANGE BOILER ,-1.000
11225,SODS,SWITCH ODS,3
11226,SOL50,DRILL DUST COLLECTOR ATTACHMENT OI-SOL50,4
11227,SOLVENT ,SOLVENT ,18
11228,SP/DP PVC BOX,SP/DP PVC BOX,30
11229,Sp1,Armature 28720(swm),1
11230,Sp10,Armature for Eb 40 Bullet,20
11231,Sp12,Armature for Rh 2-26 Bullet,4
11232,Sp124,FILED GBH200 1614220182,7
11233,SP124/1,CARBON HOLDER ,5
11234,Sp13,Armature Du10,2
11235,SP131,CARBON BRUSH ,3
11236,SP137,STANLEY POLISHER 180MM SP137,1
11237,Sp140,Power Strip/hd/we/5mtr,1
11238,SP140/5,CORD WIRE 5MTR,2
11239,Sp142,Feild Bosch,1
11240,Sp146,On-off Switch,1
11241,Sp149,Carbon Brush Set gws 600,33
11242,Sp15,Armature F20a Xp,1
11243,Sp150,Switch Gbm 13 Re,1
11244,Sp151,Armature Gbm13 Re,1
11245,Sp152,Field Gbm13 Re 2604220718,1
11246,Sp153,Carbon Brush Set Gbm 13 Re,1
11247,Sp160,ARMATURE-771,1
11248,SP160/1,1619P01771 ARMATURE GBH220,-1.000
11249,SP160/1,1619P01771 ARMATURE GBH220,6
11250,Sp161,Field Gws 750-100(334),3
11251,Sp162,Armature Gws750-100(234),2
11252,Sp163,Carbon Brush Set Gws750-100,38
11253,Sp167,SWITCH GDC120/121-1619P10369,3
11254,Sp168,Vario Jet Fan Lance,1
11255,Sp17,Armature Cc 14sf,2
11256,Sp173,Coiled Spring,8
11257,Sp176,ADJUSTING SLIDE-009,14
11258,Sp177,Rubber Ring,1
11259,Sp179,Shim,3
11260,Sp18,Jiz-aogo1-13 Armature,1
11261,Sp182,Torx Oval-head Screw,2
11262,Sp184,Bearing Flange,1
11263,Sp185,Push-button,1
11264,Sp186,Brush Holder,15
11265,SP188,ADJUSTING SLIDE-967,7
11266,SP189,1603523111,3
11267,sp19,Armature 28-700,1
11268,SP190,CROWN GEAR 1619P02823,3
11269,SP191,1619P07451,1
11270,Sp192,Push Button,1
11271,SP193,LED,11
11272,Sp194,Spiralspring,6
11273,Sp196,GEAR 1600210041,5
11274,Sp198,Torx Oval Head Screw,20
11275,Sp199,Gearhousing,5
11276,Sp20,Side Handle 810 (with Needle Bearing),-2.000
11277,Sp201,Grindingspindle,1
11278,Sp203,1610210186 Oring  QUALITY,2
11279,Sp203,1610210186 Oring  QUALITY,18
11280,Sp203,1610210186 Oring  QUALITY,3
11281,Sp204, 1610290028  Rotary Shaftlip Seal,-16.000
11282,Sp204, 1610290028  Rotary Shaftlip Seal,44
11283,Sp205,Seal Ring,5
11284,Sp208,Armature GWS22.230 1604011296,1
11285,Sp209,SWITCH BOSCH -F016L72087,1
11286,Sp210,Carbn Brush Set,2
11287,Sp211,Brush Holder Bosch,2
11288,Sp213,Bearing Bosch,1
11289,Sp214,Field Bosch GBH200 1614220182,2
11290,Sp219,Protection Sleev-1619P02182,1
11291,Sp221,Eccentriv Cog Wheel,1
11292,Sp222,Compressing Spring,1
11293,Sp224,Connecting Rod,1
11294,Sp225,Staight Pin,3
11295,SP226RE,HAMMER DRILL 2-26 1800W,1
11296,Sp227,Bearing 698 2rs-hch,11
11297,Sp229,FIELD GSH5 1619P08301,2
11298,Sp23,Switch Ed 13 Xp,1
11299,SP231,1619P07440,3
11300,Sp233,Roto Jet Fan Lance F016L73803,-1.000
11301,Sp234,Piston Guide,1
11302,Sp235,Thrust Bearing-F016F05023,2
11303,Sp236,Pump Unit (AQT150),2
11304,Sp238,Motor Bosch,1
11305,Sp239,Washer 836(AQT150),14
11306,Sp240,High-pressure Hose bosch F016800360,-4.000
11307,Sp240,High-pressure Hose bosch F016800360,1
11308,Sp240,High-pressure Hose bosch F016800360,3
11309,Sp240,High-pressure Hose bosch F016800360,-2.000
11310,Sp241,Seal Kit 806 (AQT150),33
11311,Sp243,N0N-RETURN VALVE -460,1
11312,Sp244,Switch Box,6
11313,Sp245,Armature (bosch),2
11314,Sp246,Switch Kit,1
11315,Sp249,Armature cm4sa 110mm,6
11316,Sp250,Pump Head,-5.000
11317,Sp252,GREASE TUBE- 003,2
11318,Sp254,Adapter Module,-5.000
11319,Sp254,Adapter Module,8
11320,Sp257,Switch Button,9
11321,Sp262,Armature1604011252,8
11322,Sp263,Field gbh200,1
11323,Sp265,Retaining Bracket,4
11324,SP267,BUSHING.1619P07768,2
11325,Sp268,Washer.1619p10522,2
11326,Sp269,Switch 1619p07720,1
11327,Sp27,Switch 2-20 Rotary Hammer Xp,-4.000
11328,Sp270,Compression Spring1614621000,11
11329,Sp271,Protective Cap 1619p07829,2
11330,Sp272,Protection Sleeve1619p07724,1
11331,Sp273,Supporting Disc 1619p07743,2
11332,SP273H,AB WASHER CM4SA,1
11333,Sp274,Clip 1619p07801,2
11334,SP275,PINION 2609110149,5
11335,Sp276,Bevel Gear 1619p02825,27
11336,Sp277,Conversion Gear 2609110150,12
11337,Sp278,1619P06295   Washer Gdc120-121,13
11338,Sp278,1619P06295   Washer Gdc120-121,5
11339,Sp279,Retaining Washer Gdc12-121-1619P07057,3
11340,Sp279,Retaining Washer Gdc12-121-1619P07057,18
11341,Sp28,Rotary Switch 2-26,4
11342,Sp281,Hex Screw Gdc120-121,1
11343,Sp282,Spindle Assembly,1
11344,Sp283,Carbon-brush Set Gsh16-30,1
11345,Sp284,Gear Set Gws900-100 1619P16293 ,5
11346,Sp285,Base Plate,5
11347,Sp286,SOLDERING PASTE,13
11348,SP290/1,SOLDERING IORN 35W,1
11349,Sp292,Lead,1
11350,SP294,CIRCULAR SAW BLADE EC WO 300*30,1
11351,SP295,CARBON BRUSH-750,2
11352,SP298,BRUSH HOLDER-048,5
11353,SP29F,FUSE,7
11354,Sp3,Armature Mt900(swm),2
11355,SP3007PRO,SPEAR ANGLE GRINDER 4 INCH SP-3700PRO ,22
11356,SP301,SEAL KIT f016f04458,5
11357,SP302,TAPPING SCREW-020,59
11358,SP302/1,WOBBLE PLATE ,1
11359,SP303,SWITCH-146,13
11360,SP304,COVER DISC-033,33
11361,SP305,INTERMEDIATE RING.1600502023,8
11362,SP306,GROMMET.012,16
11363,SP307,WING SCREW 316,56
11364,SP308,INSULATING CAP 286,42
11365,SP310,CARBON BRUH SET 169,1
11366,SP311,OFFSET SCREW 006,5
11367,SP320,SWITCH BUTTON 762,4
11368,SP321,SWITCHOVER UNIT,10
11369,SP322,BATTERY SET 926,1
11370,SP323,CHARGER 8BS,1
11371,SP324,SCREW 496,10
11372,SP328,SHIM 016,9
11373,SP329,MOTOR HOUSING  1619P09772,1
11374,Sp33,E DC SPARES Switch (cm4sa),6
11375,SP330,1600591024  AIR-DEFLECTOR RING -024,14
11376,SP330..,1600591024  AIR-DEFLECTOR RING -024,9
11377,SP331,PISTION GUIDE 947,2
11378,SP332,CARBON-BRUSH SET(012),1
11379,SP333,HAMMER PISTON-1619P09703,4
11380,SP334,O-RING  1619P08789 ,15
11381,SP335,STOP DISC-702,6
11382,SP336,KEY CHUCK-031,1
11383,SP337,1618710085  STRIKER-085,4
11384,SP338,DRIVE BEARING-775,1
11385,SP340,POWER SUPPLY CORD 387,1
11386,SP341,FASTENING CLAMP-017,11
11387,SP342,2601035001  CABLE CLIP,1
11388,SP343,SEAL 320,1
11389,SP345,SAEL -320,1
11390,SP346,O-RING (11E)128,10
11391,SP347,VALVE F016L72129,1
11392,SP348,BEARING SET 837,1
11393,SP349,SEAL 321,3
11394,SP350,AIR DISTRIBUTOR 14139(750-100),20
11395,SP351,FILTER (GHP5-65)351,2
11396,SP352,W0BBLE PLATE 816 (AQT150),1
11397,SP353,STRAINING SCREW -084,24
11398,SP354,PIN-TYPE FACE WRENCH 2609110015,31
11399,SP355,PUMP UNIT-440,4
11400,SP356,CLIP-681,10
11401,SP357,NEEDLE-ROLLER ASSEMBLY161P07713,5
11402,Sp367,Carbon Brush Set 1617014138,17
11403,Sp38,Stator for Angle Grinder 100mm6-100,8
11404,Sp4,Armature 7614 Nb,5
11405,Sp40,Field Coil for Eb 40 Bullet,2
11406,SP400,BEARING RUBBER,3
11407,SP402,HOOK 826,2
11408,SP403,WHEEL 824,1
11409,SP404,ARMATURE-993,1
11410,SP406,CARBON-BRUSH SET-290,25
11411,SP407,CHANGE-OVER SWITCH-127,12
11412,SP408,LEVER-580,4
11413,SP409,AIR-DEFLECTOR RING-023,3
11414,SP410,COMPRESSION SPRING-031,10
11415,SP412,SWITCH BUTTON-1619P10969,1
11416,SP413,NEEDLE BEARING-018,12
11417,SP414,PLAIN BEARING-029,30
11418,SP416,RUBBER RING- 1619P06227,5
11419,SP417,RATCHET SLEEVE-022,9
11420,SP418,RETAINING SNAP RING-004,2
11421,SP419,COMPRESSION SPRING-002,1
11422,Sp42,Field Coil for Rh 2-20 Bullet,2
11423,SP420,INDEXING DISK-1610290027,4
11424,SP421,STOPPING DEVICE-025 1612300025,20
11425,SP422, 1610290026  DAMPING RING-026,7
11426,SP423,PROTECTION SLEEVE-023,3
11427,SP425,BALL-240,16
11428,SP427,HAMMER PISTON-60641,1
11429,SP428,3613461500  THREADED RING-500,6
11430,SP429,PROTECTIVE CAP-027,10
11431,SP430,TORX OVAL-HEAD SCREW-029,26
11432,SP431,CLAMPING PIECE-748,7
11433,Sp432,HEX FLAT CHISEL 17*450,1
11434,SP433,HEX SCREW-267,16
11435,SP433/1,SWITH KWNOB,20
11436,SP434,STAR KONB-017,-2.000
11437,SP435,O-RING-122,4
11438,SP436,FELT WASHER-020,4
11439,SP437, 1610913029  NEEDLE-ROLLER ASSEMBLY-013,2
11440,SP438,CONTROL LEVER-049,3
11441,SP439,SPIRAL SPRING-004,3
11442,Sp44,E HONGYU STATOR DW801 (ECONOMY),2
11443,SP440,RETAINING RING-2916540017 GSH11E,9
11444,SP441,STOPPING DEVICE-742,9
11445,SP442,TORX OVAL-HEAD SCREW-010,12
11446,SP443,ADJUSTING SLIDE-968,11
11447,SP444,SWITCH-067,1
11448,SP445,FIELD-1619P10953,1
11449,SP446,RETAINING RING ,1
11450,SP447,ARMATURE-GWS900-125-1619P10952,8
11451,SP457,NEEDLE ROLLER,7
11452,SP46,FIELD G10SS2,6
11453,SP48,FIELD,1
11454,SP4SB,"K-YURI SPEED -MARBLE CUTTER 4""SP-4SB",1
11455,Sp50,Head Cm4sa,1
11456,SP501,SINTERED-METAL BUSHING (GSB501),6
11457,SP502,BEARING SET-F016F05478,4
11458,SP506,O RING 1610210091,5
11459,SP507, 1610210153 O RING,3
11460,SP508,O RING -1619P08792,1
11461,SP509,O RING 1617000755,6
11462,SP510,HAMMER PISTON 1617000751,2
11463,SP511,O RING 1610210192,2
11464,SP512,O RING 1610210191,2
11465,SP513,O RING 1610210195,1
11466,SP514,O RING 1619P08791,2
11467,SP516,DRILLING SPINDLE- 2609160122,2
11468,SP517,SWITCH 1607200244,1
11469,SP518,FIXED FAN JET NOZZLE F016L73757,2
11470,SP519,CARBON BRUSH SET -1617014143,4
11471,SP520,O RING GSH11VC 1617000756,5
11472,SP521,RETAINING SNAP RING DWS600(1610500024),2
11473,SP522,BALL BEARING GHP5.65X(F016L72146),1
11474,SP523,FASTENING CLAMP 1601302019,11
11475,SP524,SHAFT LOCK  1619PA6996,3
11476,SP525,CARBON BRUSH SET 1617014126 11E,12
11477,SP525,CARBON BRUSH SET 1617014126 11E,-2.000
11478,SP526,CARBON BRUSH 1617000750,4
11479,SP527,O-RING-1610210122,32
11480,SP528,THREAD FORMING SCREW-1619P07062,12
11481,SP529,TRIGGER-F016F05512,1
11482,SP530,ARMATURE 1619P09697,1
11483,Sp531,Floor Nozzle 1619PA7327,1
11484,SP532,LACH 1619PB3272,2
11485,SP533,CYLINDRICAL GEAR F000617024,3
11486,SP534,BRUSH COVER 1619PA7988,9
11487,SP535,CLAMPING FLANGE 1619PA7023,1
11488,SP536,BALL BEARING F016L72144,1
11489,SP536,BALL BEARING F016L72144,1
11490,SP537,CARBON BRUSH SET 1619PA7057,3
11491,SP538,ADAPTER MODULE 1600A0032J,5
11492,SP539,FIELD 2604220718,2
11493,SP540,FILTER 1619PA7315,2
11494,SP542,HEX NUT 3603435044,8
11495,SP543,DRAIN CLEANER 10MM F016800362,1
11496,SP544,ARMATURE 1609B00046,4
11497,SP545,TRIGGER F016F05280,2
11498,SP545,TRIGGER F016F05280,-1.000
11499,SP546,ARMATURE 1619P15184,1
11500,SP547,BRUSH HOLDER 1619P07754,2
11501,SP549,MOTOR  F016F04804,1
11502,SP551,STRIKER 1617000495,1
11503,SP552,VARIABLE FAN LANCE (150 BAR ) F016800417,2
11504,SP553,CONNECTING ROD 1607000C3P,1
11505,SP556,PUMP UNIT F016F04440,1
11506,SP557,F016F05012 PUMP HEAD,2
11507,SP557,F016F05012 PUMP HEAD,2
11508,SP557,F016F05012 PUMP HEAD,1
11509,SP558,1600A0014G NEEDLE BEARING,2
11510,SP560,F016F04802 GEAR BOX,2
11511,SP561,F016F05011 PUMP UNIT,3
11512,SP561,F016F05011 PUMP UNIT,2
11513,SP562,1610210123 O -RING,-4.000
11514,SP563,2608680285 SDSPLUS HAMMERDRILLBIT 16X210,76
11515,SP565,2608680295 SDSPLUS HAMMERDRILLBIT 25X460,2
11516,SP566,F016800579 3-IN-1-NOZZLE,2
11517,SP567,1615430015 GREASE TUBE,3
11518,SP567,1615430015 GREASE TUBE,2
11519,SP568,2608680293 SDSPLUS HAMMER DRILLBIT22*460,-1.000
11520,SP569/1,2608644673 CIRCULAR SAW BLADE 125X1.8X30T,-4.000
11521,SP570,SANDING ROLL 102X50000MM 180 F03E02G1FL,150
11522,SP571,2608594005 HOLE SAW,2
11523,SP572,2608594008 HOLE SAW,1
11524,SP573,2608594011 HOIE SAW,-1.000
11525,SP574,2607000193 SET OF KNIVES 2P-HSS-82X3X29,3
11526,SP575,F016F04460 NON-RETURN VALVE,12
11527,SP575,F016F04460 NON-RETURN VALVE,6
11528,SP576,1604220380 FIELD,1
11529,SP579,1615430010 GREASE TUBE,14
11530,SP582,2608690112 FLAT CHISEL HEX 30MM ,1
11531,SP583,2608601588 FIBER SANDING DISK ALOXIDE  80,31
11532,SP584,1617014138 CARBON BRUSH SET ,10
11533,SP585,F016L72137  WOBBLE PLATE ,2
11534,SP586,F016L72136 SPRING ,17
11535,SP587,F016F04323 PISTON ,1
11536,SP588,SWITCH ,1
11537,SP589,1619PA7635 SANDER,2
11538,Sp59,Front Complete Aluminium Housing 17mm,7
11539,SP591,160422052J FIELD 11E ,1
11540,SP592,1610520003 SPACER TUBE,1
11541,SP593,1610913020 NEEDLE ROLLER ASSEMBLY ,1
11542,SP594,1600A0103S KEYLESS CHUCK,2
11543,SP595,1619P01767 TRANSMISSIN SHAFT ,2
11544,SP596,1610913013 NEEDLE -ROLLER ASSEMBLY,1
11545,SP597,2914551117  MICROENCAPSULATED SCREW ,-8.000
11546,SP598,1619P08785 SEALING FRAME,1
11547,SP599,1619P10970 AIR-DEFLECTOR RING ,12
11548,Sp60,Oil Pipe,5
11549,SP600,1619P07797 SEALING FRAME ,2
11550,SP602,2608619377  CUTTING DISK ,42
11551,SP603,F016F05465 PUMP HEAD,1
11552,SP604,F016F04810 TORX SH CAP SCREW,13
11553,SP606,2608601589 FIBER SANDING DISK ALOXIDE 100,34
11554,SP608,F016F05262 COVER  (CAR WASH BODY ),2
11555,SP609,F016L72161 SCREW,8
11556,SP610,1619PA7629 ARMATURE ,1
11557,SP611,2608521043 SCREW DRIVER BIT DOUBLE END ,-1.000
11558,SP612,F016L72145  WOBBLE PLATE ,1
11559,SP613,2608680281 SDS PLUS HAMMER DRILL BIT 14X160,1
11560,SP615,1619PA7631 SWITCH (GSS2300 ),2
11561,SP616,1617000525 CARBON BRUSH SET (GBH226RR),5
11562,SP618,1619PA7324 SUCTION PIPE ,1
11563,SP619,1610100016 GRID DISK,12
11564,SP620,1619PA7328 CREVICE NOZZLE,1
11565,SP620,1619PA7328 CREVICE NOZZLE,3
11566,SP621,2604220718 FIELD,1
11567,SP622,2609120232 AMATURE,2
11568,SP622,2609120232 AMATURE,2
11569,SP623,1613100030 NEEDLE ROLLER ,2
11570,SP625,1607000354 PUSH BUTTON ,2
11571,SP626,2603421229 COUNTERSUNK HEAD SCREW ,2
11572,SP627,1619P07816 TORX OVAL HEAD SCREW ,9
11573,SP628,1613435013 TORX OVAL HEAD SCREW ,2
11574,SP629,1617000459 AUXILIARY HANDLE ,1
11575,Sp63,Oil Pump px,-1.000
11576,SP630,1619P07778 AUXILIARY HANDLE ,1
11577,SP631,1617000188 CLAMPING BAND ,5
11578,SP632,2910151246 HEX SOCKET HEAD CAP SCREW ,9
11579,SP633,1613490024 TORX OVAL HEAD SCREW ,10
11580,SP634,1613414026 TORX SOCKET BUTTON SCREW ,10
11581,SP635,1613490026 TORX OVAL HEAD SCREW ,19
11582,SP636,1613490010 TORX OVAL HEAD SCREW,4
11583,SP637,1610190019 CONTROL DISK ,-1.000
11584,SP638,1610390029 SPACER TUBE ,1
11585,SP639,1619PA7289 SWITCH KIT,1
11586,Sp64,Clutch,1
11587,SP640,1619PB3826 HOSE,1
11588,SP642,1619P08829 GROOVE BALL BEARING ,12
11589,SP643,1619P12103 GROOVE BALL BEARING ,10
11590,SP644,1619P01772 INTERMEDIATE FLANGE ,6
11591,SP645,1618700083 HAMMER PISTON ,1
11592,SP645,1618700083 HAMMER PISTON ,2
11593,SP647,1613100034 PISTON PIN ,-1.000
11594,SP648,1616317070 CYLINDRICAL GEAR ,3
11595,SP649,1619PA7627 FIELD ASSEMBLY ,1
11596,SP650,1619PB2119 O-RING,2
11597,SP651,2608601590 FIBER SANDING DISK ALOXIDE 120,15
11598,SP652,2603490022 SCREW,12
11599,SP654,2608522266 SCREW DRIVER BIT DOUBLE END ,68
11600,SP656,F016F04444 PUMP HEAD ,2
11601,SP657,F016F05023 THRUST BEARING ,3
11602,SP657,F016F05023 THRUST BEARING ,3
11603,SP658,F016F04799 PISTON GUIDE,2
11604,SP659,F016F04441 PISTON GUIDE ,10
11605,Sp66,CYLINDER 58CC CHAINSAW,4
11606,SP660,1604220328 FIELD,5
11607,SP661,1604010626 ARMATURE ,1
11608,SP663,1617200515 ON -OFF SWITCH ,8
11609,SP663,1617200515 ON -OFF SWITCH ,-2.000
11610,SP663,1617200515 ON -OFF SWITCH ,-1.000
11611,SP664,1619P01777 CARBON BRUSH SET ,6
11612,SP665,1615430001 GREASE TUBE ,1
11613,SP668,1619P07815 SCREW ,20
11614,SP669,1600591035 AIR DISTRIBUTOR ,2
11615,Sp67,Cylinder Kit for Chain Saw Xp,2
11616,SP670,1600905011 GROOVE BALL BEARING ,3
11617,SP672,1619PA7635 CARBON BRUSH SET ,6
11618,SP673,1607000354 PUSH -BUTTON ,2
11619,SP674,1619PA7648 CLAMP,4
11620,SP675,1610108020 FELT WASHER ,6
11621,SP675,1610108020 FELT WASHER ,14
11622,SP676,1612001033 CONNECTING ROD ,6
11623,SP676..,1612001033 CONNECTING ROD ,30
11624,SP677,1618700064 HAMMER PISTON ,1
11625,SP678,1619P01811 BRUSH HOLDER ,4
11626,SP679,1607014176 CARBON BRUSH SET ,408
11627,SP683,2915050107 HEX NUT ,6
11628,SP684,1619P10017 AIR DEFLECTOR RING ,4
11629,SP684/1,1619P01769 HOUSING SET,2
11630,SP684/1,1619P01769 HOUSING SET,3
11631,SP685,1619P01783 SWITCH BUTTON ,10
11632,SP686,1619P00828 NPRESSURE DISC,5
11633,SP687,1615806187 BEARING BRACKET ,5
11634,SP688,1619P00219 TAPPING SCREW ,14
11635,SP689,1613231016 CHANGE OVER SWITCH ,6
11636,Sp69,Ignition Coil,1
11637,SP690,1614601053 RETAINING RING ,6
11638,SP691,1610551008 HOLDING PLATE ,6
11639,SP692,1610508051 RUBBERING BUSHING  QUALITY,5
11640,SP693,1613124084 STRIKER PIN ,10
11641,SP693,1613124084 STRIKER PIN ,5
11642,SP694,1600A00FL3 THRUST RING ,3
11643,SP695,1614601077 SPRING RETAIL RING ,2
11644,SP696,1903230013 BALL,12
11645,SP697,1610210187 O-RING ,4
11646,SP698,F000640007 O-RING,6
11647,SP699,1619P07239 FIELD ,1
11648,SP7/1,POWERTEX-STATOR PD100,2
11649,Sp70,TRIMMER HEAD  BIG  raj aro ,45
11650,Sp70,TRIMMER HEAD  BIG  raj aro ,-4.000
11651,Sp70,TRIMMER HEAD  BIG  raj aro ,-3.000
11652,Sp70,TRIMMER HEAD  BIG  raj aro ,-6.000
11653,sp70/1,TRIMMER HEAD BLACK  SS BIG ,162
11654,sp70/1,TRIMMER HEAD BLACK  SS BIG ,-4.000
11655,sp70/2,TRIMMER HEAD ALM BIG,16
11656,sp70/2,TRIMMER HEAD ALM BIG,-1.000
11657,sp70/2,TRIMMER HEAD ALM BIG,98
11658,SP70/E,ERATEK TRIMMER HEAD ALUMINIUM ,6
11659,SP700,1618B00802 SEALING CAP ,6
11660,SP701,1619P14320 SEALING CAP ,3
11661,SP702,1603435042 PLASTIC CUTTING SCREW ,6
11662,SP703,F016F05463 PUMP UNIT ,1
11663,SP704,1611015055 SEALING FRAME ,12
11664,SP704,1611015055 SEALING FRAME ,-5.000
11665,SP706,0601072VK0 ASER RANGEFINDER GLM 50-23 G,2
11666,Sp71,Plate 35,5
11667,SP710,2609110015 PIN- TYPE  FACE WRENCH ,7
11668,SP711,1617000582 PROTECTION SLEEVE  2-26,1
11669,SP713,1619PA7285  FILTER,1
11670,SP714,1610320015 ECCENTRIC BOLT,12
11671,SP715,1610508047 PROTECTIVE CAP ,3
11672,SP716,1600290013  ROTARY SHAFT LIP SEAL ,4
11673,SP717,1612026048  SHIFT PLATE ,14
11674,SP719,1617000753 CONNECTING ROD,1
11675,Sp72,Bar Handle Chain Saw,9
11676,SP720,06016A22L0 GKS18V-57 (CORDLESS WOOD CUTTER ),1
11677,SP721,1619P06345 ARMATURE SET,5
11678,SP722,F016F05479 FAN ,2
11679,SP723,1610210194 O-RING ,-2.000
11680,SP724,1610900030 GROOVE BALL BEARING ,1
11681,SP725,161020177  O-RING ,2
11682,SP727,"1600A001CG ACCUMULATOR BATTERY FREEDAM 2,0AH 18",1
11683,SP728,1600A022V1 CHARGER GAL 18V-40,1
11684,SP729,1617000892 TOOTHED SHAFT,1
11685,Sp73,Petrol Filter Assy58cc,8
11686,SP730,1610322014 SWITICHING ELEMENT ,1
11687,SP731,1610905034 BALL BEARING ,3
11688,SP732,1610210139 O RING ,1
11689,SP733,1610910089 NEEDLE ROLLER BEARING ,1
11690,SP734,2607002790 ACCESSORY SET 108 PCS ,1
11691,SP735,2607002791 ACCOSSERY SET 12 PCS,1
11692,SP737,2607019442 PROMO HSS DRILLING SET 10 PCS ,1
11693,SP739,1616409023  COUPLING HUB ,3
11694,Sp74,BAR NUT ,-22.000
11695,SP740,3610501500 BUSHING ,2
11696,SP741,F016L72126 SCREW,2
11697,SP742,F016L72134 SCREW,4
11698,SP743,2601015050 SEAL,1
11699,SP744,1610499023 PROTECTION SLEEVE,1
11700,SP745,06012980F0 GSS 2300 SANDER,2
11701,SP746,1619P12765 LIFTING ROD,1
11702,SP747,F016F05430 PUMP HEAD ,1
11703,SP748,1601021005 SHIFT PLATE GBH2-20,1
11704,SP749, COMPRESSION SPRING  (GST85)GST BOX -4,1
11705,SP750,AIR DISTRIBUTER (GWS20-180),1
11706,SP750/1,CARBON BRUSH  (GST  BOX -1),1
11707,SP751,2606320092 -CYL GEAR  RAK10C,2
11708,SP752,MOTOR  (UNI  AQT 130 ) RAK 11F ,1
11709,SP753,1610290065 SEAL RING  ,2
11710,SP754,1619P08787 DAMPING RING ,1
11711,SP755,1610210163-0 O RING ,1
11712,SP756,1610290125-SEAL RING FOR  GSH 500,1
11713,SP757,1610210130-0 O RING  GSH11E ,1
11714,SP758,161059004 RETAINING RING  GSH11E ,1
11715,SP759,1619P14472-O RING FOR GSH 500 ,1
11716,Sp76,Oil Seal 35(b),48
11717,SP76/1,OIL SEAL ,3
11718,SP760,1602026068 -SWITCH  PAWL GWS6-100-3,4
11719,SP761,1619P10156-CHUCK WRENCH  GDC120-1,3
11720,SP762,1619P10958 MOTOR HOUSING GWS750,1
11721,SP763,1619P10959 MOTOR HOUSING  900-100,1
11722,SP765,1600A01MK9 ROTARY SHAFT LIP SEAL,6
11723,SP766,06013943F0 ANGLE GRINDER GWS800,2
11724,SP767,1610119010 SPRING RETAINING RING ,5
11725,SP767,1610119010 SPRING RETAINING RING ,5
11726,SP768,1617000418 HOUSING COVER,1
11727,SP769,1610210127 O RING ,8
11728,SP770,F000640008 O RING ,5
11729,SP771,F016F05027 MOTOR AQT 130,1
11730,SP771/1,F016F05010 GEAR BOX ,1
11731,SP772,1600A0292J  BEVEL GEAR SET ,6
11732,SP773,F016L72154 FAN ,1
11733,SP774,F016L72152 SEAL ,1
11734,SP775,F016L72153 O RING ,2
11735,SP776,F016L73064 PUMP HOUSING ,1
11736,SP777,F016L72151 COVER ,1
11737,SP778,1607000967SWITCH,2
11738,SP779,1619P02708 BEARING FLANGE ,12
11739,SP780,2609199073 BEARING BRACKET ,1
11740,SP782,1610508051 RUBBER BUSHING ,18
11741,SP784,1619PA6314 SUPPORT,4
11742,SP785,2609100427 HOUSING ,1
11743,SP787,1614503007 SUPPRESSION FILTER,1
11744,SP788,160422052M FIELD,1
11745,SP789,06019G80F1 CORDLESS DRILL DRIVER GSR120+,1
11746,SP79,OIL CAP,-6.000
11747,SP790,06019H50F0 CORDLESS DRILL DRIVER GSR 18V-50,1
11748,SP791,06019H90F0 CORDLESS ANGLE GRINDER  GWS-180-LI,1
11749,SP792,06019K00F0 IMPACT WRENCH GDS 18V -400,1
11750,SP793,1610283017 ROTARY SHAFT LIP SEAL,1
11751,SP794,1619P01775 DRIVE BEARING ,1
11752,SP795,1619P00278 HEX SCREW ,13
11753,SP796,F016800418 ROTO FAN LANCE 150 BAR ,18
11754,sp797,1 619 p03 860 field (7 inch  grinder ),1
11755,SP798,1619p01696 7inch circlarsaw armature,1
11756,SP799,2607200623 SWITCH  10MM DRILL,12
11757,SP800,1604336048 BRUSH HOLDER 7/9 INCH GRINDER,5
11758,SP801,1619P09019 SWITCH 5KG ,2
11759,SP802,1619P06212BRUSH HOLDER 7/9 GRINFDER ,5
11760,SP803,1619P08768 WASHER ,5
11761,SP804,1604336053 BRUSH HOLDER 5KG,5
11762,SP805,1619P12159 CLAMPING FLANGE ,16
11763,SP806,1619P01685 CARBON BRUSH ,1
11764,SP807,1619P09976 AB WASHER ,49
11765,SP808,2610391290 CARBON BRUSH SET ,30
11766,SP809,1619P10967 ADJUSTING SLIDE,10
11767,SP810,F016L72021 VALVE ,5
11768,SP811,2609110050 PROTECTIVE GUARD ,5
11769,SP812,1618700075 HAMMER PISTON ,34
11770,SP814,ORING  GHP-5 F016L72131,3
11771,SP815,BUSHING GHP-5 F016L72133,3
11772,SP816,SEAL BOX F016F04324,1
11773,SP818,ARMATURE GBH220 1619P16276,1
11774,SP819,BOSCH 3 IN 1 NOZZLE F016F05573,3
11775,SP819,BOSCH 3 IN 1 NOZZLE F016F05573,3
11776,SP819,BOSCH 3 IN 1 NOZZLE F016F05573,4
11777,Sp82,Oil Filtor Cap,1
11778,SP822,PUMP HEAD AQT45 F016F04643,1
11779,SP823,SPEED GOVERNOR 1607233593,1
11780,SP824,HIGH PRESSURE WASHER HOSE AQT -F016F05013,1
11781,SP825,PUMP UNIT FOR CARWASHER AQT33 F016F04798,-4.000
11782,SP826,PROTECTIVE COVER GCM 10 1619PA6950,1
11783,SP827,BOSCH MITERSAW FIELD 1619PA6835,1
11784,SP828,TRIGGER FOE CARWASH AQT140 F016F06271,1
11785,Sp83,Spark Plug58CC,4
11786,Sp86,Crankshaft,2
11787,SP874,F016F04459  ORING ,10
11788,SP874,F016F04459  ORING ,1
11789,SP90,TORX OVAL - HEAD SCEW 1613435010,1
11790,Sp92,Piston 810,2
11791,Sp94,Piston Pin 810,5
11792,Sp95,Thrust Bearing for F016F04803,6
11793,SPAINT,SOLDER PAINT C GRADE ,3
11794,SPALAKA,scafolding palaka ,8
11795,SPALAKA,scafolding palaka ,-1.000
11796,SPALAKA,scafolding palaka ,2
11797,SPALAKA,scafolding palaka ,-3.000
11798,SPARE PARTS FOR POWERTOOLS ,SPARE PARTS FOR POWERTOOLS ,72
11799,SPARE PARTS FOR POWERTOOLS ,SPARE PARTS FOR POWERTOOLS ,67
11800,SPARE PARTS FOR POWERTOOLS ,SPARE PARTS FOR POWERTOOLS ,36
11801,SPARE PARTS FOR POWERTOOLS ,SPARE PARTS FOR POWERTOOLS ,11
11802,SPARE PARTS FOR POWERTOOLS ,SPARE PARTS FOR POWERTOOLS ,26
11803,SPARE PARTS FOR POWERTOOLS ,SPARE PARTS FOR POWERTOOLS ,11
11804,SPARE PARTS FOR POWERTOOLS ,SPARE PARTS FOR POWERTOOLS ,148
11805,SPARE PARTS FOR POWERTOOLS ,SPARE PARTS FOR POWERTOOLS ,5
11806,SPARE PARTS OF POWER TOOLS,SPARE PARTS OF POWER TOOLS,8
11807,SPARE PARTS OF POWER TOOLS,SPARE PARTS OF POWER TOOLS,2439
11808,SPAREA,SPARE PARTS OF POWERTOOLS APPU ,1125
11809,SPBPM6A,SPARK PLUG BPM6A HUSQ ,1
11810,SPC,SHIPPING CHARGE,1
11811,SPC,SHIPPING CHARGE,4
11812,SPC,SHIPPING CHARGE,9
11813,SPC,SHIPPING CHARGE,30
11814,SPC,SHIPPING CHARGE,3
11815,SPC,SHIPPING CHARGE,2
11816,SPC,SHIPPING CHARGE,14
11817,SPC,SHIPPING CHARGE,12
11818,SPC,SHIPPING CHARGE,28
11819,SPC,SHIPPING CHARGE,48
11820,SPC,SHIPPING CHARGE,23
11821,SPC,SHIPPING CHARGE,1
11822,SPC,SHIPPING CHARGE,3
11823,SPC,SHIPPING CHARGE,10
11824,SPC,SHIPPING CHARGE,13
11825,SPC,SHIPPING CHARGE,30
11826,SPCS1,CARBERATOR SEAL,5
11827,SPG3508/11,INGCO SPRAY GUN INDICO,8
11828,SPG3508/20,INGCO SPRAYER NOZZLE SPG3508-SP-20,5
11829,SPHMS,SAFTY PATTA HOOK  MS,9
11830,SPHMS,SAFTY PATTA HOOK  MS,11
11831,SPHMS,SAFTY PATTA HOOK  MS,20
11832,SPHOOK,SPRING HOOK ,3
11833,SPIND,spindle,1
11834,SPL12,STRAIGHT PIPE LADDER 12,1
11835,SPL12/ASG,ASG SPIRIT LEVEL MAGNETIC 1 FEET ,36
11836,SPL14,STRAIGHT PIPE LADDER 14,1
11837,SPL14,STRAIGHT PIPE LADDER 14,-1.000
11838,SPL20,STRIGHT FLAT LADDER 20,1
11839,SPL20/H,ALCO HARVESTING LADDER 20',1
11840,SPL7,STIGHT FLAT PIPE LADDER 7',3
11841,SPL7,STIGHT FLAT PIPE LADDER 7',1
11842,SPL8,STRAIGHT PIPPE LADDER 8,2
11843,SPL8,STRAIGHT PIPPE LADDER 8,2
11844,SPLG,SPLITTERING  10MM,9
11845,SPMS33,SAFTY PATTA MS 33 INCH ,3
11846,SPMS36,SAFTY PATTA MS 36 INCH ,3
11847,SPMS36,SAFTY PATTA MS 36 INCH ,1
11848,SPMS45,SAFTY PATTA MS 45 INCH ,-1.000
11849,SPMS45,SAFTY PATTA MS 45 INCH ,5
11850,SPONCH,SPONCH,-1.000
11851,SPPH65,DEMOLITION HAMMER PH65 M/C ALLYIES,1
11852,SPRING,SPRING 505298901 HUSQ .,5
11853,SPS,POLISHING STONE,8
11854,SPS,POLISHING STONE,-1.000
11855,SPS1,16AMP SWITCH,193
11856,SPS1,16AMP SWITCH,779
11857,SPS1,16AMP SWITCH,1020
11858,SPT500,SPT500-IN- STANLEY BLOWER 500W,4
11859,SPULLY, STARTER PULLY 58CC CHAIN SAW RAJ AGRO ,49
11860,SQ4*4,SQUARE PLATE WITH HOLE4*4,30.555
11861,SQ4*4,SQUARE PLATE WITH HOLE4*4,-3.252
11862,SQ4*4,SQUARE PLATE WITH HOLE4*4,53.5
11863,SQ4*4,SQUARE PLATE WITH HOLE4*4,-0.001
11864,SQ4*4,SQUARE PLATE WITH HOLE4*4,-0.903
11865,SQ5*5,SQUARE PLATE WITH HOLE 5*5,38.58
11866,SQ5*5,SQUARE PLATE WITH HOLE 5*5,67.9
11867,SQ5*5,SQUARE PLATE WITH HOLE 5*5,-0.005
11868,SQ5*5,SQUARE PLATE WITH HOLE 5*5,-1.940
11869,SQ5*5,SQUARE PLATE WITH HOLE 5*5,0.005
11870,SQ6*6,SQUARE PLATE WITH HOLE 6*6,3.582
11871,SQD3*3,WASHER DUMMY 3'',-1.000
11872,SQUB,SPARE FOR SQUB,5
11873,SQUB/1, SQUARE BIT ATTACHEMENT ,10
11874,SR2.5,WELDING ROD 2.5*350M SUPERON,5748
11875,SR3.5,WELDING ROD 3.15*350 SUPERON ,1080
11876,SREMI40M,PADLOCK ACTIVE ,-8.000
11877,SREMI50M,PADLOCK ACTIVE 50M,2
11878,SREMI65Z,PADLOCK ACTIVE 65MM ZABARDAST,-1.000
11879,SROPE,FISHING ROPE SILVER KG,13.605
11880,SS1,SICKLE  01,8
11881,SS10M,SS HOOK 10MM,-2.000
11882,SS10M,SS HOOK 10MM,42
11883,SS1250,ANGLE GRINDER SUPER STEEL 1250W,5
11884,SS13PCS ,SOCKET WRENCH SET 13 PCS 1/2 INCH  ACE ,2
11885,SS13RE1050,SUPERSTEEL ELECTRIC DRILL 13 RE 1050 IMPACT ,2
11886,SS14,SICKLE 14,4
11887,SS179PCS,ACE XINRAN SOCKET SET PROFESSIONAL 179 PCS ,2
11888,SS19*6,SCREW 19*6 OX,23
11889,SS19*6SS,SCREW 19*6 SS,25
11890,SS216PCS,ACE XINRAN SOCKET SET PROFESSIONAL 216 PCS ,3
11891,SS25*8,SCREW 25*8 SS,17
11892,SS25B,25PCS SOCKET SET 1/2 INCH BLACK ,13
11893,SS25CS,25 PCS SOCKET SET 1/2 INCH ,4
11894,SS25PCS,SOCKET SET 25 PCS CHROME  1/2 INCH ,7
11895,SS25PCS,SOCKET SET 25 PCS CHROME  1/2 INCH ,3
11896,SS3,SICKLE 03,-1.000
11897,SS304,SS GLASS LOCK ,4
11898,SS308L,OSHIMA WELDING ROD SS 308L 10G,35
11899,SS3M,SS HOOK 3MM,171
11900,SS3M,SS HOOK 3MM,-27.000
11901,SS3M,SS HOOK 3MM,35
11902,SS43PP,SS BC PLATE PULLY PLATE 42/52CC,88
11903,SS46,SOCKET SET 46PCS PG,1
11904,SS46/N,SOCKET SET 46 PCS ,2
11905,SS4M,SS HOOK 4MM,-86.000
11906,SS509,KATHRIKA ,-1.000
11907,SS52CS,SS 52CC CYLINDER SET,10
11908,SS5M,SS HOOK 5MM,-1.000
11909,SS5M,SS HOOK 5MM,-8.000
11910,SS6M,SS HOOK 6MM,23
11911,SS6M,SS HOOK 6MM,-28.000
11912,SS7,SICKLE 07,-5.000
11913,SS7M,SS HOOK 7MM,43
11914,SS8,SICKLE 08,8
11915,SS8A,SAFETY SHOES AREFLOW 8 INCH ,6
11916,SS8AT,SAFETY SHOES ACTIVE 8 INCH ,6
11917,SS8M,SS HOOK 8MM,-1.000
11918,SS8M,SS HOOK 8MM,69
11919,SS8M,SS HOOK 8MM,-5.000
11920,SS8R,SAFETY SHOES ROCKLANDER 8 INCH ,3
11921,SS9,SICKLE 09,1
11922,SSA8,ANCHOR SS 8MM,96
11923,SSB1/4*.5,SS BOLT 1/4*.5,50
11924,SSB1/4*.75,SS BOLT 1/4X.75,8
11925,SSB1/4*.75,SS BOLT 1/4X.75,192
11926,SSB1/4*.75,SS BOLT 1/4X.75,6
11927,SSB1/4*1,SS BOLT 1/4X1,100
11928,SSB1/4*1,SS BOLT 1/4X1,112
11929,SSB1/4*1,SS BOLT 1/4X1,110
11930,SSB1/4*1.5,SS BOLT 6X40MM,254
11931,SSB1/4*1.5,SS BOLT 6X40MM,72
11932,SSB1/4*2,SS BOLT 1/4*2 JOM,33
11933,SSB1/4*2,SS BOLT 1/4*2 JOM,1
11934,SSB1/4*2,SS BOLT 1/4*2 JOM,54
11935,SSB1/4*2.5,SS BOLT 1/4*2.5 JOM,-43.000
11936,SSB1/4*3,SS BOLT 1/4*3,14
11937,SSB1/4X1.25,SS BOLT 6X40MM,2
11938,SSB1/4X1.25,SS BOLT 6X40MM,67
11939,SSB2AH,BATTERY FOR 2 AH SUPERSTEEL ,3
11940,SSB3/8*1,SS BOLT 3/8*1,23
11941,SSB3/8*1.5,SS BOLT 3/8*1.5,71
11942,SSB3/8*1.5,SS BOLT 3/8*1.5,4
11943,SSB3/8*2,SS BOLT 3/8*2,135
11944,SSB3/8*2,SS BOLT 3/8*2,3
11945,SSB3/8*2.5,SS BOLT 3/8*2.5,59
11946,SSB3/8*3,SS BOLT 3/8*3,37
11947,SSB5/16*1,SS BOLT 5/16*1 JOM,28
11948,SSB5/16*1.5,SS BOLT 5/16*1.5,100
11949,SSB5/16*1.5,SS BOLT 5/16*1.5,-2.000
11950,SSB5/16*1.5,SS BOLT 5/16*1.5,-58.000
11951,SSB5/16*2,SS BOLT 5/16*2 JOM ,20
11952,SSB5/16*2,SS BOLT 5/16*2 JOM ,107
11953,SSB5/16*2.5,SS BOLT 5/16*2.5,28
11954,SSB5/16*2.5,SS BOLT 5/16*2.5,22
11955,SSB5/16*2.5,SS BOLT 5/16*2.5,5
11956,SSB5/16*3,SS BOLT 5/16*3 JOM,91
11957,SSB5/16*3,SS BOLT 5/16*3 JOM,109
11958,SSB5/16*3,SS BOLT 5/16*3 JOM,-3.000
11959,SSB5/16*4,SS BOLT 5/16*4,53
11960,SSB5/16*4,SS BOLT 5/16*4,150
11961,SSB5/16*4,SS BOLT 5/16*4,3
11962,SSBBC21,SUPERSTEEL CORDLESS BRUSH CUTTER 21V S/S,2
11963,SSBBC21,SUPERSTEEL CORDLESS BRUSH CUTTER 21V S/S,1
11964,SSBCM, CORDLESS CHAINSAW SUPER STEEL ,2
11965,SSBCM, CORDLESS CHAINSAW SUPER STEEL ,2
11966,SSBHT21,supersteel  HEDGE TRIMMER WITH STD ,-1.000
11967,SSBLB21VHQ,SUPERSTEEL LEAF BLOWER  SSBLB21VHQ,2
11968,SSBPM21V,SUPERSTEEL PRUNNER MACHINE STD SSBPM21V,1
11969,SSBPS3000,CORDLESS PIPE SEALING MACHINE ,1
11970,SSBT,MSFT BOLT NUT WASHER ,14.28
11971,SSBTM135,TILE VIBRATOR CORDLESS 12V SUPER STEEL,2
11972,SSC21V,CHARGER FOR SUPERSTEEL 21V,2
11973,SSC4, CORDLESS CHAIN 4 INCH ,4
11974,SSCB,SILICON,-4.000
11975,SSCR,SILICON  GLASS CLEAR,28
11976,SSD10M,SS D SHACKLE 10MM PB,9
11977,SSDH8KG,SUPERSTEEL DEMOLITION HAMMER DRILL 8 KG ,1
11978,SSEA6500,SUPER STEEL EARTH AUGER MACHINE WITH OUT BIT 65CC S/S,1
11979,SSEA9500,SUPER STEEL EARTH AUGER MACHINE WITH  BIT 95CC 2IN 1SS,1
11980,SSFC,SCAFOLDING SET,17
11981,SSFC,SCAFOLDING SET,-3.000
11982,SSFH,FAN CLAMP HOOK SS ,7
11983,SSGAG4,SUPERSTEEL ANGLE GRINDER 1300W 4 INCH ,1
11984,SSGLASS,SUNBOND GLASS  SSGLASS,-41.000
11985,SSGP,"SILICON SEALENT  ASIAN PAINTS CLEAR ,WHITE ,BLACK ",0
11986,SSHOES ,SAFETY SHOES ,15
11987,SSLC1.5,CHAIR CORNER1.5,93
11988,SSLC1.5,CHAIR CORNER1.5,29
11989,SSLC2,CHAIR CORNER 2,60
11990,SSLC2,CHAIR CORNER 2,2
11991,SSLC3,"CHAIR CORNER 3""",50
11992,SSLC3/4,CHAIR CORNER3/4,792
11993,SSLC4,LCLAMP 4 INCH  SS,22
11994,SSLC4,LCLAMP 4 INCH  SS,-13.000
11995,SSLH3/8*11,SS SWING LONG HOOK 3/8*11 NO 5,2
11996,SSLH3/8*11,SS SWING LONG HOOK 3/8*11 NO 5,-50.000
11997,SSNB1/4*2,BOLT,31
11998,SSNB10*19,BOLT ,13
11999,SSNB3*4,BOLT,1
12000,SSNB5*19,SCREW,7
12001,SSNB5/16*1.5,BOLT,10
12002,SSNB6X19,SCREW,24
12003,SSOD6*11,SS ODAMPAL 6*11 ALDROPS ,49
12004,SSOD6*11,SS ODAMPAL 6*11 ALDROPS ,49
12005,SSOD8*11,SS ODAMPAL  ALDROPS 8*11 DAMU,29
12006,SSRB12M,SS SWING RING BOLT 12MM SET,5
12007,SSRB12M,SS SWING RING BOLT 12MM SET,4
12008,SSRB16M,SS SWING  RING BOLT 16MM SET ,10
12009,SSRC9000,SUPERSTEEL RING SAW (WALL CUTTING MACHINE 9000 18 %,1
12010,SSRC9000,SUPERSTEEL RING SAW (WALL CUTTING MACHINE 9000 18 %,1
12011,SSRD10*11,SS SWING ROD 10MM*11 INCH ,9
12012,SSRD10*11,SS SWING ROD 10MM*11 INCH ,30
12013,SSRD10*11,SS SWING ROD 10MM*11 INCH ,43
12014,SSRE6.5,DRILLING MACHINE 6.5MM S/S 900W,1
12015,SSSC4300,SUPER STEEL SLAB CUTTER 16 INCH ,1
12016,SSTBY3G,"SS TOWERBOLT YAMA 3""SLIM",4
12017,SSTBY4X1/2G,SS TOWERBOLT YAMA 4X1/2 G,17
12018,SSTBY4X3/8G,SS TOWERBOLT YAMA 4X3/8G,138
12019,SSTBY4X3/8G,SS TOWERBOLT YAMA 4X3/8G,410
12020,SSTBY6X1/2G,SS TOWERBOLT YAMA 6X1/2G,23
12021,SSTBY6X3/8G,SS TOWERBOLT YAMA 6X3/8G,1
12022,SSTBY8X1/2G,SS TOWER BLT YAMA8X1/2G,40
12023,SSTR10,SS THREAD ROD 10MM 304,12
12024,SSTR6,SS THREAD RAD 6MM 304,2
12025,SSTR8,SS THREAD RAOD 8MM 304 MUMBAI ,12
12026,SSTVGC12V,SS TILE VIBRATOR GEAR CONTROL 12V ,3
12027,SSUB,SS UTENSILS BIG ,1
12028,SSVCB1100,SUPEER STEEL VACCUM CLEANER ,2
12029,SSVCB1100,SUPEER STEEL VACCUM CLEANER ,-1.000
12030,SSWB,SILICON ,2
12031,SSWC,WALL CHASER MACHINE SUPERSTEEL,1
12032,SSWC300C,WALL CUTTING CHAINSAW CARBON ,4
12033,SSWP1600,WALL PLANNER 1600 SUPERSTELL VEEVES ,-3.000
12034,SSWP1600,WALL PLANNER 1600 SUPERSTELL VEEVES ,-1.000
12035,SSWP1600R,WALL PLANNER 1600 SUPERSTEEL RAJ AGRO ,6
12036,ST0,KARANDI ,4
12037,ST0810,SPARES -0810T  ADAPTOR ,2
12038,ST09,TUQOVACCUM CLEANER  HOSE 35 L ST09,3
12039,ST1,KARANDI ST1,-1.000
12040,ST10131,KNIFE STANLEY 9MM,-1.000
12041,ST10131,KNIFE STANLEY 9MM,19
12042,ST10143,KNIFE STANLEY 10-143-5,4
12043,ST10175,STANLEY RETRACTABLE UTILITY KINFE10175,-1.000
12044,ST10175,STANLEY RETRACTABLE UTILITY KINFE10175,1
12045,ST10323,KIFE STANLEY 812,18
12046,ST15812,STANLEY TAPE 15 MTR ST15812,1
12047,ST18,GUID BAR 18SUPER STEEL  WIDE,5
12048,ST18,GUID BAR 18SUPER STEEL  WIDE,49
12049,ST18,GUID BAR 18SUPER STEEL  WIDE,-2.000
12050,ST1884602,IRWIN BOX BEAM LEVEL 508MM,2
12051,ST19,TOQO HOSE FOR VACCUM CLEANER 80L ,4
12052,ST1M,WIRE 1 SQMM STANDARD 60501BK,257
12053,ST2,KARANDI 2,1
12054,ST2.4,TUNGSTON ROD 2.4MM SAI ,49
12055,ST207,SMITH ST-207 CIRCLIP PLIER D/F INSULATED,1
12056,ST207/1,SMITH ST-207 CIRCLIP PLIER D/FINSULA 121,1
12057,ST24/60,STANLEY I BEAM LEVEL 24/60,3
12058,ST250AF,AIR FILTER B250/120,8
12059,ST3,STEEL TAPE 3MT,-12.000
12060,ST3/1,KARANDI 3,9
12061,ST3/1,KARANDI 3,-2.000
12062,ST30769,LT HQ 125 HRC FUSE LINK A4ST30769,3
12063,ST31CC,BRUSH CUTTER 4 STROCK S/S 31CC,9
12064,ST31CC,BRUSH CUTTER 4 STROCK S/S 31CC,-3.000
12065,ST4,KARANDI 4,8
12066,ST4050304017,STANLEY RAM STHM5KH-IN 4050304017,2
12067,ST42072,"STANLEY BEAM SPIRIT LEVEL 12""",1
12068,ST43/52ABW,AB WASHER FOR ST43/52CC ,49
12069,ST43CC,BRUSH CUTTER 43CC SUPER STEEL ,-1.000
12070,ST43CC,BRUSH CUTTER 43CC SUPER STEEL ,5
12071,ST43CC,BRUSH CUTTER 43CC SUPER STEEL ,-2.000
12072,ST43CT,ST43CC CLUTCH ,14
12073,ST43OS,BC OIL SEAL KIT 43/52 CC,50
12074,ST45/18,STHIL BAR 45 CM 18'' 1.6S 3/8 ,6
12075,ST5,STEEL TAPE 5MT,-2.000
12076,ST5/1,KARANDI 5,-36.000
12077,ST5/1,KARANDI 5,31
12078,ST509,STANLEY COMBINATION PLIER 6 INCH 84509,4
12079,ST51158,STANLEY CLAW HAMMER STEEL SHAFT 560G 51-,-1.000
12080,ST51159,STANLEY CLAW HAMMER ST51159,9
12081,ST51159,STANLEY CLAW HAMMER ST51159,1
12082,ST51186,STANLEY  CLAW HAMMER  ST51-186,2
12083,ST51772,STANLEY SOFT FACE HAMMER 30MM STHT51772,9
12084,ST52CC,SUPER STEEL BRUSH CUTTER 52 CC ST ,4
12085,ST52CCC,CRANK CASE  FOR 52CC BRUSH CUTTER ,10
12086,ST52FW,SC FLY WHEEL FOR 52CC BRUSH CUTTER ,19
12087,ST55,TUQO TELESCOPE WAND ST55,2
12088,ST58BA,BREAK ASSY FOR SS BRUSHCUTTER 58CC,2
12089,ST58CC,GASOLIN SUPERSTEEL CHAINSAW ST58CC,2
12090,ST58SA,STRTER ASSY FOR SUPER STEEL 58CC BRUSH CUTTER ,8
12091,ST5MF,STANLEY SHORT TAPE 5M*19MM STHT36127FCB,2
12092,ST6,KARANDI 6,54
12093,ST6,KARANDI 6,-23.000
12094,ST6/10,PATHRA  6/10,2
12095,ST6/12,PATHRA 6/12,-18.000
12096,ST60510,STANLEY SCREW DRIVER 6*100MM 60510,5
12097,ST60512,STANLEY SCREW DRIVER 6*150MM 60512,4
12098,ST60513,STANLEY SCREW DRIVER 6*200MM 60513,3
12099,ST60514,STANLEY SCREW DRIVER 6*250 60514,6
12100,ST60520,STANLEY SCREW DRIVER 8*300MM 60520,5
12101,ST60546,STANLEY SCREW DRIVER P1*200MM 60546,4
12102,ST60549,STANLEY SCREW DRIVER P2*200M 60549,1
12103,ST60557,STANLEY SCREW DRIVER 2 IN 1 200MM 60557,1
12104,ST60559,STANLEY SCREW DRIVER 2 IN 1 200MM 60559,9
12105,ST60559,STANLEY SCREW DRIVER 2 IN 1 200MM 60559,-10.000
12106,ST60560,SCREW DRIVER 2 IN 1 ST60560,-2.000
12107,ST60561,STANLEY SCREW DRIVER 2 IN 1 100MM 60561,-6.000
12108,ST608118,STANLEY C/GRIP S/DRIVER PHILLIPS 60811-8,-1.000
12109,ST608118,STANLEY C/GRIP S/DRIVER PHILLIPS 60811-8,-1.000
12110,ST608128,STANLEY C/GRIP S/DRIV PHILLIPS PH2*200,-1.000
12111,ST608288,STANLEY C/GRIP S/DRIVER STAND 60828-8,5
12112,ST62251,STANLEY SCREW DRIVER 62251,-17.000
12113,ST62255,STANLEY SCREW DRIVER  62-255,1
12114,ST62263,STANLEY SCREW DRIVER 62263,-7.000
12115,ST62265,STANLEY SCREW DRIVER 62265,-11.000
12116,ST62266,STANLEY SCREW DRIVER 62266,1
12117,ST62296,STANLEY SCREW DRIVER 62296,1
12118,ST6500,TRY SQUARE  STANLEY 246500,2
12119,ST65201,Stanley Screw Driver Multi Bits 2way 65-,1
12120,ST66119,STANLEY TESTER 3MM66-119,7
12121,ST66120.,STANLEY SPARK DETECTING S/D 100-500V 66-,3
12122,ST66137,STANLEY DIGITALDETECTION SCREWDRIVER,1
12123,ST662255,SCREW DRIVER,-1.000
12124,ST66344,SCREW DRIVER STANLEY PEN TYPE,1
12125,ST66437,STANLEY DBL END PH2*PH1*200MM 2IN 166-43,2
12126,ST66447,STANLEY PH2*FLAT 6.0X140 INSULATED 66447,1
12127,ST68010,STANLEY MULTI SCREW DRIVER 10 PCS STHT68010,1
12128,ST6PCGS,STANLEY 6PC CUSHION GRIP SET6522-8,4
12129,ST70944,STANLEY COMBINATION SPANNER 14MM,7
12130,ST72374,TOOL BAG STANLEY,2
12131,ST75518,TOOL BOX PTB 16 STANLEY,1
12132,ST75521,TOOL BOX STANLEY ,1
12133,ST84214,WIRE STRIPPER STANLEY ,-1.000
12134,ST84371,STANLEY LOCK PLIER 250MM 84371,-1.000
12135,ST84371,STANLEY LOCK PLIER 250MM 84371,1
12136,ST84505,STANLEY CIRCLIP PLIER 84505 BENT ,12
12137,ST84506,STANLEY CIRCLIP PLIER 84506,12
12138,ST84508,STANLEY WIRE STRIPPER ST84508,242
12139,ST84510,STANLEY COMBINATION PLIER 7 INCH 84510,4
12140,ST84519,STANLEY DIAGONAL CUTTING PLIER 12IN 1,-1.000
12141,ST8CP,STANLEY 8'' COMBI PLIER 70461SINGLE COLO,3
12142,ST94347,T ALLENKEY ,1
12143,STA2,STAPLIER PIN ,9
12144,STA4,STAPLIER PIN ,3
12145,STAIN REMOVER ,STAIN REMOVER ,1
12146,STAPLIER,STAPLIER SMALL,-1.000
12147,STAPLIER/1,STAPLIER BIG ,1
12148,STARTER 3HP 35A,STARTER 3HP 35A,1
12149,STAV563,STANLEY AV SNIPS STRAIGHT CUT214563,-2.000
12150,STAV563,STANLEY AV SNIPS STRAIGHT CUT214563,3
12151,STAV564,AVIATION SNIP RIGHT STANLEY ,2
12152,STB,WIRE STRIPPER SBT,8
12153,STB,WIRE STRIPPER SBT,-1.000
12154,STB10,SS TUREN BUCKLE 10MM,12
12155,STB12,SS TUREN BUCKLE 12MM SH10/25,6
12156,STB16,SS TURN BUCKLE 16MM SH 3/25,6
12157,STB5,SS TURN BUCKLE 5MM ,19
12158,STB6,SS TURN BUCKLE 6MM SH ,20
12159,STB8,SS TURE BUCKLE 8MM,11
12160,STCM11,COMBINATION SPANNER 11MM,11
12161,STCM12,STANLEY COMBINATION SPANNER12MM,-1.000
12162,STCM13,COMBINATION SPANNER13MM,1
12163,STCM14,Combi Spanner Cs 14 Mm,-1.000
12164,STCM15,STANLEY COMBINATION SPANNER 15MM,4
12165,STCM16,COMBINATION SPANNER 16MM,-1.000
12166,STCM18,COMBINATION SPANNER 18MM,16
12167,STCM22,COMBINATION SPANNER 22MM,-1.000
12168,STCM24,COMBINATION SPANNER 24MM,2
12169,STCM25,COMBINATION SPANNER 25MM,6
12170,STCM26,COMBINATION SPANNER 26MM,2
12171,STCM6,STANLEY COMBINATION SPANNER 6MM70937,11
12172,STCM70379,70379E STANLEY  8PCE SPANNER SET,1
12173,STCM70962,70962 STANLEY 6PCS COMB.SPANNER SET ,-4.000
12174,STCM70963,70963 STANLEY 8PCS COMB SPANNER,2
12175,STCM8,STANLEY COMBINATION SPANNER 8MM,3
12176,STCP70482,STANLEY COMBINATION PLIER 8'COLOR SLEEV,1
12177,STCR,STANLY COONECTING ROD ,1
12178,STCR2,SUPER STEEL CARBURATOR 43CC SS2ST,114
12179,STCT2,SUPER STEEL CLUTCH STD 2 ST BC ,92
12180,STCT2,SUPER STEEL CLUTCH STD 2 ST BC ,92
12181,STD5510C,STANLY CARBORN BRUSH STDR5510 4100406601,1
12182,STDE24X27,STANLEY D END OPEN SPANNER 24*27MM,2
12183,STDE6X7,STANLEY D END OPEN SPANNER 6*7MM,8
12184,STDE8X9,STANLEY D END OPEN SPANNER8X9MM70367,7
12185,STEAM ,CONSOLE STEAM INHALATOR,1
12186,STFILM,STRETCH FILM,127.285
12187,STFILM,STRETCH FILM,183.393
12188,STFILM,STRETCH FILM,-0.005
12189,STFILM,STRETCH FILM,-4.855
12190,STG125,STANLEY ANGLE GRINDER900W STGS9125-IN,2
12191,STG6100CB,CARBON BRUSH STGS6100 (STG6100CB),1
12192,STG850BH,STGT8100 BRUSH HOLDER 4141007001,4
12193,STG850C,CARBON BRUSH FOR STG850 ,56
12194,STG850CS,STGT8100 BRUSH SPRING  4141008001,4
12195,STG850H,STGT8100 FIELD CASE 4141401605,1
12196,STG850Q,STANLEY ANGLE GRINDER 100MM 850W STGT8100 QUALITY,3
12197,STG850W,STANLEY ANGLE GRINDER 100MM 850W STGT8100,7
12198,STG900,STANLEY ANGLE GRINDER 100MM STGS9100,5
12199,STG9100B,STG9100 BEARING ,8
12200,STGB3715,STANLEY BENCH GRINDER STGB3715,1
12201,"STGS9100,9125 BRUSH PARIR ","STGS9100,9125 BRUSH PARIR ",1
12202,STGS9125,STANLEY ANGLE GRINDER 900W 125MM STGS9125,-3.000
12203,STGT8100B,STGT8100 BAFFLE  FOR GRINDER ,5
12204,STGT8100G,STGT8100 GRINDER GEAR ,1
12205,STGT8100G,STGT8100 GRINDER GEAR ,21
12206,STGT8100IF,STGT8100 GRINDER INNER FLANGE ,3
12207,STGT8100OF,STGT8100 GRINDER OUTER FLANGE ,4
12208,STGT8100P,STGT8100 GRINDER PINION ,1
12209,STGT8100P,STGT8100 GRINDER PINION ,1
12210,STGT8100S,STGT8100 SWITCH 4141405601,3
12211,STGT8100SB,STGT8100 GRINDER SLEEV BEARING ,32
12212,STGT8100SP,STGT8100 GRINDER SPINDLE ,3
12213,STGTG,STGT8100 GEAR  N539401,2
12214,STGTG,STGT8100 GEAR  N539401,1
12215,STGTG,STGT8100 GEAR  N539401,2
12216,STGTP,STGT8100 PINION  N539400,2
12217,STGTP,STGT8100 PINION  N539400,19
12218,STGTS,STGT8100 SPINDLE ,4
12219,STGTSB,4141403001  SLEEVE BEARING STGT8100,5
12220,STH10KSR,SPEED REGULATER 11E  STHM10K,16
12221,STH5O,O RING FOR STHM5 5KG,10
12222,STHM10C,STHM10K CARBON BRUSH 4050106005,11
12223,STHM10K,STANLEY DEMLITION 11E STHM10K-IN,1
12224,STHM10KC,STANLEY 11E CAP  4050801607,4
12225,STHM10KCR,CONNECTING ROD FOR STHM10K ,4
12226,STHM10KHS,STHM10K HANDLE SIDE SA 4050131004,1
12227,STHM10KNB,STHM10K NEEDLE BEARING  49101048 ,6
12228,STHM10KO,STANLEY 11 E O RING 071582,54
12229,STHM10KO,STANLEY 11 E O RING 071582,48
12230,STHM10KSR,STHM10K SPEED REGULATOR 4050805001,20
12231,STHM10P,STANLEY PISTON 11E ,20
12232,STHM5G,GEAR CASE  STHM5KH ,1
12233,STHM5KH,DEMOLITION HAMMER 5KH STHM5KH 1010W,1
12234,STHM5KH,DEMOLITION HAMMER 5KH STHM5KH 1010W,6
12235,STHM5OR,O RING STHM5KH 4050303017,32
12236,STHS265,STANLEY RUBGRIP HACKSAW ADJUSTFRM,-1.000
12237,STHT36125-812,STANELEY SHORT TAPE 3M/10''X13MM,-1.000
12238,STHT3M,STANLEY SHORT TAPE 3M/10''X13MM STHT3612,21
12239,STHT42465,"STHT42465 STANLEY 9"" SPIRIT LEVEL ",1
12240,STHT5M,STANLEY SHORT TAPE 5M/16X16MM,158
12241,STHT5M,STANLEY SHORT TAPE 5M/16X16MM,-7.000
12242,STHT5M,STANLEY SHORT TAPE 5M/16X16MM,-2.000
12243,STHT69646,STANLEY MEDIUM DUTY RIVETER 3 NOZZLES,2
12244,STHT728,STANLEY SPIRIT LEVEL 12 INCH STHT42072-8,-1.000
12245,STICKLE BIG ,STICKLE BIG ,6
12246,STLMP113,STANLEY BASIC LINESMAN PLIER 8''T841138,2
12247,STMS182,MS182 CHAINSAW 45CM /18 INCH ,2
12248,STMS250,STHIL CHAINSAW MACHINE MS250 48CC  18INCH  GUIDE BAR ,2
12249,STMS250,STHIL CHAINSAW MACHINE MS250 48CC  18INCH  GUIDE BAR ,-3.000
12250,STMS382,STHIL CHAINSAW MACHINE MS382 BAR 18INCH /45CM ,1
12251,STMS382,STHIL CHAINSAW MACHINE MS382 BAR 18INCH /45CM ,-1.000
12252,STMS382,STHIL CHAINSAW MACHINE MS382 BAR 18INCH /45CM ,-1.000
12253,STMS382,STHIL CHAINSAW MACHINE MS382 BAR 18INCH /45CM ,1
12254,STMT2600,STANLEY ALLENKEY SET STMT26000,22
12255,STMT773916,SOCKET SET STANLEY ,1
12256,STOIL,STHIL 2 STROCK ENGINE OIL ,14
12257,STOIL,STHIL 2 STROCK ENGINE OIL ,9
12258,STOIL,STHIL 2 STROCK ENGINE OIL ,3
12259,STP,SEPTICK TANK POWDER,-1.000
12260,STP12M,STAPLIER PIN 12MM,80
12261,STP35M,STAPLIER PIN 35MM,142
12262,STP50M,STAPLIER PIN 50MM,-2.000
12263,STP6,10448 PLUG TOP 6A FANCY -PRECISION,1
12264,STP8M,STAPLIER PIN 8MM,80
12265,STPT600,STANLEY BLOWER VARI 600W STPT600-IN,3
12266,STPT600BC,BRUSH CAP STPT500,4
12267,STPT600BH,BRUSH HOLDER STPT600,4
12268,STPT600C,CARBON BRUSH STPT600,9
12269,STPT600S,SWITCH STPT600,4
12270,STRG12X13,STANLEY SHAL OFFSET RING12X13 70384E,1
12271,STRG2528,D/E SPANNER 25X28,6
12272,STRG6X7,STANLEY SHAL OFFSET RING6X7 70381E,3
12273,STRIP10A,16272 STRIP CONNECTOR 10A,23
12274,STRIP15A,16388 STRIP CONNECTER 15AMP,23
12275,STRIP30A,STRIP CONECTOR OPEN 30A/12WAY,18
12276,STRMB,STHT68010-8 SCREW DRIVER 10PCS,2
12277,STSP110,MARBLE CUTTER STANLEY 1200W,5
12278,STSP110C,CARBON BRUSH STSP110,42
12279,STSP125,STANLEY MARBLE CUTTER STSP 125-IN 1350W,2
12280,STSP125,STANLEY MARBLE CUTTER STSP 125-IN 1350W,5
12281,STSP125B,SCREW BOLT STSP125,1
12282,STSP125BB,BEARING BLOCK STSP125,1
12283,STSP125BP,BASE PLATE STSP125 4240204005,1
12284,STSP125CB,COVER BEARING  STSP125,2
12285,STST,SUPER STEEL TRANSIT SHAFT 9T STD ,186
12286,STST,SUPER STEEL TRANSIT SHAFT 9T STD ,18
12287,STST/1,SUPER STEEL TRANSIT SHAFT 9T STD ,-6.000
12288,STST/155,SUPER STEEL TRANSIT SHAFT 9T STD ,50
12289,STST2000,STANLEY TOOLS BOX STST2000,2
12290,STST2001,STANLEY TOOL BOX STST2001,4
12291,STWS47522,STANLEY WIRE STRIP150MM 68447522,3
12292,STXH2000,STANLEY VARIABLE SPEED HEAT GUN 2000W,4
12293,SUDHEESH SERVICE CHARGE ,SUDHEESH SERVICE CHARGE ,-450.000
12294,SURIE,"SURIE GOLD 0S1-R-,01,2,3,4,5,6",-30.000
12295,SURIE,"SURIE GOLD 0S1-R-,01,2,3,4,5,6",512
12296,SURIE,"SURIE GOLD 0S1-R-,01,2,3,4,5,6",-1.000
12297,SURIE/1,SURIE GOLD 4S1-R-1,208
12298,SURIE/1,SURIE GOLD 4S1-R-1,-40.000
12299,SURIE/2,SURIE GOLD 4S1-R-2,-3.000
12300,SURIE/2,SURIE GOLD 4S1-R-2,570
12301,SURIE/2,SURIE GOLD 4S1-R-2,-13.000
12302,SURIE/3,SURIE GOLD 4S1-R-3,434
12303,SURIE/3,SURIE GOLD 4S1-R-3,160
12304,SURIE/4,SURIE GOLD 4S1-R-4,636
12305,SURIE/4,SURIE GOLD 4S1-R-4,-2.000
12306,SURIE/5,SURIE GOLD 4S1-R-5,72
12307,SURIE/5,SURIE GOLD 4S1-R-5,-1.000
12308,SV10,ACE QUICK CONNECTOR SV10,30
12309,SV15,ACE QUICK CONNECTOR SV15,9
12310,SVC,GOGGLES VALPRO CLEAR ,12
12311,SW1,NAIL WASHER,1.69
12312,SW10,SPRING WASHER ,177
12313,SW16A,ONE WAY SWITCH 16A 26119 SMART LIVON,105
12314,SW2,MS WASHER 12INC,0.48
12315,SW20A,"ONE WAY/TWO WAY SWITCH 20 A 26118,26119",133
12316,SW3070,SOLDER WIRE 307022-500G,1
12317,SW3L,UNIQ TRO SET 6*2*3 LOCK ,1
12318,SW3M,UNIQ WHEEL 6*2*3M ,-1.000
12319,SW4,MS WASHER 3*8,103
12320,SW4L,UNIQ WHEEL 6*2*4M LOCK,2
12321,SW4M,UNIQ WHEEL 6*2*4MM,3
12322,SW5050,SOLDER WIRE  505022-500G,1
12323,SW6,SPRING WASHER ,293
12324,SW6,SPRING WASHER ,93
12325,SW8,SCREW,17
12326,SW8*4L,UNIQ WHEEL 8*2*4MM LOCK ,6
12327,SW8*4L,UNIQ WHEEL 8*2*4MM LOCK ,1
12328,SW8*4M,UNIQ WHEEL 8*2*4MM ,5
12329,SW8*4M,UNIQ WHEEL 8*2*4MM ,1
12330,SW8W,SPRING WASHER 8MM,126
12331,SWC7M,SS SWING CHAIN 7MM*12 INCH ,18
12332,SWC7M,SS SWING CHAIN 7MM*12 INCH ,-3.250
12333,SWC7M,SS SWING CHAIN 7MM*12 INCH ,3
12334,SWC7MM,SS SWING CHAIN /7MMKG,2.43
12335,SWC7MM,SS SWING CHAIN /7MMKG,3.825
12336,SWC7MM,SS SWING CHAIN /7MMKG,-6.090
12337,SWC8MM,SS SWING CHAIN 8MM/KG,21.45
12338,SWGLASS,SPEED CLEAR ,3
12339,SWHS2,SWING  BEARING,-14.000
12340,SWITCHAPPU,SWITCH ALL TYPE APPU,247
12341,SWNET ,SHADE NET1.5X50 URBAN COLOUR ,22
12342,SWP2.5M,SS WIRE ROPE 2.5MM PVC COATED,1000
12343,SWP2M,SS WIRE ROPE 2MM PVC COATED ,375
12344,SXT500,SLEEK XT GLOSS 500ML ,5
12345,T SHIRT ,T SHIRT ,1
12346,T10,Taparia Screw Driver Flat 902,-1.000
12347,T100,SCREW DRIVER,-1.000
12348,T101,TAPARIA OCTAGONAL CHISEL 101,20
12349,T1046,TAPARIA FLAT CHISEL 1046,5
12350,T11,Taparia Screw Driver 712,-2.000
12351,T11/2/40*16,TOLSEN SCAFOLDING WHEEL BLACK 11/2 40*16,-2.000
12352,T1121,TAPARIA SIDE CUTTING PLIER 1121 6N,30
12353,T1122,TAPARIA SIDE CUTTING PLIER 1122,8
12354,T1170,TAPARIA ADJ.SPANNER 1170 6 INCH ,1
12355,T1171,TAPARIA ADJ.SPANNER  PH1171 8 INCH ,2
12356,T1172,TAPARIA ADJ.SPANNER PH1172 10 INCH ,1
12357,T1173,TAPARIA ADJ .SPANNER 1173 12INCH ,16
12358,T1174,TAPARIA ADJUTABLE SPANNER 1174 15 INCH ,1
12359,T1218,TAPARIA HACK SAW BLADE 1218,10
12360,T1221,TAPARIA SLIP JOINT  PLIER 1221,3
12361,T1223,TAPARIA WATER PUMP PLIER 1223,4
12362,T1225,TAPARIA WATER PUMP PLIER 1225 N,5
12363,T1226,TAPARIA  WATER PUMP PLIER 1226,2
12364,T1259,"TAPARIA 1259 C CLAMP 2""",4
12365,T1259,"TAPARIA 1259 C CLAMP 2""",3
12366,T1260,TAPARIA 1260 C CLAMP 3 INCH ,5
12367,T1260,TAPARIA 1260 C CLAMP 3 INCH ,6
12368,T1260,TAPARIA 1260 C CLAMP 3 INCH ,4
12369,T1261,TAPARIA 1261 CCLAMP 4 INCH ,8
12370,T1263,TAPARIA 1263 C CLAMP 6INCH ,2
12371,T1271,TAPARIA PIPE WRENCH  1271 200MM 8 inch ,2
12372,T1271,TAPARIA PIPE WRENCH  1271 200MM 8 inch ,10
12373,T1272,TAPARIA PIPE WRENCH 1272,5
12374,T1272,TAPARIA PIPE WRENCH 1272,2
12375,T1273,TAPARIA PIPE WRENCH  1273 300MM 12 INCH ,2
12376,T1274,TAPARIA PIPE WRENCH 1274 350MM,1
12377,T1274,TAPARIA PIPE WRENCH 1274 350MM,-1.000
12378,T1275,TAPARIA PIPE WRENCH 1275 450MM 18 INCH ,2
12379,T1275,TAPARIA PIPE WRENCH 1275 450MM 18 INCH ,-1.000
12380,T1401,TAPARIA MINI FLAT NOSE PLIER 1401,6
12381,T14206,TAPARIA LONG NOSE PLIER 1420-6,30
12382,T14208,TAPARIA LONG NOSE PLIER ECON 1420-8,12
12383,T1421,TAPARIA FLAT NOSE PLIER 1421N,8
12384,T1430,TAPARIA LONG NOSE PLIER 1430N,20
12385,T1430,TAPARIA LONG NOSE PLIER 1430N,-1.000
12386,T1430,TAPARIA LONG NOSE PLIER 1430N,-3.000
12387,T1441,TAPARIA CIRCLIP PLIER 1441,1
12388,T1441/7C,TAPARIA INTERNAL CIRCLIP PLIER 7 INCH ,37
12389,T1441/7C,TAPARIA INTERNAL CIRCLIP PLIER 7 INCH ,2
12390,T14415S,TAPARIA CIRCLIP PLIER 1441-5S,6
12391,T14415S,TAPARIA CIRCLIP PLIER 1441-5S,7
12392,T14415S,TAPARIA CIRCLIP PLIER 1441-5S,1
12393,T14419S,TAPARIA CIRCLIP PLIER 1441-9S,10
12394,T1442,TAPARIA INTERNAL CIRCLIPPLIER 1442-7C,10
12395,T1442,TAPARIA INTERNAL CIRCLIPPLIER 1442-7C,15
12396,T14429S,TAPARIA CIRCLIP PLIER BEND NOSE 1442-9S,10
12397,T1443/7C,TAPARIA CIRCLIP PLIER 7INCH EXTERNAL ,2
12398,T1443/7C,TAPARIA CIRCLIP PLIER 7INCH EXTERNAL ,22
12399,T1443/9,TAPARIA CIRCLIP PLIER 9 INCH EXTERNAL ,9
12400,T14435S,TAPARIA CIRCLIP PLIER 1443-5S,7
12401,T14435S,TAPARIA CIRCLIP PLIER 1443-5S,1
12402,T1444,TAPARIA EXTERNAL CIRCLIP -1444-7C,45
12403,T14449S,TAPARIA CIRCLIP PLIER BEND NOSE 1444-9S,10
12404,T15,TAPARIA TORX SCREW DRIVER T-15,1
12405,T15,TAPARIA TORX SCREW DRIVER T-15,-1.000
12406,T1541,TAPARIA PINCER 1541-8,10
12407,T1541,TAPARIA PINCER 1541-8,3
12408,T15456,16KG CARBON ,5
12409,T16216,TAPARIA COMBINATION PLIER 1621-6,6
12410,T16217,TAPARIA COMBINATION PLIER 1621-7,12
12411,T16217,TAPARIA COMBINATION PLIER 1621-7,7
12412,T16217,TAPARIA COMBINATION PLIER 1621-7,1
12413,T16218,TAPARIA COMBINATION PLIER 1621-8,6
12414,T16417,VICE GRIP PLIER TAPARIA 1641-7,2
12415,T16417,VICE GRIP PLIER TAPARIA 1641-7,5
12416,T1641N,VICE GRIP PLIER TAPARIA 1641-N,15
12417,T1642N,VICE GRIP PLIER TAPARIA,2
12418,T17,Taparia Screw Drivers Star -p3 85950,-4.000
12419,T1733,TAPARIA T HANDLE 1733,5
12420,T1734N,TAPARIA ANGLE HANDLE T 1734N ,9
12421,T1735,TAPARIA ANGLE HANDLE 1735,4
12422,T1735,TAPARIA ANGLE HANDLE 1735,-1.000
12423,T1736,TAPARIA ANGLE HANDLE T1736,1
12424,T1736,TAPARIA ANGLE HANDLE T1736,1
12425,T1743,EXTENTION BAR 1743 T,2
12426,T1753,TAPARIA EXTENTION BAR 1753,3
12427,T1763,TAPARIA EXTENSION BAR 10 INCH ,21
12428,T1763,TAPARIA EXTENSION BAR 10 INCH ,6
12429,T18,Taparia Screw Driver Star P38950,-5.000
12430,T18010N,TAPARIA RING SPANNER SET 18010N,5
12431,T1806,TAPARIA 1806 RING SPANNER SET 6,6
12432,T1808,RING SPANNER SET 1808 TAPARIA 8,1
12433,T1810,TAPARIA 1810 RING SPANNER SET 10,3
12434,T1812,TAPARIA 1812 RING SPANNER  SET 12,1
12435,T1884,TAPARIA CENTRAL PUNCH 1884,6
12436,T19,Taparia Screw Driver Star P5 86175,7
12437,T1986,TAPARIA CENTRAN PUNCH 1986,3
12438,T2,Taparia Adjustable Spanner Pf1170-6,-1.000
12439,T200,TAPARIA SCREW DRIVER P5861200,-2.000
12440,T200,TAPARIA SCREW DRIVER P5861200,2
12441,T200,TAPARIA SCREW DRIVER P5861200,18
12442,T200,TAPARIA SCREW DRIVER P5861200,-4.000
12443,T21,Taparia Screw Drivers Star P6 863 250,4
12444,T22,Taparia Screw Driver  Neon Bulb814gr,5
12445,T27,TAPARIA SPARE BLADE FOR UK3-UB10,30
12446,T27,TAPARIA SPARE BLADE FOR UK3-UB10,24
12447,T29,Taparia Sl 1012 Spirit Level,1
12448,T3/75*32,TOLSEN SCAFOLDING WHEEL ORANGE 3 INCH ,4
12449,T3/75*32O,TOLSEN SCAFOLDING WHEEL ORANGE BRAKE 75*32 3 INCH ,4
12450,T30,Taparia Slm 1012 Spirit Level,6
12451,T33,Taparia Nose Pliers Long1420-6,4
12452,T35,Taparia Combination Pliers1621-6,1
12453,T35,Taparia Combination Pliers1621-6,11
12454,T3510,HUSQV .TRIMMER HEAD T35 10,1
12455,T36,Taparia Combination Pliers1621-8,15
12456,T37,Taparia Wire Stripper Ws-06,8
12457,T39,Taparia Screw Driver Twoi in One905,8
12458,T4,TAPARIA WIRE CUTTER ,3
12459,T4/100*32,TOLSEN SCAFOLDING WHEEL ORANGE 100*32 4INCH ,12
12460,T4/100*32B,TOLSEN SCAFOLDING WHEELORANGE 100*32 BRAKE 4,10
12461,T4/100X27,SCAFOLDING WHEEL BINCO 4 INCH BLACK 100X27,7
12462,T4/100X27L ,SCAFOLDING WHEEL 4 INCH BLACK LOCK ,8
12463,T4/100X27L ,SCAFOLDING WHEEL 4 INCH BLACK LOCK ,24
12464,T41,TAPARIA SCREW DRIVER NEON BULB-815,2
12465,T42,Taparia Screw Driver Neon Bulb816,1
12466,T43,TAPARIA SCREW DRIVER NEON BULB-818,5
12467,T44,Taparia Screw Driver Set802,1
12468,T47*10,TONGUE 47*10MM BLADE TYPE ,4
12469,T48,Taparia Cutting Blade Diamond-dbs4,15
12470,T49,Taparia Cutting Blade Turbo Cut-dbt4,15
12471,T4H,"TIGER 4"" HAND VICE HEAVY DUTY",1
12472,T5/125X34,SCAFOLDING WHEEL BINCO BLACK 5 INCH 125X34,2
12473,T5/125X34L,SCAFOLDING WHEEL 5 INCH BLACK LOCK 125*35,-1.000
12474,T5006,TOTAL FLOOR BASED SPRAY GUN TT5006,2
12475,T54,Taparia Ske9 Snap Off Cutter,1
12476,T56,Taparia Screw Driver Flat. 825,1
12477,T57,TAPARIA SCREW DRIVER TWO IN ONE-905,8
12478,T57*11,TONGUE 57*11MM BLADE TYPE ,6
12479,T59,TAPARIA ALLENKEY BLACK K5V,4
12480,T6/150*50B,TOLSEN SCAFOLDING WHEEL BLACK BRAKE 150*50 6 INCH ,8
12481,T6/150*50R,TOLSEN SCAFOLDING WHEEL RED BRAKE 150*50 6INCH ,8
12482,T61,TAPARIA SOCKET(1/2)EXEL-HEX17,13
12483,T62,Taparia Socket Hex 14,51
12484,T63,TAPARIA ADJUSTABLE SPANNER 1172-10,1
12485,T64,TAPARIA SOCKET-T-HANDLE1733,5
12486,T65,SK 1 KNIFE TAPARIA ,20
12487,T67,TESTER 818,2
12488,T68,TESTER,2
12489,T69,SCREW DRIVER P6200,1
12490,T6L,TAPARIA TORX SCREW DRIVER  T6L,4
12491,T70,SCREW DRIVER 826T,1
12492,T7017,"9""CLIP REMOVER ",5
12493,T7017A,"12"" CLIP REMOVER ",1
12494,T71,SCREW DRIVER 713,2
12495,T712,TAPARIA FLAT SCREW DRIVER  712,2
12496,T8,Taparia Screw Driver Flat 901,-1.000
12497,T8/200*50,TOLSEN SCAFOLDING WHEEL BLACK RAKE 200*50 8INCH ,4
12498,T803,TAPARIA SCREW DRIVER 803 TWO IN ONE ,3
12499,T803,TAPARIA SCREW DRIVER 803 TWO IN ONE ,-5.000
12500,T804,TAPARIA  SCREW DRIVER NEON -804,3
12501,T804,TAPARIA  SCREW DRIVER NEON -804,2
12502,T810,TAPARIA SCREW DRIVER 810T,5
12503,T810,TAPARIA SCREW DRIVER 810T,-4.000
12504,T810,TAPARIA SCREW DRIVER 810T,-1.000
12505,T810,TAPARIA SCREW DRIVER 810T,-1.000
12506,T812,TAPARIA SCREW DRIVER T812 DOUBLE SIDE,9
12507,T812,TAPARIA SCREW DRIVER T812 DOUBLE SIDE,-1.000
12508,T813,TESTER 813 TIGER ,-7.000
12509,T813,TESTER 813 TIGER ,-19.000
12510,T814,TAPARIA TESTER 814,-4.000
12511,T814,TAPARIA TESTER 814,56
12512,T814,TAPARIA TESTER 814,-3.000
12513,T814,TAPARIA TESTER 814,-7.000
12514,T815,TAPARIA TESTER 815,3
12515,T816,TAPARIA TESTER 816,20
12516,T816,TAPARIA TESTER 816,-4.000
12517,T818,TESTER 818 TIGER ,-36.000
12518,T818,TESTER 818 TIGER ,-2.000
12519,T818,TESTER 818 TIGER ,-10.000
12520,T822,TAPARIA INSULATED SCREW DRIVER 822,1
12521,T822,TAPARIA INSULATED SCREW DRIVER 822,1
12522,T824,TAPARIA FLAT SCREW DRIVR 824,-4.000
12523,T826,TAPARIA FLAT SCREW DRIVER 826,92
12524,T826,TAPARIA FLAT SCREW DRIVER 826,-1.000
12525,T827,TAPARIA FLAT SCREW DRIVER827,151
12526,T828,SCREW DRIVER 828,78
12527,T829,TAPARIA FLAT SCREWDRIVER 829 300*8,-7.000
12528,T829,TAPARIA FLAT SCREWDRIVER 829 300*8,85
12529,T831,TAPARIA SCREW DRIVER 831,1
12530,T833,TAPARIA FLAT SCREW DRIVER 833,23
12531,T842,TAPARIA FLAT SCREW DRIVER 842,3
12532,T855,TAPARIA SCREW DRIVER 855,2
12533,T855,TAPARIA SCREW DRIVER 855,5
12534,T871,TAPARIA POKER SCREW DRIVER 871,17
12535,T9,Taparia Screw Driver Flat 913,-1.000
12536,T901,TAPARIA FLAT SCREW DRIVER 901 75X3,90
12537,T902,TAPARIA FLAT SCREW DRIVER 902,134
12538,T9031bp,TAPARIA SCREW DRIVER 2 IN 1 903 BTBP,54
12539,T903IBP,TAPARIA INSULATED SCREW DRIVER 903IBP ,-56.000
12540,T904,TAPARIA SCREW DRIVERTWO IN ONE904,-28.000
12541,T904I,TAPARIA SCREW DRIVER 904I,16
12542,T904IBT,TAPARIA SCREW DRIVER 2 IN 1 904IBTBP,5
12543,T905,SCREW DRIVER,-34.000
12544,T9051BP,TAPARIA TWO IN ONE SCREW DRIVER 21 PCS SET 9051BP,-2.000
12545,T905BP,TAPARIA TWO IN ONE SCREW DRIVER 21 PCS  C905BP,50
12546,T905BP,TAPARIA TWO IN ONE SCREW DRIVER 21 PCS  C905BP,10
12547,T907,TAPARIA TWO IN ONE SCREW DRIVER 907,2
12548,T912,TAPARIA FLAT SCREW DRIVER 912,3
12549,T912,TAPARIA FLAT SCREW DRIVER 912,-1.000
12550,T913,TAPARIA FLAT SCREW DERIVER 913,2
12551,T922,TAPARIA FLAT SCREW DRIVER 922,1
12552,T925,SCREW DRIVER,-4.000
12553,T927,TAPARIA SCREW DRIVER 927,1
12554,T930,TAPARIA FLAT SCREW DRIVER 930,25
12555,T932,TAPARIA FLAT SCREW DRIVER 932,10
12556,T933,TAPARIA FLAT SCREW DRIVER 933,10
12557,T974,SCREW DRIVER 974,2
12558,T988,WELDING ELECTRODES 12 (2.5X350MM),520
12559,T989,WELDING ELECTRODES 10 (3.15X350MM),-11.000
12560,TA,MEASURING TAPE ,1
12561,TA733,TAPARIA T HANDLE 1/4 A733,1
12562,TA743,TAPARIA EXTENTION  BAR 4 A743,10
12563,TA743,TAPARIA EXTENTION  BAR 4 A743,1
12564,TA8,TROWELS A08,2
12565,TADR,THOTTY ARIVAL DOUBLE RING ,10
12566,TADR,THOTTY ARIVAL DOUBLE RING ,-1.000
12567,taggun,allure tag gun,-4.000
12568,TAGPIN ,TAGPIN (ARROW GUN TAG ),9
12569,TAK1.5,TAPARIA T HANDLE HEX KEY TAK1.5,8
12570,TAK2,TAPARIA T HANDLE HEX KEY TAK2,8
12571,TAK2.5,TAPARIA T HANDLE HEX KEY TAK2.5,1
12572,TAK5,TAPARIA T HANDLE HEX KEY TAK5,1
12573,TAK5,TAPARIA T HANDLE HEX KEY TAK5,1
12574,TAK6,TAPARIA T HANDLE HEX KEY TAK6,5
12575,TAK8,TAPARIA T HANDLE HEX KEY TAK8,7
12576,TAKI10,TAPARIA ALLENKEY SET AKI-10 BROWN ,10
12577,TAKS,TORX ALLENKEY SET,-1.000
12578,TAM915,TORCH AUTOMATIC MULTI 915,2
12579,TAP3/4,TAP PVC 3/4 INCH ,6
12580,TAPED,IKON TAPE DISPENSER ,2
12581,TAPL,PVC TAP LONG BODY  1/2 INCH,6
12582,TAPL,PVC TAP LONG BODY  1/2 INCH,-2.000
12583,TAPS,TAP SMALL,2
12584,TARA30,BAKELITE CONECTOR 30A 5WAY,4
12585,TAT10121,TOTAL AIR RATCHET WRENCH TAT10121,4
12586,TAT121,TOTAL AIR RATCHET WRENCH TAT10121,1
12587,TAT1601,TOTAL AIR TIRE INFLATING GUN TAT11601,1
12588,TATS10,TAPARIA AVIATION SPANNER ATS10,5
12589,TATS10,TAPARIA AVIATION SPANNER ATS10,11
12590,TB.5*10,TOWER BOLT .5*10,5
12591,TB0X22PC,SOCKET SET,-1.000
12592,TB0X22PC,SOCKET SET,29
12593,TB12,TAPARIA TOOL BAG 12 INCH TB12,6
12594,TB18,TAPARIA TOOL BAG 18 INCH TB18,2
12595,TB5*6,TOWER BOLT  5*6,9
12596,TB5/8*10,TOWER BOLT 5/8*10,-2.000
12597,TB5/8*14,TOWER BOLT 5/8*14,8
12598,TB8,TROWELS B08,4
12599,TBAR6F,"ATCO-T BAR CRAMP STEEL CASTED 2.5"" TEE6",1
12600,TBC12,TAPARIA BOLT CUTTER BC-12,1
12601,TBC18,TAPARIA BOLT CUTTER BC-18,1
12602,TBC24,TAPARIA BOLT CUTTER BC-24,-1.000
12603,TBC6,"TOLSEN BENCHWISE 6""",1
12604,TBG1505,TOTAL BENCH GRINDER TBG15015,1
12605,TBG35020,TOTAL BENCH GRINDER TBG35020,-1.000
12606,TBING,IBELL T BEARING ,1
12607,TBK07,SAFTY SHOE POWER BK 07 INCH ,1
12608,TBK08,TOLSEN SAFTY SHOE POWER BK 08 INCH ,4
12609,TBK09,TOLSEN SAFTY SHOE POWER BK 09,1
12610,TBK09,TOLSEN SAFTY SHOE POWER BK 09,1
12611,TBK10,TOLSEN SAFTY SHOE POWER BK -10,1
12612,TBK10,TOLSEN SAFTY SHOE POWER BK -10,1
12613,TBK10,TOLSEN SAFTY SHOE POWER BK -10,-1.000
12614,TBL2151,TBLI12151 LITHIUM ION BATTERY PACK,2
12615,TBL2151,TBLI12151 LITHIUM ION BATTERY PACK,3
12616,TBN06,TAPARIA BEND NOSE PLIER  BN06,15
12617,TBN08,TAPARIA BEND NOSE PLIER BN08,10
12618,TBN08,TAPARIA BEND NOSE PLIER BN08,4
12619,TBP303,TAPARIA GEAR PULLER BP303,1
12620,TBP304,TAPARIA GEAR PULLER BP 304,1
12621,TBP306,TAPARIA GEAR PULLER BP306,2
12622,TBR,THRUST BALL BEARING ,1
12623,TBS1/2*88,T BOLT SET 1/2 *88MM,648
12624,TC06,TROWELS C06,3
12625,TC08,TROWELS C08,4
12626,TC16,TIGER SAW CHAIN 16 INCH +,21
12627,TC160B,TUBE CUTTER 1/8 TO 11/4 DAYTON ,7
12628,TC1R,RENTAL TILE CUTTER,142
12629,TC4,TROWELS C04,3
12630,TC5,TROWELS C05,2
12631,TC6,THIN CUTTER 6,1
12632,TC8,THIN CUTTER 8 INCH ,1
12633,TC806,THREAD CUTTER TC806,1
12634,TC9,TIGER COVER 9 '',14
12635,TC904BP,TAPARIA TWO IN ONE SCREWDRIVER 21 PCS SET C904BP,20
12636,TC905BP,TAPARIA TWO IN ONE SCREW DRIVER  21PCS SET ,-8.000
12637,TCC06,TAPARIA CABLE CUTTER  CC06,4
12638,TCC06,TAPARIA CABLE CUTTER  CC06,-2.000
12639,TCC08,TAPARIA CABLE CUTTER 8 INCH ,30
12640,TCC10,TAPARIA CABLE CUTTER CC10,7
12641,TCC10,TAPARIA CABLE CUTTER CC10,10
12642,TCH340,TAPARIA CLAW HAMMER  CH340,6
12643,TCH340,TAPARIA CLAW HAMMER  CH340,4
12644,TCH450,TAPARIA CLAW HAMMER  CLH450,-1.000
12645,TCHR,TILE CUTTER.PEN TYPE,1
12646,TCLH450,TAPARIA CLAW HAMMER CLH450,5
12647,TCLH450,TAPARIA CLAW HAMMER CLH450,2
12648,TCLRS,TAPARIA CHULK LINE REEL SET CLRS,18
12649,TCLRS,TAPARIA CHULK LINE REEL SET CLRS,-1.000
12650,TCMS,CHIRAVA,-1.000
12651,TCMS,CHIRAVA,-1.000
12652,TCMS,CHIRAVA,-3.000
12653,TCMS/ST,CHIRAVA  SCREW TYPE ,2
12654,TCP,TAP CONNECTER PUMPKIN ,-1.000
12655,TCS,TREE CLIMBING SPIKE ,8
12656,TCS08,TAPARIA TIN CUTTER WITH SPRING TCS08,8
12657,TCS10,TAPARIA COMBINATION SPANNER CS10,8
12658,TCS12,TAPARIA COMBINATION SPANNER 12MM CS12,-1.000
12659,TCS13,TAPARIA COMBINATION SPANNER 13MM TCS13,84
12660,TCS13,TAPARIA COMBINATION SPANNER 13MM TCS13,3
12661,TCS14,TAPARIA COMBINATION SPANNER 14MM TCS14,9
12662,TCS14HXL,SOCKET SET TAPARIA CS14HXL  ,2
12663,TCS15,TAPARIA COMBINATION SPANNER CS15,19
12664,TCS15HXL,SOCKET SET CS15HXL-HEXA TAPARIA ,2
12665,TCS16,TAPARIA COMBINATION SPANNER 16MM,14
12666,TCS16,TAPARIA COMBINATION SPANNER 16MM,15
12667,TCS17,TAPARIA COMBINATION SPANNER 17MM,16
12668,TCS17,TAPARIA COMBINATION SPANNER 17MM,19
12669,TCS18,TAPARIA COMBINATION SPANNER 18,14
12670,TCS19,TAPARIA COMBINATION SPANNER 19,7
12671,TCS19,TAPARIA COMBINATION SPANNER 19,-4.000
12672,TCS20,TAPARIA COMBINATION SPANNER 20MM ,8
12673,TCS22,TAPARIA COMBINATION SPANNER 22,7
12674,TCS22HXL,TAPARIA SOCKET SET CS22 HXL,1
12675,TCS22HXL,TAPARIA SOCKET SET CS22 HXL,7
12676,TCS31HXL,SOCKET SET 12.7MM TAPARIA CS31HXL ,1
12677,TCS8,TAPARIA COMBINATION SPANNER 8MM,25
12678,TCSS12,COMBINATION SPANNER SET TAPARIA CSS12,3
12679,TCSS25,TAPARIA COMBINATION SPANNER SET ,2
12680,TCSS25,TAPARIA COMBINATION SPANNER SET ,1
12681,TCSS6,COMBINATION SPANNER SET TAPARIA  CSS6,-1.500
12682,TCSS6,COMBINATION SPANNER SET TAPARIA  CSS6,1
12683,TCSS6,COMBINATION SPANNER SET TAPARIA  CSS6,-1.000
12684,TCSS8, COMBINATION SPANNER SET TAPARIA  CSS8,4
12685,TCT10*100EY,TCT SAW BLADE 10*110 KANVEE     (ECONOMY)            ,5
12686,TCT10*100X,TCT ALUMINIUM SAW BLADE 10*100 XTRAPOWER,2
12687,TCT10*110TK,TCT BLADE 10*100T KOMAL ,25
12688,TCT10*40,BLADE TCT10*40T,1
12689,TCT110*30,"BULLET 3""SAW BLADE 30T",4
12690,TCT110*30T,K2 WOOD CUTTING 110*30T,10
12691,TCT12*100W,ALUMINIUM CUTTING BLADE SAW,1
12692,TCT12*60W,ALUMINIUM CUTTING BLADE ,1
12693,TCT125*40T,K2 WOOD CUTTING 125*40 T ,9
12694,TCT125*40T,K2 WOOD CUTTING 125*40 T ,29
12695,TCT14X120,BLADE  TCT14X120,1
12696,TCT16,TCT HOLESAW 16MM B,6
12697,TCT18,METAL HOLE SAW 18,1
12698,TCT22,TCT HOLESAW 22MM B,3
12699,TCT28,TCT HOLESAW 28MM SS,-2.000
12700,TCT3523,TAC233523 TCT SAW BLADE FOR ALUMINIUM,1
12701,TCT7*40T, BULL GOLD BLADE TCT 7*40T,45
12702,TCT8*60T,TCT8*60 BULL BLADE ,5
12703,TCTB1805,TAPARIA TOOL BOX CTB1805,-1.000
12704,TCTR06,TAPARIA CRIMPING TOOL CTR06,1
12705,TCTS430,TAPARIA TCT WOOD CUTTING BLADE TCTS430,7
12706,TCTY,PLANNER BLADE YELLOW,3
12707,TD1/2/10,TAT DEEP SOKET SET 10PCS 1/2 INCH ,1
12708,TDB105*10,k2 tURBO GRANITE BLADE 110*10,10
12709,TDEP10,TAPARIA DOUBLE ND SPANNER SET DEP10,2
12710,TDEP12,TAPARIA DOUBLE SPANNER SET DEP12,4
12711,TDEP6,TAPARIA DOUBLE END SPANNER SET  DEP6,1
12712,TDEP6,TAPARIA DOUBLE END SPANNER SET  DEP6,2
12713,TDEP6,TAPARIA DOUBLE END SPANNER SET  DEP6,-1.000
12714,TDEP8,TAPARIA DOUBLE END SPANNER SET DEP8,-1.000
12715,TDEP8,TAPARIA DOUBLE END SPANNER SET DEP8,2
12716,TDLI1211,TOTAL LI-ION  CORDLESS DRILL  TDL11211,2
12717,TE6,TROWELS  E06,3
12718,TEFLON,TEFLON,168
12719,TEFLON,TEFLON,-39.000
12720,TEFLON/1,TEFLON ,-13.000
12721,TEFLON3/4,TEFLON TAPE 3/4 INCH YELLOW ,24
12722,TEL3/4X3/4,L BOW ,5
12723,TELESCOPIC THOTTI ,TELESCOPIC THOTTI ,19
12724,TENT 20*20 ,TENT 20*20 ,1
12725,TET,TROWELS E T,2
12726,TET1406,TET1406ELECTRIC SOLDERING IORN,1
12727,TET1606,TET1606 ELECTRIC SOLDERING IRON ,1
12728,TF1501,TF2041501ROTTARY SANDER,1
12729,TF1503,TOTAL MINI HACKSAW FRAME THMHF1503,-1.000
12730,TF1504,MINI HACK SAW FRAME THMHF1504,-1.000
12731,TF230,HUSQVARNA WEEDER TF230  WITH WHEEL KIT ,1
12732,TF545,HUSQVARNA WEEDER TF 545 ,1
12733,TF6,TROWELS F06,1
12734,TF8,TROWELS F08,-1.000
12735,TFB2001,TOTAL BATTERY TFBLI20011,1
12736,TFB2001,TOTAL BATTERY TFBLI20011,1
12737,TFB2001,TOTAL BATTERY TFBLI20011,2
12738,TFB20021,TOTAL BATTERY TFBLI20021,9
12739,TFBC,TROLLY SET FOR BRUSHCUTTER,6
12740,TFBC,TROLLY SET FOR BRUSHCUTTER,-1.000
12741,TFC20411,TOTAL CHARGER TFCLI20411,2
12742,TFCLI2001,FAST INTELLIGENT CHARGER TFCLI2001,-2.000
12743,TFHSA500,TAPARIA FIBER GLASS HANDLE STEEL AXE FHSA500,5
12744,TFL100,FOAM LANCE TEL100,10
12745,TFL302,FOAM LANCE TFL302,8
12746,TFL308,FOAM LANCE TFL308,2
12747,TG10056,TOTAL ANGLE GRINDER TG10710056,12
12748,TG103621,GRINDER CARBON ,2
12749,TG1071,TOTAL SPARE PARTS CARBON BRUSH  TG1071,10
12750,TG10710,TOTAL SPARE STATOR  TG10710,1
12751,TG11266,TGT11266-SP-INLET VALVE,6
12752,TG12,CHAINSAW CHAIN 12 INCH ,14
12753,TG1206,WIND BAFFLE  TG1252306 -SP -33,1
12754,TG121006,SPARE TENSION SPRING  TG1121006,1
12755,TG150,GREASE TUBE 150,2
12756,TG1506,TOTAL SLOTTED SCREW DRIVER  THGS61506,2
12757,TG160,TORQUE GREASE 160GM,-2.000
12758,TG21006,TG1121006 SP-33 BRUSH HOLDER COVER,42
12759,TG22,TEXTURE GUN ,-1.000
12760,TG22,TEXTURE GUN ,1
12761,TG5,ROFF NCA 5KG,5
12762,TG500,GREASE,-1.000
12763,TG70B,SWITCH TG70B FOR LS1040651923-1,1
12764,TG70B,SWITCH TG70B FOR LS1040651923-1,2
12765,TG801,TOUGH PLUSANGLE GRINDER 4 850W/ TG801,1
12766,TG8136,TG108136 SP-22,1
12767,TG8136SS,TOTAL SPARE SUPPORTER TG108136-SP-10,1
12768,TGCB1.6,TIG COLLET BODY SIZE 1.6MM,10
12769,TGCB2.4,TIG COLLET BODY SIZE 2.4MM,7
12770,TGGL20,TAPARIA GREESE GUN 200CC GGL20CC,4
12771,TGGL30,TAPARIA GREESE GUN 300 CC GGL30C,2
12772,TGGL30,TAPARIA GREESE GUN 300 CC GGL30C,-1.000
12773,TGH60,TIGER GATE HOOK SS ORD 212 INC,41
12774,TGM04,BENCH VICE 100MM BVSGM04 TAPARIA,-1.000
12775,TGMT,TANK GROMMET ,6
12776,TGMT,TANK GROMMET ,4
12777,TGS,TIG GLOVES  WALT ENT.,23
12778,TGS,TIG GLOVES  WALT ENT.,-1.500
12779,TGSP30,SPARE SEALING TGT11226-SP-30,10
12780,TGSP32,BEARING SLEEVE  TG1252306 SP -32,1
12781,TGSP39,CARBON TG1252306-SP-39,8
12782,TGSP41,SPARE SWITCH  TG1121006 SP-41,1
12783,TGT11226,TGT11226/11356-OIL SEAL,9
12784,TGT11266,TGT11266-SP-PA PLUNGER ASSEMBLY,15
12785,TGT1266OS,TGT11266 SP E 17 OIL SEAL ,10
12786,TGT1266WS,TGT11266 WATER SEAL ,10
12787,TGT21006,TOOLS SPARE STATOR  TG1121006,1
12788,TGT226P,SPARE TGT11226 PISTON ASSY ,4
12789,TGT2556,TOTAL ANGLE GRINDER TG10912556 900W,2
12790,TGT5565,TOTAL ANGLE GRINDER 900W TG109125565,3
12791,TGT6161,TOTAL ELECTRIC LAWN MOVER TGT616151,1
12792,TH0286O,TOTALSPARE O RING TH110286-SP27,4
12793,TH11266,TGT11266 SP-OUTLET VALVE,12
12794,TH2130,TH213006-SP-25 TOTAL SPARE PISTON ,2
12795,TH240B,TRIMMER HEAD 240 BIG PLASTIC ,1
12796,TH286CR,TH110286 CONNECTING ROD ,2
12797,th3006,Th213006 sp-60 carbon brush,3
12798,TH30226,HAMMER DRILL CARBON ,2
12799,TH3111OR,TH1153216 SP-15 XRING /ORING ,3
12800,TH35,HUSQ.TRIMMER HEAD T35 M121-578446401,7
12801,TH4506,SCREW DRILL CARBON ,3
12802,TH5326XR,TOTAL SPARE X RING TH115326 SP-13,3
12803,TH5456,TH215456 SP-70 BRUSH ,1
12804,TH7,TROWELS H07,5
12805,TH8,TROWELS H08,100
12806,TH8,TROWELS H08,4
12807,TH904,TAPARIA HEXANGONAL SCREW DRIVER  H904,6
12808,THARAC,CABLE CONNECTER ,50
12809,THAT,TRIMMER HEAD ALLENKEY TYPE ,-3.000
12810,THAT,TRIMMER HEAD ALLENKEY TYPE ,7
12811,THB1224,TAPARIA HACK SAW BLADE HBHC1224,2
12812,THBB1224,TAPARIA HACK SAW BLADE HBB1224,20
12813,THBJ10,TAPARIA HYDRAULIC BOTTLE JACK HBJ10,1
12814,THBJ3,TAPARIA  HYDRAULIC BOTTLE JACK 3 TON TAPARIA HBJ3,3
12815,THCT,TRIMMER HEAD CHAIN TYPE ,7
12816,THCYT,TRIMMER HEAD CYLINDER TYPE ,-3.000
12817,THEPPU PALAKA ,THEPPU PALAKA ,5
12818,THFT,TRIMMER HEAD FLAT TYPE ,3
12819,THFTT858,TOTAL TROWEL THFTT858,1
12820,THHT,TRIMMER HEAD HEX TYPE ,4
12821,THJS3012,TOTAL JACKY STAND THJS03012,1
12822,THNARC200,E THOSHON ARC WELDING 200MOSFET (HEAVY),1
12823,THOTTI15,THOTTY 15 FEET ,-1.000
12824,THOTTIKB,THOTTI  NO 1 PLKD  KARUNAGAPPILLY,2
12825,THOTTIKM,THOTTI,1
12826,THOTTIKS,THOTTI KS,-4.000
12827,THPS23,TOTAL PLASTIC 3ROTATORY SPRINKER THPS23602,2
12828,THRB,TRIMMER HEAD RED+BLACK ,1
12829,THREAD ,P VC THREAD CHAKKU ,9
12830,THREAD BEARING ,THREAD BEARING ,1
12831,THSCR,TOTAL SCISSORS THSCRS812801,-3.000
12832,THSCR51,TOTAL KITCHEN SCISSORS THSCRS822251,4
12833,THT0601,TOTAL TOOLS  PRUNING SAW THT0601,2
12834,THT109302,TOTAL TOOLS HYDRAULIC BOTTLE JACK THT109302,1
12835,THT1271,TOTAL 27 PCS 1/4 INCH SOCKET SET THT141271,1
12836,THT1301,TOTAL GLASS CUTTER THT561301,1
12837,THT1301,TOTAL GLASS CUTTER THT561301,-1.000
12838,THT15308,TOTAL TOOLS PRUNING SAWTHT15308,1
12839,THT1826,TOTAL SNAP KNIFE  BLADE THT511826,1
12840,THT210,TOTAL 200M PLIER THT210806,4
12841,THT210,TOTAL 200M PLIER THT210806,-5.000
12842,THT2130,TH213006 SP-26/27 TOTAL SPARE NEEDLE BEARING ,1
12843,THT2146,TOTAL SLOTTED SCREW DRIVER THTDC2146,-5.000
12844,THT2891,RABIT PLIER  THT2891,1
12845,THT3161,TOTAL G CLAMP THT13161,1
12846,THT3210,THT32108S HAND RIVERTER ,-1.000
12847,THT32101,TOTAL HAND RIVERTER  THT32101,1
12848,THT4211,TOTAL COLD CHISEL THT4211026,1
12849,THT53422,PVC PIPECUTTER,16
12850,THT53422,PVC PIPECUTTER,-1.000
12851,THT6166,BENCH VICE 6INCH THT6166,1
12852,THT618,TOTAL SCREW DRIVER SET 18 PCS THT250618,-1.000
12853,THT906,TOTAL KNIFE BLADE THT5110906,-8.000
12854,THT906,TOTAL KNIFE BLADE THT5110906,-16.000
12855,THT906,TOTAL KNIFE BLADE THT5110906,36
12856,THT916,TOTAL KNIFE BLADE THT5110916,-1.000
12857,THTJ2,TAPARIA HYDRAULIC TROLLEY JACK 2 T ON HTJ2,1
12858,THTJ3,TAPARIA HYDRAULIC TROLLY JACK 3 T ON HT J3,1
12859,THWS0301,TOTAL TOOL PLASTIC TRIGGER NOZZLE THWS010301,3
12860,THWS0301,TOTAL TOOL PLASTIC TRIGGER NOZZLE THWS010301,-3.000
12861,TIA,ROLLER,2
12862,TIGC,SHORT CAP WELCRAFT,10
12863,TIGNC8,TYRE INFLATOR TIG-NC8,9
12864,TILE LEVELER ,TILE LEVELER ,1
12865,TINNER1,SHEENLAC NC THINNER 1LTR ,19
12866,TINNER1,SHEENLAC NC THINNER 1LTR ,1
12867,TINNER1,SHEENLAC NC THINNER 1LTR ,-6.000
12868,TINNER500,SHEENLAC  NC  THINNER K3X500ML,4
12869,TINNER500,SHEENLAC  NC  THINNER K3X500ML,-20.000
12870,TIP25,PRESSURE WASHER NOZZLE TIP 25 GREEN,-10.000
12871,TIW10101,TOTAL TOOLS IMPACT WRENCH TIW10101,1
12872,TIWLI2001,TOTAL LITHIUM IMPACT WRENCH TIWLI2001,2
12873,TJ5,TROWELS J05,1
12874,TJ7,TROWELS J07,4
12875,TJA,TROWELS  J04,3
12876,TK18888,9PCS NUT RUNNER SET ,3
12877,TK4,TROWELS K04,2
12878,TK5,TROWELS  K05,3
12879,TK6,TROWELS K06,3
12880,TK7,TROWELS J07,3
12881,TK8,TROWELS K08,3
12882,TKBHM9L,ALLENKEY LONG BALL SET TAPARIA KBHM9L,2
12883,TKBHM9X,TAPARIA LONG ALLENKEY  BALL POINT SET KBHM9X,1
12884,TKHI10V,ALLENKEY SET BLACK FINISH  TAPARIA KHI10V,3
12885,TKHM9V,TAPARIA ALLENKEY KHM9V,2
12886,TKS,TYRE KOTTA SMALL,1
12887,TKTH8S,TAPARIA TOREX KEY SET KTH8S,1
12888,TL1.5LB,SLEDGE HAMMER 1.5 SRI,-2.000
12889,TL10LB,SLEDGE HAMMER  10LB SRI,1
12890,TL10ML,ANABOND THREAD LOCKER 10ML,19
12891,TL10ML,ANABOND THREAD LOCKER 10ML,-1.000
12892,TL12LB,SLEDGE HAMMER  12LB SRI ,2
12893,TL15M,TRIMMER WIRE 3.5X15,19
12894,TL15X3MM,K-HIWALT TRIMMER LINE 15 MTR 3MM,1
12895,TL16LB,SLEDGE HAMMER  16 LB SRI,1
12896,TL18LB,SLEDGE HAMMER 18LB SRI,2
12897,TL1LB,SLEDGE HAMMER 1 LB SRI,2
12898,TL2.5LB,SLEDGE HAMMER  2.5LB SRI,2
12899,TL2.5X3.2MM,K-HIWALT TRIMMER LINE 2.5KG,-0.600
12900,TL2.5X3MM,K-HIWALT TRIMMER LINE 2.5KG ,-0.200
12901,TL20,TYRE LEVER 20 INCH ,4
12902,TL20LB,SLEDGE HAMMER 20LB SRI,-1.000
12903,TL21H,TAPARIA DEEP SOCKET L21H,5
12904,TL24,TYRE LEVER 24 INCH ,4
12905,TL25M,3MMX25MTR BRUSH CUTTER WIRE,1.79
12906,TL2LB,SLEDGE HAMMER 2LB SRI,-7.000
12907,TL3.5*15SQ,TRIMMER LINE 3.5MM SQUARE 15MTR,162
12908,TL3.5*15SQ,TRIMMER LINE 3.5MM SQUARE 15MTR,-2.000
12909,TL3.5*2SQR,TRIMMER LINE 3.5MM SQUARE 2 KG ,-2.640
12910,TL3.5M,TRIMMER LINE 3.5MM ROUD 50 MTR,119
12911,TL3.5M,TRIMMER LINE 3.5MM ROUD 50 MTR,-3.000
12912,TL3.5M,TRIMMER LINE 3.5MM ROUD 50 MTR,-3.000
12913,TL3.5M/1LKG,TRIMMER LINE 3.5MM RAJ AGRO ,54
12914,TL3.5M/1LKG,TRIMMER LINE 3.5MM RAJ AGRO ,-1.000
12915,TL3.5XSQR,TRIMMER LINE 3.5MM SQUARE  50 MTR ,35
12916,TL3.5XSQR,TRIMMER LINE 3.5MM SQUARE  50 MTR ,11
12917,TL3.5XSQR,TRIMMER LINE 3.5MM SQUARE  50 MTR ,11
12918,TL3.5XSQR,TRIMMER LINE 3.5MM SQUARE  50 MTR ,-4.000
12919,TL33G,ANABOND GASKET MARKER RED 33G,5
12920,TL3LB,SLEDGE HAMMER  3LB SRI,3
12921,TL40M,PVC LINEDHOORI 40 MTR,1
12922,TL40X3.2MM,K- HIWALT TRIMMER LINE 40 MTR,1
12923,TL4LB,SLEDGE HAMMER  4LB SRI,-1.000
12924,TL4ML,ANABOND THREAD LOCKER 4 ML,-2.100
12925,TL4MM,TRIMMER LINE 4MM  RAJ AGRO ,12.5
12926,TL4MM,TRIMMER LINE 4MM  RAJ AGRO ,1.04
12927,TL50ML,THREAD LOCKES,6
12928,TL5LB,SLEDGE HAMMER 5LB SRI,3
12929,TL6LB,SLEDGE HAMMER 6LB SRI,12
12930,TLB040,TOMAHAWK CORDLESS  LEAF BLOWER  TLB040,1
12931,TLS,TERMINAL LUG SMALL 25PC,17
12932,TM5,TROWELS M05,2
12933,TM6,TROWELS M06,2
12934,TM7,TROWELS M07,5
12935,TM8,TROWELS M08,4
12936,TMC,TRIMMER COLLET ,95
12937,TMDT81,TAPARIA SCREW DRIVER MDT-81,-1.000
12938,TMDT81,TAPARIA SCREW DRIVER MDT-81,-3.000
12939,TMDT81,TAPARIA SCREW DRIVER MDT-81,6
12940,TMDT82,TAPARIA SCREW DRIVER MDTN-82,3
12941,TMSH32,TAPARIA HOLESAW 32MM,3
12942,TO100,SCREW DRIVER FRAAMANS TO100,1
12943,TO150,SCREW DRIVER FREEMANS TO150,4
12944,TO200,SCREW DRIVER FREEMANS TO200,2
12945,TO250,SCREW DRIVER FREEMANS TO250,-4.000
12946,TOC12,OIL CAN TAPARIA OC12,7
12947,TOC14,TAPARIA OIL CAN OC14,6
12948,TOC14,TAPARIA OIL CAN OC14,-2.000
12949,TOGS1200,TAPARIA STRIKING SCREW DRIVER OGS 1200,2
12950,TOME SERVICE CHARGE ,TOM SERVICE CHARGE ,-654.000
12951,TOTAL  GENERATOR 7 KV ,TOTAL GENERATOR 7 KV ,1
12952,TOTAL PRESSURE WASHER SWITCH ,TOTAL PRESSURE WASHER SWITCH ,1
12953,TP,TROWEL PVC,5
12954,TP1,TARPAULIN  120  GSM BLUE15X12,2
12955,TP1,TARPAULIN  120  GSM BLUE15X12,-8.000
12956,TP1/,TARPAULIN  120  GSM BLUE15X12,6
12957,TP11,SILPAULIN STAR TARPAULIN 200 GSM  21*15,1
12958,TP11/,SILPAULIN STAR TARPAULIN 200 GSM  21*15,1
12959,TP12*12,TARPA 12*12 90GSM,10
12960,TP12*12/120,TARPA 12*12 120GSM,5
12961,TP12*12/120S,TARPA 12*12120GSM SILPAULIN STAR,11
12962,TP12*9/120,TARPA 12*9 120GSM SILPAULIN STAR,-6.000
12963,TP12*9/120S,TARPA 12*9 120GSM SILPAULIN STAR,42
12964,TP12*9/90,TARPA 12*9 90GSM SILPAULIN STAR,-1.000
12965,TP12*9/90,TARPA 12*9 90GSM SILPAULIN STAR,14
12966,TP15*12,TARPA 15*12 90 GSM ,4
12967,TP15*12/120,TARPA 15*12 120GSM SILPAULIN STAR,-1.000
12968,TP15*12/120,TARPA 15*12 120GSM SILPAULIN STAR,5
12969,TP15*12/120S,TARPA 15*12 120GSM SILPAULIN STAR,2
12970,TP15*12/S,TARPA 15*12 90 GSM ,5
12971,TP15*9/120,TARPA 15*9 120GSM SILPAULIN STAR,26
12972,TP15*9/120S ,TARPA 15*9 120GSM SILPAULIN STAR,-10.000
12973,TP150,TAPARIA PHILIPPS SCREW DRIVER P5 861 150,15
12974,TP18*12/120,TARPA 18*12 120GSM SILPAULIN STAR,-1.000
12975,TP18*12/120S,TARPA 18*12 120GSM SILPAULIN STAR,30
12976,TP18*12/200S,TARPA 18*12 200GSM SILPAULIN STAR,-6.000
12977,TP18*15,TARPA 18*15 90 GSM ,1
12978,TP18*15/120,TARPA 18*15 120GSM SILPAULIN STAR,1
12979,TP18*15/150S,TARPA 18*15 150GSM SILPAULIN STAR,4
12980,TP18*15/S,TARPA 18*15 90 GSM ,2
12981,TP2,TARPAULIN 120GSM BLUE-18*12,1
12982,TP2,TARPAULIN 120GSM BLUE-18*12,-1.000
12983,TP2/,TARPAULIN 120GSM BLUE-18*12,2
12984,TP2/1,SILPAULIN  STAR TARPAULIN  18*15 120GSM ,18
12985,TP2/200,SILPAULIN STAR TARPAULIN -200GSM 18*12,11
12986,TP2/200,SILPAULIN STAR TARPAULIN -200GSM 18*12,-6.000
12987,TP2/200G,SILPAULIN STAR TARPAULIN -200GSM 18*12,2
12988,TP21*18/150,TARPA 21*18  150 GSM ,1
12989,TP24*12,TARPA 24*12 120 GST,2
12990,TP24*15,TARPA 24*15 120 GSM ,2
12991,TP24*18/120,TARPA 24*18 120GSM SILPAULIN STAR,3
12992,TP24*18/120S,TARPA 24*18 120GSM SILPAULIN STAR,20
12993,TP24*18/200,TARPA 24*18 200GSM SILPAULIN STAR,1
12994,TP24*18/200S,TARPA 24*18 200GSM SILPAULIN STAR,-1.000
12995,TP24*21/120,TARPA 24*21 120GSM SILPAULIN STAR,3
12996,TP24*21/120S,TARPA 24*21 120GSM SILPAULIN STAR,12
12997,TP24*21/150,TARPA 24*21 150 GSM ,1
12998,TP24*21/150S,TARPA 24*21 150GSM SILPAULIN STAR,2
12999,TP24*21/200S,TARPA 24*21200GSM SILPAULIN STAR,1
13000,TP3.,TARPAULIN 120 GSM BLUE18*15,2
13001,TP3/200,SILPAULIN STAR TARPAULIN 200GSM 18*15,6
13002,TP3/200,SILPAULIN STAR TARPAULIN 200GSM 18*15,-2.000
13003,TP3101,TOTAL WATER PUMP  TP3101,-1.000
13004,TP3250,TAPARIA PHILIPS SCREW DRIVER P8863 250,1
13005,TP3302S,SPARE ENGINE SWITCH TP3302,3
13006,TP385,TAPARIA  SCREW DRIVER P 3859 50,43
13007,TP3G,TARPAULIN  120  GSM BLUE18*15,2
13008,TP4,TARPAULIN 200GSM BLUE 24*18,3
13009,TP4,TARPAULIN 200GSM BLUE 24*18,1
13010,TP4/1,SILPAULIN STAR TARPAULIN 200GSM 24*18,3
13011,TP4/120,TARPAULIN 120GSM BLUE 24*18,1
13012,TP4/120,TARPAULIN 120GSM BLUE 24*18,-3.000
13013,TP5,TARPAULIN 120 GSM BLUM15*9,-6.000
13014,TP5/,TARPAULIN 120 GSM BLUM15*9,7
13015,TP6,TARPAULIN 120GSM BLUE  9*9,1
13016,TP6,TARPAULIN 120GSM BLUE  9*9,3
13017,TP6*6/S,TARPA 6*6 90 GSM,30
13018,TP7/,TARPAULIN 120GSM BULE 12*9,4
13019,TP8,TARPAULIN 200 GSM BLUE-24*21,1
13020,TP8,TARPAULIN 200 GSM BLUE-24*21,-1.000
13021,TP8/1,SILPAULIN STAR TARPAULIN 200GSM 24*21,2
13022,TP8/120,TARPOLIN 24*21  120 GSM ,2
13023,TP805,TAPARIA TWO IN ONE 805,-1.000
13024,TP810,TAPARIA 810 TWO IN ONE SCREW DRIVER ,-5.000
13025,TP813,TAPARIA TESTER T813,5
13026,TP813,TAPARIA TESTER T813,17
13027,TP818,TAPARIA TESTER T818,77
13028,TP818,TAPARIA TESTER T818,20
13029,TP818,TAPARIA TESTER T818,-17.000
13030,TP863,TAPARIA SCREW DRIVER P863,-6.000
13031,TP886,TAPARIA PHILIPS SCREW DRIVER P8 863 150,12
13032,TP9,SILPAULIN STAR TARPAULIN -200 GSM BLUE 27*24,1
13033,TP9*6,TARPA 9*6 90 GSM,8
13034,TP9*6/90,TARPA 9*6 90GSM SILPAULIN STAR,-1.000
13035,TP9*6/90,TARPA 9*6 90GSM SILPAULIN STAR,22
13036,TP9*9/90,TARPA 9*9 90GSM SILPAULIN STAR,14
13037,TP904,TAPARIA SCREW DRIVER 2 IN 1904,1
13038,TP905,TAPARIA SCREW DRIVER 2 IN 1 9051,1
13039,TP9G,SILPAULIN STAR TARPAULIN -200 GSM BLUE 27*24,1
13040,TPC42,TAPARIA PVC CUTTER PC42,13
13041,TPFB02,FLEXIBLE PRESSURE GUAGE TPFB02,10
13042,TPGCS88C,TOPPER CHAINSAW 88CC 18 INCH ,2
13043,TPGCS88C,TOPPER CHAINSAW 88CC 18 INCH ,1
13044,TPHS,TROWEL PVC HANDLE SMALL ,3
13045,TPK,THEPPU PALAKA ,10
13046,TPK/1,THEPPU PALAKA ,5
13047,TPK6/K,THEPPUPALAKA NO -6,6
13048,TPK7,THEPPU PALAKA ,5
13049,TPK7/K,THEPPUPALAKA NO 7 KARUNAGAPPILLY ,48
13050,TPK7/T,THEPPU PLALAKA THEAK 7,5
13051,TPK8,THEPPU PALAKA,10
13052,TPN,TURPOLIN TAP 2',14
13053,TPN/1,TAPE TURPALIN 2 INCH HEAVY  50 MTR ,30
13054,TPN/1,TAPE TURPALIN 2 INCH HEAVY  50 MTR ,16
13055,TPN/25,TURPPAULIN TAPE 2 INCH 25 MTR BLACK /BLUE ,40
13056,TPN/3,SILPAULIN TAPE  3INCH  BLUE ,-8.000
13057,TPN/40,TARPAULIN TAPE 2 INCH 40 MTR ,7
13058,TPN/40,TARPAULIN TAPE 2 INCH 40 MTR ,24
13059,TPNB,GREY TAPE 2INCH BIG,-1.000
13060,TPNS,GREY TAP  2INCH SMALL 20 MTR ,39
13061,TPNS,GREY TAP  2INCH SMALL 20 MTR ,2
13062,TPSDS10*20,PATTA SELF DRILLING SCREW 10*20 TING TONG ,10000
13063,TPSFP6,TAPARIA PRECISION SCREWDRIVER SET PSFP6,3
13064,TPSL9I,SPIRIT LEVEL 9 INCH TORPIDO  L,1
13065,TPSP,TROWEL SANDING,6
13066,TPTB13,TAPARIA PLASTIC TOOL BOX PTB13,1
13067,TPTJ02,TWIN TYRE PRESSURE GUAGE ,8
13068,TPTJ02,TWIN TYRE PRESSURE GUAGE ,10
13069,TPW,TOIN WHITE  COTTON,-4.000
13070,TPW,TOIN WHITE  COTTON,2
13071,TQ405,TUQO MICRO FIBER CLOTH TQ405,14
13072,TQ414,TUQU MICRO FIBER CLOTH TQ414,17
13073,TQ418,TUQO MICRO FIBER CLOTH TQ418,95
13074,TQ418,TUQO MICRO FIBER CLOTH TQ418,-1.000
13075,TQ422,TUQU MICRO FIBER CLOTH TQ422,32
13076,TQRC6M,T VALVE 6MM,19
13077,TQRC8M,T VALVE 8MM,21
13078,TR12,"T ROD 12""",6
13079,TR1L/1,TERMINATOR SP OIL -1LTR,1
13080,TR250ML,TERMINATOR WP OIL 250ML,1
13081,TR500ML,TERMINATOR WP OIL .500ML,3
13082,TRGUN,TEXTURE GUN (UNIQUE),1
13083,TRIMMER HEAD ,TRIMMER HEAD PRASAD,1
13084,TRIMMER HEAD ,TRIMMER HEAD PRASAD,50
13085,TRL,TRIMMER LINE PRASAD TRADERS,25.2
13086,TRNUT ,TRIMMER NUT ,12
13087,TRS1011,TAPARIA RING SPANNER 10*11,57
13088,TRS1011,TAPARIA RING SPANNER 10*11,-22.000
13089,TRS1213,TAPARIA RING SPANNER 12*13,32
13090,TRS1213,TAPARIA RING SPANNER 12*13,-20.000
13091,TRS1415,TAPARIA RING SPANNER 14*15,37
13092,TRS1415,TAPARIA RING SPANNER 14*15,56
13093,TRS1617,TAPARIA RING SPANNER 16*17,86
13094,TRS1617,TAPARIA RING SPANNER 16*17,22
13095,TRS1819,RING SPANNER 18X19T,-2.000
13096,TRS1819,RING SPANNER 18X19T,22
13097,TRS2022,TAPARIA RING SPANNER 20*22,1
13098,TRS2123,RING SPANNER 21X23 MM,-4.000
13099,TRS2426,TAPARIA RING SPANNER 24*26,10
13100,TRS2426,TAPARIA RING SPANNER 24*26,49
13101,TRS2427,TAPARIA RING SPANNER 24*27,5
13102,TRS2528,TAPARIA RING SPANNER 25*28,5
13103,TRS2528,TAPARIA RING SPANNER 25*28,3
13104,TRS3032,TAPARIA RING SPANNER 30*32,2
13105,TRS3032,TAPARIA RING SPANNER 30*32,21
13106,TRS6*7,Ring Spanner6*7,13
13107,TRS8*9,RING SPANNER 8*9,-12.000
13108,TRS8*9,RING SPANNER 8*9,28
13109,TRSLEEV,TRIMMER SLEEV ,12
13110,TRW,BITUMEN (TAR WASHER),296
13111,TRW,BITUMEN (TAR WASHER),1305
13112,TS10*11,TUBULAR SPANNER 10*11,5
13113,TS10X1.5,TAPSET 3/8 TOTEM ,-3.000
13114,TS11,T SPANNER  11MM,3
13115,TS12,T Socket Spanner 12 Mm,2
13116,TS12X13,TUBULAR SPANNER 12X13,4
13117,TS13,T SPANNER 13MM,62
13118,TS14,T SPANNER 14MM,-1.000
13119,TS14,T SPANNER 14MM,4
13120,TS14*15,TAPARIA TUBULAR SPANNER 14*15,20
13121,TS16*17,TUBE SPANNER 16*17 T,1
13122,TS16*17,TUBE SPANNER 16*17 T,2
13123,TS18*19,TAPARIA TUBLAR SPANNER 18*19,3
13124,TS18*19,TAPARIA TUBLAR SPANNER 18*19,1
13125,TS18M,T SPANNER 18MM HEAVY DUTY ,2
13126,TS19M,T SPANNER 19MM HEAVY DUTY,2
13127,TS20*22,TAPARIA TUBE SPANNER 20*22,2
13128,TS2427,TUBULAR SPANNER 24X27,3
13129,TS24X27,TAPARIA TUBULAR   SPANNER 24X27,-4.000
13130,TS2528,TUBULAR SPANNER 25X28,8
13131,TS25X28,BA233 TUBULAR BOX SPANNER 25X28MM,-4.000
13132,TS3,TAP SET 3MM TOTEM ,3
13133,TS3/8,TAPSET 3/8 TOTEM ,-2.000
13134,TS30X32,BA233 TUBULAR BOX SPANNER 30X32,-1.000
13135,TS42137,METER SAW CARBON,4
13136,TS5,TAP SET 5MM TOTTEM ,-1.000
13137,TS5/32,TAP SET 5/32,1
13138,TS6,TOTEM TAPSET 6MM,-2.000
13139,TS7,"T   SPANNER  7,8,10,12,13,14",1
13140,TS8,T SPANNER 8MM,-3.000
13141,TS9,T SPANNER 9,1
13142,TSCREW,ENDICO SPARE  TAPPING SCREW ,6
13143,TSFH20,TAPARIA NYLON HAMMER 20MM,3
13144,TSFH25,TAPARIA SOFT MALLET HAMMER SFH25,2
13145,TSFH25,TAPARIA SOFT MALLET HAMMER SFH25,4
13146,TSFH40,TAPARIA NYLON HAMMER 40MM,9
13147,TSFH50,TAPARIA NYLON HAMMER 50MM.,2
13148,TSFW12,STRAP FILTER WRENCH 300MM TAPARIA SFW12,4
13149,TSGLI2001,TOTAL LITHIUM SPRAY GUN TSGLI2001,2
13150,TSKB1810,TAPARIA SNAP OFF CUTTER BLADE SKB1810,3
13151,TSKB910,TAPARIA SNAP OFF CUTTER SPARE BLADE9MM SKB910,9
13152,TSKE18,TAPARIA SNAP OFF CUTTER 18MM SKE18,17
13153,TSKE9,TAPARIA SNAP OFF CUTTER 18MM SKE9,10
13154,TSLM1012,TAPARIA SPIRIT LEVEL SLM1012,5
13155,TSP13,SWITCH,1
13156,TSP1701XL,CUT RESISTANCE GLOUSE TSP1701-XL,-1.000
13157,TSP1806,TOTAL TOOLS MECHANIC GLOUSE TSP1806,2
13158,TSP2102,TOTAL GLOUSE NITRIL TSP12102,1747
13159,TSP303,WELDING GOOGLES TSP303,-3.000
13160,TSP342,SAFTY GOGGLES SP342,3
13161,TSP610,TSP610 FACE SHIELD,1
13162,TSP610,TSP610 FACE SHIELD,1
13163,TSP701,TOTAL EAR MUFF TSP701,1
13164,TSP707,TOTAL EAR PLUG TSP707,6
13165,TSR,HACK SAW BLADE ,1
13166,TSSLB100,TOLSEN SS WIRE TIE 100,200
13167,TSSLB150,TOLSEN SS WIRE TIE 150,200
13168,TSSLB200,TOLSE SS WIRE TIE 200,200
13169,TSSLB250,TOLSEN SS WIRE TIE 250,200
13170,TSSLB300,TOLSEN SS WIRE TIE 300,200
13171,TSSLB350,TOLSEN SS WIRE TIE 350,100
13172,TSSLB400,TOLSEN SS WIRE TIE 400,100
13173,TSSLB450,TOLSE SS WIRE TIE 450,100
13174,TSSLB500,TOLSEN SS WIRE TIE 500,100
13175,TSTHT10C,TOTAL HAND TOOLS COMBO STHT10C,2
13176,TSTIT11C,TOTAL INSULATED TOOLS 11 PCS COMBO STIT11C,5.5
13177,TSW10,TAPARIA T SOCKET WRENCH  TSW10,7
13178,TSW11,TAPARIA T SOCKET WRENCH TSW11,90
13179,TSW11,TAPARIA T SOCKET WRENCH TSW11,10
13180,TSW11,TAPARIA T SOCKET WRENCH TSW11,14
13181,TSW11,TAPARIA T SOCKET WRENCH TSW11,14
13182,TSW12,TAPARIA T SOCKET WRENCH TSW12,-2.000
13183,TSW12,TAPARIA T SOCKET WRENCH TSW12,208
13184,TSW12,TAPARIA T SOCKET WRENCH TSW12,4
13185,TSW13,TAPARIA T SOCKET WRENCH TSW13,87
13186,TSW13,TAPARIA T SOCKET WRENCH TSW13,2
13187,TSW13,TAPARIA T SOCKET WRENCH TSW13,-2.000
13188,TSW14,TAPARIA  T SOCKET  WRENCH TSW14,106
13189,TSW7,TAPARIA SOCKET WRENCH TSW7,89
13190,TSW8,TAPARIA SOCKET WRENCHS TSW8,69
13191,TSW9,TAPARIA T SOCKET WRENCH TSW9,109
13192,TSW9,TAPARIA T SOCKET WRENCH TSW9,6
13193,TT0136,RATCHET SCREW DRIVER SET 13 IN 1 TACSD30136 ,-1.000
13194,TT0202,SPRAYER TOTAL THSPP20202,1
13195,TT0206,SCREW DRIVER SET THT250206 2 IN1,1
13196,TT0216,TOTAL 2 IN 1 SCREW DRIVER THT250216,-1.000
13197,TT0216,TOTAL 2 IN 1 SCREW DRIVER THT250216,13
13198,TT026,SPRAY GUN TGTSGO26,-1.000
13199,TT0401,PICK AND HOOK SET 4 PCS TPHSK0401,3
13200,TT060,THTSPH060 INSULATED SCREWCDRIVER TOTAL,-1.000
13201,TT0651,WIRE STRIPPER  ZT10651 TOTAL ,2
13202,TT0701,TORX KEY THT10701,1
13203,TT0806,THT170806 PIPE WRENCH ,1
13204,TT0806,THT170806 PIPE WRENCH ,2
13205,TT0826,TOTAL T HANDLE BALL POINT WRENCH SET THHW80826,1
13206,TT0831,TAC270831 MAGNETIC NUT SET ,23
13207,TT1/16*60,TAP THREAD ,3
13208,TT1/2BSW,TAP THREAD ,3
13209,TT10,TAPARIA TOREX SCREW DRIVER T-10,2
13210,TT1001,IN 1CYLINDER BRUSH THT81121001,1
13211,TT1002,THT191002 STRAIGHT JAW PLIER,1
13212,TT1003,THT191003 CURVED JAW LOCKING PLIER,-2.000
13213,TT1006,THT171006 34MM PIPE WRENCH,-1.000
13214,TT10286,TH110286 SP-81 SPARE CARBON BRUSH ,1
13215,TT10402,TOTAL SPRAY GUN TAT10402,1
13216,TT1063,TOTAL ADJUSTABLE WRENCH  THT101063,5
13217,TT1102,MARBLE CUTTER TS3141102,2
13218,TT1102,MARBLE CUTTER TS3141102,-1.000
13219,TT11226,TGT11226 WATER SEAL,9
13220,TT11226SB,SPARE SEALING BASE ,3
13221,TT11266,TGT11266 SP-SPARE COPPER PUMP HEAD,6
13222,TT11316,TGT11316-SP-23 SPRAY GUN,2
13223,TT11316WS,TOOL SPARE TGT11316-SP-4  WATER SEAL ,3
13224,TT1146,50MM PIPE WRENCH THT171146,-1.000
13225,TT1186,THT91186 FLAT STEEL FILE,2
13226,TT1211,TTTDLI CORDLESS DRILL 1211,1
13227,TT1226,TOTAL HIGH PRESSURE WASHER 2000W  TGT11226,1
13228,TT12591,TOTAL 59 PCS TOOLS CHEST SET THTCS12591,1
13229,TT1286,HALF ROUND STEEL FILE THT91286,-1.000
13230,TT1301,THT661301 CHALK LINE REEL,-1.000
13231,TT1301,THT661301 CHALK LINE REEL,4
13232,TT1316OS,TGT11316-OIL SEAL,3
13233,TT14*2.0,TAP THREAD ,1
13234,TT1408,TEST PENCIL THT291408,215
13235,TT1408,TEST PENCIL THT291408,-1.000
13236,TT14301,SPARE SWITCH  TVC14301,2
13237,TT1486,TRIANGLE STEEL FILE THT91486,1
13238,TT15456,TH21546 SP-53 ROTOR,5
13239,TT1586,FLAT WOOD FILE THT91586,1
13240,TT16*2.0,TAP THREAD,1
13241,TT1602,SPRAYER TOTAL THSPP41602,2
13242,TT1616,THT761616 RUBBER HAMMER,2
13243,TT1616,THT761616 RUBBER HAMMER,-1.000
13244,TT1636,THT761636 RUBBER HAMMER,-2.000
13245,TT1686,HALF ROUND WOOD FILE THT91686,-1.000
13246,TT180,THTSPH180 INSULATED  SCREW DRIVER  TOTAL,-6.000
13247,TT1800,TOTAL HIGH PRESSURE WASHER,1
13248,TT1806,ANGLE GRINDER TG1251806,2
13249,TT1846,ALLENKEY (HEX KEY ) TOTAL THT1061846,1
13250,TT1856,TS1121856 CIRCULAR SAW,1
13251,TT18V,TIG TORCH 18V ARE BRO,1
13252,TT1908,THT291908 TEST PENCIL,-1.000
13253,TT1908,THT291908 TEST PENCIL,219
13254,TT1908,THT291908 TEST PENCIL,-8.000
13255,TT20018,TOTAL BLOWER TABLI20018,1
13256,TT2006,TOTAL MACHINIST HAMMER THT712006,2
13257,TT20409,TT THT CAULKING GUN 20409,2
13258,TT20428,TOTAL CORDLESS BLOWER TABLI20428,1
13259,TT2068,CHAIN SAW TOTAL 20V TGSLI2068,1
13260,TT2100,THTISPH2100 INSULATED SCREWDRIVER,-5.000
13261,TT21003,WELDING PLIER TOTAL THT1921003,1
13262,TT21006,TG111006 SP-32 SPARE CARBON BRUSH,2
13263,TT2101,NITRILE GLOVES TSP12101,-3.000
13264,TT2101,NITRILE GLOVES TSP12101,-3.000
13265,TT2101,NITRILE GLOVES TSP12101,-31.000
13266,TT2107,TOTAL 180MM COMBINATION PLIER THT210706,7
13267,TT21256,TG1121256 -3 SP -22 SPARE ROTOR ,2
13268,TT2130,TH213006 SP-23 TOTAL SPARE O-RING ,4
13269,TT21426,COMBINATION TOOLS SET 142 PCS THKTHP21426,3
13270,TT2146,SLOTTED SCREW DRIVER  THT2146,2
13271,TT2166,SLOTTED SCREWDRIVER THT2166,-1.000
13272,TT2166,SLOTTED SCREWDRIVER THT2166,-2.000
13273,TT2201,TEST PENCIL THT292201,6
13274,TT2246,TOTAL SCREW DRIVER THTDC2246,-2.000
13275,TT2256,TOTAL SCREW DRIVER THTDC2256,-9.000
13276,TT2266,TOTAL SCREW DRIVER THTDC2266,-10.000
13277,TT226IV,SPARE TGT11226 INLET VALVE ,4
13278,TT226OV,SPARE TGT11226 OUTLET VALVE ,4
13279,TT2303,DRY DIAMOND DISC TAC2112303,1
13280,TT2306,ANGLE GRINDER TG1252306,44
13281,TT250906,TOTAL 9PCS INTERCHANGEABLE SCREWDRIVER SET THT250906,-1.000
13282,TT2810,TOTAL PUMP PLIERS THT281006,-3.000
13283,TT2881,THT2881RABBIT PLIER,1
13284,TT3/1,TOTAL 3 MTR MEASURING TAPE TMT34316M,240
13285,TT3/16BSW,TAP THREAD ,1
13286,TT3042V,TOTAL TOOLS EXTENTION SOCKET THES23042V,-1.000
13287,TT305,SAFETY GOGGLES TSP305,7
13288,TT3060,160MM DIAGONAL CUTTING PLIER THT230606,-1.000
13289,TT3102,TOTAL GLOUSE LATEX TSP13102,18
13290,TT3102,TOTAL GLOUSE LATEX TSP13102,118
13291,TT3103,TOTAL LATEX GLOUSE TSP13103,591
13292,TT3103,TOTAL LATEX GLOUSE TSP13103,1182
13293,TT3146,14 INCH BOLT CUTTER THT113146,1
13294,TT3166,450C CLAW HAMMER THT3166,1
13295,TT3200,PHILIPS SCREWDRIVER THTGTSPH3200,1
13296,TT32006,TOTAL GO THROUGH SCREW DRIVER  THGSPH32006,3
13297,TT32006,TOTAL GO THROUGH SCREW DRIVER  THGSPH32006,1
13298,TT3206,FIBER GLASS MEASURING TAPE  TMTF13206,1
13299,TT32306,THT832306 PLASTERING TROWEL,43
13300,TT328151,TT328151 PLASTIC TUBE WELDING TOOL,1
13301,TT3302,TP3302 SP-1-32 SPARK  PLUG,2
13302,TT3321,THT53321 PIPE CUTTER,2
13303,TT34421,TP5434421-SP2-23 NYLON CUTTER,1
13304,TT356,TOTAL CARWASHER 1800W TGT11356,-1.000
13305,TT3806,PUTTY TROLL THT83806,-3.000
13306,TT3821,TOOLS 12 PCS 3/8INCH SOCKET SET THT381121,-1.000
13307,TT3M,STEEL MESURIN3M*16MM TMT126031,941
13308,TT3M,STEEL MESURIN3M*16MM TMT126031,-3.000
13309,TT41,"TOTAL SAFTY BOOTS TSP302S1P41 ,42,44",-1.000
13310,TT4100,THTIS4100 INSULATED SCREWDRIVER,-4.000
13311,TT41000,TOTAL TOOLS DIGITAL CLAMP METER TMT410004,1
13312,TT41126,THT41126 WOOD CHISEL ,1
13313,TT41146,THT41146 WOOD CHISEL ,1
13314,TT42002,TOTAL DIGITAL CLAMP METER  TMT42002,1
13315,TT4208,TOTAL MINI DRILL TAKMG4208,2
13316,TT4216,TOTAL PVC PIPE CUTTER THT534216,9
13317,TT4301,TOTAL VACUUM CLEANER TVC14301 30L,1
13318,TT44,SAFETY BOOTS TSP302SB 44,1
13319,TT4421,TP5434421 TRIMMER AND BRUSH CUTTER ,1
13320,TT46003,TOTAL DIGITAL CLAMP METER  TMT46003,-2.000
13321,TT47503,TOTAL TOOLS DIGITAL MUTLIMETER TMT47503,1
13322,TT5*.8,TAP THREAD 5MM TOTEM  5*.8,20
13323,TT5/1,TOTAL TOOLS STEEL  MEASURING TAPE TMT126651,-2.000
13324,TT5/51,TOTAL STEEL MEASURING TAPE TMT126351,-55.000
13325,TT5/51,TOTAL STEEL MEASURING TAPE TMT126351,-11.000
13326,TT5006/1,TOTAL FLOOR BASED SPRAY GUN TT5006,-2.000
13327,TT51026,TD2051026 SP -15 SPARE CARBON BRUSH,7
13328,TT51107,51107 BEARING ,3
13329,TT52166,SCREW DRIVER ,1
13330,TT5351,TOTAL PVC PIPECUTTER  THT53351,10
13331,TT5351,TOTAL PVC PIPECUTTER  THT53351,-1.000
13332,TT5524,TOTAL BRUSH CUTTER TP5524411TOTAL,3
13333,TT55871,ELECTRITION SCISSORS TOTAL THT1155871,2
13334,TT5601,TOTAL LASER DISTANCE DETEECTOR TMT56016,2
13335,TT5606,WIRE STRIPPER THT15606,-1.000
13336,TT5606,WIRE STRIPPER THT15606,2
13337,TT566,THTS566 6 PCS SCRW DRIVER SET ,-2.000
13338,TT5M,TOTAL STEEL MEASURING TAPE TMT126251,-24.000
13339,TT5M,TOTAL STEEL MEASURING TAPE TMT126251,-2.000
13340,TT5M/5,TOTAL MEASURING TAPE TMT34525,308
13341,TT5ST,5STEP STEEL LADDER THLAD09051,-1.000
13342,TT6*1,TAP THREAD SET TOTEM 6*1,7
13343,TT6046,PAINT BRUSH THT846046,-1.000
13344,TT606S,COMBINATION PLIER TOTAL THT210606S,-2.000
13345,TT6076,SCREW DRIVER 6 IN 1 TOTALTHT2506076,-1.000
13346,TT6146,RACHET SCREW DRIVER SET THT106146,-2.000
13347,TT6150,SLOTTED  SCREWDRIVER THTGT6150,-2.000
13348,TT61826,ALLENKEY SET (HEX KEY ) THT1061826,2
13349,TT6316,PUTTY TROWEL THT836316,1
13350,TT6836,THT76836 RUBBER HAMMER,-1.000
13351,TT6836,THT76836 RUBBER HAMMER,-3.000
13352,TT6ST,6STEP STEEL LADDERTHLAD09061,1
13353,TT71008,TG1071008-SP-32 SPARE CARBON BRUSH,1
13354,TT71008,TG1071008-SP-32 SPARE CARBON BRUSH,6
13355,TT7316,NAIL HAMMER ,6
13356,TT7386,220C CLAW HAMMER THT7386,3
13357,TT7446,TOTAL BALL PEIN HAMMER  THT74246,1
13358,TT7466,BALL HAMMER ,1
13359,TT8*1.25,TAP THREAD SET 8MM TOTEM ,19
13360,TT8/1,TOTAL MEASURING TAPE 8MTR TMT126681,1
13361,TT8306,TOTAL TOOL METAL SCRAPER THT183006,-1.000
13362,TT8M,TMT126081 8MX25MM STEEL MEASURING TAPE ,10
13363,TT9022,HYDRAULIC BOTTLE JACK THT109022  2TON,1
13364,TT908,TOTAL TOOLSTEST PENCIL THT291908,12
13365,TTCG20409,THT20409CAULKING GUN,3
13366,TTCP806,THT110806P200MM COMPINATION PLIER,2
13367,TTD061, TOTAL FOLDING NUT 6 PCS THFND061,2
13368,TTFB15,TOTAL FOLDING BUCKET TGTFB15,1
13369,TTH1126,SPARE 32B STEEL FRAME  TH115326,1
13370,TTH180,TOTAL INSULATED SCREW DRIVER THTISPH180,4
13371,TTH180,TOTAL INSULATED SCREW DRIVER THTISPH180,1
13372,TTH3026,SPARE STEEL BALL 7-14 TH306226-SP,4
13373,TTH3216,SPARE STEEL RING  TH1153216,2
13374,TTMK,TABLE TOP MOUNTING KNIFE ,1
13375,TTP,TROWEL TEXTURE ,-4.000
13376,TTP/1,TROWEL TEXTURE,2
13377,TTP0155,TOTAL TOOLS WATER CAN THSPP0155,1
13378,TTP0505,TOTAL TOOLS WATER CAN THSPP0505,4
13379,TTP9,TAPARIA TOWER PINCERTP9,1
13380,TTPC,TOTAL PVC PIPE CUTTER THT53422,5
13381,TTPC,TOTAL PVC PIPE CUTTER THT53422,-4.000
13382,TTS,SWITCH FOR TIG TORCH,-3.000
13383,TTS2166,SLOTTED SCREWDRIVER THTDC2166,9
13384,TTSP17,CYLINDER HOUSE  TH215456-SP-17,1
13385,TTSS,THOTTY SET  0722,3
13386,TUB13,THINNER NC UNILAC B-13 1LTR,8
13387,TUB13,THINNER NC UNILAC B-13 1LTR,34
13388,TUB13,THINNER NC UNILAC B-13 1LTR,-3.000
13389,TUB13/500,THINNER NC UNILAC B-130500G ,-1.000
13390,TUB13/500,THINNER NC UNILAC B-130500G ,-1.000
13391,TUB13/500,THINNER NC UNILAC B-130500G ,106
13392,TUB13/500,THINNER NC UNILAC B-130500G ,2
13393,TUK1,THOOKKUKATTA BRASS  (PICHALA ),-2.000
13394,TUK2,PLUMBOB ,40
13395,TUK2,PLUMBOB ,-2.000
13396,TUK3,TAPARIA KNIFE ,-18.000
13397,TUK3,TAPARIA KNIFE ,45
13398,TURPINE1,EVERLIGHT COM TURPINE 1 LTR,1
13399,TURPINE2,EVERLIGHT CPOM TURPINE 2  LTR,3
13400,TURPINE500,EVERLIGHT COM TURPINE 500 ML,3
13401,TVLI20126,TOTAL CORDLESS VACCUM CLEANER TVLI20126,1
13402,TW1,TROLLY WHEEL 1INCH,-15.000
13403,TW1.5,TROLLY WHEEL 1.5,31
13404,TW11/2,TOLSEN TROLLY WHEEL BLACK 11/2 INCH 040*16,8
13405,TW11/2B,TOLSEN TROLLY WHEEL BLACK 11/2 INCH BRAKE ,10
13406,TW1M,1INCH TROLLY WHEEL 24*16,79
13407,TW1S,1 INCH SLIDING WHEEL,488
13408,TW1S,1 INCH SLIDING WHEEL,1
13409,TW2,TROLLY WHEEL 2INCH ,1
13410,TW2L,2 INCH TROLLY WHEEL 37.5*23.5,2
13411,TW2M,2 INCH TROLLY WHEEL 37.5*23.5 LOCK,1
13412,TW3,TROLLY WHEEL 3 INCH,1
13413,TW3,TROLLY WHEEL 3 INCH,8
13414,TW3L,3I INCH TROLLY WHEEL LOCK ,2
13415,TW3L,3I INCH TROLLY WHEEL LOCK ,1
13416,TW3LN,TROLLY WHEEL 3 INCH BLACK NYLON WITH GREY OVER MOLDING ,2
13417,TW3M,3INCH TROLLY WHEEL ,5
13418,TW3M,3INCH TROLLY WHEEL ,1
13419,TW3O,TOLSEN TROLLY WHEEL ORANGE 3 INCH ,8
13420,TW4/1,"TROLLLY WHEEL 4""LOCK TYPE ",1
13421,TW4L,4 INCH TROLLY WHEEL 63*46,1
13422,TW4M,4 INCH TROLLY WHEEL ,-8.000
13423,TW4M,4 INCH TROLLY WHEEL ,3
13424,TW5,TROLLY WHEEL ,2
13425,TW5*11/2,UNIQ TROLLY WHEEL 5*11/2,2
13426,TW5*11/2B,UNIQ TROLLY WHEEL 5*11/2 BREAK ,2
13427,TW50,TROLLY WHEEL 50MM,2
13428,TW5L,5 INCH TROLLY WHEEL 63*46,-1.000
13429,TW5L,5 INCH TROLLY WHEEL 63*46,1
13430,TW5M,5 INCH TROLLY WHEEL 63*46,-1.000
13431,TW5M,5 INCH TROLLY WHEEL 63*46,6
13432,TW6L,TROLLY WHEEL 6INCH LOCK ,4
13433,TW6M,TROLLY WHEEL 6 INCH ,8
13434,TW8,"TROLLY WHEEL 8""",11
13435,TWADR,RIVERT ADAPTER TOOL WORTH,1
13436,TWAG4,"TEWORT ANGLE GRINDER 4 INCH AG6100 , 1600W",5
13437,TWBS,BIT SET  (40 PCS ),1
13438,TWCM5,"TEWORT MARBLE CUTTER TWCM5 ,  2500W",1
13439,TWEV,TEWORT  VIBRATOR TW-EV-2600,5
13440,TWEV,TEWORT  VIBRATOR TW-EV-2600,1
13441,TWHC400,HYDRAULIC CRIMPING TOOL 400,1
13442,TWID6348,IMPACT DRIVER SET TOOL WORTH ,2
13443,TWIN,ALUMINIUM TWIN 225 (2.5 CABLE ),42
13444,TWIN HOSE PUNNYAH ECO ,TWIN HOSE PUNNYAH ECO ,100
13445,TWNO1,OLA TABLE WIPPER NO 1,8
13446,twp,pathra,-1.000
13447,TWRH26,"TEWORT HAMMERDRILL 2-26 ,  2100W",5
13448,TWS05,TAPARIA WIRE STRIPPER 5 INCH ,26
13449,TWS06,TAPARIA WIRE STRIPPER 6 INCH ,48
13450,TWS06,TAPARIA WIRE STRIPPER 6 INCH ,36
13451,TWS06,TAPARIA WIRE STRIPPER 6 INCH ,-4.000
13452,TWSB,SPRING BALANCER,2
13453,TWSL12,"SPIRIT LEVEL 12"" TOOLWORTH ",4
13454,TWW6,TWISTED WIRE WHEEL 6 INCH ,5
13455,TWW8,TWISTED WIRE WHEEL 8 INCH raj agro ,37
13456,TWW8,TWISTED WIRE WHEEL 8 INCH raj agro ,3
13457,TX3,POWERX CAR WASHER STREAM TX3,1
13458,TYRE/T,TYRE TUBE ,4
13459,TYREB,ARABANA TYRE BIG ,7
13460,TYRES,ARABANA TYRE SMALL,-4.000
13461,TYRES,ARABANA TYRE SMALL,-3.000
13462,TZ1,SCREW DRIVER,1
13463,TZ6103,ANGLE GRINDER STAND MAXITA,3
13464,UARY,UMBRELLA ARMY,-4.000
13465,UB5/16*1/4,"U BOLT 5/16 ,1/4 *4 ,5,2.5",20
13466,UBB,UMBRELLA BIG BORDER ,19
13467,UBK,UMBRELLA BLACK ,-4.000
13468,UBP5,ACE ALUMINIUM BACKING PAD 5 INCH STRONG AND FIBER DISK ,10
13469,UC380,ULTRA TOUCH PRUNNING SAW 380MM SINGLE HOOK 15 INCH ,219
13470,UC380/D,ULTRA TOUCH PRUNNING SAW 380MM DOUBLE HOOK ,143
13471,UCB,UMBRELLA COLOUR BIG ,-8.000
13472,UCMS10*3/8,M/H U CLAMP MS 10MM 3/8 NUT,16
13473,UCWB,"GECO UNIVERSAL CLEAR ,WHITE ,BLACK ",32
13474,UDMS,UDAKU,24
13475,UDMS,UDAKU,-1.000
13476,UDMS,UDAKU,18
13477,UEAG801,UNI ANGLE GRINDER 4INCH 850W,-4.000
13478,UEAG801/1,UNI ANGLE GRINDER 4INCH 850W,5
13479,UF120,"FIBER DISK 5"" 120",3
13480,UF24,DISK PAPPER 24,3
13481,UF36,ULTRAFAST DISK PAPPER 36 5 INCH ,540
13482,UF50,DISC PAPER BULLET 50,96
13483,UFAG6100,ANGLE GINDER ULTRAFAST ,1
13484,UK19MM,TAPARIA UTILITY KNIFE UK-3 19MM,3
13485,UK450,METSO UTILITY KNIFE OI-UK450,36
13486,UKIDS,UMBRELLA KIDS ,5
13487,ULEX,E-ULEX-LAMINATE CUTTER,8
13488,ULEXLCR,MICA CUTTER,31
13489,ULEXLCR,MICA CUTTER,24
13490,ULEXLCR,MICA CUTTER,-5.000
13491,ULI1,ULI,-1.000
13492,ULI1,ULI,-34.000
13493,ULI1/1,KAMBI ULI,-2.000
13494,ULI1/2,ULI,5
13495,ULI1/2,ULI,17
13496,ULI1/2,ULI,-7.000
13497,ULI1/2,ULI,-2.000
13498,ULI3/4,ULI3/4,1
13499,ULP,ULI PIDI (CARPENTARY TOOLS ,356
13500,ULPB,PLANNER BLADE ,1
13501,UPVC,UMBRELLA PVC,2
13502,UR3500NW,NYLONE WIRE FOR ELECTRIC BRUSHCUTTER UR3500,80
13503,UR3501A,BRUSH CUTTER ELECTRIC ASSY UR3501,2
13504,UR3501TH,TRIMMER HEAD FOR ELECTRIC BRUSHCUTTER MAKITA ,1
13505,URB,UMBRELLA RAINBOW BIG ,-3.000
13506,URS,UMBRELLA RAINBOW ,-1.000
13507,UT010,ULTRA TOUCH TILE LIFTER UT010,2
13508,UT116,SMD TESTER -UT116C,1
13509,UT33,MULTI MEETER UT33,1
13510,UT33,MULTI MEETER UT33,1
13511,UTBL39,ACE ULTRA TOUCH LOOPER UT-BL39,10
13512,UTBS12 ,ULTRA TOUCH ROUTER BIT SET 8MM 12 PCS,3
13513,UTBS6,ULTRA TOUCH TRIMMER BIT SET 6 PCS ,6
13514,UTCB102*350M,ULTRA TOUCH CORE BIT EXTRA LONG 102*350MM,1
13515,UTCB22*110M,ULTRA TOUCH CONNECTING ROD 22*110MM,5
13516,UTCB51*370M,ULTRA TOUCH CORE BIT EXTRA LONG 51*370 MM ,1
13517,UTDG15,ULTRA TOUCH DISPENSER GUN PVC SAUSAGE 15 INCH ,31
13518,UTDG9,ULTRA TOUCH DISPENSER GUN P VC SAUSAGE 9 INCH ,30
13519,UTGC22,ULTRA TOUCH GARDEN CUTTER 22 INCH ,1
13520,UTGR, GLOUSE RED AND BLACK RUBBER,112
13521,UTGS08,ULTRA TOUCH ECO GARDEN SHEAR ,200
13522,UTSC10,ULTRA TOUCH INSULATED SCREW DRIVER 2 IN 1 10 INCH ,3
13523,UTSC4,ULTRA TOUCH INSULATED SCREW DRIVER 2 IN 1 4 INCH ,1
13524,UTSC6,ULTRA TOUCH INSULATED SCREWDRIVER  2 IN 1 6 INCH ,2
13525,UTSC6,ULTRA TOUCH INSULATED SCREWDRIVER  2 IN 1 6 INCH ,-5.000
13526,UTSC6,ULTRA TOUCH INSULATED SCREWDRIVER  2 IN 1 6 INCH ,-5.000
13527,UTSC8,ULTRA TOUCH INSULATED SCREW DRIVER 2 IN 1 8 INCH ,-6.000
13528,UTSC8,ULTRA TOUCH INSULATED SCREW DRIVER 2 IN 1 8 INCH ,-6.000
13529,UTSM4,ULTRA TOUCH MAGNETIC SCREW DRIVER 2 IN 1 4 INCH ,4
13530,UTSM6,ULTRA TOUCH MAGNETIC SCREW DRIVER 2 IN 1 6 INCH ,2
13531,UTSM6,ULTRA TOUCH MAGNETIC SCREW DRIVER 2 IN 1 6 INCH ,2
13532,UTW20,SPINDLE MOUNDED WIRE BRUSH 20MM,1
13533,UVAU,UV AUTO UMBRELLA ,3
13534,V1.5LBH,HAMMER WOODEN HANDLE 1.5LB,-2.000
13535,V14B,"VOYLET CUT OFF WHEEL 14""X3.0X25.4MM BROWN",-5.000
13536,V14B,"VOYLET CUT OFF WHEEL 14""X3.0X25.4MM BROWN",37
13537,V14G,VOYLET CUT OFF WHEEL 14*3.2 GREEN S/NET,108
13538,V1600/10,1600g-10A PLUNGER ,3
13539,V1600/10B,1600G-10B PLUNGER SPRING ,3
13540,V1600/14,1600G-14 WATER SEAL BRACKET ,3
13541,V1600/15,1600G-15 WATER SEAL ,6
13542,V1600/16,1600G -16 INLET VALVE ASSY ,6
13543,V1600/16,1600G -16 INLET VALVE ASSY ,3
13544,V1600/20,1600G -20 OUTLET VALVE ASSY ,6
13545,V1600/20,1600G -20 OUTLET VALVE ASSY ,3
13546,V1600/20B,1600G -20B OUTLET VALVE ORING ,3
13547,V1600/23,1600G-23 BELIEF VALVE ASSY ,4
13548,V1600/9,1600G -9ORING FOR CARWASHER ,5
13549,V1600PW,1600G-PLUNGER WEDGE ,3
13550,V1900/5,PX1900I-5 THRUST BEARING ,1
13551,V1900/7,PX-1900I-7 PUMP BODY,1
13552,V1900/CB,150G-A2 3 CYLINDER BLOCK FOR CARWASHER ,3
13553,V1900/PH,150G A1-5 PUMP HEAD FOR CARWASHER ,2
13554,V1900/PS,150G -A2-7 PISTON SPRING FOR CARWASHER ,12
13555,V1900F,150G -FILTER ,38
13556,V1900F,150G -FILTER ,-2.000
13557,V1LBH,1LB HAMMER VERAD ,-2.000
13558,V2000/17,PX2000-17 ADJUST ASSY,1
13559,V2000/44,PX2000 -44 OIL SEAL 15*24,15
13560,V2300WSB,1600G-WATER SEAL BRACKET 2300W ,6
13561,V24LA,"ROLLER REFILL 4""",2
13562,V3000/1,3000I-1 EXTERNAL CLIP,10
13563,V3000/10,3000I MOTOR SIDE THRUST BEARING ,2
13564,V3000/10,3000I MOTOR SIDE THRUST BEARING ,2
13565,V3000/11,3000I-11  OUTLET  TUBE ,-10.000
13566,V3000/12,3000I -12 THRUST BEARING ,3
13567,V3000/13,ORING ,2
13568,V3000/15,SPRING,-4.000
13569,V3000/19,3000I-19 BYPASS VALVE ASSEMBLY,2
13570,V3000/2,PUMP HEAD ,1
13571,V3000/23,INLET PIPE 30000-23,2
13572,V3000/23,INLET PIPE 30000-23,2
13573,V3000/26,3000I-26 OUTLET TUBE ,2
13574,V3000/27,3000i-27-ORING 4.8*1.8/90-95HS,50
13575,V3000/27,3000i-27-ORING 4.8*1.8/90-95HS,138
13576,V3000/28,3000I -28 BYPASS VALVE PLUG ,2
13577,V3000/29,3000I VALVE PLUNG ORING ,102
13578,V3000/2C,3000I-2 COOLING FAN,3
13579,V3000/30A,3000i-30-A-VALVE-PUG ORING,6
13580,V3000/31,3000I-31 -WATER SEAL,38
13581,V3000/31,3000I-31 -WATER SEAL,178
13582,V3000/31,3000I-31 -WATER SEAL,89
13583,V3000/32,3000I-32 WATER SEAL WASHER ,42
13584,V3000/32,3000I-32 WATER SEAL WASHER ,48
13585,V3000/33,3000I-33 CHECK VALVE ASSEMBLY ,-14.000
13586,V3000/33,3000I-33 CHECK VALVE ASSEMBLY ,-14.000
13587,V3000/33,3000I-33 CHECK VALVE ASSEMBLY ,-3.000
13588,V3000/33O,3000I-33 O RING 22*1,88
13589,V3000/34,3000I -34 WATER SEAL BASE ,-10.000
13590,V3000/35,3000I WATER SEAL 35,-141.000
13591,V3000/35,3000I WATER SEAL 35,62
13592,V3000/35,3000I WATER SEAL 35,-24.000
13593,V3000/36,3000I -WATER INLET VALVE KIT ,651
13594,V3000/36,3000I -WATER INLET VALVE KIT ,112
13595,V3000/36,3000I -WATER INLET VALVE KIT ,-22.000
13596,V3000/36O,3000I-36 ORING ,12
13597,V3000/38,3000i-38-OIL SEAL BRAKET,44
13598,V3000/38,3000i-38-OIL SEAL BRAKET,-3.000
13599,V3000/39,OIL SEAL 3000I,158
13600,V3000/39,OIL SEAL 3000I,68
13601,V3000/39,OIL SEAL 3000I,176
13602,V3000/39,OIL SEAL 3000I,24
13603,V3000/4,3000I-49 WATER SEAL ,-6.000
13604,V3000/4,3000I-49 WATER SEAL ,69
13605,V3000/40,3000I-PUMB BODY ,5
13606,V3000/40,3000I-PUMB BODY ,2
13607,V3000/40,3000I-PUMB BODY ,1
13608,V3000/40,3000I-PUMB BODY ,12
13609,V3000/41,3000I-41 PISTON CHUCK ,62
13610,V3000/41,3000I-41 PISTON CHUCK ,15
13611,V3000/41B,3000I-41B CHUCK ,26
13612,V3000/41B,3000I-41B CHUCK ,36
13613,V3000/41B,3000I-41B CHUCK ,-4.000
13614,V3000/41C,3000I-41C PISTON SPRING ,18
13615,V3000/41C,3000I-41C PISTON SPRING ,36
13616,V3000/42,3200i-42-O-RING 70X2/70HS,36
13617,V3000/42,3200i-42-O-RING 70X2/70HS,-6.000
13618,V3000/44,3000i-40-SUCTION NIPPLE 23MM,1
13619,V3000/44P,3000i 44 PLUG,1
13620,V3000/46,3000I -46 WATER SEAL,-34.000
13621,V3000/5,3000I-45 WATERSEAL,-6.000
13622,V3000/5,3000I-45 WATERSEAL,72
13623,V3000/53,3000I53-Piston Chuck,52
13624,V3000/53,3000I53-Piston Chuck,6
13625,V3000/54,3000I -54 PISTON ,-14.000
13626,V3000/54,3000I -54 PISTON ,-3.000
13627,V3000/54,3000I -54 PISTON ,3
13628,V3000/55,PISTON SPRING  3000I-55,-3.000
13629,V3000/56,3000i-56 ORING ,-14.000
13630,V3000/57,PISTON GUIDER 3000I-57,1
13631,V3000/57,PISTON GUIDER 3000I-57,1
13632,V3000/58,3000I-58 Oil Seal 12*20*5,1
13633,V3000/6,3000I 150G-A2.2OILSEAL,-64.000
13634,V3000/7,3000I-7 MOTOR SIDE THRUST BEARING ,20
13635,V3000/7,3000I-7 MOTOR SIDE THRUST BEARING ,3
13636,V3000/7,3000I-7 MOTOR SIDE THRUST BEARING ,1
13637,V3000/8,CHUCK,10
13638,V3000/9,3000I -55 PISTON SPRING ,-2.000
13639,V3000/M,3000I MOTOR SIDE SEAL MAIL ,12
13640,V3000/OR,3000I-33 O RING 22*1,50
13641,V3000/OR,3000I-33 O RING 22*1,12
13642,v3000/OS,3000i -oil seal maiN,176
13643,V3000/SK,3000I -SWITCH KNOB ,6
13644,V3000/SKS,3000I-SWITCH KNOB SET,6
13645,V3000/SKS.,3000I SWITCH KNOB SET ,1
13646,V3000I/33,ORING 3000I-33,21
13647,V3000I/5,3000I-5 WOBBLE PLATE ,2
13648,V3000I/6,3000I-6 FLAT KEY ,16
13649,V3200/14,3200i-14- WASHER FOOT ,12
13650,V3200/17RR,3200I -17B RETAINING RING FOR CARWASHER ,12
13651,V3200/20,3200I-20 RELIF VALVE ASSY,8
13652,V3200/20,3200I-20 RELIF VALVE ASSY,-1.000
13653,V3200/21,3200I-21 -PLUG,1
13654,V3200/21,3200I-21 -PLUG,6
13655,V3200/22,3200i BASE LOAD ,6
13656,V3200/23,3200i PIDTON GRID,1
13657,V3200/24,3200I-24-WATER INLET CONNECTOR,10
13658,V3200/24,3200I-24-WATER INLET CONNECTOR,1
13659,V3200/25,3200I-25 WATER OUTLET CONNECTOR,4
13660,V3200/25W,3200I-25 WASHER FOR CARWASHER ,12
13661,V3200/26,3200i VALVE CAP,3
13662,V3200/27,3200i SWITCH NIPPLE,2
13663,V3200/28,3200i WATER SEAL SEAT,6
13664,V3200/29,3200i-29-PUMP HEAD BRASS,1
13665,V3200/29,3200i-29-PUMP HEAD BRASS,2
13666,V3200/30,3200i WATER SEAL MAIN,6
13667,V3200/31,3200i OIL SEAL BRACKET,6
13668,V3200/32,3200i-24-WATER INLET CONNECTOR,8
13669,V3200/32,3200i-24-WATER INLET CONNECTOR,2
13670,V3200/33,3200i ORING 42,3
13671,V3200/34,3200i ORING 27,10
13672,V3200/35,3200i VALVE CAP ORING ,6
13673,V3200/36,3200i SWITCH,24
13674,V3200/37,3200i COOLING FAN,7
13675,V3200/4,3200I-SWITCH KNOB,2
13676,V3200/6,3200I-6 SWITCH BOX COVER ,1
13677,V3200/8,SWITCH FOR CARWASHER VOYLET 3200I,34
13678,V3200/8,SWITCH FOR CARWASHER VOYLET 3200I,4
13679,V3200/8,SWITCH FOR CARWASHER VOYLET 3200I,2
13680,V3200/8,SWITCH FOR CARWASHER VOYLET 3200I,14
13681,V3200/8,SWITCH FOR CARWASHER VOYLET 3200I,-4.000
13682,V3500/15,3500-15 ORING ,6
13683,V3500/16,3500I-16 OIL MARK ,1
13684,V3500/30,3500I-30 CHECK  SPOOL ,3
13685,V3500/31,3500I -31 ORING ,3
13686,V3500/39,3500I-39 SPOOL FOR CARWASHER ,3
13687,V3500/40,3500I-40 VALVE SET FOR CARWASHER ,6
13688,V3500/42,3500I-42 PRESSURE REGULATER SPRING  FOR CARWASHER ,6
13689,V3500/64,3500I-64 AUXILIARY WATER SEAL ,12
13690,V3500/64,3500I-64 AUXILIARY WATER SEAL ,12
13691,V3500/66,3500i-66 WHITE ORING SMALL FOR CARWASHER ,12
13692,V3500/68,3500I-68 MAIN WATER SEAL ,12
13693,V3500/68,3500I-68 MAIN WATER SEAL ,12
13694,V4,VOYLET CUT OFF WHEEL 4*1 SSD BLACK [SPR THIN],171
13695,VA1,COUPLING   22M*15,13
13696,VA1,COUPLING   22M*15,74
13697,VA10,QC LANCE ,2
13698,VA10/1,QC LANCE  A/V,1
13699,VA11,EXTENTION ROAD,3
13700,VA12..,TRIGGER GUN 22M ,-2.000
13701,VA13,TRIGGER  GUN 1/4 M,1
13702,VA14*13,EX .ROD 14*13,1
13703,VA14..,TRIGER LESS GUN 22M,2
13704,VA15..,TRIGGER LESS GUN 1/4,-5.000
13705,VA15..,TRIGGER LESS GUN 1/4,30
13706,VA16,SHORT GUN 22M QC,1
13707,VA16..,SHORT GUN 22M QC,1
13708,VA17..,SHORT GUN 1/4M QC,-2.000
13709,VA19,SHORT GUN 3/8,1
13710,VA2,FILTER COUPLER ,-2.000
13711,VA2,FILTER COUPLER ,80
13712,VA20,COUPLING LONG ,276
13713,VA21,UNDER BODY WASH ,1
13714,VA22,UNDER BODY WASH  MEDIUMN ,1
13715,VA23,EXTENT LANCE ,-1.000
13716,VA26,HYDRAULIC HOSE 10 MTR,2
13717,VA28,UNDER BODY LANCE,1
13718,VA29,BENDED LANCE ,15
13719,VA3,BRASS COUPLING 15*22,1
13720,VA3,BRASS COUPLING 15*22,6
13721,VA31,WATER SEAL PRESSURE WASHER 3000WATTS,164
13722,VA32,6 METER HOSE 14X14,3
13723,VA33,KARCHAR HOSE 6 METER,1
13724,VA34,QC COPPLER,6
13725,VA35,SPRAYWELL GUN ,1
13726,VA36,WATER SEAL PRESSURE WASHER 2000,24
13727,VA37,KARCHAR HOSE 5METER,4
13728,VA38,BIG ROD  SOLAR CLEANING ATTATCHEMENT ,3
13729,VA39,BEND ROD SOLAR CLEANING ATTATCHEMENT ,-1.000
13730,VA4,NIPPLE 22M,5
13731,VA40,WHEEL & ROD  SOLAR CLEANING ATTATCHEMENT ,2
13732,VA41,MICROJET LANCE ,2
13733,VA42,LANCE 14MM,2
13734,VA43,LANCE 14MM,1
13735,VA45,WATER SEAL CARWASHER 1800W,12
13736,VA46,SHORT GUN QC ,-2.000
13737,VA47,"GUN COUPLER (IBELL  ,GLOBAL ,VOYLEY",49
13738,VA48,GRIVES BUSH KET ,8
13739,VA49,FILTER DESEL ,1
13740,VA5,NIPPLE 1/4,1
13741,VA50,INJUCTOR ,1
13742,VA52,COUPLING 22*15 ,48
13743,VA53,ORING FOR CARWASHER 8MM ,404
13744,VA54,FILTER ADAPTER BIG ,14
13745,VA55,FILTER ADAPTER SMALL ,14
13746,VA56,ADAPTER 1/4 VARSHA ,5
13747,VA57,ADAPTER 1/4 15MM VARSHA ,17
13748,VA58,ADAPTER 1/4 14MM VARSHA ,5
13749,VA59,LANCE 1.5F,-1.000
13750,VA59,LANCE 1.5F,24
13751,VA6,STARTER ASSEMBLY ,1
13752,VA60,LANCE ALUMINIUM 1/4*1/4,8
13753,VA61,LANCE BRASS 1/4*1/4,10
13754,VA62,BEND LANCE BIG  4 FEET ,7
13755,VA63,SHORT GUN QC MULTI BRASS 22MM,3
13756,VA65,SHORT GUN QC 22M,5
13757,VA66,SHORT QC MULTI BRASS 1/4,2
13758,VA67,SHORT GUN ALUMINIUM 1/4 M,1
13759,VA68,SHORT GUN ALUMINIUM 1/4 22M ,3
13760,VA69,TRIGGER GUN BODY ,4
13761,VA7,BELT,2
13762,VA70,TRIGGER LIVER NYLONE ,5
13763,VA71,TRIGGER SLEEV ROD ,2
13764,VA72,QC LANCE 1.5 FEET BRASS ,2
13765,VA73,QC LANCE 1.5 FEET ALUMINIUM ,1
13766,VA74,QC LANCE 1 FEET BRASS,3
13767,VA75,QC LANCE 1 FEET ALUMINIUM ,1
13768,VA76,QC LANCE 1.5 FEET ,6
13769,VA77,QC ADAPTER 13MM,10
13770,VA8,BEND LENCE ,4
13771,VA9,ADJUSTABLE LANCE ,3
13772,VA9,ADJUSTABLE LANCE ,11
13773,VADAMS,VADAM SMALL,4.48
13774,VAG1150,VELMOC ANGLE GRINDER  4 INCH 1150W,-2.000
13775,VAG1250,VELMOC ANGLE GRINDER 4 INCH 1250W,2
13776,VAG1250,VELMOC ANGLE GRINDER 4 INCH 1250W,16
13777,VAG41250CU,VELMOC CONTROL UNIT FOR GRINDER VAG4-1250,10
13778,VALLY,VALLY 1 MM HANKYARAM ,-2.000
13779,VALLY,VALLY 1 MM HANKYARAM ,4
13780,VALLY,VALLY 1 MM HANKYARAM ,-32.000
13781,VALLY,VALLY 1 MM HANKYARAM ,-1.000
13782,VALLY/R,TWINE ROUND ,14
13783,VAMB3,SOLAR AND UNDER BODY CARWASH BEND 14MM,3
13784,VAMB4,SOLAR AND UNDER BODY CARWASH BEND QC ,6
13785,VAMP1,SOLAR AND UNDER BODY CARWASH WHEEL ,2
13786,VAPS10,FRUIT&FLOWER SNIP VAPS 010,-1.000
13787,VARNISH ,INSULATING VARNISH POLYOX 500 ML ,2
13788,VB6351,MINI VIBRATER GEAR OMR ,10
13789,VB6352,MINI VIBRATOR SPINDLE OMR ,10
13790,VB6357,VIBRATOR MOTOR HOUSING ,1
13791,VB6358,VIBRATOR BODY COMPLETE SET OMR ,1
13792,VB6359,VIBRATOR CARBON HOLDER OMR ,10
13793,VBH20E,VERX 20MM ROTARY HAMMER 500W VBH20,1
13794,VC05,LANCE CONNECTOR BRASS C05  V,1
13795,VCBR,VACCUM CLEANER CYCLONE 1500 +BAG AND RING,1
13796,VCD12D,VERX CORDLESS DRILL 12V VCD12C,10
13797,VCD12D,VERX CORDLESS DRILL 12V VCD12C,14
13798,VDH6,VELMOC DEMOLITION HAMMER  6KG 1300W,1
13799,VE115,VACCUM PUMP VE115,4
13800,VE20,FOOT VALVE FILTER VE20 ACE ,5
13801,VG150,CUTTING PLIER 6INCH VIKING PLIER,8
13802,VGAG105,ANGLE GRINDER HD 1050W,2
13803,VGB8R,VIRAT GUM BOOT 8 INCH RED ,6
13804,VGC22,CHAIN 22 INCH VERTIGO GOLD ,-2.000
13805,VGDH20,DEMOLISHING HAMMER 16 KG ,1
13806,VGEC12,CHAINSAW ATTACHMENT 12 INCH,1
13807,VGP/6 GROZ ,BUCKET GREASE PUMPS VGP/6 GROZ ,1
13808,VGS50,EXTENTION WAND VGS50,4
13809,VH827,VOYLET SPRAY GUN H827,1
13810,VHDN25,VIBRATOR NEEDLE LONG 6INCH,2
13811,VHDN25,VIBRATOR NEEDLE LONG 6INCH,-1.000
13812,VIRAT6,CRIMPING TOOL VIRAT 6,4
13813,VK10X810,VK10X 810 DEMOLITION HAMMER ,2
13814,VKIT,CHIEF VALVE KIT,1
13815,VKL4,"VALAM KORI 4""",-2.000
13816,VKL5,VALAM KORI 5,1
13817,VKM/1,KATHI PVC HANDLE ,-2.000
13818,VKM/2,ARIVAL,-7.000
13819,VKM/S,VALL KATHI SMALL ,19
13820,VKM/S,VALL KATHI SMALL ,-1.000
13821,VKM/S,VALL KATHI SMALL ,32
13822,VKS, KATHI ,-5.000
13823,VKS, KATHI ,34
13824,VKS, KATHI ,14
13825,VLF35000,VOILENT LEAF BLOWER FAN ,21
13826,VN1*25M,PVC VIRGIN NET 1M*25M,-17.500
13827,VN3*25M,PVC VIRGIN NET 3*25M  8MM,55.6
13828,VN3*25M,PVC VIRGIN NET 3*25M  8MM,4
13829,VOUCHER BOOK ,VOUCHER BOOK ,23
13830,VPC,STRIPFOR COMPRESSOR ( VALVE PLATE ) ,4
13831,VPCS,VALVE PLATE ,5
13832,VPQ2U,VOYLET SPRAY GUNPQ2U,8
13833,VPQ2U,VOYLET SPRAY GUNPQ2U,2
13834,VPR1050,VERX AIRLESS PAINT SPRAYER VPR1050,1
13835,VQBG,SPARE PARTS OF VACUUM CLEANER COTTON BAG,1
13836,VQC1/2G,QUICK CONNECTOR 1/2 GREEN,4
13837,VQCB,SPARE PARTS OF CARBON BRUSH,2
13838,VR101E,ELECTRIC COCONUT SCRAPER ,-16.000
13839,VR101E,ELECTRIC COCONUT SCRAPER ,6
13840,VR10R,VICTOR CONCRETE BLADE 10 INCH RED,3
13841,VR10S,VICTOR CONCRETE BLADE 10 INCH SILVER,2
13842,VR12C,VICTOR CONCRETE BLADE 12 INCH CROWN,7
13843,VR9R,VICTOR CONCRETE BLADE 9 INCH RED,-3.000
13844,VRBL2198,VORMIER CORDLESS LEAF BLOWER VRBL2198,1
13845,VRDDC25LA,VORMIER AIR COMPRESSOR 2HP 25LTR ALUMINIUM WIRE VRDDC25LA,4
13846,VRH18*400P,VERTIGO GOLD 11E POINT BIT 18*400,129
13847,VRH28,VELMOC ROTARY HAMMER 28 1200W,1
13848,VRH30*410F,VERTIGO GOLD 16 KG FLAT BIT 30*410,31
13849,VRH30*410P,VERTIGO GOLD 16 KG POINT BIT 30*410,25
13850,VRN1.5/1,VIBRATOR NEEDLE IBELL 1.5 MTR,17
13851,VRN1.5/P,VIBERATOR NEEDLE 1.5 METER PMCVN1.5,2
13852,VRN1.5M,VIBREATET NEEDLE 1.5 MTR,-1.000
13853,VRN1.5M/1,VIBRATOR NEEDLE 1.5MTR ,6
13854,VRN1/1,VIBRATOR NEEDLE IBELL,11
13855,VRN1/1,VIBRATOR NEEDLE IBELL,1
13856,VRN1/1,VIBRATOR NEEDLE IBELL,5
13857,VRN2/1,VIBRATOR NEEDLE 2M IBELL,1
13858,VRN2/1,VIBRATOR NEEDLE 2M IBELL,1
13859,VRN2M,VIBRATOR NEEDLE 2MTR,8
13860,VRN3000,ROTTO NOZZLE HEAD ONLY 3000,2
13861,VS17,EXTENTION ROD VS17 450MM,-1.000
13862,VST226LD,BRUSH CUTTER ,1
13863,VSTB14,CUTTING ROTARY BLADE PETROL 14 INCH ,1
13864,VSTB18,CUTTING ROTARY BLADE PETROL 18 INCH ,1
13865,VSTFT50,VST POWER WEEDER FT50ENG NO.2309103607 CH NO :2339913 ,1
13866,VTC36,MANUAL TILECUTTER-3FEET(VTV36),1
13867,VTC48,MANUAL TILE CUTTER 4 INCH VTC48,1
13868,VTN030,TURBO NOZZLE CERAMIC 030 HEAD ONLY ,4
13869,VV45120,BORWELL PUMP 1.5 VV45120 20STG,1
13870,VV45120,BORWELL PUMP 1.5 VV45120 20STG,1
13871,VV45120P,BOREVELL PUMP DIGI PANEL 1.5HPKCP2115.11.1,1
13872,VX1500,CAR WASHER VOYLET 1500-90G,1
13873,VX1900B,CAR WASHER VOYLET 1900I -150G BRASS,-1.000
13874,VX1900BVK,150G-A2.4 Bypass Valve Kit,2
13875,VX1900CB,150G A2. CYLINDER BLOCK ,1
13876,VX1900O,150G ORING 3.5 1900W,95
13877,VX1900OB,150G A2.8 ORING BIG ,4
13878,VX1900OS,1600G 13 OIL SEAL ,34
13879,VX1900OS,1600G 13 OIL SEAL ,-3.000
13880,VX1900OS,1600G 13 OIL SEAL ,4
13881,VX1900PF,150G A2.7 PISTON +FOLLOWER ,8
13882,VX1900PS ,150G A2.7 PISTON SPRING ,9
13883,VX1900TB,150G THRUST BEARING ,6
13884,VX1900TB,150G THRUST BEARING ,1
13885,VX1900W,150G-WHEEL,2
13886,VX1900WP,150G WOBBLE PLATE 1900W,14
13887,VX1900WP,150G WOBBLE PLATE 1900W,1
13888,VX1900WS,150G A1.6 WATER SEAL ,106
13889,VX1900WS,150G A1.6 WATER SEAL ,3
13890,VX1900WS,150G A1.6 WATER SEAL ,7
13891,VX3000 OV,OUTLET CONNECTOR,50
13892,VX3000/58,3000I OIL SEAL ,-9.000
13893,VYKADAN,ATHULYA COAT ,1
13894,VYKADAN,ATHULYA COAT ,-3.000
13895,W/D20008,WHEEL BARROW DOUBLE WHEEL W/D20008,1
13896,W/D20015,WHEEL BARROW DOUBLE WHEEL SERIAL NO -20015,1
13897,W/S10012,WHEEL BARROW SINGLE WHEEL  SERIAL NO-10012,1
13898,W/S10016,WHEEL BARROW SINGLE WHEEL  SERIAL NO-10016,1
13899,W/S10016,WHEEL BARROW SINGLE WHEEL  SERIAL NO-10016,1
13900,W/S10018,WHEEL BARROW SINGLE WHEEL  SERIAL NO-10018,1
13901,W1,WHITE GLASS,41
13902,W1,WHITE GLASS,2
13903,W1900/2200R, 79PRO  ROTATION NOZZLE ,1
13904,W25P,"HUSQV.WATER PUMP  ENG:-20231700419 ,",1
13905,W2PIN10,WIRE 2 PIN 10,6
13906,W3000,SPARE PARTS OF WHEEL(IBELL3000),2
13907,W3000,SPARE PARTS OF WHEEL(IBELL3000),2
13908,W3PIN10,WIRE 3 PIN 10,6
13909,W40P,"HUSQV .WATER PUMP,ENG :-2350089672 ,W40P",1
13910,WAR11E,WINDING ARMATURE ,1
13911,WAR58,ARGON REGULATOR YAMATO WALT,2
13912,WARRENTY IBLHG2082,T HEAT GUN IBL HG20-82,1
13913,WARRENTY maldh16,MALDH16 SP 1350 16KG 1240 W,1
13914,WARRENTY MT600,MAKITA M0600B DRILL MACHINE 10MM  350W,1
13915,WARRENTYAPS1170,AIRLESS SPRAY PAINTER -R8626,1
13916,WARRENTYBGMC2,BULL GOLD MC2 -110H    MARBLE CUTTER,1
13917,WARRENTYga9020,MAKITA 230MMANGLE GRINDER GA9020 2200W,1
13918,WARRENTYHCC8180T,"HCC TILE VIBRATOR 180MM ,21V HCC8180T",1
13919,WARRENTYIBL1618,ELECTRIC CHAIN SAW IBLEC1618,1
13920,WARRENTYIBL2058CS,GASOLINE CHAINSAW 58CC WITH 20',1
13921,WARRENTYIBLAG1072.,ANGLE GRINDER IBL10-72  1050W.,2
13922,warrentyiblbm1860,CORDLESS IMPACT DRILL BRUSH LESS IBL 1860 20V,1
13923,WARRENTYIBLCD1274,CORDLESS DRIVER DRILL IBL CD12-74,1
13924,WARRENTYIBLED0691,ELECTRIC DRILL 5MM IBL ED06-91,1
13925,WARRENTYIBLFS8720,T FINISHING SANDER IBL F87-20 IBELL,1
13926,WARRENTYIBLM200105,MMA WELDING MACHINE IGBT IBLM200-105,1
13927,WARRENTYIBLM250104,T MMA WELDING MACHINE IGBT IBLM250-104,1
13928,WARRENTYIBLMC1030,MARBLE CUTTER MC 10-30  1050W IBELL,1
13929,WARRENTYIBLRH20,HAMMER DRILL RH20-23,1
13930,WARRENTYIBLSD1275,ELECTRICAL SCREW DRIVER IBLSD1275,1
13931,WARRENTYIBLTD13100,T IMPACT DRILL SET I BELL TD13-100,1
13932,warrentymaldh16,MAL 16E DEMOLISHING HAMMER 1500W MAL16 KP ,1
13933,WARRENTYSTG850,STANLEY ANGLE GRINDER 100MM 850W STGT8100,1
13934,WARRENTYTT0122,IMPACT WRENCH TAT40122,1
13935,WAS8,WELDING CABLE 25 SQMM ORANGE 37/400 DUMAX  WALT ,-7.000
13936,WAS8,WELDING CABLE 25 SQMM ORANGE 37/400 DUMAX  WALT ,-10.000
13937,WAS8,WELDING CABLE 25 SQMM ORANGE 37/400 DUMAX  WALT ,-4.500
13938,WAS8/16,WELDING CABLE 16 SQR  BLACK DUMAX WALT,187
13939,WAS8/25SP,WELDING CABLE 25 SQ.SUPER POWER ALT ,200
13940,WAS8/R,WELDING CABLE 25 SQMM 38/400 ORANGE HITECH,3.5
13941,WAS8/R,WELDING CABLE 25 SQMM 38/400 ORANGE HITECH,19.5
13942,WAS8/R,WELDING CABLE 25 SQMM 38/400 ORANGE HITECH,49
13943,WAS8A,WELDING CABLE 25 SQMM BLACKWRAP CHAMPIAN ,3
13944,WAS8A,WELDING CABLE 25 SQMM BLACKWRAP CHAMPIAN ,-2.000
13945,WASTE500,BIO CLEAN ,5
13946,WB1/4,"FLAT BIT 1/4""",5
13947,WB10,FLAT BIT 10MM,40
13948,WB10,FLAT BIT 10MM,-1.000
13949,WB12,K INTEL WOOD FLAT BITS 12MM,137
13950,WB12,K INTEL WOOD FLAT BITS 12MM,3
13951,WB13,Flat Bit 13mm,6
13952,WB14,WOOD FLAT BITS 14MM,32
13953,WB14,WOOD FLAT BITS 14MM,2
13954,WB14,WOOD FLAT BITS 14MM,-2.000
13955,WB16,K VTR FLAT WOOD BIT 16MM,3
13956,WB18,FLAT BIT 18MM,41
13957,WB19,FLAT BIT 19MM,50
13958,WB19,FLAT BIT 19MM,-2.000
13959,WB20,FLAT BIT 20MM,33
13960,WB20,FLAT BIT 20MM,1
13961,WB22,FLAT BIT 22MM,8
13962,WB25,FLAT BIT 25MM ,47
13963,WB25,FLAT BIT 25MM ,31
13964,WB32,FLAT BIT 32MM,47
13965,WB38,FLAT BIT 38MM,12
13966,WB6PC,XTRAPOWER WOOD FLAT BIT SET - PCS,18
13967,WB8,ELA BIT ,49
13968,WBOLTAND NUT,WHEEL BOLT AND NUT AC ,12
13969,WBOOT10,GUM BOOT 15/10INCH ,3
13970,WBOOT9,GUMBOOT BORRIS 9 INCH ,-2.000
13971,WBSET,JON BHANDARI 3 PC WIRE BRUSH SET ,1
13972,WC1.5,FLAT CHISEL ,-2.000
13973,WC61CC,WOOD CUTTER EARTH AUGER  WITH OUT BIT 61CC,2
13974,WCB,WALL CHASER BLADE ,16
13975,WCC3550,CABLE CONNECTER 35-50,36
13976,WCCR,SUPER STEEL CARBURATER  WOODCUTTER 2ST ,46
13977,WCD,CHAIN SAW  CHAIN TCT ,4
13978,WCEM71CC,WOOD CUTTER EARTH AUGER MACHINE WITHOUT BIT 71CC ,1
13979,WCH3/4,"CARPENTER CHISEL 3/4,1,1.5",1
13980,WCHISER,WALL CHISER,1
13981,WCL12,WOOD CHISEL PLAIN 12.5 MM,32
13982,WCL12B,WOOD CHISEL BEVALE 12.5MM,20
13983,WCL19,WOOD CHISEL PLAIN 19MM,29
13984,WCL19B,WOOD CHISEL BEVALE 19MM,21
13985,WCL25,WOOD CHISEL PLAIN 25MM,24
13986,WCL25B,WOOD CHISEL BEVALE 25MM,17
13987,WCL32,WOOD CHISEL PLAIN 32MM,21
13988,WCL32B,WOOD CHISEL BEVALE 32MM,17
13989,WCL38,WOOD CHISEL PLAIN 38MM,35
13990,WCL38B,WOOD CHISEL BEVALE 38MM,32
13991,WCL45,WOOD CHISEL PLAIN 45MM,5
13992,WCL45B,WOOD CHISEL BEVALE 45MM,4
13993,WCL50,WOOD CHISEL PLAIN 50MM,1
13994,WCLH,WOOD CHISEL HANDLE,210
13995,WCLIP,WOOD CLIP,2.66
13996,WCP,WINDOW CRADLE PIPE ,2
13997,WCRB,REGULATOR WITH FLOW MEETER BRASS,1
13998,WD170,WD 40 170,-1.000
13999,WD170,WD 40 170,5
14000,WD172,WD40 (172GM ),56
14001,WD172,WD40 (172GM ),51
14002,WD172,WD40 (172GM ),30
14003,WD1R,RENTAL WELDING MACHINE,78.5
14004,WD32,WD40 [32G],12
14005,WD32,WD40 [32G],50
14006,WD32,WD40 [32G],-15.000
14007,WD32,WD40 [32G],-1.000
14008,WD420,  WD40 420,3
14009,WD420,  WD40 420,54
14010,WD420,  WD40 420,-8.000
14011,WD63,WD40- 63.8G,13
14012,WD63,WD40- 63.8G,10
14013,WDB10,DRILL BIT 10MM IMP,22
14014,WDB10,DRILL BIT 10MM IMP,35
14015,WDB12,DRILL BIT 12MM IMP,28
14016,WDB12,DRILL BIT 12MM IMP,1
14017,WDB13,DRILL BIT 13MM IMP,28
14018,WDB13,DRILL BIT 13MM IMP,2
14019,WDB2,DRILL BIT 2MM IMP,45
14020,WDB2,DRILL BIT 2MM IMP,-9.000
14021,WDB2.5,DRILL BIT 2.5MM IMP,21
14022,WDB2.5,DRILL BIT 2.5MM IMP,60
14023,WDB2.5,DRILL BIT 2.5MM IMP,-8.000
14024,WDB2.5,DRILL BIT 2.5MM IMP,-2.000
14025,WDB3,DRILL BIT 3MM IMP,1
14026,WDB3,DRILL BIT 3MM IMP,58
14027,WDB3.5,DRILL BIT 3.5MM IMP,23
14028,WDB32,WOOD HOLESAW 32MM,8
14029,WDB4,DRILL BIT 4MM,50
14030,WDB4,DRILL BIT 4MM,100
14031,WDB4,DRILL BIT 4MM,-1.000
14032,WDB4.5,DRILL BIT 4.5 IMP,100
14033,WDB4.5,DRILL BIT 4.5 IMP,186
14034,WDB5,DRILL BIT 5MM IMP,33
14035,WDB5,DRILL BIT 5MM IMP,40
14036,WDB5,DRILL BIT 5MM IMP,-2.000
14037,WDB6,DRILL BIT 6MM IMP,18
14038,WDB6,DRILL BIT 6MM IMP,35
14039,WDB7,DRILL BIT 7MM IMP,21
14040,WDB8,DRILL BIT 8MM IMP,8
14041,WDB8,DRILL BIT 8MM IMP,60
14042,WDB8,DRILL BIT 8MM IMP,65
14043,WDB9,WOOD DRILL BIT 9MM ,30
14044,WDCAP470,CAPASITOR ,2
14045,WF60,WATER FILTER WF60  ACE,6
14046,WGB129,WALL GROOVING BLADE 129MM ,3
14047,WGB129/R,WALL GROOVING BLADE 129MM RAJ ENTER.,23
14048,WGI1/4,GI WASHER  1/4,5
14049,WGM9567,BULLET WALL GROVE CUTTING MACHINE ,2
14050,WHB12,WOOD HOLE SAW BIT 12MM ,2
14051,WHB16,WOOD HOL SAW BIT 16,2
14052,WHB25,WOOD HOLE SAW BIT 25MM ,2
14053,WHG,WELDING HELMET GORILLA,2
14054,WHOOK2NO ,SS SWING W HOOK HEAVY SET -2NO  ,6.5
14055,WHS6/24,WELD HAND SLEEV PAIR FOX 6/24,6
14056,WIND260BR,WIND260 BASE ROD,7
14057,WIND260BR,WIND260 BASE ROD,1
14058,WIND260FV,WIND 260 FULL VALVE ,-4.000
14059,WIND260H,WIND 260 HOSE ,1
14060,WIND260HS10,WIND260 HOSE 10MTR ,2
14061,WIND260HV,WIND 260 HALF VALVE ,3
14062,WIND260MOS,WIND260 MAIN OIL SEAL ,8
14063,WIND260OS,WIND 260 OIL SEAL ,5
14064,WIND260PB,WIND 260 PUMP BODY ,2
14065,WIND260PK,WIND 260 PISTON KIT ,68
14066,WIND260PK,WIND 260 PISTON KIT ,-1.000
14067,WIND260TB,WIND260 TRUST BEARING ,-1.000
14068,WIND260W,WHEEL SET WIND260  2600W,1
14069,WIND260WS,WIND 260 WATER SEAL ,1
14070,WIND300BR,WIND 300 BASE RAD ,3
14071,WIND300BR,WIND 300 BASE RAD ,1
14072,WIND300H,SPARE PARTS OF CAR WASH HEAD WIND300,1
14073,WIND300NR,NOZZLE ROD 3000W,1
14074,WIND300OP,WIND300 OUTLET PIPE ,2
14075,WIND300OS,WIND 300 OIL SEAL ,-14.000
14076,WIND300OS.,OIL SEAL IBELL WIND300,-56.000
14077,WIND300OT,WIND 300 OIL TANK ,1
14078,WIND300PB,WIND300 PLUNGER BUSH ,7
14079,WIND300PB,WIND300 PLUNGER BUSH ,12
14080,WIND300PK,WIND 300 PISTON KIT ,-2.000
14081,WIND300SK,SWITCH KNOB WIND 300 PRO,6
14082,WIND300SK,SWITCH KNOB WIND 300 PRO,5
14083,WIND300TB,WIND300 TRUST BEARING ,-2.000
14084,WIND300V, WIND 300 VICE,7
14085,WIND300VE, WIND 300 VALVE ,11
14086,WIND300WS,WIND300 OIL SEAL ,-33.000
14087,WIND300WS.,WATER SEAL IBELL WIND300,-2.000
14088,WIND300WSV,WIND300 WATER SEAL VICE,22
14089,WIND550I,IBELL CARWASHER MACHINE 2200W  IGREEN550,8
14090,WIND55BR ,SPARE PARTS OF CARWASHER MACHINE 55 BASE ROD ,1
14091,WIND55OS,SPARE PARTS OF CARWASHER MACHINE 55OIL SEAL ,3
14092,WIND55PB ,SPARE PARTS OF CARWASHER MACHINE 55 PLUNGER BUSH ,3
14093,WIND55PK ,SPARE PARTS OF CARWASHER MACHINE 55 PISTON KIT ,6
14094,WIND55PS,SPARE PARTS OF CARWASHER MACHINE 55 PISTON SPRING ,3
14095,WIND55WS,SPARE PARTS OF CARWASHER MACHINE 55WATER SEAL ,6
14096,WIND650,IBELL CARWASHER  MACHINE I GREEN 650,1
14097,WIND66HO,SPARE PARTS OF CARWASHER MACHINE 66HOSE ORING ,19
14098,WIND66HS5,WIND 66 HOSE,5
14099,WIND66HS5,WIND 66 HOSE,1
14100,WIND66HV,SPARE PARTS OF CARWASHER MACHINE 66 HALF VALVE ,12
14101,WIND66HV,SPARE PARTS OF CARWASHER MACHINE 66 HALF VALVE ,6
14102,WIND66M,WIND66 MIDDLE ,2
14103,WIND66OS,WIND66 OIL SEAL ,12
14104,WIND66OS,WIND66 OIL SEAL ,3
14105,WIND66P,PISTON ,1
14106,WIND66PB,SPARE PARTS OF CARWASHER MACHINE 66 PLUNGER BUSH ,4
14107,WIND66PK,SPARE PARTS OF CAR  WASHER MACHINE  WIND 66 PISTON KIT ,-6.000
14108,WIND66PS,SPARE PARTS OF CARWASHER MACHINE 66PISTON RING ,2
14109,WIND66SP,WIND66 SPRAY NOZZLE ,1
14110,WIND66TB,SPARE PARTS OF CARWASHER MACHINE 66 T BEARING ,3
14111,WIND66VF,WIND66 FULL VALVE ,12
14112,WIND66WP,IBELL WOOBLE PLATE WIND66,1
14113,WIND66WS,SPARE PARTS OF CARWASHER MACHINE WIND66 WATER SEAL,12
14114,WIND66WS,SPARE PARTS OF CARWASHER MACHINE WIND66 WATER SEAL,6
14115,WIND7,79 SMALL ORING,104
14116,WIND750B,WIND750  BASEROD ,12
14117,WIND750BBH,WIND750 BACK BEARING CASE ,1
14118,WIND750PB,WIND750 PUMP BODY ,6
14119,WIND750PK,WIND 750 PISTON KIT  IBELL3350,26
14120,WIND750S,WIND750 SWITCH ,8
14121,WIND79FV, 79FULL VALVE  SPARE PARTS ,176
14122,WIND79HO,79 HEAD ORING ,59
14123,WIND79HO,79 HEAD ORING ,-2.000
14124,WIND79HO,79 HEAD ORING ,280
14125,WIND79HS5,WIND 79 PRO HOSE 5 MTR,2
14126,WIND79HV ,79 HALF VALVE ,58
14127,WIND79IV,WIND79 INLET VALVE ,-2.000
14128,WIND79MOS,MAIN OIL SEAL ,14
14129,WIND79N,WIND79 PRO R NOZILE ,-1.000
14130,WIND79OS,WIND 79 OIL SEAL,2
14131,WIND79OV,79 OUTLET VALVE ,8
14132,WIND79PB,WIND 79 PRO  PLUNGER BUSH ,1
14133,WIND79PBD,PUMP BODY WIND79 1800W,6
14134,WIND79PDY,PUMP BODY WIND79 PRO ,-1.000
14135,WIND79PHA,SPARE PARTS OF CAR WASH 79 PRO HEAD ALLENGI,4
14136,WIND79PINP,WIND 79 PRO INLET PIPE,18
14137,WIND79PK, 79 PISTON KIT ,8
14138,WIND79PPB,SPARE PARTS  OF CAR WASHER MACHINE PUMP BODY ,1
14139,WIND79PPBO,IBELL PUMP BODY ORING ,2
14140,WIND79PRO," IBELL CAR WASHER MACHINE WIND 79 PRO, 1900W, 150BAR",8
14141,WIND79PS ,SPARE PARTS OF CARWASHER MACHINE 79 PISTON SPRING ,-1.000
14142,WIND79SO.,SMALL O RING FOR CARWASHER  IBELL,100
14143,WIND79W,WIND 79 PRO WHEEL SET,4
14144,WIND79W/1,SPARE PARTS OF CAR WASH WIND 79 WHEEL SET,1
14145,WIND79WS,79 WATER SEAL ,44
14146,WIND79WS,79 WATER SEAL ,-1.000
14147,WIND90PB,WIND90 PUMP BODY ,1
14148,WIND99BR,WIND-99 PRO BASEROD  2700W,1
14149,WIND99IV ,WIND-99 PRO INLET VALVE  2700W,-2.000
14150,WIND99OV,WIND-99 PRO OUTLET VALVE -2700W,5
14151,WING NUT ,WING NUT ,91
14152,WINTOP 12*1/2,WINTOP 12*1/2,3000
14153,WIPPER15,OLA WIPPER 15 INCH ,5
14154,WIRE14/68,15145 PLASTIC WIRE 14/68,-12.170
14155,WIRE14/68,15145 PLASTIC WIRE 14/68,23.5
14156,WIRE14/68,15145 PLASTIC WIRE 14/68,-47.000
14157,WIRE23/76,WIRE ,20
14158,WIRE40/76,15130 PLASTIC WIRE 40/76 COP-ATC,-13.500
14159,WIRESL,WINDING SLEEVE,8
14160,WK268A180,TUBE BENDER 1/4X5/16,1
14161,WL100,CABLE TIE4' INCH ,23
14162,WL150,CABLE TIE 6 INCH,-3.000
14163,WL150,CABLE TIE 6 INCH,119
14164,WL150,CABLE TIE 6 INCH,-23.000
14165,WL200,TIE CLOSURE 200MM 8,9
14166,WL250,CABLE TIE 10,-16.000
14167,WL250,CABLE TIE 10,234
14168,WL250/1,"CABLE TIE 10"" HEAVY 250",52
14169,WL300,TIE CLOSURE 300MM  12,-2.000
14170,WL300,TIE CLOSURE 300MM  12,55
14171,WL350,WIRE TIE 350mm  14,-100.000
14172,WL350,WIRE TIE 350mm  14,-166.000
14173,WL400,TIE CLOSURE 400MM HEAVY,181
14174,WL450,TIE CLOSURE450MM,-33.000
14175,WLB100,"CABLE TIE 4"" BLACK ",-2.000
14176,WLB100,"CABLE TIE 4"" BLACK ",1034
14177,WLB150,"CABLE TIE 6""BLACK ",1820
14178,WLB200,"CABLE TIE 8"" BLACK ",1756
14179,WLB200,"CABLE TIE 8"" BLACK ",-1.000
14180,WLB250,"CABLE TIE 10"" BLACK ",204
14181,WLB250,"CABLE TIE 10"" BLACK ",480
14182,WLB250,"CABLE TIE 10"" BLACK ",-146.000
14183,WLB300,"CABLE TIE 12"" BLACK ",28
14184,WLB300,"CABLE TIE 12"" BLACK ",423
14185,WLB350,"CABLE TIE 14"" BLACK ",588
14186,WLB350,"CABLE TIE 14"" BLACK ",2002
14187,WLB350,"CABLE TIE 14"" BLACK ",-83.000
14188,WLB400,CABLE TIE 16  BLACK ,-186.000
14189,WLB400,CABLE TIE 16  BLACK ,-186.000
14190,WLB400,CABLE TIE 16  BLACK ,878
14191,WLB400,CABLE TIE 16  BLACK ,-7.000
14192,WLB400,CABLE TIE 16  BLACK ,-76.000
14193,WLB450,CABLE TIE 18 BLACK ,1213
14194,WLB450,CABLE TIE 18 BLACK ,25
14195,WLB450,CABLE TIE 18 BLACK ,673
14196,WLG6/24,WELD LEG GUARD FOX 6/24,6
14197,WM100*1,WEED MAT 1*50 100 GSM ,-343.000
14198,WM100*1,WEED MAT 1*50 100 GSM ,719
14199,WM100*2,WEED MAT 2*50 100GSM ,-320.000
14200,WM100*2,WEED MAT 2*50 100GSM ,-178.000
14201,WM100*2,WEED MAT 2*50 100GSM ,-1.000
14202,WM100*2,WEED MAT 2*50 100GSM ,25
14203,WM100*3,WEEDMAT BLACK 100GSM 50*3 MTR ,-50.000
14204,WM100*3,WEEDMAT BLACK 100GSM 50*3 MTR ,390
14205,WM100*3,WEEDMAT BLACK 100GSM 50*3 MTR ,15
14206,WM2*50,WEED MAT BLACK 2*50 70 GSM,-25.000
14207,WM2*50,WEED MAT BLACK 2*50 70 GSM,169
14208,WM3,WOODEN MALLET 3,2
14209,WM75*1,WEED MAT 1MTR *50 MTR 75 GSM ,-100.000
14210,WM75*1,WEED MAT 1MTR *50 MTR 75 GSM ,367
14211,WM75*2,WEED MAT 2*50 75 GSM ,-98.000
14212,WM75*2,WEED MAT 2*50 75 GSM ,91
14213,WM75*2,WEED MAT 2*50 75 GSM ,50
14214,WMFC20,WASHI MASKING FILM CARETAKER 20M*1800MM,2
14215,WMS20A,SWITCH 20A,3
14216,WMSW,ON/OFF SWITCH,12
14217,WOBKIT,OUTLET VALVE ,3
14218,WORY,OXYGEN REGULATOR  D/G YAMATO WALT ,3
14219,WOVKIT,WATER OUTLET VALVE KIT,3
14220,WOVKIT/1,WATER OUTLET VALVE KIT ,3
14221,WP1/16,CUTTING NOZZLE PNME 1/16 WALT ,-1.000
14222,WP33*33,WHEEL SPANNER 33*33,4
14223,WP3TON,WPC PULLY 3 TON ,1
14224,WP5,WOOLEN PAD 5 INCH ,2
14225,WP5200,WOODPECKER CHAINSAW 58CC,6
14226,WP5200,WOODPECKER CHAINSAW 58CC,2
14227,WP80,WOODPECKER CONCREATE VIBRATET PETROL  FULL SET WP80,1
14228,WPBCADP,WP BC ADMITTING PIPE ,1
14229,WPBCADP,WP BC ADMITTING PIPE ,17
14230,WPBCCP,WP CARBURATER PACKING ,22
14231,WPBCFF,WP BC FUEL FILTER ASSY 2 STROK,4
14232,WPBCLS,WP BC LEFT SCREW M10,17
14233,WPBELT ,WORK POSITION BELT LANYARD ,3
14234,WPBP,WP BASELOAD PLASTIC FULL SET ,2
14235,WPCC25L,WOOD PECKER AIR COMPRESSOR 25 L WPCC25L,5
14236,WPCC25L,WOOD PECKER AIR COMPRESSOR 25 L WPCC25L,1
14237,WPCC50L,WOOD PECKER AIR COMPRESSOR 50 LTR ,2
14238,WPCF8,WPC FIGURE 8,3
14239,WPCHB,WPC HALF BODY PREMIUM ,2
14240,WPCP1,WPC PULLY 1 TON ,4
14241,WPCR,CARBURATER FOR WATERPUMP WP50,1
14242,WPEA2012,WOOD PECKER EARTH AUGER EA2012 52CC,4
14243,WPF,WP FOLLOWER ,6
14244,WPGT,GASKET FOR WATERPUMP ,1
14245,WPGTR4,WOOD PEACKER  VENTILLATOR 16 INCH ,1
14246,WPIC4,WP IGNITION COIL 4 STROKE BC ,2
14247,WPIOV,WP INLET AND OUTLET VALVE  MEDIUM ,12
14248,WPOS,WP OIL SEAL 12*20,6
14249,WPP,J.F WATER PUMP PLIER,-6.000
14250,WPP10,WATER PUMP PLIER 10 INCH ,-2.000
14251,WPPP,WP PLUNGER PIN QL,6
14252,WPS,WALL PLASTER SPRAYER,2
14253,WPWS,WP WATER SEAL ,6
14254,WR1/2,WASHER 1/2,169
14255,WRKEY,WOOD RUFF KEY AZE03,50
14256,WS01,WIRE STRIPPER -WS01,20
14257,WS15*5,GOWRI SCREW PL15*5,100
14258,WS19X6,GOWRI STEEL SCREW STAR HEAD 19X6,2
14259,WS19X6,GOWRI STEEL SCREW STAR HEAD 19X6,900
14260,WS30*6,Choice Woodscrew Ss30*6,143
14261,WS30*9,WOOD SCREW 30*9,1
14262,WS30X8,WOOD SCREW 30X8,244
14263,WS32X8,GOWRI STEEL SCREW STAR HEAD 32X8,198
14264,WS35*6,GOWRI SCREW PL35*6,98
14265,WS35*7,GOWRI SCREW PL35*7,10
14266,WS35*8,GOWRI SCREW PL 35*8,780
14267,WS38X8,GOWRI STEEL SCREW STAR HEAD 38X8,200
14268,WS45*8,GOWRI SCREW PL45*8,57
14269,WS4X19,GOWRI STEEL SCREW 19X4 CS,800
14270,WS50*8,GOWRI SCREW PL50*8,90
14271,WS60*8,GOWRI SCREW PL60*8,135
14272,WS650,BOSCH ANGLE GRINDER 650 W WS650,2
14273,WS6X13,GOWRI STEEL SCREW 13X6 CS,100
14274,WS6X25,GOWRI STEEL SCREW 25X6CS,750
14275,WS75*8, WOOD SCREW ,500
14276,WS8X19,GOWRY STEEL SCREW 19X8CS,88
14277,WS8X25,GOWRI STEEL SCREW 25X8 CS,521
14278,WS8X38,GOWRI STEEL SCREW 38X8 CS,1218
14279,WSHW,SAFTY HELMET WHITE SAFEDOT   WALT ,-3.000
14280,WSP10,WOOD SPLITTER WSP10,5
14281,WSS,WOOD SPOKE SHOWER,3
14282,WSS1,WATER TAPE  1CM RATE ,430
14283,WSS1,WATER TAPE  1CM RATE ,-63.400
14284,WSTENCIL,WALL STENCILS 16X24,29
14285,WT10,WATER TUBING 10 MTR ,150
14286,WT1915,TIG TORCH 17V6MM,1
14287,WTC,WATER TANK CLEANER,4
14288,WTC,WATER TANK CLEANER,1
14289,WW3/4,WELL WORTH HOSE 3/4 INCH 15 MTR ,7
14290,WW3/4,WELL WORTH HOSE 3/4 INCH 15 MTR ,10
14291,WWH1,WELL WORTH WELL CORE 1 INCH 30MTR ,1
14292,WWH1,WELL WORTH WELL CORE 1 INCH 30MTR ,-2.000
14293,WWH1/1,WELL WORTH HOSE  1' 30 MTR,-0.500
14294,WWH1/1,WELL WORTH HOSE  1' 30 MTR,-2.000
14295,WWH1/1,WELL WORTH HOSE  1' 30 MTR,-1.000
14296,WWH1/2,WELL WORTH WELL GLOW 30MTR 1/2INCH,-3.000
14297,WWH1/2,WELL WORTH WELL GLOW 30MTR 1/2INCH,13
14298,WWH11/2,WELL WORTH WELL CORE HOSE 11/2 INCH ,-2.000
14299,WWH15,WELL WORTH HOSE 1/2INCH 15MTR,-0.100
14300,WWH15,WELL WORTH HOSE 1/2INCH 15MTR,6
14301,WWH15,WELL WORTH HOSE 1/2INCH 15MTR,-1.000
14302,WWH15,WELL WORTH HOSE 1/2INCH 15MTR,-2.000
14303,WWH15,WELL WORTH HOSE 1/2INCH 15MTR,-2.000
14304,WWH3/4,WELL WORTH WELL GLOW 3/4 INCH 30MTR ,11
14305,WWH3/4,WELL WORTH WELL GLOW 3/4 INCH 30MTR ,4
14306,WWHG1,"WELL WORTH WELL GLOW 1"" 30 METER ",4.5
14307,WWHG1,"WELL WORTH WELL GLOW 1"" 30 METER ",8
14308,X6001,XTRAPOWER BEARING  6001 2RS ,11
14309,X6100S,XTRAPOWER SWITCH 6-100 ,382
14310,X6100S,XTRAPOWER SWITCH 6-100 ,2
14311,X6200,XTRAPOWER BEARING 6200  2RS,44
14312,X801S,XTRAPOWER SWITCH 801 GRINDER ,304
14313,X801S,XTRAPOWER SWITCH 801 GRINDER ,6
14314,X863,grinding wheel xtrapower ,1
14315,X97,GC WHEEL 80 X97,197
14316,XAWT,XTRAPOWER  AB WASHER CM4SA/CM4SB ,88
14317,XCM4SAS,XTRAPOWER SWITCH CM4SA/CM4SB ,618
14318,XCM4SAS,XTRAPOWER SWITCH CM4SA/CM4SB ,-14.000
14319,XDX,CUTTING WHEEL BROWN XDX,466
14320,XDX,CUTTING WHEEL BROWN XDX,-38.000
14321,XGB18,GUIDE BAR 18 XTREM,2
14322,XP100V,ANGLE GRINDER4 INCH 850W,8
14323,XP1102,ANGLE GRINDER 4 INCH 950W 100M XP1102,5
14324,XP1132,DEMOLITION HAMMER 7 KG -XP1132,1
14325,XP1136,DEMOLITION HAMMER 1200W  17MM 5 KG  XP1136,3
14326,XP14*160,XTRAPOWER SDS HAMMER DRILL BIT 14*160,11
14327,XP17X280F,CHISEL 17X280 FLAT XTRA POWER,13
14328,XP17X280P,CHISEL 17X280 POINT XTRA POWER,1
14329,XP2,ULTRAFAST TILE CUTTING BLADE(2FT),57
14330,XP2,ULTRAFAST TILE CUTTING BLADE(2FT),15
14331,XP2,ULTRAFAST TILE CUTTING BLADE(2FT),1
14332,XP20*350,XTRAPOWER SDS HAMMER DRILL BIT 20*350,7
14333,XP22*350,XTRAPOWER SDS HAMMER DRILL BIT 22*350,20
14334,XP25*350,XTRAPOWER SDS HAMMER DRILL BIT 25*350,14
14335,XP6*110,XTRAPOWER SDS HAMMER DRILL BIT 6*110,2
14336,XPB5,CUP BRUSH ,1
14337,XPBBT,CUP BRUSH ,2
14338,XPBD13,XTRAPOWER BENCHDRILL XPBD13,1
14339,XPBD16,XTRAPOWER BENCH DRILL  XPBD16,1
14340,XPCB6,CUP BRUSH ,1
14341,XPCPK01,XTRAPOWER PACKING MACHINE 10MM,1
14342,XPCRT01,XTRAPOWER REBAR TYING MACHINE 110 MTR ,1
14343,XPGCS18,XTRAPOWER-CHAINSAW 18 -XPGCS18,-1.000
14344,XPGCS18,XTRAPOWER-CHAINSAW 18 -XPGCS18,2
14345,XPSG827,XTRAPOWER SPRAY GUN -H827,13
14346,XPT18, XTRAPOWER GUIDE BAR 18-21LPX ,10
14347,XPT18, XTRAPOWER GUIDE BAR 18-21LPX ,1
14348,XPT401,"K-XTRAPOWER -ANGLE GRINDER 4"" XPT401 (6-100)",2
14349,XPT408,"K-XTRAPOWER -ANGLE GRINDER 4"" XPT408(PD100M)",1
14350,XPT412,K EXTRA POWER MARBLE CUTTER 4'' XPT412,2
14351,XPT419A,XTRAPOWER MARBLE CUTTER 125 MM XPT419A,4
14352,XPT436GBP,GEAR BOX WITH INNER PLATE FOR DEMOLITION HAMMER ,1
14353,XPT437,K-XTRAPOWER -DEMOLITION HAMMER -XPT437,3
14354,XPT471,XTRAPOWER CHAIN SAW GRINDER  XPT471,3
14355,XPT471,XTRAPOWER CHAIN SAW GRINDER  XPT471,1
14356,XT18,"E-XTRAPOWER -GUIDE BAR 18""-21 LPX (HEAVY",-3.000
14357,XT8020,SEMI AUTO STRAPPING MACHINE XT8020,1
14358,XTPS230,XLNT PUTTY SPRAYER  XTPS-159-230,1
14359,XTR110,THIN TURBO BLADE XTRAPOWER 4 INCH ,40
14360,XTR110,THIN TURBO BLADE XTRAPOWER 4 INCH ,220
14361,XTR110,THIN TURBO BLADE XTRAPOWER 4 INCH ,220
14362,XTRA18C,"K-XTRAPOWER SPARES CHAIN 18""21LPX TITANIUM",64
14363,XTRH110,XNT HAMMERDRILL 1200W,7
14364,XTSG94,XNT SPRAY GUN XTSG94S990,18
14365,Y11EG,YURI 11E GOVERNEOR ,21
14366,Y12111.,PUMPKIN UTILITY KNIFE 12111,5
14367,Y12121.,PUMPKIN UTILITY KNBIFE 12121,11
14368,Y12124.,PUMPKIN UTILITY KNIFE 12124,2
14369,Y12126.,PUMKIN BLADE 10 PCS BLACK SEAL 12126,50
14370,Y12127.,PUMPKIN BLADE 10 PCS TRAPEZOIDAL 12127,17
14371,Y14*250,YURI SDS BIT 14*250 FLAT 3.5KG ,23
14372,Y14455,ACE PUMPKIN LONG PLIER 8 INCH 14455,6
14373,Y14616,ACE PUMPKIN WIRE STRIPPER WITH CUTTER 7 INCH 14616,4
14374,Y14619,ACE PUMPKIN CRIMPING STRIPPER 9.5 INCH 14619,3
14375,Y14870,ACE PUMPKIN PLASTIC CUTTING NIPPERS 5 INCH 14870,5
14376,Y17817,PUMPKIN  HT DELSOLDERING PUMP 17817,7
14377,Y17822,PUMPKIN SOLDERING IRON  GUN  17822,2
14378,Y18*600F,YURI CHISEL 11E 18*600 FLAT ,64
14379,Y28410,ACE CHALK LINE DHOORI SET 28410 PUMPKIN ,6
14380,Y28411,ACE PUMPKIN POWER RED 28411,12
14381,Y29168.,PUMPKIN DEAD BLOW MALLET 29168,5
14382,Y29530,PUMPKIN HT TIN SNIP WITH COIL SPRING 29530,3
14383,Y29581,ACE PUMPKIN MULTY FAUCET TOOL 29581 8 IN 1 ,6
14384,Y29636,PUMPKIN BALL PEN HAMMER 450 G 29636,2
14385,Y29637,PUMPKIN BALL PEN HAMMER 680G 29637,2
14386,Y29664,PUMPKIN MACHINIST HAMMER 300G 29664,1
14387,Y29666,PUMPKIN MACHINIST HAMMER 500G 29666,2
14388,Y29667,PUMPKIN MACHINIST HAMMER 29667 800G ,2
14389,Y32103,PUMPKIN HACKSAW FRAME 32103,6
14390,Y32111.,PUMPKIN HACKSAW FRAME MINI 32111,9
14391,Y33366,ACE PUMPKIN HAND WIRE  BRUSH 33366,40
14392,Y42285,PUMPKIN TAP CONNECTOR -TWO WAY 42285,9
14393,Y73LPX,"E&S CHAIN 18""-73LPX",1
14394,YAC30/50L,YURI SPARE YAC30/50L,1
14395,YAG6100C,YURI ANGLE GRINDER CARBON 6100,-10.000
14396,YAG801C,YURI ANGLE GRINDER CARBON 801,-11.000
14397,YARPM950,PUTTYMIXER ARMATURE FOR 950,4
14398,YAS28,YURI CARBON BRUSH CM4SA,-2.000
14399,YASG5001,ACE TEXTURE GUN HOPPER ASG5001,7
14400,YCH10,COMPRESSOR HOSE 8MM 10 MTR RED,2
14401,YCH10B,COMPRESSOR HOSE 8MM 10 MTR BLUE ,4
14402,YCH10B,COMPRESSOR HOSE 8MM 10 MTR BLUE ,6
14403,YCH10R,COMPRESSOR HOSE 8MM 10 MTR RED,2
14404,YCH10R,COMPRESSOR HOSE 8MM 10 MTR RED,7
14405,YCH15,COMPRESSOR HOSE 8MM 15 MTR ,5
14406,YCH15,COMPRESSOR HOSE 8MM 15 MTR ,-2.000
14407,YCH15B,DEERX COMPRESSOR HOSE 15 MTR BLUE ,3
14408,YCH15R,DEERX COMPRESSOR HOSE 15 MTR RED,-1.000
14409,YCH15Y,DEERX COMPRESSOR HOSE 15 MTR YELLOW,1
14410,YCH20R,COMPRESSOR HOSE 20 MTR RED ,13
14411,YCH25,COMPRESSOR HOSE 25 MTR RED ,-1.000
14412,YCH25G,DEERX PVC COMPRESSOR HOSE 25 MTR GREY ,7
14413,YCH25R,DEERX PVC COMPRESSOR HOSE 25 MTR ,8
14414,YCH25Y,DEERX COMPRESSOR HOSE 25 MTR YELLOW ,6
14415,YCP01,SAKTI CORDLESS CARWASHER CP-0148V/80BAR 2BATTERY,5
14416,YCP02,SAKTI CORDLESS CAR WAHER CP02,5
14417,YCWB75M,ACE ULTRA TOUCH CIRCULAR WIRE BRUSH 75MM,20
14418,YDC13*13,ACE ULTRA TOUCH DRILL CHUCK 13MM ,45
14419,YDS06,DRAIN CLEANING NOZZLE DS06 ACE ,6
14420,YDS07,DRAIN CLEANING NOZZLE DS07 ACE ,6
14421,YDS103,TIP NOZZLE SE T 6PCS ACE DS103,24
14422,YFH1/2/30,GARDEN HOSE 1/2 INCH 30 MTR GREEN ,1
14423,YFH1/2Y,GARDEN HOSE 1/2 INCH YELLOW 20 MTR ,1
14424,YFLR,CLEAR FILTER ,1628
14425,YFLR,CLEAR FILTER ,0
14426,YFPM950,PUTTYMIXER FIELD FOR 950,2
14427,YG2,"G CLAM P 2""YURI",7
14428,YGDH11E,YURI PROF DEMOLITION HAMMER 10KGS YGDH11E,2
14429,YGH1/2/10,YESS ARE GARDEN HOSE 1/2 INCH 10 MTR ,37
14430,YGH1/2/15,YESS ARE GARDEN HOSE 15 MTR YELLOW ,-3.000
14431,YGH1/2/15,YESS ARE GARDEN HOSE 15 MTR YELLOW ,30
14432,YGH1/2/15Y,YESS ARE GARDEN HOSE 15 MTR YELLOW 1/2 INCH ,2
14433,YGH1/2/30,YESS ARE GARDEN HOSE 1/2 INCH 30 MTR ,-5.000
14434,YGH1/2/30,YESS ARE GARDEN HOSE 1/2 INCH 30 MTR ,16.5
14435,YGH1/2/50,YESS ARE GARDEN HOSE 1/2 INCH 50 MTR ,0.31
14436,YGH3/4/15,YESS ARE GARDEN HOSE 15 MTR YELLOW ,30
14437,YGH3/4/30,YESS ARE GARDEN HOSE 3/4 INCH 30 MTR YELLOW ,13
14438,YGH3/4/50,YESS ARE GARDEN HOSE 3/4 INCH 50 MTR ,1
14439,YGLX801,GALAXY ANGLE GRINDER GLX-801,18
14440,YGP1821,OIL SEAL GP 1821,3
14441,YGP1824,OIL SEAL GP 1824,3
14442,YGT,fancy showel,1
14443,YGU108Y,HEAD LIGHT YG-U108,1
14444,YH14*250F,YURI SDS BIT 14*250 FLAT 3.5KG ,64
14445,YH165,SAFTY HELMET  AREFLOW WALT YELLOW ,22
14446,YH827,E-YIWU-SPARES-SPARY GUN -827,-3.000
14447,YIBLMJG,MICROJET GUN  1700W,3
14448,YIBLMJS,SWITCH FOR MICROJET CARWASHER ,1
14449,YIBLMJSB,MICROJET SHAMPOO BOTTLE ,4
14450,YIBLTP30,IBELL WATER PUMP GASOLINE  TORRENT TP30,1
14451,YIBLVC1100,IBELL VACCUM CLEANER 15 LTR 1100W ,3
14452,YIBLVC1200M,ACTIVE 1200S MOTOR VACCUM CLEANER ,1
14453,YIBLVC1700,IBELL VACCUM CLEANER 1700 -35 LTR ,6
14454,YIM500,IDIYAPPAM MAKER IBELL NOODLE 500,-1.000
14455,YIM500,IDIYAPPAM MAKER IBELL NOODLE 500,16
14456,YJZ02,DAYURI DRILLING MACHINE 6MMM 230W  YJZ02,1
14457,YJZ02,DAYURI DRILLING MACHINE 6MMM 230W  YJZ02,1
14458,YKA09,DROP IN ANCHOR SETTING TOOL 12MM ,10
14459,YLA038S,ACE TUQO HOLESAW PROFESSIONAL QUALITY LA038S,1
14460,YLA038S,ACE TUQO HOLESAW PROFESSIONAL QUALITY LA038S,12
14461,YLG06R,GUN  REDUCER YLG06,24
14462,YMTB10,TILE BIT MULTI USE  MTB10,27
14463,YMTB6,ULTRA TOUCH TILE BIT MULTI USE  MTB6,20
14464,YMTB8,TILE BIT MULTI USE   MTB8,50
14465,YMVC1000,MACANO VACCUM CLEANER 1000W 10LTR,6
14466,YMVC1000,MACANO VACCUM CLEANER 1000W 10LTR,23
14467,YMW20*20/60,ACE MOP WHEEL 20*20 GRIT -60,10
14468,YMW25*25/80,ACE MOP WHEEL 25*25 GRIT -80,8
14469,YMW25*40/80,ACE MOP WHEEL 25*40 GRIT 80,10
14470,YMW25*50/60,ACE MOP WHEEL 25*50 MM GRIT -60,10
14471,YMW25*80/60,ACE MOP WHEEL 25*80 GRIT 60,10
14472,YMW40*40/60,ACE MOP WHEEL 40*40 GRIT 60,9
14473,YMW50*50/60,ACE MOP WHEEL 50*50 GRIT 60,10
14474,YOI420,ACE STEP DRILL BIT OI420 STRIGHT TYPE OI420,-1.000
14475,YOI420,ACE STEP DRILL BIT OI420 STRIGHT TYPE OI420,2
14476,YOI432,ACE STEP DRILL BIT STRIGHT TYPE OI432,-11.000
14477,YOI432,ACE STEP DRILL BIT STRIGHT TYPE OI432,-3.000
14478,YOI432,ACE STEP DRILL BIT STRIGHT TYPE OI432,2
14479,YOIART50,ACE FLASH LIGHT OI-ART50,2
14480,YOIASM10,ACE MAGNETING SLOPE MEASURING TOOL OI-ASM10,3
14481,YOIAWS30,ACE WIRE STRIPPER MULTY FOLDABLE OI-AWS30,10
14482,YOIBG20,METSO AIR BLOW GUN OI-BG20,29
14483,YOICD110,ACE WOOD CARVING DISC FLAT OI-CD110,2
14484,YOICD120,ACE WOOD CARVING DISC CURVED OI-CD120,7
14485,YOIDAF45,ACE ANGLE CUTTING FRAME 45 DEGR.OI-DAF45,24
14486,YOIDST12,ACE DOUBLE SIDED TRIANGULAR SCALE OI-DST12,7
14487,YOIERK01,ACE METSO TOOL KIT 4 PCS OI-ERK01,6
14488,YOIERK10,ACE TOOL KIT OI-ERK10,1
14489,YOIERK10,ACE TOOL KIT OI-ERK10,3
14490,YOIERK21,ACE TOOL KIT 4 PCS OI-ERK21,18
14491,YOIFPT,ACE FLEXIBLE PICK UP TOOL OI-FPT ,26
14492,YOIGAR150,GLUE APPLICATOR 6 INCH OI-GAR150,1
14493,YOIGAR75,GLUE APPLICATOR 3 INCH OI-GAR75,1
14494,YOIHMW06,ACE METSO HEXAGONAL MAGIC WRENCH OI-HMW06,4
14495,YOIHPM20,ACE PICK UP AND HOOK SET 4 PCS OI-HPM20,5
14496,YOIHRT10,ACE REBAR TIE OI-HRT10,20
14497,YOIHSB165,METSO SANDING BLOCK OI-HSB165,12
14498,YOIHSP200,ACE PLASTIC WELDING MACHINE TOOL OI-HSP200,2
14499,YOILFR20,ACE TAP AND DIE SET OI-LFR20 20 PCS ,1
14500,YOILFR40,ACE TAP AND DIE SET 40 PCS OI-LFR40,1
14501,YOIMJL40,ACE MORTISE LOCK INSTALLATION JIG OI-MJL40,1
14502,YOIMSH10,ACE MORTISE CHISEL BIT ADAPTER OI-MSH10,16
14503,YOIMTA06,ACE MANUAL STAPLER 3 WAY OI-MTA06,2
14504,YOINMT09,ACE NUT DRIVER BIT 9 PCS SET OI-NMT09,3
14505,YOIPWK20,ACE POLISHING WHEEL KIT 7 PCS OI-PWK20,6
14506,YOIPWK25,ACE POLISHING WHEEL KIT 8 PCS OI-PWK25,5
14507,YOIRC140,ACE CORDLESS ROTARY CUTTER OI-RC140,2
14508,YOISKD10,ACE SCREW DRIVER AND ALLENKEY 21 PCS KIT OI-SKD10,9
14509,YOISKD12,ACE HIGH QUALITY SCREW DRIVER SET 4 PCS OI-SKD12,7
14510,YOISKD14,ACE BIT SET 11 PCS OI-SKD14,4
14511,YOISKD16,ACE  SCREWDRIVER SET INSULATED 5 PCS OI-SKD16,10
14512,YOISKD20,ACE FLEXIBLE SCREW MDRIVER BIT AND SOCKET SET 30 PCS ,3
14513,YOISKD25,ACE NUT DRIVER SET 5 PCS OI-SKD25,5
14514,YOISKD26,ACE SCREW DRIVER BIT SET 21 PCS OI-SKD26,1
14515,YOISM600,ACE UNIVERSAL SOCKET OI-SM600,5
14516,YOITL20,ACE METSO TILE LEVELING LIFTER OI-TL20,4
14517,YOIUK410,ACE UTILITY KNIFE 18MM OI-UK410,179
14518,YOIUK450,ACE UTILITY KNIFE 18MM OI-UK450,61
14519,YOIVKS75,ACE ADJUSTABLE DOUBLE HEAD WRENCH OI-VKS75,1
14520,YOIWKP23,ACE TOOL ORGANIZER BOX OIWKP23,5
14521,YOVK ,OVERFLOW VALVE KIT ,1
14522,"YPACKING ,FORWARDING  &CARTAGE ","PACKING ,FORWARDING  &CARTAGE ",1
14523,"YPACKING ,FORWARDING  &CARTAGE ","PACKING ,FORWARDING  &CARTAGE ",1
14524,YPM950C,PUTTYMIXER CARBON BRUSH FOR PM950,10
14525,YPM950S,PUTTYMIXER 950 SWITCH ,6
14526,YPM950SR,PUTTYMIXER SPEED REGULATER FOR PM 950,6
14527,YPNTB,THRUST BEARING ,1
14528,YPU6MM,Y CONNECTER PU 6MM,10
14529,YPW1800PH,PUMP HEAD,3
14530,YPW1V,YURI SPARE YPW -2000 INTERNET VALVE  ASSEMBLY ,50
14531,YPW2000PH,PUMP HEAD YPW2000,1
14532,YPW2000TBK,YURI SPARES YPW2000 THRUST BEARING ,1
14533,YPW3000BVS,BEARING YPW3000 PASS VALVE SET ,2
14534,YPW3000G,SPARE PARTS OF GUN 3000W,4
14535,YPW3000N,SPARE PARTS OF SPRAY LANCE (IBELL3000),5
14536,YPW3000N,SPARE PARTS OF SPRAY LANCE (IBELL3000),2
14537,YPW3000P,YURI SPARES YPW3000 PISTON ,1
14538,YPW3000PG,YPW3000,1
14539,YPW3000S,3000I -33 CHECK VALVE ASSEMBLY ,1
14540,YPW3000TBK,YURI SPARES YPW3000 THRUST BEARING KIT ,2
14541,YPW3000WP,YURI SPARES YPW-3000 WOBBLE PLATE,2
14542,YPW3000WS,YURI SPARES YPW3000Y SEAL ,1
14543,YPWIV,YPW3000 INLETVALVE,49
14544,YPX3200I,"VOYLET CARWASHER PX-3200I , 3200W, 190BAR",5
14545,YPX3500I,DEERX PRESSURE  WASHER  3500W/200BAR  PX3500I,-1.000
14546,YPX3500I,DEERX PRESSURE  WASHER  3500W/200BAR  PX3500I,1
14547,YQRC10MM,Y CONNECTOR 10MM,9
14548,YQRC8MM,Y CONNECTOR 8MM,26
14549,YR1126,YURI MINI DIE GRINDER CUM DRILL YR1126,1
14550,YR20B,ROTARY HAMMER 20MM ,8
14551,YR950,YURI CORDLESS DRILL 10MM 12 VOLT  YR950,2
14552,YR950B,YURI SPARE  BATTERY 12V CORDLESS DRILL ,1
14553,YR950C,YURI SPARE CHARGER 12V  CORDLESS DRILL ,1
14554,YR950M,YURI SPARE MOTOR 950 CORDLESS DRILL  12V,6
14555,YR950S,YURI SPARE SWITCH12V CORDLESS DRILL ,10
14556,YR951,YURI CORDLESS DRILL 10MM 18VOLT YR951,1
14557,YR951B,YURI SPARE BATTERY 18V CORDLESS DRILL ,8
14558,YR951GB,YURI SPARE GEAR BOX 18V CORDLESS DRILL,10
14559,YR951M,YURI SPARE MOTOR 18V CORDLESS DRILL,10
14560,YR951S,YURI SPARE SWITCH 18V CORDLESS DRILL ,9
14561,YR952B,YURI SPARE BATTERY 21V CORDLESS DRILL,3
14562,YR952C,YURI SPARE CHARGER 21V CORDLESS DRILL,17
14563,YR952C,YURI SPARE CHARGER 21V CORDLESS DRILL,8
14564,YR952GB,YURI SPARE GEAR BOX 21V CORDLESS DRILL ,10
14565,YR952M,YUI SPARE MOTOR 21V CORDLESS DRILL,18
14566,YR952S,YURI SPARE SWITCH 21V CORDLESS DRILL ,18
14567,YR953B,YURI SPARE BATTERY 953 6.A 21V CORDLESS  GRINDER,4
14568,YR953GB,YURI SPARE GEAR BOX 21V 953 CORDLESS GRINDER,6
14569,YR953M,YURI SPARE MOTOR  YR953 21V CORDLESS GRINDER,6
14570,YR953S,YURI SPARE SWITCH 953 21V CORDLESS GRINDER,6
14571,YR954GB,YURI SPARE GEAR BOX 954 21V  CORDLESS WRENCH,6
14572,YR954M,YURI SPARE MOTOR 954 21V CORDLESS WRENCH,4
14573,YR954S,YURI SPARE SWITCH 954 21V CORDLESS WRENCH,2
14574,YRAGS4,ANGLE GRINDER STAND YURI  YRAGS4,1
14575,YRDS4,DRILL STAND YURI -6109B ,-1.000
14576,YRDS4,DRILL STAND YURI -6109B ,15
14577,YRICE DRAINING SHIELD ,RICE DRAINING SHIELD ,17
14578,YRICE DRAINING STAND ,RICE DRAINING STAND ,10
14579,YRINGHM1306,Y RING HM1306,2
14580,YRRS1063,YURI RING SAW 16 INCH YRRS1063,2
14581,YS1,SAKTI CARWASHER S11600W /100 BAR ,16
14582,YS2.5KWR,SHAKTI CARWASHER MACHINE S-2.5KWR,1
14583,YS3.,SHAKTI CARWASHER MACHINE S3.,10
14584,YS7PRO,SAKTI CARWASHER MACHINE S7PRO 130BAR/2100W,2
14585,YSC2L,SAKTI STEAM WASHER SC2L 1LTR CAPACITY /5 BAR ,-2.000
14586,YSC2L,SAKTI STEAM WASHER SC2L 1LTR CAPACITY /5 BAR ,27
14587,YSEAL,YSEAL,3
14588,YSH15MTR,SUCTION HOSE 15 MTR ,1
14589,YSH16MTR,SUCTION HOSE 16 MTR ,-1.000
14590,YSH19MTR ,SUCTION HOSE 19 MTR ,1
14591,YSH20MTR,SUCTION HOSE 20 MTR ,1
14592,YSH22MTR,SUCTION HOSE 22 MTR ,1
14593,YSH23MTR ,SUCTION HOSE 23 MTR ,1
14594,YSH24MTR,SUCTION HOSE 24 MTR ,1
14595,YSH25MTR ,SUCTION HOSE 25 MTR ,1
14596,YSH26MTR,SUCTION HOSE 26 MTR ,1
14597,YSH29MTR,SUCTION HOSE 29 MTR ,1
14598,YSP801,K YURI SPEED ANGLE GRINDER 4''SP801,1
14599,YSTB500,SHAKTI AIR BLOWER STB500,3
14600,YSTB700,SHAKTI AIR BLOWER STB-700,4
14601,YSTB900,SHAKTI AIR BLOWER STB900,4
14602,YT01,NYLON ROPE (TOIN ROUND ) ROWTHERS ,318
14603,YT01,NYLON ROPE (TOIN ROUND ) ROWTHERS ,-3.000
14604,YT01,NYLON ROPE (TOIN ROUND ) ROWTHERS ,-8.000
14605,YT01,NYLON ROPE (TOIN ROUND ) ROWTHERS ,-1.000
14606,YT01,NYLON ROPE (TOIN ROUND ) ROWTHERS ,2
14607,YT2.5M,BALL ROPE 2.5MM(ROUND),3
14608,YT2.5M,BALL ROPE 2.5MM(ROUND),150
14609,YT2M,BALL ROPE 2MM ( ROUND ),6
14610,YTCT19,TCT HOLESAW 19MM SS,14
14611,YTCT19,TCT HOLESAW 19MM SS,1
14612,YTCT25,TCT HOLESAW 25MM SS,17
14613,YTCT32,BI-METAL HOLESAW 32MM BULLET ,12
14614,YTCT32,BI-METAL HOLESAW 32MM BULLET ,1
14615,YTX26322,BULL ADJUSTABLE CIRCULAR CUTTER TX-26322,18
14616,YTXPTL9,BULL MAGNETIC TROPEDO LEVEL  TX-PTL9 9 INCH ,21
14617,YURI18,"GUIDE BAR 18""(JUMBO) RAJ AGRO ",47
14618,YURI18C,YURI CHAIN 18 21LPX,-5.000
14619,YURI2000PG,PISTON GUIDE ,1
14620,YURIDC32X450,K-YURI-CORE DRILL BIT63MMX450MM,1
14621,YURIDC63X450,K-YURI CORE DRILL BIT 32MMX450MM,-1.000
14622,YVC90,SHAKTI VACCUM CLEANER 10 LTR ,24
14623,YVKI,VALVE KIT INLET ,14
14624,YVKOL,VALVE KIT OUT LET,-7.000
14625,YVOFK,VALVE OVER FLOW KIT ,1
14626,YWCV850,YURI   CONCRETW VIBRATOR -YW-CV850,1
14627,YWIND240H,HOSE FOR WIND240 2400W,3
14628,YWIND260H,HYDRAULIC HOSE FOR WIND260 2600W,4
14629,YWIND300BR,BASEROD FOR WIND 300 CARWASHER MACHINE ,3
14630,YWIND300S,SWITCH FOR CARWASHER WIND 300 3000W,3
14631,YWIND330PRO,IBELL CARWASHER MACHINE WIND 330PRO 3300W ,2
14632,YWIND55,IBELL CARWASHER MACHINE WIND55  1800W,6
14633,YWIND55FV,FULL VALVE FOR WIND55 1400W CARWASHER ,9
14634,YWIND55H,HOSE FOR WIND 55  1400W CARWASHER YWIND55H,2
14635,YWIND55HV,HALF VALVE FOR WIND 55 1400W CARWASHER,9
14636,YWIND55PB,PLUNGER BUSH FOR WIND 55 1400W ,9
14637,YWIND55PK,PISTON KIT FOR WIND55 1400W CARWASHER ,9
14638,YWIND55WS,WATER SEAL FOR WIND 55 1400W CARWASHER ,9
14639,YWIND60,IBELL CAR WASHING MACHINE WIND60 1600W,3
14640,YWIND66,IBELL CARWASHER MACHINE WIND66 1550W,6
14641,YWIND750,"CAR WASHER MACHINE  IGREEN 750 3250W, 190BAR",7
14642,YWIND750BBC,BACK BEARING CASE FOR  WIND 750 3250W,2
14643,YWIND750BR,BASE ROD FOR WIND750 CARWASHER ,6
14644,YWIND750OS,WIND750 OIL SEAL I GREEN ,14
14645,YWIND750P,PLUNGER BUSH FOR WIND750 CARWASHER ,15
14646,YWIND750PB,PUMPBODY FOE WIND 750 CARWASHER ,3
14647,YWIND750RN,RORATING NOZZLE FOR WIND 750 IGREEN ,1
14648,YWIND750S,SWITCH FOR WIND 750 3250W,18
14649,YWIND750SR,SPRING FOR WIND 750 3250W CARWASHER ,12
14650,YWIND79, IBELL CAR WASHER MACHINE WIND 79 1800W,6
14651,YWIND790,"IBELLCARWASHER MACHINE I GREEN 790  3350W, 220BAR",1
14652,YWIND790GT,GREEN TIP FOR WIND790 ,13
14653,YWIND790RN,ROTATION NOZZLE FOR WIND790 ,2
14654,YWIND790YN,YELLOW TIP FOR WIND 790,9
14655,YWIND79BR,BASEROD FOR WIND 79 1800W CARWASHER ,10
14656,YWIND79F,FAN FOR CARWASHER WIND 79  1800W,16
14657,YWIND79HO,HEAD ORING FOR WIND 79  1800W,4
14658,YWIND79N,WIND79 NOZZLE FOR 1800W,9
14659,YWIND79OS,OIL SEAL FOR WIND 79 1800W,100
14660,YWIND79OS,OIL SEAL FOR WIND 79 1800W,9
14661,YWIND79POC,WIND79 PRO OIL CAP ,3
14662,YWIND79PRO,IBELL CARWASHER MACHINE WIND 79 PRO 1900W ,-2.000
14663,YWIND79PRON,WIND79 PRO NOZZLE FOR 1900W ,6
14664,YWIND79RN,WIND79 ROTTATION NOZZLE FOR 1800W,5
14665,YWIND79SR,SPRING FOR WIND 79 1800W CARWASHER ,12
14666,YWIND79TB,THRUST BEARING FOR WIND 79 1800W,10
14667,YWIND79WS,WATER SEAL FOR WIND 79 1800W,100
14668,YWIND90,IBELL CARWASHER MACHINE 2200W WIND90,2
14669,YWIND99G,GUN FOR WIND 99 ,1
14670,YWP15,IBELL GASOLINE WATER PUMP 98CC 4  STROCK 1.5 HP,1
14671,YWPH65,YURI DEMOLITION HAMMER  16KG YW-PH65,1
14672,YYR951,YURI CORDLESS DRILL 10MM 18VOLT YR951,7
14673,YYR952,YURI CORDLESS DRILL 13MM 21VOLT YR952,4
14674,YYR953,YURI CORDLESS ANGLE GRINDER 4 INCH 21 VOLT YR953,9
14675,YYR954,YURI CORDLESS WRENCH 1/2'21 VOLT YR954,11
14676,YZ5010F,RIVET GUN (AIR RIVERTER ) ,2
14677,YZC02,DAYURI ROTARY HAMMER 20MM  500W  YZC02,5
14678,YZE03,DAYURI MARBLE CUTTER 1050W YZE03,1
14679,YZG6S,DAYURI PERCUTION HAMMER 5KG 1050W YZG6S,4
14680,Z10SHR,"10"" BLADE ",1
14681,Z14SHR,"12""BLADE ",2
14682,Z1GFF6,PERCUSSION HAMMER Z1G-FF-6,2
14683,Z361,"12""BLADE RED",17
14684,Z56,AG6-100 BEARING HOLDER ,2
14685,Z608,BALL BEARING 608,1
14686,ZAFR,AIR FILTER NO,1
14687,ZBDC6,BENCH DRILL 6MM ,2
14688,ZC07,MORTICE LOCK SPIRA  ZC07,2
14689,ZCH,GATE CHAIN ,-3.115
14690,ZCH/10,GATE CHAIN 10*2,-1.370
14691,ZCH/8,GATE CHAIN SS 8*2,-5.286
14692,ZDFR ,FILE ,-1.000
14693,ZEYANG,POLE CHAIN SAW ATTACHEMENT RAJ AGRO ,10
14694,ZGKY,"9""GRINDER KEY",3
14695,ZHTZ,SOCKET SET 1/4 INCH  ZHTZ006 85 PCS  ACE ,2
14696,ZMTC,CHISEL,-1.000
14697,ZMTC4,CHISEL,-1.000
14698,ZP1006,MOUNTED HANDLE SET 5 PCS RAJ ,2
14699,ZPNR,CHISEL,1
14700,ZPW0615HD,PRESSURE WASHER HOSE REEL 6MM*15 MTR,1
14701,ZRAR,ZIGZAG ROPE ACSENDER ,5
14702,ZRC,E EMTEXVELCRO ADAPTOR 5''M10,16.6
14703,ZRC4,EDC VELCRO PAD 4'',11
14704,ZRC5,DISK PAD ,-1.000
14705,ZRC5,DISK PAD ,-14.000
14706,ZRD,MS SHEET CUTTING ( DUMMY PLATE),-0.005
14707,ZRD,MS SHEET CUTTING ( DUMMY PLATE),8.86
14708,ZRD,MS SHEET CUTTING ( DUMMY PLATE),-4.676
14709,ZRR4,TCT BLADE 4 INCH ,11
14710,ZSM001HD,HEAVY DUTY HOSE REEL STAND 140,1
14711,ZTCR,TUBE CUTTER ,1
14712,ZTLH,ZEYANG TEA LEAF HARVESTER ,2
14713,ZVB35,ZOGO VIBREATER,-1.000
,,,_____________________
,,,860360.211
,,,_____________________
,,,
,,,
"Created 19-Apr-2026 , Generated : admin",,,
